[0.076s] DEBUG:colcon:Command line arguments: ['/usr/bin/colcon', 'build']
[0.076s] DEBUG:colcon:Parsed command line arguments: Namespace(log_base=None, log_level=None, verb_name='build', build_base='build', install_base='install', merge_install=False, symlink_install=False, test_result_base=None, continue_on_error=False, executor='parallel', parallel_workers=20, event_handlers=None, ignore_user_meta=False, metas=['./colcon.meta'], base_paths=['.'], packages_ignore=None, packages_ignore_regex=None, paths=None, packages_up_to=None, packages_up_to_regex=None, packages_above=None, packages_above_and_dependencies=None, packages_above_depth=None, packages_select_by_dep=None, packages_skip_by_dep=None, packages_skip_up_to=None, packages_select_build_failed=False, packages_skip_build_finished=False, packages_select_test_failures=False, packages_skip_test_passed=False, packages_select=None, packages_skip=None, packages_select_regex=None, packages_skip_regex=None, packages_start=None, packages_end=None, allow_overriding=[], cmake_args=None, cmake_target=None, cmake_target_skip_unavailable=False, cmake_clean_cache=False, cmake_clean_first=False, cmake_force_configure=False, ament_cmake_args=None, catkin_cmake_args=None, catkin_skip_building_tests=False, verb_parser=<colcon_defaults.argument_parser.defaults.DefaultArgumentsDecorator object at 0x71674046e530>, verb_extension=<colcon_core.verb.build.BuildVerb object at 0x71674046d6f0>, main=<bound method BuildVerb.main of <colcon_core.verb.build.BuildVerb object at 0x71674046d6f0>>)
[0.222s] Level 1:colcon.colcon_core.package_discovery:discover_packages(colcon_meta) check parameters
[0.222s] Level 1:colcon.colcon_core.package_discovery:discover_packages(recursive) check parameters
[0.222s] Level 1:colcon.colcon_core.package_discovery:discover_packages(ignore) check parameters
[0.222s] Level 1:colcon.colcon_core.package_discovery:discover_packages(path) check parameters
[0.223s] Level 1:colcon.colcon_core.package_discovery:discover_packages(colcon_meta) discover
[0.223s] Level 1:colcon.colcon_core.package_discovery:discover_packages(recursive) discover
[0.223s] INFO:colcon.colcon_core.package_discovery:Crawling recursively for packages in '/home/aaron/ur_ws'
[0.223s] Level 1:colcon.colcon_core.package_identification:_identify(.) by extensions ['ignore', 'ignore_ament_install']
[0.223s] Level 1:colcon.colcon_core.package_identification:_identify(.) by extension 'ignore'
[0.223s] Level 1:colcon.colcon_core.package_identification:_identify(.) by extension 'ignore_ament_install'
[0.223s] Level 1:colcon.colcon_core.package_identification:_identify(.) by extensions ['colcon_pkg']
[0.223s] Level 1:colcon.colcon_core.package_identification:_identify(.) by extension 'colcon_pkg'
[0.223s] Level 1:colcon.colcon_core.package_identification:_identify(.) by extensions ['colcon_meta']
[0.223s] Level 1:colcon.colcon_core.package_identification:_identify(.) by extension 'colcon_meta'
[0.223s] Level 1:colcon.colcon_core.package_identification:_identify(.) by extensions ['ros']
[0.223s] Level 1:colcon.colcon_core.package_identification:_identify(.) by extension 'ros'
[0.230s] Level 1:colcon.colcon_core.package_identification:_identify(.) by extensions ['cmake', 'python']
[0.230s] Level 1:colcon.colcon_core.package_identification:_identify(.) by extension 'cmake'
[0.230s] Level 1:colcon.colcon_core.package_identification:_identify(.) by extension 'python'
[0.230s] Level 1:colcon.colcon_core.package_identification:_identify(.) by extensions ['python_setup_py']
[0.230s] Level 1:colcon.colcon_core.package_identification:_identify(.) by extension 'python_setup_py'
[0.231s] Level 1:colcon.colcon_core.package_identification:_identify(build) by extensions ['ignore', 'ignore_ament_install']
[0.231s] Level 1:colcon.colcon_core.package_identification:_identify(build) by extension 'ignore'
[0.231s] Level 1:colcon.colcon_core.package_identification:_identify(build) ignored
[0.231s] Level 1:colcon.colcon_core.package_identification:_identify(install) by extensions ['ignore', 'ignore_ament_install']
[0.231s] Level 1:colcon.colcon_core.package_identification:_identify(install) by extension 'ignore'
[0.231s] Level 1:colcon.colcon_core.package_identification:_identify(install) ignored
[0.231s] Level 1:colcon.colcon_core.package_identification:_identify(log) by extensions ['ignore', 'ignore_ament_install']
[0.231s] Level 1:colcon.colcon_core.package_identification:_identify(log) by extension 'ignore'
[0.231s] Level 1:colcon.colcon_core.package_identification:_identify(log) ignored
[0.231s] Level 1:colcon.colcon_core.package_identification:_identify(src) by extensions ['ignore', 'ignore_ament_install']
[0.231s] Level 1:colcon.colcon_core.package_identification:_identify(src) by extension 'ignore'
[0.231s] Level 1:colcon.colcon_core.package_identification:_identify(src) by extension 'ignore_ament_install'
[0.231s] Level 1:colcon.colcon_core.package_identification:_identify(src) by extensions ['colcon_pkg']
[0.231s] Level 1:colcon.colcon_core.package_identification:_identify(src) by extension 'colcon_pkg'
[0.231s] Level 1:colcon.colcon_core.package_identification:_identify(src) by extensions ['colcon_meta']
[0.231s] Level 1:colcon.colcon_core.package_identification:_identify(src) by extension 'colcon_meta'
[0.231s] Level 1:colcon.colcon_core.package_identification:_identify(src) by extensions ['ros']
[0.231s] Level 1:colcon.colcon_core.package_identification:_identify(src) by extension 'ros'
[0.231s] Level 1:colcon.colcon_core.package_identification:_identify(src) by extensions ['cmake', 'python']
[0.231s] Level 1:colcon.colcon_core.package_identification:_identify(src) by extension 'cmake'
[0.231s] Level 1:colcon.colcon_core.package_identification:_identify(src) by extension 'python'
[0.231s] Level 1:colcon.colcon_core.package_identification:_identify(src) by extensions ['python_setup_py']
[0.231s] Level 1:colcon.colcon_core.package_identification:_identify(src) by extension 'python_setup_py'
[0.231s] Level 1:colcon.colcon_core.package_identification:_identify(src/Open_control) by extensions ['ignore', 'ignore_ament_install']
[0.231s] Level 1:colcon.colcon_core.package_identification:_identify(src/Open_control) by extension 'ignore'
[0.231s] Level 1:colcon.colcon_core.package_identification:_identify(src/Open_control) by extension 'ignore_ament_install'
[0.231s] Level 1:colcon.colcon_core.package_identification:_identify(src/Open_control) by extensions ['colcon_pkg']
[0.232s] Level 1:colcon.colcon_core.package_identification:_identify(src/Open_control) by extension 'colcon_pkg'
[0.232s] Level 1:colcon.colcon_core.package_identification:_identify(src/Open_control) by extensions ['colcon_meta']
[0.232s] Level 1:colcon.colcon_core.package_identification:_identify(src/Open_control) by extension 'colcon_meta'
[0.232s] Level 1:colcon.colcon_core.package_identification:_identify(src/Open_control) by extensions ['ros']
[0.232s] Level 1:colcon.colcon_core.package_identification:_identify(src/Open_control) by extension 'ros'
[0.233s] DEBUG:colcon.colcon_core.package_identification:Package 'src/Open_control' with type 'ros.ament_python' and name 'Open_control'
[0.233s] Level 1:colcon.colcon_core.package_identification:_identify(src/build) by extensions ['ignore', 'ignore_ament_install']
[0.233s] Level 1:colcon.colcon_core.package_identification:_identify(src/build) by extension 'ignore'
[0.233s] Level 1:colcon.colcon_core.package_identification:_identify(src/build) ignored
[0.233s] Level 1:colcon.colcon_core.package_identification:_identify(src/install) by extensions ['ignore', 'ignore_ament_install']
[0.233s] Level 1:colcon.colcon_core.package_identification:_identify(src/install) by extension 'ignore'
[0.233s] Level 1:colcon.colcon_core.package_identification:_identify(src/install) ignored
[0.233s] Level 1:colcon.colcon_core.package_identification:_identify(src/launch_param_builder) by extensions ['ignore', 'ignore_ament_install']
[0.233s] Level 1:colcon.colcon_core.package_identification:_identify(src/launch_param_builder) by extension 'ignore'
[0.234s] Level 1:colcon.colcon_core.package_identification:_identify(src/launch_param_builder) by extension 'ignore_ament_install'
[0.234s] Level 1:colcon.colcon_core.package_identification:_identify(src/launch_param_builder) by extensions ['colcon_pkg']
[0.234s] Level 1:colcon.colcon_core.package_identification:_identify(src/launch_param_builder) by extension 'colcon_pkg'
[0.234s] Level 1:colcon.colcon_core.package_identification:_identify(src/launch_param_builder) by extensions ['colcon_meta']
[0.234s] Level 1:colcon.colcon_core.package_identification:_identify(src/launch_param_builder) by extension 'colcon_meta'
[0.234s] Level 1:colcon.colcon_core.package_identification:_identify(src/launch_param_builder) by extensions ['ros']
[0.234s] Level 1:colcon.colcon_core.package_identification:_identify(src/launch_param_builder) by extension 'ros'
[0.234s] DEBUG:colcon.colcon_core.package_identification:Package 'src/launch_param_builder' with type 'ros.ament_python' and name 'launch_param_builder'
[0.234s] Level 1:colcon.colcon_core.package_identification:_identify(src/log) by extensions ['ignore', 'ignore_ament_install']
[0.234s] Level 1:colcon.colcon_core.package_identification:_identify(src/log) by extension 'ignore'
[0.234s] Level 1:colcon.colcon_core.package_identification:_identify(src/log) ignored
[0.234s] Level 1:colcon.colcon_core.package_identification:_identify(src/moveit2) by extensions ['ignore', 'ignore_ament_install']
[0.234s] Level 1:colcon.colcon_core.package_identification:_identify(src/moveit2) by extension 'ignore'
[0.234s] Level 1:colcon.colcon_core.package_identification:_identify(src/moveit2) by extension 'ignore_ament_install'
[0.234s] Level 1:colcon.colcon_core.package_identification:_identify(src/moveit2) by extensions ['colcon_pkg']
[0.234s] Level 1:colcon.colcon_core.package_identification:_identify(src/moveit2) by extension 'colcon_pkg'
[0.234s] Level 1:colcon.colcon_core.package_identification:_identify(src/moveit2) by extensions ['colcon_meta']
[0.234s] Level 1:colcon.colcon_core.package_identification:_identify(src/moveit2) by extension 'colcon_meta'
[0.234s] Level 1:colcon.colcon_core.package_identification:_identify(src/moveit2) by extensions ['ros']
[0.234s] Level 1:colcon.colcon_core.package_identification:_identify(src/moveit2) by extension 'ros'
[0.234s] Level 1:colcon.colcon_core.package_identification:_identify(src/moveit2) by extensions ['cmake', 'python']
[0.234s] Level 1:colcon.colcon_core.package_identification:_identify(src/moveit2) by extension 'cmake'
[0.234s] Level 1:colcon.colcon_core.package_identification:_identify(src/moveit2) by extension 'python'
[0.234s] Level 1:colcon.colcon_core.package_identification:_identify(src/moveit2) by extensions ['python_setup_py']
[0.234s] Level 1:colcon.colcon_core.package_identification:_identify(src/moveit2) by extension 'python_setup_py'
[0.235s] Level 1:colcon.colcon_core.package_identification:_identify(src/moveit2/doc) by extensions ['ignore', 'ignore_ament_install']
[0.235s] Level 1:colcon.colcon_core.package_identification:_identify(src/moveit2/doc) by extension 'ignore'
[0.235s] Level 1:colcon.colcon_core.package_identification:_identify(src/moveit2/doc) by extension 'ignore_ament_install'
[0.235s] Level 1:colcon.colcon_core.package_identification:_identify(src/moveit2/doc) by extensions ['colcon_pkg']
[0.235s] Level 1:colcon.colcon_core.package_identification:_identify(src/moveit2/doc) by extension 'colcon_pkg'
[0.235s] Level 1:colcon.colcon_core.package_identification:_identify(src/moveit2/doc) by extensions ['colcon_meta']
[0.235s] Level 1:colcon.colcon_core.package_identification:_identify(src/moveit2/doc) by extension 'colcon_meta'
[0.235s] Level 1:colcon.colcon_core.package_identification:_identify(src/moveit2/doc) by extensions ['ros']
[0.235s] Level 1:colcon.colcon_core.package_identification:_identify(src/moveit2/doc) by extension 'ros'
[0.235s] Level 1:colcon.colcon_core.package_identification:_identify(src/moveit2/doc) by extensions ['cmake', 'python']
[0.235s] Level 1:colcon.colcon_core.package_identification:_identify(src/moveit2/doc) by extension 'cmake'
[0.235s] Level 1:colcon.colcon_core.package_identification:_identify(src/moveit2/doc) by extension 'python'
[0.235s] Level 1:colcon.colcon_core.package_identification:_identify(src/moveit2/doc) by extensions ['python_setup_py']
[0.235s] Level 1:colcon.colcon_core.package_identification:_identify(src/moveit2/doc) by extension 'python_setup_py'
[0.235s] Level 1:colcon.colcon_core.package_identification:_identify(src/moveit2/moveit) by extensions ['ignore', 'ignore_ament_install']
[0.235s] Level 1:colcon.colcon_core.package_identification:_identify(src/moveit2/moveit) by extension 'ignore'
[0.235s] Level 1:colcon.colcon_core.package_identification:_identify(src/moveit2/moveit) by extension 'ignore_ament_install'
[0.235s] Level 1:colcon.colcon_core.package_identification:_identify(src/moveit2/moveit) by extensions ['colcon_pkg']
[0.235s] Level 1:colcon.colcon_core.package_identification:_identify(src/moveit2/moveit) by extension 'colcon_pkg'
[0.235s] Level 1:colcon.colcon_core.package_identification:_identify(src/moveit2/moveit) by extensions ['colcon_meta']
[0.235s] Level 1:colcon.colcon_core.package_identification:_identify(src/moveit2/moveit) by extension 'colcon_meta'
[0.235s] Level 1:colcon.colcon_core.package_identification:_identify(src/moveit2/moveit) by extensions ['ros']
[0.235s] Level 1:colcon.colcon_core.package_identification:_identify(src/moveit2/moveit) by extension 'ros'
[0.236s] DEBUG:colcon.colcon_core.package_identification:Package 'src/moveit2/moveit' with type 'ros.ament_cmake' and name 'moveit'
[0.237s] Level 1:colcon.colcon_core.package_identification:_identify(src/moveit2/moveit_common) by extensions ['ignore', 'ignore_ament_install']
[0.237s] Level 1:colcon.colcon_core.package_identification:_identify(src/moveit2/moveit_common) by extension 'ignore'
[0.237s] Level 1:colcon.colcon_core.package_identification:_identify(src/moveit2/moveit_common) by extension 'ignore_ament_install'
[0.237s] Level 1:colcon.colcon_core.package_identification:_identify(src/moveit2/moveit_common) by extensions ['colcon_pkg']
[0.237s] Level 1:colcon.colcon_core.package_identification:_identify(src/moveit2/moveit_common) by extension 'colcon_pkg'
[0.237s] Level 1:colcon.colcon_core.package_identification:_identify(src/moveit2/moveit_common) by extensions ['colcon_meta']
[0.237s] Level 1:colcon.colcon_core.package_identification:_identify(src/moveit2/moveit_common) by extension 'colcon_meta'
[0.237s] Level 1:colcon.colcon_core.package_identification:_identify(src/moveit2/moveit_common) by extensions ['ros']
[0.237s] Level 1:colcon.colcon_core.package_identification:_identify(src/moveit2/moveit_common) by extension 'ros'
[0.237s] DEBUG:colcon.colcon_core.package_identification:Package 'src/moveit2/moveit_common' with type 'ros.ament_cmake' and name 'moveit_common'
[0.237s] Level 1:colcon.colcon_core.package_identification:_identify(src/moveit2/moveit_configs_utils) by extensions ['ignore', 'ignore_ament_install']
[0.237s] Level 1:colcon.colcon_core.package_identification:_identify(src/moveit2/moveit_configs_utils) by extension 'ignore'
[0.237s] Level 1:colcon.colcon_core.package_identification:_identify(src/moveit2/moveit_configs_utils) by extension 'ignore_ament_install'
[0.237s] Level 1:colcon.colcon_core.package_identification:_identify(src/moveit2/moveit_configs_utils) by extensions ['colcon_pkg']
[0.238s] Level 1:colcon.colcon_core.package_identification:_identify(src/moveit2/moveit_configs_utils) by extension 'colcon_pkg'
[0.238s] Level 1:colcon.colcon_core.package_identification:_identify(src/moveit2/moveit_configs_utils) by extensions ['colcon_meta']
[0.238s] Level 1:colcon.colcon_core.package_identification:_identify(src/moveit2/moveit_configs_utils) by extension 'colcon_meta'
[0.238s] Level 1:colcon.colcon_core.package_identification:_identify(src/moveit2/moveit_configs_utils) by extensions ['ros']
[0.238s] Level 1:colcon.colcon_core.package_identification:_identify(src/moveit2/moveit_configs_utils) by extension 'ros'
[0.238s] DEBUG:colcon.colcon_core.package_identification:Package 'src/moveit2/moveit_configs_utils' with type 'ros.ament_python' and name 'moveit_configs_utils'
[0.238s] Level 1:colcon.colcon_core.package_identification:_identify(src/moveit2/moveit_core) by extensions ['ignore', 'ignore_ament_install']
[0.238s] Level 1:colcon.colcon_core.package_identification:_identify(src/moveit2/moveit_core) by extension 'ignore'
[0.238s] Level 1:colcon.colcon_core.package_identification:_identify(src/moveit2/moveit_core) by extension 'ignore_ament_install'
[0.238s] Level 1:colcon.colcon_core.package_identification:_identify(src/moveit2/moveit_core) by extensions ['colcon_pkg']
[0.238s] Level 1:colcon.colcon_core.package_identification:_identify(src/moveit2/moveit_core) by extension 'colcon_pkg'
[0.238s] Level 1:colcon.colcon_core.package_identification:_identify(src/moveit2/moveit_core) by extensions ['colcon_meta']
[0.238s] Level 1:colcon.colcon_core.package_identification:_identify(src/moveit2/moveit_core) by extension 'colcon_meta'
[0.238s] Level 1:colcon.colcon_core.package_identification:_identify(src/moveit2/moveit_core) by extensions ['ros']
[0.238s] Level 1:colcon.colcon_core.package_identification:_identify(src/moveit2/moveit_core) by extension 'ros'
[0.246s] DEBUG:colcon.colcon_core.package_identification:Package 'src/moveit2/moveit_core' with type 'ros.ament_cmake' and name 'moveit_core'
[0.246s] Level 1:colcon.colcon_core.package_identification:_identify(src/moveit2/moveit_experimental) by extensions ['ignore', 'ignore_ament_install']
[0.246s] Level 1:colcon.colcon_core.package_identification:_identify(src/moveit2/moveit_experimental) by extension 'ignore'
[0.246s] Level 1:colcon.colcon_core.package_identification:_identify(src/moveit2/moveit_experimental) ignored
[0.247s] Level 1:colcon.colcon_core.package_identification:_identify(src/moveit2/moveit_kinematics) by extensions ['ignore', 'ignore_ament_install']
[0.247s] Level 1:colcon.colcon_core.package_identification:_identify(src/moveit2/moveit_kinematics) by extension 'ignore'
[0.247s] Level 1:colcon.colcon_core.package_identification:_identify(src/moveit2/moveit_kinematics) by extension 'ignore_ament_install'
[0.247s] Level 1:colcon.colcon_core.package_identification:_identify(src/moveit2/moveit_kinematics) by extensions ['colcon_pkg']
[0.247s] Level 1:colcon.colcon_core.package_identification:_identify(src/moveit2/moveit_kinematics) by extension 'colcon_pkg'
[0.247s] Level 1:colcon.colcon_core.package_identification:_identify(src/moveit2/moveit_kinematics) by extensions ['colcon_meta']
[0.247s] Level 1:colcon.colcon_core.package_identification:_identify(src/moveit2/moveit_kinematics) by extension 'colcon_meta'
[0.247s] Level 1:colcon.colcon_core.package_identification:_identify(src/moveit2/moveit_kinematics) by extensions ['ros']
[0.247s] Level 1:colcon.colcon_core.package_identification:_identify(src/moveit2/moveit_kinematics) by extension 'ros'
[0.248s] DEBUG:colcon.colcon_core.package_identification:Package 'src/moveit2/moveit_kinematics' with type 'ros.ament_cmake' and name 'moveit_kinematics'
[0.248s] Level 1:colcon.colcon_core.package_identification:_identify(src/moveit2/moveit_planners) by extensions ['ignore', 'ignore_ament_install']
[0.248s] Level 1:colcon.colcon_core.package_identification:_identify(src/moveit2/moveit_planners) by extension 'ignore'
[0.248s] Level 1:colcon.colcon_core.package_identification:_identify(src/moveit2/moveit_planners) by extension 'ignore_ament_install'
[0.248s] Level 1:colcon.colcon_core.package_identification:_identify(src/moveit2/moveit_planners) by extensions ['colcon_pkg']
[0.248s] Level 1:colcon.colcon_core.package_identification:_identify(src/moveit2/moveit_planners) by extension 'colcon_pkg'
[0.248s] Level 1:colcon.colcon_core.package_identification:_identify(src/moveit2/moveit_planners) by extensions ['colcon_meta']
[0.248s] Level 1:colcon.colcon_core.package_identification:_identify(src/moveit2/moveit_planners) by extension 'colcon_meta'
[0.248s] Level 1:colcon.colcon_core.package_identification:_identify(src/moveit2/moveit_planners) by extensions ['ros']
[0.248s] Level 1:colcon.colcon_core.package_identification:_identify(src/moveit2/moveit_planners) by extension 'ros'
[0.248s] Level 1:colcon.colcon_core.package_identification:_identify(src/moveit2/moveit_planners) by extensions ['cmake', 'python']
[0.248s] Level 1:colcon.colcon_core.package_identification:_identify(src/moveit2/moveit_planners) by extension 'cmake'
[0.248s] Level 1:colcon.colcon_core.package_identification:_identify(src/moveit2/moveit_planners) by extension 'python'
[0.248s] Level 1:colcon.colcon_core.package_identification:_identify(src/moveit2/moveit_planners) by extensions ['python_setup_py']
[0.248s] Level 1:colcon.colcon_core.package_identification:_identify(src/moveit2/moveit_planners) by extension 'python_setup_py'
[0.248s] Level 1:colcon.colcon_core.package_identification:_identify(src/moveit2/moveit_planners/chomp) by extensions ['ignore', 'ignore_ament_install']
[0.249s] Level 1:colcon.colcon_core.package_identification:_identify(src/moveit2/moveit_planners/chomp) by extension 'ignore'
[0.249s] Level 1:colcon.colcon_core.package_identification:_identify(src/moveit2/moveit_planners/chomp) by extension 'ignore_ament_install'
[0.249s] Level 1:colcon.colcon_core.package_identification:_identify(src/moveit2/moveit_planners/chomp) by extensions ['colcon_pkg']
[0.249s] Level 1:colcon.colcon_core.package_identification:_identify(src/moveit2/moveit_planners/chomp) by extension 'colcon_pkg'
[0.249s] Level 1:colcon.colcon_core.package_identification:_identify(src/moveit2/moveit_planners/chomp) by extensions ['colcon_meta']
[0.249s] Level 1:colcon.colcon_core.package_identification:_identify(src/moveit2/moveit_planners/chomp) by extension 'colcon_meta'
[0.249s] Level 1:colcon.colcon_core.package_identification:_identify(src/moveit2/moveit_planners/chomp) by extensions ['ros']
[0.249s] Level 1:colcon.colcon_core.package_identification:_identify(src/moveit2/moveit_planners/chomp) by extension 'ros'
[0.249s] Level 1:colcon.colcon_core.package_identification:_identify(src/moveit2/moveit_planners/chomp) by extensions ['cmake', 'python']
[0.249s] Level 1:colcon.colcon_core.package_identification:_identify(src/moveit2/moveit_planners/chomp) by extension 'cmake'
[0.249s] Level 1:colcon.colcon_core.package_identification:_identify(src/moveit2/moveit_planners/chomp) by extension 'python'
[0.249s] Level 1:colcon.colcon_core.package_identification:_identify(src/moveit2/moveit_planners/chomp) by extensions ['python_setup_py']
[0.249s] Level 1:colcon.colcon_core.package_identification:_identify(src/moveit2/moveit_planners/chomp) by extension 'python_setup_py'
[0.249s] Level 1:colcon.colcon_core.package_identification:_identify(src/moveit2/moveit_planners/chomp/chomp_interface) by extensions ['ignore', 'ignore_ament_install']
[0.249s] Level 1:colcon.colcon_core.package_identification:_identify(src/moveit2/moveit_planners/chomp/chomp_interface) by extension 'ignore'
[0.249s] Level 1:colcon.colcon_core.package_identification:_identify(src/moveit2/moveit_planners/chomp/chomp_interface) by extension 'ignore_ament_install'
[0.249s] Level 1:colcon.colcon_core.package_identification:_identify(src/moveit2/moveit_planners/chomp/chomp_interface) by extensions ['colcon_pkg']
[0.249s] Level 1:colcon.colcon_core.package_identification:_identify(src/moveit2/moveit_planners/chomp/chomp_interface) by extension 'colcon_pkg'
[0.249s] Level 1:colcon.colcon_core.package_identification:_identify(src/moveit2/moveit_planners/chomp/chomp_interface) by extensions ['colcon_meta']
[0.249s] Level 1:colcon.colcon_core.package_identification:_identify(src/moveit2/moveit_planners/chomp/chomp_interface) by extension 'colcon_meta'
[0.249s] Level 1:colcon.colcon_core.package_identification:_identify(src/moveit2/moveit_planners/chomp/chomp_interface) by extensions ['ros']
[0.249s] Level 1:colcon.colcon_core.package_identification:_identify(src/moveit2/moveit_planners/chomp/chomp_interface) by extension 'ros'
[0.250s] DEBUG:colcon.colcon_core.package_identification:Package 'src/moveit2/moveit_planners/chomp/chomp_interface' with type 'ros.ament_cmake' and name 'moveit_planners_chomp'
[0.250s] Level 1:colcon.colcon_core.package_identification:_identify(src/moveit2/moveit_planners/chomp/chomp_motion_planner) by extensions ['ignore', 'ignore_ament_install']
[0.250s] Level 1:colcon.colcon_core.package_identification:_identify(src/moveit2/moveit_planners/chomp/chomp_motion_planner) by extension 'ignore'
[0.250s] Level 1:colcon.colcon_core.package_identification:_identify(src/moveit2/moveit_planners/chomp/chomp_motion_planner) by extension 'ignore_ament_install'
[0.250s] Level 1:colcon.colcon_core.package_identification:_identify(src/moveit2/moveit_planners/chomp/chomp_motion_planner) by extensions ['colcon_pkg']
[0.250s] Level 1:colcon.colcon_core.package_identification:_identify(src/moveit2/moveit_planners/chomp/chomp_motion_planner) by extension 'colcon_pkg'
[0.250s] Level 1:colcon.colcon_core.package_identification:_identify(src/moveit2/moveit_planners/chomp/chomp_motion_planner) by extensions ['colcon_meta']
[0.250s] Level 1:colcon.colcon_core.package_identification:_identify(src/moveit2/moveit_planners/chomp/chomp_motion_planner) by extension 'colcon_meta'
[0.250s] Level 1:colcon.colcon_core.package_identification:_identify(src/moveit2/moveit_planners/chomp/chomp_motion_planner) by extensions ['ros']
[0.250s] Level 1:colcon.colcon_core.package_identification:_identify(src/moveit2/moveit_planners/chomp/chomp_motion_planner) by extension 'ros'
[0.250s] DEBUG:colcon.colcon_core.package_identification:Package 'src/moveit2/moveit_planners/chomp/chomp_motion_planner' with type 'ros.ament_cmake' and name 'chomp_motion_planner'
[0.251s] Level 1:colcon.colcon_core.package_identification:_identify(src/moveit2/moveit_planners/chomp/chomp_optimizer_adapter) by extensions ['ignore', 'ignore_ament_install']
[0.251s] Level 1:colcon.colcon_core.package_identification:_identify(src/moveit2/moveit_planners/chomp/chomp_optimizer_adapter) by extension 'ignore'
[0.251s] Level 1:colcon.colcon_core.package_identification:_identify(src/moveit2/moveit_planners/chomp/chomp_optimizer_adapter) by extension 'ignore_ament_install'
[0.251s] Level 1:colcon.colcon_core.package_identification:_identify(src/moveit2/moveit_planners/chomp/chomp_optimizer_adapter) by extensions ['colcon_pkg']
[0.251s] Level 1:colcon.colcon_core.package_identification:_identify(src/moveit2/moveit_planners/chomp/chomp_optimizer_adapter) by extension 'colcon_pkg'
[0.251s] Level 1:colcon.colcon_core.package_identification:_identify(src/moveit2/moveit_planners/chomp/chomp_optimizer_adapter) by extensions ['colcon_meta']
[0.251s] Level 1:colcon.colcon_core.package_identification:_identify(src/moveit2/moveit_planners/chomp/chomp_optimizer_adapter) by extension 'colcon_meta'
[0.251s] Level 1:colcon.colcon_core.package_identification:_identify(src/moveit2/moveit_planners/chomp/chomp_optimizer_adapter) by extensions ['ros']
[0.251s] Level 1:colcon.colcon_core.package_identification:_identify(src/moveit2/moveit_planners/chomp/chomp_optimizer_adapter) by extension 'ros'
[0.251s] DEBUG:colcon.colcon_core.package_identification:Package 'src/moveit2/moveit_planners/chomp/chomp_optimizer_adapter' with type 'ros.ament_cmake' and name 'moveit_chomp_optimizer_adapter'
[0.251s] Level 1:colcon.colcon_core.package_identification:_identify(src/moveit2/moveit_planners/moveit_planners) by extensions ['ignore', 'ignore_ament_install']
[0.251s] Level 1:colcon.colcon_core.package_identification:_identify(src/moveit2/moveit_planners/moveit_planners) by extension 'ignore'
[0.251s] Level 1:colcon.colcon_core.package_identification:_identify(src/moveit2/moveit_planners/moveit_planners) by extension 'ignore_ament_install'
[0.251s] Level 1:colcon.colcon_core.package_identification:_identify(src/moveit2/moveit_planners/moveit_planners) by extensions ['colcon_pkg']
[0.251s] Level 1:colcon.colcon_core.package_identification:_identify(src/moveit2/moveit_planners/moveit_planners) by extension 'colcon_pkg'
[0.252s] Level 1:colcon.colcon_core.package_identification:_identify(src/moveit2/moveit_planners/moveit_planners) by extensions ['colcon_meta']
[0.252s] Level 1:colcon.colcon_core.package_identification:_identify(src/moveit2/moveit_planners/moveit_planners) by extension 'colcon_meta'
[0.252s] Level 1:colcon.colcon_core.package_identification:_identify(src/moveit2/moveit_planners/moveit_planners) by extensions ['ros']
[0.252s] Level 1:colcon.colcon_core.package_identification:_identify(src/moveit2/moveit_planners/moveit_planners) by extension 'ros'
[0.252s] DEBUG:colcon.colcon_core.package_identification:Package 'src/moveit2/moveit_planners/moveit_planners' with type 'ros.ament_cmake' and name 'moveit_planners'
[0.252s] Level 1:colcon.colcon_core.package_identification:_identify(src/moveit2/moveit_planners/ompl) by extensions ['ignore', 'ignore_ament_install']
[0.252s] Level 1:colcon.colcon_core.package_identification:_identify(src/moveit2/moveit_planners/ompl) by extension 'ignore'
[0.252s] Level 1:colcon.colcon_core.package_identification:_identify(src/moveit2/moveit_planners/ompl) by extension 'ignore_ament_install'
[0.252s] Level 1:colcon.colcon_core.package_identification:_identify(src/moveit2/moveit_planners/ompl) by extensions ['colcon_pkg']
[0.252s] Level 1:colcon.colcon_core.package_identification:_identify(src/moveit2/moveit_planners/ompl) by extension 'colcon_pkg'
[0.252s] Level 1:colcon.colcon_core.package_identification:_identify(src/moveit2/moveit_planners/ompl) by extensions ['colcon_meta']
[0.252s] Level 1:colcon.colcon_core.package_identification:_identify(src/moveit2/moveit_planners/ompl) by extension 'colcon_meta'
[0.252s] Level 1:colcon.colcon_core.package_identification:_identify(src/moveit2/moveit_planners/ompl) by extensions ['ros']
[0.252s] Level 1:colcon.colcon_core.package_identification:_identify(src/moveit2/moveit_planners/ompl) by extension 'ros'
[0.253s] DEBUG:colcon.colcon_core.package_identification:Package 'src/moveit2/moveit_planners/ompl' with type 'ros.ament_cmake' and name 'moveit_planners_ompl'
[0.253s] Level 1:colcon.colcon_core.package_identification:_identify(src/moveit2/moveit_planners/pilz_industrial_motion_planner) by extensions ['ignore', 'ignore_ament_install']
[0.253s] Level 1:colcon.colcon_core.package_identification:_identify(src/moveit2/moveit_planners/pilz_industrial_motion_planner) by extension 'ignore'
[0.253s] Level 1:colcon.colcon_core.package_identification:_identify(src/moveit2/moveit_planners/pilz_industrial_motion_planner) by extension 'ignore_ament_install'
[0.254s] Level 1:colcon.colcon_core.package_identification:_identify(src/moveit2/moveit_planners/pilz_industrial_motion_planner) by extensions ['colcon_pkg']
[0.254s] Level 1:colcon.colcon_core.package_identification:_identify(src/moveit2/moveit_planners/pilz_industrial_motion_planner) by extension 'colcon_pkg'
[0.254s] Level 1:colcon.colcon_core.package_identification:_identify(src/moveit2/moveit_planners/pilz_industrial_motion_planner) by extensions ['colcon_meta']
[0.254s] Level 1:colcon.colcon_core.package_identification:_identify(src/moveit2/moveit_planners/pilz_industrial_motion_planner) by extension 'colcon_meta'
[0.254s] Level 1:colcon.colcon_core.package_identification:_identify(src/moveit2/moveit_planners/pilz_industrial_motion_planner) by extensions ['ros']
[0.254s] Level 1:colcon.colcon_core.package_identification:_identify(src/moveit2/moveit_planners/pilz_industrial_motion_planner) by extension 'ros'
[0.255s] DEBUG:colcon.colcon_core.package_identification:Package 'src/moveit2/moveit_planners/pilz_industrial_motion_planner' with type 'ros.ament_cmake' and name 'pilz_industrial_motion_planner'
[0.255s] Level 1:colcon.colcon_core.package_identification:_identify(src/moveit2/moveit_planners/pilz_industrial_motion_planner_testutils) by extensions ['ignore', 'ignore_ament_install']
[0.255s] Level 1:colcon.colcon_core.package_identification:_identify(src/moveit2/moveit_planners/pilz_industrial_motion_planner_testutils) by extension 'ignore'
[0.255s] Level 1:colcon.colcon_core.package_identification:_identify(src/moveit2/moveit_planners/pilz_industrial_motion_planner_testutils) by extension 'ignore_ament_install'
[0.255s] Level 1:colcon.colcon_core.package_identification:_identify(src/moveit2/moveit_planners/pilz_industrial_motion_planner_testutils) by extensions ['colcon_pkg']
[0.255s] Level 1:colcon.colcon_core.package_identification:_identify(src/moveit2/moveit_planners/pilz_industrial_motion_planner_testutils) by extension 'colcon_pkg'
[0.255s] Level 1:colcon.colcon_core.package_identification:_identify(src/moveit2/moveit_planners/pilz_industrial_motion_planner_testutils) by extensions ['colcon_meta']
[0.255s] Level 1:colcon.colcon_core.package_identification:_identify(src/moveit2/moveit_planners/pilz_industrial_motion_planner_testutils) by extension 'colcon_meta'
[0.255s] Level 1:colcon.colcon_core.package_identification:_identify(src/moveit2/moveit_planners/pilz_industrial_motion_planner_testutils) by extensions ['ros']
[0.255s] Level 1:colcon.colcon_core.package_identification:_identify(src/moveit2/moveit_planners/pilz_industrial_motion_planner_testutils) by extension 'ros'
[0.256s] DEBUG:colcon.colcon_core.package_identification:Package 'src/moveit2/moveit_planners/pilz_industrial_motion_planner_testutils' with type 'ros.ament_cmake' and name 'pilz_industrial_motion_planner_testutils'
[0.256s] Level 1:colcon.colcon_core.package_identification:_identify(src/moveit2/moveit_planners/test_configs) by extensions ['ignore', 'ignore_ament_install']
[0.256s] Level 1:colcon.colcon_core.package_identification:_identify(src/moveit2/moveit_planners/test_configs) by extension 'ignore'
[0.256s] Level 1:colcon.colcon_core.package_identification:_identify(src/moveit2/moveit_planners/test_configs) by extension 'ignore_ament_install'
[0.256s] Level 1:colcon.colcon_core.package_identification:_identify(src/moveit2/moveit_planners/test_configs) by extensions ['colcon_pkg']
[0.256s] Level 1:colcon.colcon_core.package_identification:_identify(src/moveit2/moveit_planners/test_configs) by extension 'colcon_pkg'
[0.256s] Level 1:colcon.colcon_core.package_identification:_identify(src/moveit2/moveit_planners/test_configs) by extensions ['colcon_meta']
[0.256s] Level 1:colcon.colcon_core.package_identification:_identify(src/moveit2/moveit_planners/test_configs) by extension 'colcon_meta'
[0.256s] Level 1:colcon.colcon_core.package_identification:_identify(src/moveit2/moveit_planners/test_configs) by extensions ['ros']
[0.256s] Level 1:colcon.colcon_core.package_identification:_identify(src/moveit2/moveit_planners/test_configs) by extension 'ros'
[0.256s] Level 1:colcon.colcon_core.package_identification:_identify(src/moveit2/moveit_planners/test_configs) by extensions ['cmake', 'python']
[0.256s] Level 1:colcon.colcon_core.package_identification:_identify(src/moveit2/moveit_planners/test_configs) by extension 'cmake'
[0.256s] Level 1:colcon.colcon_core.package_identification:_identify(src/moveit2/moveit_planners/test_configs) by extension 'python'
[0.256s] Level 1:colcon.colcon_core.package_identification:_identify(src/moveit2/moveit_planners/test_configs) by extensions ['python_setup_py']
[0.256s] Level 1:colcon.colcon_core.package_identification:_identify(src/moveit2/moveit_planners/test_configs) by extension 'python_setup_py'
[0.256s] Level 1:colcon.colcon_core.package_identification:_identify(src/moveit2/moveit_planners/test_configs/prbt_ikfast_manipulator_plugin) by extensions ['ignore', 'ignore_ament_install']
[0.256s] Level 1:colcon.colcon_core.package_identification:_identify(src/moveit2/moveit_planners/test_configs/prbt_ikfast_manipulator_plugin) by extension 'ignore'
[0.256s] Level 1:colcon.colcon_core.package_identification:_identify(src/moveit2/moveit_planners/test_configs/prbt_ikfast_manipulator_plugin) by extension 'ignore_ament_install'
[0.256s] Level 1:colcon.colcon_core.package_identification:_identify(src/moveit2/moveit_planners/test_configs/prbt_ikfast_manipulator_plugin) by extensions ['colcon_pkg']
[0.256s] Level 1:colcon.colcon_core.package_identification:_identify(src/moveit2/moveit_planners/test_configs/prbt_ikfast_manipulator_plugin) by extension 'colcon_pkg'
[0.256s] Level 1:colcon.colcon_core.package_identification:_identify(src/moveit2/moveit_planners/test_configs/prbt_ikfast_manipulator_plugin) by extensions ['colcon_meta']
[0.256s] Level 1:colcon.colcon_core.package_identification:_identify(src/moveit2/moveit_planners/test_configs/prbt_ikfast_manipulator_plugin) by extension 'colcon_meta'
[0.256s] Level 1:colcon.colcon_core.package_identification:_identify(src/moveit2/moveit_planners/test_configs/prbt_ikfast_manipulator_plugin) by extensions ['ros']
[0.256s] Level 1:colcon.colcon_core.package_identification:_identify(src/moveit2/moveit_planners/test_configs/prbt_ikfast_manipulator_plugin) by extension 'ros'
[0.257s] DEBUG:colcon.colcon_core.package_identification:Package 'src/moveit2/moveit_planners/test_configs/prbt_ikfast_manipulator_plugin' with type 'ros.ament_cmake' and name 'moveit_resources_prbt_ikfast_manipulator_plugin'
[0.257s] Level 1:colcon.colcon_core.package_identification:_identify(src/moveit2/moveit_planners/test_configs/prbt_moveit_config) by extensions ['ignore', 'ignore_ament_install']
[0.257s] Level 1:colcon.colcon_core.package_identification:_identify(src/moveit2/moveit_planners/test_configs/prbt_moveit_config) by extension 'ignore'
[0.257s] Level 1:colcon.colcon_core.package_identification:_identify(src/moveit2/moveit_planners/test_configs/prbt_moveit_config) by extension 'ignore_ament_install'
[0.257s] Level 1:colcon.colcon_core.package_identification:_identify(src/moveit2/moveit_planners/test_configs/prbt_moveit_config) by extensions ['colcon_pkg']
[0.257s] Level 1:colcon.colcon_core.package_identification:_identify(src/moveit2/moveit_planners/test_configs/prbt_moveit_config) by extension 'colcon_pkg'
[0.257s] Level 1:colcon.colcon_core.package_identification:_identify(src/moveit2/moveit_planners/test_configs/prbt_moveit_config) by extensions ['colcon_meta']
[0.257s] Level 1:colcon.colcon_core.package_identification:_identify(src/moveit2/moveit_planners/test_configs/prbt_moveit_config) by extension 'colcon_meta'
[0.257s] Level 1:colcon.colcon_core.package_identification:_identify(src/moveit2/moveit_planners/test_configs/prbt_moveit_config) by extensions ['ros']
[0.257s] Level 1:colcon.colcon_core.package_identification:_identify(src/moveit2/moveit_planners/test_configs/prbt_moveit_config) by extension 'ros'
[0.258s] DEBUG:colcon.colcon_core.package_identification:Package 'src/moveit2/moveit_planners/test_configs/prbt_moveit_config' with type 'ros.ament_cmake' and name 'moveit_resources_prbt_moveit_config'
[0.258s] Level 1:colcon.colcon_core.package_identification:_identify(src/moveit2/moveit_planners/test_configs/prbt_pg70_support) by extensions ['ignore', 'ignore_ament_install']
[0.258s] Level 1:colcon.colcon_core.package_identification:_identify(src/moveit2/moveit_planners/test_configs/prbt_pg70_support) by extension 'ignore'
[0.258s] Level 1:colcon.colcon_core.package_identification:_identify(src/moveit2/moveit_planners/test_configs/prbt_pg70_support) by extension 'ignore_ament_install'
[0.258s] Level 1:colcon.colcon_core.package_identification:_identify(src/moveit2/moveit_planners/test_configs/prbt_pg70_support) by extensions ['colcon_pkg']
[0.258s] Level 1:colcon.colcon_core.package_identification:_identify(src/moveit2/moveit_planners/test_configs/prbt_pg70_support) by extension 'colcon_pkg'
[0.258s] Level 1:colcon.colcon_core.package_identification:_identify(src/moveit2/moveit_planners/test_configs/prbt_pg70_support) by extensions ['colcon_meta']
[0.258s] Level 1:colcon.colcon_core.package_identification:_identify(src/moveit2/moveit_planners/test_configs/prbt_pg70_support) by extension 'colcon_meta'
[0.258s] Level 1:colcon.colcon_core.package_identification:_identify(src/moveit2/moveit_planners/test_configs/prbt_pg70_support) by extensions ['ros']
[0.258s] Level 1:colcon.colcon_core.package_identification:_identify(src/moveit2/moveit_planners/test_configs/prbt_pg70_support) by extension 'ros'
[0.258s] DEBUG:colcon.colcon_core.package_identification:Package 'src/moveit2/moveit_planners/test_configs/prbt_pg70_support' with type 'ros.ament_cmake' and name 'moveit_resources_prbt_pg70_support'
[0.258s] Level 1:colcon.colcon_core.package_identification:_identify(src/moveit2/moveit_planners/test_configs/prbt_support) by extensions ['ignore', 'ignore_ament_install']
[0.258s] Level 1:colcon.colcon_core.package_identification:_identify(src/moveit2/moveit_planners/test_configs/prbt_support) by extension 'ignore'
[0.258s] Level 1:colcon.colcon_core.package_identification:_identify(src/moveit2/moveit_planners/test_configs/prbt_support) by extension 'ignore_ament_install'
[0.258s] Level 1:colcon.colcon_core.package_identification:_identify(src/moveit2/moveit_planners/test_configs/prbt_support) by extensions ['colcon_pkg']
[0.259s] Level 1:colcon.colcon_core.package_identification:_identify(src/moveit2/moveit_planners/test_configs/prbt_support) by extension 'colcon_pkg'
[0.259s] Level 1:colcon.colcon_core.package_identification:_identify(src/moveit2/moveit_planners/test_configs/prbt_support) by extensions ['colcon_meta']
[0.259s] Level 1:colcon.colcon_core.package_identification:_identify(src/moveit2/moveit_planners/test_configs/prbt_support) by extension 'colcon_meta'
[0.259s] Level 1:colcon.colcon_core.package_identification:_identify(src/moveit2/moveit_planners/test_configs/prbt_support) by extensions ['ros']
[0.259s] Level 1:colcon.colcon_core.package_identification:_identify(src/moveit2/moveit_planners/test_configs/prbt_support) by extension 'ros'
[0.259s] DEBUG:colcon.colcon_core.package_identification:Package 'src/moveit2/moveit_planners/test_configs/prbt_support' with type 'ros.ament_cmake' and name 'moveit_resources_prbt_support'
[0.259s] Level 1:colcon.colcon_core.package_identification:_identify(src/moveit2/moveit_planners/trajopt) by extensions ['ignore', 'ignore_ament_install']
[0.259s] Level 1:colcon.colcon_core.package_identification:_identify(src/moveit2/moveit_planners/trajopt) by extension 'ignore'
[0.259s] Level 1:colcon.colcon_core.package_identification:_identify(src/moveit2/moveit_planners/trajopt) ignored
[0.259s] Level 1:colcon.colcon_core.package_identification:_identify(src/moveit2/moveit_plugins) by extensions ['ignore', 'ignore_ament_install']
[0.259s] Level 1:colcon.colcon_core.package_identification:_identify(src/moveit2/moveit_plugins) by extension 'ignore'
[0.259s] Level 1:colcon.colcon_core.package_identification:_identify(src/moveit2/moveit_plugins) by extension 'ignore_ament_install'
[0.260s] Level 1:colcon.colcon_core.package_identification:_identify(src/moveit2/moveit_plugins) by extensions ['colcon_pkg']
[0.260s] Level 1:colcon.colcon_core.package_identification:_identify(src/moveit2/moveit_plugins) by extension 'colcon_pkg'
[0.260s] Level 1:colcon.colcon_core.package_identification:_identify(src/moveit2/moveit_plugins) by extensions ['colcon_meta']
[0.260s] Level 1:colcon.colcon_core.package_identification:_identify(src/moveit2/moveit_plugins) by extension 'colcon_meta'
[0.260s] Level 1:colcon.colcon_core.package_identification:_identify(src/moveit2/moveit_plugins) by extensions ['ros']
[0.260s] Level 1:colcon.colcon_core.package_identification:_identify(src/moveit2/moveit_plugins) by extension 'ros'
[0.260s] Level 1:colcon.colcon_core.package_identification:_identify(src/moveit2/moveit_plugins) by extensions ['cmake', 'python']
[0.260s] Level 1:colcon.colcon_core.package_identification:_identify(src/moveit2/moveit_plugins) by extension 'cmake'
[0.260s] Level 1:colcon.colcon_core.package_identification:_identify(src/moveit2/moveit_plugins) by extension 'python'
[0.260s] Level 1:colcon.colcon_core.package_identification:_identify(src/moveit2/moveit_plugins) by extensions ['python_setup_py']
[0.260s] Level 1:colcon.colcon_core.package_identification:_identify(src/moveit2/moveit_plugins) by extension 'python_setup_py'
[0.260s] Level 1:colcon.colcon_core.package_identification:_identify(src/moveit2/moveit_plugins/moveit_plugins) by extensions ['ignore', 'ignore_ament_install']
[0.260s] Level 1:colcon.colcon_core.package_identification:_identify(src/moveit2/moveit_plugins/moveit_plugins) by extension 'ignore'
[0.260s] Level 1:colcon.colcon_core.package_identification:_identify(src/moveit2/moveit_plugins/moveit_plugins) by extension 'ignore_ament_install'
[0.260s] Level 1:colcon.colcon_core.package_identification:_identify(src/moveit2/moveit_plugins/moveit_plugins) by extensions ['colcon_pkg']
[0.260s] Level 1:colcon.colcon_core.package_identification:_identify(src/moveit2/moveit_plugins/moveit_plugins) by extension 'colcon_pkg'
[0.260s] Level 1:colcon.colcon_core.package_identification:_identify(src/moveit2/moveit_plugins/moveit_plugins) by extensions ['colcon_meta']
[0.260s] Level 1:colcon.colcon_core.package_identification:_identify(src/moveit2/moveit_plugins/moveit_plugins) by extension 'colcon_meta'
[0.260s] Level 1:colcon.colcon_core.package_identification:_identify(src/moveit2/moveit_plugins/moveit_plugins) by extensions ['ros']
[0.260s] Level 1:colcon.colcon_core.package_identification:_identify(src/moveit2/moveit_plugins/moveit_plugins) by extension 'ros'
[0.260s] DEBUG:colcon.colcon_core.package_identification:Package 'src/moveit2/moveit_plugins/moveit_plugins' with type 'ros.ament_cmake' and name 'moveit_plugins'
[0.261s] Level 1:colcon.colcon_core.package_identification:_identify(src/moveit2/moveit_plugins/moveit_ros_control_interface) by extensions ['ignore', 'ignore_ament_install']
[0.261s] Level 1:colcon.colcon_core.package_identification:_identify(src/moveit2/moveit_plugins/moveit_ros_control_interface) by extension 'ignore'
[0.261s] Level 1:colcon.colcon_core.package_identification:_identify(src/moveit2/moveit_plugins/moveit_ros_control_interface) by extension 'ignore_ament_install'
[0.261s] Level 1:colcon.colcon_core.package_identification:_identify(src/moveit2/moveit_plugins/moveit_ros_control_interface) by extensions ['colcon_pkg']
[0.261s] Level 1:colcon.colcon_core.package_identification:_identify(src/moveit2/moveit_plugins/moveit_ros_control_interface) by extension 'colcon_pkg'
[0.261s] Level 1:colcon.colcon_core.package_identification:_identify(src/moveit2/moveit_plugins/moveit_ros_control_interface) by extensions ['colcon_meta']
[0.261s] Level 1:colcon.colcon_core.package_identification:_identify(src/moveit2/moveit_plugins/moveit_ros_control_interface) by extension 'colcon_meta'
[0.261s] Level 1:colcon.colcon_core.package_identification:_identify(src/moveit2/moveit_plugins/moveit_ros_control_interface) by extensions ['ros']
[0.261s] Level 1:colcon.colcon_core.package_identification:_identify(src/moveit2/moveit_plugins/moveit_ros_control_interface) by extension 'ros'
[0.261s] DEBUG:colcon.colcon_core.package_identification:Package 'src/moveit2/moveit_plugins/moveit_ros_control_interface' with type 'ros.ament_cmake' and name 'moveit_ros_control_interface'
[0.262s] Level 1:colcon.colcon_core.package_identification:_identify(src/moveit2/moveit_plugins/moveit_simple_controller_manager) by extensions ['ignore', 'ignore_ament_install']
[0.262s] Level 1:colcon.colcon_core.package_identification:_identify(src/moveit2/moveit_plugins/moveit_simple_controller_manager) by extension 'ignore'
[0.262s] Level 1:colcon.colcon_core.package_identification:_identify(src/moveit2/moveit_plugins/moveit_simple_controller_manager) by extension 'ignore_ament_install'
[0.262s] Level 1:colcon.colcon_core.package_identification:_identify(src/moveit2/moveit_plugins/moveit_simple_controller_manager) by extensions ['colcon_pkg']
[0.262s] Level 1:colcon.colcon_core.package_identification:_identify(src/moveit2/moveit_plugins/moveit_simple_controller_manager) by extension 'colcon_pkg'
[0.262s] Level 1:colcon.colcon_core.package_identification:_identify(src/moveit2/moveit_plugins/moveit_simple_controller_manager) by extensions ['colcon_meta']
[0.262s] Level 1:colcon.colcon_core.package_identification:_identify(src/moveit2/moveit_plugins/moveit_simple_controller_manager) by extension 'colcon_meta'
[0.262s] Level 1:colcon.colcon_core.package_identification:_identify(src/moveit2/moveit_plugins/moveit_simple_controller_manager) by extensions ['ros']
[0.262s] Level 1:colcon.colcon_core.package_identification:_identify(src/moveit2/moveit_plugins/moveit_simple_controller_manager) by extension 'ros'
[0.263s] DEBUG:colcon.colcon_core.package_identification:Package 'src/moveit2/moveit_plugins/moveit_simple_controller_manager' with type 'ros.ament_cmake' and name 'moveit_simple_controller_manager'
[0.263s] Level 1:colcon.colcon_core.package_identification:_identify(src/moveit2/moveit_py) by extensions ['ignore', 'ignore_ament_install']
[0.263s] Level 1:colcon.colcon_core.package_identification:_identify(src/moveit2/moveit_py) by extension 'ignore'
[0.263s] Level 1:colcon.colcon_core.package_identification:_identify(src/moveit2/moveit_py) by extension 'ignore_ament_install'
[0.263s] Level 1:colcon.colcon_core.package_identification:_identify(src/moveit2/moveit_py) by extensions ['colcon_pkg']
[0.263s] Level 1:colcon.colcon_core.package_identification:_identify(src/moveit2/moveit_py) by extension 'colcon_pkg'
[0.263s] Level 1:colcon.colcon_core.package_identification:_identify(src/moveit2/moveit_py) by extensions ['colcon_meta']
[0.263s] Level 1:colcon.colcon_core.package_identification:_identify(src/moveit2/moveit_py) by extension 'colcon_meta'
[0.263s] Level 1:colcon.colcon_core.package_identification:_identify(src/moveit2/moveit_py) by extensions ['ros']
[0.263s] Level 1:colcon.colcon_core.package_identification:_identify(src/moveit2/moveit_py) by extension 'ros'
[0.264s] DEBUG:colcon.colcon_core.package_identification:Package 'src/moveit2/moveit_py' with type 'ros.ament_cmake' and name 'moveit_py'
[0.264s] Level 1:colcon.colcon_core.package_identification:_identify(src/moveit2/moveit_ros) by extensions ['ignore', 'ignore_ament_install']
[0.264s] Level 1:colcon.colcon_core.package_identification:_identify(src/moveit2/moveit_ros) by extension 'ignore'
[0.264s] Level 1:colcon.colcon_core.package_identification:_identify(src/moveit2/moveit_ros) by extension 'ignore_ament_install'
[0.264s] Level 1:colcon.colcon_core.package_identification:_identify(src/moveit2/moveit_ros) by extensions ['colcon_pkg']
[0.264s] Level 1:colcon.colcon_core.package_identification:_identify(src/moveit2/moveit_ros) by extension 'colcon_pkg'
[0.264s] Level 1:colcon.colcon_core.package_identification:_identify(src/moveit2/moveit_ros) by extensions ['colcon_meta']
[0.264s] Level 1:colcon.colcon_core.package_identification:_identify(src/moveit2/moveit_ros) by extension 'colcon_meta'
[0.264s] Level 1:colcon.colcon_core.package_identification:_identify(src/moveit2/moveit_ros) by extensions ['ros']
[0.264s] Level 1:colcon.colcon_core.package_identification:_identify(src/moveit2/moveit_ros) by extension 'ros'
[0.264s] Level 1:colcon.colcon_core.package_identification:_identify(src/moveit2/moveit_ros) by extensions ['cmake', 'python']
[0.264s] Level 1:colcon.colcon_core.package_identification:_identify(src/moveit2/moveit_ros) by extension 'cmake'
[0.264s] Level 1:colcon.colcon_core.package_identification:_identify(src/moveit2/moveit_ros) by extension 'python'
[0.264s] Level 1:colcon.colcon_core.package_identification:_identify(src/moveit2/moveit_ros) by extensions ['python_setup_py']
[0.264s] Level 1:colcon.colcon_core.package_identification:_identify(src/moveit2/moveit_ros) by extension 'python_setup_py'
[0.264s] Level 1:colcon.colcon_core.package_identification:_identify(src/moveit2/moveit_ros/benchmarks) by extensions ['ignore', 'ignore_ament_install']
[0.264s] Level 1:colcon.colcon_core.package_identification:_identify(src/moveit2/moveit_ros/benchmarks) by extension 'ignore'
[0.264s] Level 1:colcon.colcon_core.package_identification:_identify(src/moveit2/moveit_ros/benchmarks) by extension 'ignore_ament_install'
[0.264s] Level 1:colcon.colcon_core.package_identification:_identify(src/moveit2/moveit_ros/benchmarks) by extensions ['colcon_pkg']
[0.264s] Level 1:colcon.colcon_core.package_identification:_identify(src/moveit2/moveit_ros/benchmarks) by extension 'colcon_pkg'
[0.264s] Level 1:colcon.colcon_core.package_identification:_identify(src/moveit2/moveit_ros/benchmarks) by extensions ['colcon_meta']
[0.264s] Level 1:colcon.colcon_core.package_identification:_identify(src/moveit2/moveit_ros/benchmarks) by extension 'colcon_meta'
[0.264s] Level 1:colcon.colcon_core.package_identification:_identify(src/moveit2/moveit_ros/benchmarks) by extensions ['ros']
[0.264s] Level 1:colcon.colcon_core.package_identification:_identify(src/moveit2/moveit_ros/benchmarks) by extension 'ros'
[0.265s] DEBUG:colcon.colcon_core.package_identification:Package 'src/moveit2/moveit_ros/benchmarks' with type 'ros.ament_cmake' and name 'moveit_ros_benchmarks'
[0.265s] Level 1:colcon.colcon_core.package_identification:_identify(src/moveit2/moveit_ros/hybrid_planning) by extensions ['ignore', 'ignore_ament_install']
[0.265s] Level 1:colcon.colcon_core.package_identification:_identify(src/moveit2/moveit_ros/hybrid_planning) by extension 'ignore'
[0.265s] Level 1:colcon.colcon_core.package_identification:_identify(src/moveit2/moveit_ros/hybrid_planning) by extension 'ignore_ament_install'
[0.265s] Level 1:colcon.colcon_core.package_identification:_identify(src/moveit2/moveit_ros/hybrid_planning) by extensions ['colcon_pkg']
[0.265s] Level 1:colcon.colcon_core.package_identification:_identify(src/moveit2/moveit_ros/hybrid_planning) by extension 'colcon_pkg'
[0.265s] Level 1:colcon.colcon_core.package_identification:_identify(src/moveit2/moveit_ros/hybrid_planning) by extensions ['colcon_meta']
[0.265s] Level 1:colcon.colcon_core.package_identification:_identify(src/moveit2/moveit_ros/hybrid_planning) by extension 'colcon_meta'
[0.265s] Level 1:colcon.colcon_core.package_identification:_identify(src/moveit2/moveit_ros/hybrid_planning) by extensions ['ros']
[0.265s] Level 1:colcon.colcon_core.package_identification:_identify(src/moveit2/moveit_ros/hybrid_planning) by extension 'ros'
[0.266s] DEBUG:colcon.colcon_core.package_identification:Package 'src/moveit2/moveit_ros/hybrid_planning' with type 'ros.ament_cmake' and name 'moveit_hybrid_planning'
[0.266s] Level 1:colcon.colcon_core.package_identification:_identify(src/moveit2/moveit_ros/move_group) by extensions ['ignore', 'ignore_ament_install']
[0.266s] Level 1:colcon.colcon_core.package_identification:_identify(src/moveit2/moveit_ros/move_group) by extension 'ignore'
[0.267s] Level 1:colcon.colcon_core.package_identification:_identify(src/moveit2/moveit_ros/move_group) by extension 'ignore_ament_install'
[0.267s] Level 1:colcon.colcon_core.package_identification:_identify(src/moveit2/moveit_ros/move_group) by extensions ['colcon_pkg']
[0.267s] Level 1:colcon.colcon_core.package_identification:_identify(src/moveit2/moveit_ros/move_group) by extension 'colcon_pkg'
[0.267s] Level 1:colcon.colcon_core.package_identification:_identify(src/moveit2/moveit_ros/move_group) by extensions ['colcon_meta']
[0.267s] Level 1:colcon.colcon_core.package_identification:_identify(src/moveit2/moveit_ros/move_group) by extension 'colcon_meta'
[0.267s] Level 1:colcon.colcon_core.package_identification:_identify(src/moveit2/moveit_ros/move_group) by extensions ['ros']
[0.267s] Level 1:colcon.colcon_core.package_identification:_identify(src/moveit2/moveit_ros/move_group) by extension 'ros'
[0.267s] DEBUG:colcon.colcon_core.package_identification:Package 'src/moveit2/moveit_ros/move_group' with type 'ros.ament_cmake' and name 'moveit_ros_move_group'
[0.268s] Level 1:colcon.colcon_core.package_identification:_identify(src/moveit2/moveit_ros/moveit_ros) by extensions ['ignore', 'ignore_ament_install']
[0.268s] Level 1:colcon.colcon_core.package_identification:_identify(src/moveit2/moveit_ros/moveit_ros) by extension 'ignore'
[0.268s] Level 1:colcon.colcon_core.package_identification:_identify(src/moveit2/moveit_ros/moveit_ros) by extension 'ignore_ament_install'
[0.268s] Level 1:colcon.colcon_core.package_identification:_identify(src/moveit2/moveit_ros/moveit_ros) by extensions ['colcon_pkg']
[0.268s] Level 1:colcon.colcon_core.package_identification:_identify(src/moveit2/moveit_ros/moveit_ros) by extension 'colcon_pkg'
[0.268s] Level 1:colcon.colcon_core.package_identification:_identify(src/moveit2/moveit_ros/moveit_ros) by extensions ['colcon_meta']
[0.268s] Level 1:colcon.colcon_core.package_identification:_identify(src/moveit2/moveit_ros/moveit_ros) by extension 'colcon_meta'
[0.268s] Level 1:colcon.colcon_core.package_identification:_identify(src/moveit2/moveit_ros/moveit_ros) by extensions ['ros']
[0.268s] Level 1:colcon.colcon_core.package_identification:_identify(src/moveit2/moveit_ros/moveit_ros) by extension 'ros'
[0.268s] DEBUG:colcon.colcon_core.package_identification:Package 'src/moveit2/moveit_ros/moveit_ros' with type 'ros.ament_cmake' and name 'moveit_ros'
[0.268s] Level 1:colcon.colcon_core.package_identification:_identify(src/moveit2/moveit_ros/moveit_servo) by extensions ['ignore', 'ignore_ament_install']
[0.268s] Level 1:colcon.colcon_core.package_identification:_identify(src/moveit2/moveit_ros/moveit_servo) by extension 'ignore'
[0.268s] Level 1:colcon.colcon_core.package_identification:_identify(src/moveit2/moveit_ros/moveit_servo) by extension 'ignore_ament_install'
[0.269s] Level 1:colcon.colcon_core.package_identification:_identify(src/moveit2/moveit_ros/moveit_servo) by extensions ['colcon_pkg']
[0.269s] Level 1:colcon.colcon_core.package_identification:_identify(src/moveit2/moveit_ros/moveit_servo) by extension 'colcon_pkg'
[0.269s] Level 1:colcon.colcon_core.package_identification:_identify(src/moveit2/moveit_ros/moveit_servo) by extensions ['colcon_meta']
[0.269s] Level 1:colcon.colcon_core.package_identification:_identify(src/moveit2/moveit_ros/moveit_servo) by extension 'colcon_meta'
[0.269s] Level 1:colcon.colcon_core.package_identification:_identify(src/moveit2/moveit_ros/moveit_servo) by extensions ['ros']
[0.269s] Level 1:colcon.colcon_core.package_identification:_identify(src/moveit2/moveit_ros/moveit_servo) by extension 'ros'
[0.270s] DEBUG:colcon.colcon_core.package_identification:Package 'src/moveit2/moveit_ros/moveit_servo' with type 'ros.ament_cmake' and name 'moveit_servo'
[0.270s] Level 1:colcon.colcon_core.package_identification:_identify(src/moveit2/moveit_ros/occupancy_map_monitor) by extensions ['ignore', 'ignore_ament_install']
[0.270s] Level 1:colcon.colcon_core.package_identification:_identify(src/moveit2/moveit_ros/occupancy_map_monitor) by extension 'ignore'
[0.270s] Level 1:colcon.colcon_core.package_identification:_identify(src/moveit2/moveit_ros/occupancy_map_monitor) by extension 'ignore_ament_install'
[0.270s] Level 1:colcon.colcon_core.package_identification:_identify(src/moveit2/moveit_ros/occupancy_map_monitor) by extensions ['colcon_pkg']
[0.270s] Level 1:colcon.colcon_core.package_identification:_identify(src/moveit2/moveit_ros/occupancy_map_monitor) by extension 'colcon_pkg'
[0.270s] Level 1:colcon.colcon_core.package_identification:_identify(src/moveit2/moveit_ros/occupancy_map_monitor) by extensions ['colcon_meta']
[0.270s] Level 1:colcon.colcon_core.package_identification:_identify(src/moveit2/moveit_ros/occupancy_map_monitor) by extension 'colcon_meta'
[0.270s] Level 1:colcon.colcon_core.package_identification:_identify(src/moveit2/moveit_ros/occupancy_map_monitor) by extensions ['ros']
[0.270s] Level 1:colcon.colcon_core.package_identification:_identify(src/moveit2/moveit_ros/occupancy_map_monitor) by extension 'ros'
[0.271s] DEBUG:colcon.colcon_core.package_identification:Package 'src/moveit2/moveit_ros/occupancy_map_monitor' with type 'ros.ament_cmake' and name 'moveit_ros_occupancy_map_monitor'
[0.271s] Level 1:colcon.colcon_core.package_identification:_identify(src/moveit2/moveit_ros/perception) by extensions ['ignore', 'ignore_ament_install']
[0.271s] Level 1:colcon.colcon_core.package_identification:_identify(src/moveit2/moveit_ros/perception) by extension 'ignore'
[0.271s] Level 1:colcon.colcon_core.package_identification:_identify(src/moveit2/moveit_ros/perception) by extension 'ignore_ament_install'
[0.271s] Level 1:colcon.colcon_core.package_identification:_identify(src/moveit2/moveit_ros/perception) by extensions ['colcon_pkg']
[0.271s] Level 1:colcon.colcon_core.package_identification:_identify(src/moveit2/moveit_ros/perception) by extension 'colcon_pkg'
[0.271s] Level 1:colcon.colcon_core.package_identification:_identify(src/moveit2/moveit_ros/perception) by extensions ['colcon_meta']
[0.271s] Level 1:colcon.colcon_core.package_identification:_identify(src/moveit2/moveit_ros/perception) by extension 'colcon_meta'
[0.271s] Level 1:colcon.colcon_core.package_identification:_identify(src/moveit2/moveit_ros/perception) by extensions ['ros']
[0.271s] Level 1:colcon.colcon_core.package_identification:_identify(src/moveit2/moveit_ros/perception) by extension 'ros'
[0.272s] DEBUG:colcon.colcon_core.package_identification:Package 'src/moveit2/moveit_ros/perception' with type 'ros.ament_cmake' and name 'moveit_ros_perception'
[0.273s] Level 1:colcon.colcon_core.package_identification:_identify(src/moveit2/moveit_ros/planning) by extensions ['ignore', 'ignore_ament_install']
[0.273s] Level 1:colcon.colcon_core.package_identification:_identify(src/moveit2/moveit_ros/planning) by extension 'ignore'
[0.273s] Level 1:colcon.colcon_core.package_identification:_identify(src/moveit2/moveit_ros/planning) by extension 'ignore_ament_install'
[0.273s] Level 1:colcon.colcon_core.package_identification:_identify(src/moveit2/moveit_ros/planning) by extensions ['colcon_pkg']
[0.273s] Level 1:colcon.colcon_core.package_identification:_identify(src/moveit2/moveit_ros/planning) by extension 'colcon_pkg'
[0.273s] Level 1:colcon.colcon_core.package_identification:_identify(src/moveit2/moveit_ros/planning) by extensions ['colcon_meta']
[0.273s] Level 1:colcon.colcon_core.package_identification:_identify(src/moveit2/moveit_ros/planning) by extension 'colcon_meta'
[0.273s] Level 1:colcon.colcon_core.package_identification:_identify(src/moveit2/moveit_ros/planning) by extensions ['ros']
[0.273s] Level 1:colcon.colcon_core.package_identification:_identify(src/moveit2/moveit_ros/planning) by extension 'ros'
[0.274s] DEBUG:colcon.colcon_core.package_identification:Package 'src/moveit2/moveit_ros/planning' with type 'ros.ament_cmake' and name 'moveit_ros_planning'
[0.274s] Level 1:colcon.colcon_core.package_identification:_identify(src/moveit2/moveit_ros/planning_interface) by extensions ['ignore', 'ignore_ament_install']
[0.274s] Level 1:colcon.colcon_core.package_identification:_identify(src/moveit2/moveit_ros/planning_interface) by extension 'ignore'
[0.274s] Level 1:colcon.colcon_core.package_identification:_identify(src/moveit2/moveit_ros/planning_interface) by extension 'ignore_ament_install'
[0.274s] Level 1:colcon.colcon_core.package_identification:_identify(src/moveit2/moveit_ros/planning_interface) by extensions ['colcon_pkg']
[0.274s] Level 1:colcon.colcon_core.package_identification:_identify(src/moveit2/moveit_ros/planning_interface) by extension 'colcon_pkg'
[0.274s] Level 1:colcon.colcon_core.package_identification:_identify(src/moveit2/moveit_ros/planning_interface) by extensions ['colcon_meta']
[0.274s] Level 1:colcon.colcon_core.package_identification:_identify(src/moveit2/moveit_ros/planning_interface) by extension 'colcon_meta'
[0.274s] Level 1:colcon.colcon_core.package_identification:_identify(src/moveit2/moveit_ros/planning_interface) by extensions ['ros']
[0.274s] Level 1:colcon.colcon_core.package_identification:_identify(src/moveit2/moveit_ros/planning_interface) by extension 'ros'
[0.275s] DEBUG:colcon.colcon_core.package_identification:Package 'src/moveit2/moveit_ros/planning_interface' with type 'ros.ament_cmake' and name 'moveit_ros_planning_interface'
[0.275s] Level 1:colcon.colcon_core.package_identification:_identify(src/moveit2/moveit_ros/robot_interaction) by extensions ['ignore', 'ignore_ament_install']
[0.275s] Level 1:colcon.colcon_core.package_identification:_identify(src/moveit2/moveit_ros/robot_interaction) by extension 'ignore'
[0.275s] Level 1:colcon.colcon_core.package_identification:_identify(src/moveit2/moveit_ros/robot_interaction) by extension 'ignore_ament_install'
[0.276s] Level 1:colcon.colcon_core.package_identification:_identify(src/moveit2/moveit_ros/robot_interaction) by extensions ['colcon_pkg']
[0.276s] Level 1:colcon.colcon_core.package_identification:_identify(src/moveit2/moveit_ros/robot_interaction) by extension 'colcon_pkg'
[0.276s] Level 1:colcon.colcon_core.package_identification:_identify(src/moveit2/moveit_ros/robot_interaction) by extensions ['colcon_meta']
[0.276s] Level 1:colcon.colcon_core.package_identification:_identify(src/moveit2/moveit_ros/robot_interaction) by extension 'colcon_meta'
[0.276s] Level 1:colcon.colcon_core.package_identification:_identify(src/moveit2/moveit_ros/robot_interaction) by extensions ['ros']
[0.276s] Level 1:colcon.colcon_core.package_identification:_identify(src/moveit2/moveit_ros/robot_interaction) by extension 'ros'
[0.276s] DEBUG:colcon.colcon_core.package_identification:Package 'src/moveit2/moveit_ros/robot_interaction' with type 'ros.ament_cmake' and name 'moveit_ros_robot_interaction'
[0.276s] Level 1:colcon.colcon_core.package_identification:_identify(src/moveit2/moveit_ros/visualization) by extensions ['ignore', 'ignore_ament_install']
[0.276s] Level 1:colcon.colcon_core.package_identification:_identify(src/moveit2/moveit_ros/visualization) by extension 'ignore'
[0.276s] Level 1:colcon.colcon_core.package_identification:_identify(src/moveit2/moveit_ros/visualization) by extension 'ignore_ament_install'
[0.277s] Level 1:colcon.colcon_core.package_identification:_identify(src/moveit2/moveit_ros/visualization) by extensions ['colcon_pkg']
[0.277s] Level 1:colcon.colcon_core.package_identification:_identify(src/moveit2/moveit_ros/visualization) by extension 'colcon_pkg'
[0.277s] Level 1:colcon.colcon_core.package_identification:_identify(src/moveit2/moveit_ros/visualization) by extensions ['colcon_meta']
[0.277s] Level 1:colcon.colcon_core.package_identification:_identify(src/moveit2/moveit_ros/visualization) by extension 'colcon_meta'
[0.277s] Level 1:colcon.colcon_core.package_identification:_identify(src/moveit2/moveit_ros/visualization) by extensions ['ros']
[0.277s] Level 1:colcon.colcon_core.package_identification:_identify(src/moveit2/moveit_ros/visualization) by extension 'ros'
[0.278s] DEBUG:colcon.colcon_core.package_identification:Package 'src/moveit2/moveit_ros/visualization' with type 'ros.ament_cmake' and name 'moveit_ros_visualization'
[0.278s] Level 1:colcon.colcon_core.package_identification:_identify(src/moveit2/moveit_ros/warehouse) by extensions ['ignore', 'ignore_ament_install']
[0.278s] Level 1:colcon.colcon_core.package_identification:_identify(src/moveit2/moveit_ros/warehouse) by extension 'ignore'
[0.278s] Level 1:colcon.colcon_core.package_identification:_identify(src/moveit2/moveit_ros/warehouse) by extension 'ignore_ament_install'
[0.278s] Level 1:colcon.colcon_core.package_identification:_identify(src/moveit2/moveit_ros/warehouse) by extensions ['colcon_pkg']
[0.278s] Level 1:colcon.colcon_core.package_identification:_identify(src/moveit2/moveit_ros/warehouse) by extension 'colcon_pkg'
[0.278s] Level 1:colcon.colcon_core.package_identification:_identify(src/moveit2/moveit_ros/warehouse) by extensions ['colcon_meta']
[0.278s] Level 1:colcon.colcon_core.package_identification:_identify(src/moveit2/moveit_ros/warehouse) by extension 'colcon_meta'
[0.278s] Level 1:colcon.colcon_core.package_identification:_identify(src/moveit2/moveit_ros/warehouse) by extensions ['ros']
[0.278s] Level 1:colcon.colcon_core.package_identification:_identify(src/moveit2/moveit_ros/warehouse) by extension 'ros'
[0.279s] DEBUG:colcon.colcon_core.package_identification:Package 'src/moveit2/moveit_ros/warehouse' with type 'ros.ament_cmake' and name 'moveit_ros_warehouse'
[0.279s] Level 1:colcon.colcon_core.package_identification:_identify(src/moveit2/moveit_runtime) by extensions ['ignore', 'ignore_ament_install']
[0.279s] Level 1:colcon.colcon_core.package_identification:_identify(src/moveit2/moveit_runtime) by extension 'ignore'
[0.279s] Level 1:colcon.colcon_core.package_identification:_identify(src/moveit2/moveit_runtime) by extension 'ignore_ament_install'
[0.279s] Level 1:colcon.colcon_core.package_identification:_identify(src/moveit2/moveit_runtime) by extensions ['colcon_pkg']
[0.279s] Level 1:colcon.colcon_core.package_identification:_identify(src/moveit2/moveit_runtime) by extension 'colcon_pkg'
[0.279s] Level 1:colcon.colcon_core.package_identification:_identify(src/moveit2/moveit_runtime) by extensions ['colcon_meta']
[0.279s] Level 1:colcon.colcon_core.package_identification:_identify(src/moveit2/moveit_runtime) by extension 'colcon_meta'
[0.279s] Level 1:colcon.colcon_core.package_identification:_identify(src/moveit2/moveit_runtime) by extensions ['ros']
[0.279s] Level 1:colcon.colcon_core.package_identification:_identify(src/moveit2/moveit_runtime) by extension 'ros'
[0.279s] DEBUG:colcon.colcon_core.package_identification:Package 'src/moveit2/moveit_runtime' with type 'ros.ament_cmake' and name 'moveit_runtime'
[0.279s] Level 1:colcon.colcon_core.package_identification:_identify(src/moveit2/moveit_setup_assistant) by extensions ['ignore', 'ignore_ament_install']
[0.279s] Level 1:colcon.colcon_core.package_identification:_identify(src/moveit2/moveit_setup_assistant) by extension 'ignore'
[0.279s] Level 1:colcon.colcon_core.package_identification:_identify(src/moveit2/moveit_setup_assistant) by extension 'ignore_ament_install'
[0.279s] Level 1:colcon.colcon_core.package_identification:_identify(src/moveit2/moveit_setup_assistant) by extensions ['colcon_pkg']
[0.279s] Level 1:colcon.colcon_core.package_identification:_identify(src/moveit2/moveit_setup_assistant) by extension 'colcon_pkg'
[0.279s] Level 1:colcon.colcon_core.package_identification:_identify(src/moveit2/moveit_setup_assistant) by extensions ['colcon_meta']
[0.279s] Level 1:colcon.colcon_core.package_identification:_identify(src/moveit2/moveit_setup_assistant) by extension 'colcon_meta'
[0.279s] Level 1:colcon.colcon_core.package_identification:_identify(src/moveit2/moveit_setup_assistant) by extensions ['ros']
[0.279s] Level 1:colcon.colcon_core.package_identification:_identify(src/moveit2/moveit_setup_assistant) by extension 'ros'
[0.280s] Level 1:colcon.colcon_core.package_identification:_identify(src/moveit2/moveit_setup_assistant) by extensions ['cmake', 'python']
[0.280s] Level 1:colcon.colcon_core.package_identification:_identify(src/moveit2/moveit_setup_assistant) by extension 'cmake'
[0.280s] Level 1:colcon.colcon_core.package_identification:_identify(src/moveit2/moveit_setup_assistant) by extension 'python'
[0.280s] Level 1:colcon.colcon_core.package_identification:_identify(src/moveit2/moveit_setup_assistant) by extensions ['python_setup_py']
[0.280s] Level 1:colcon.colcon_core.package_identification:_identify(src/moveit2/moveit_setup_assistant) by extension 'python_setup_py'
[0.280s] Level 1:colcon.colcon_core.package_identification:_identify(src/moveit2/moveit_setup_assistant/graphics) by extensions ['ignore', 'ignore_ament_install']
[0.280s] Level 1:colcon.colcon_core.package_identification:_identify(src/moveit2/moveit_setup_assistant/graphics) by extension 'ignore'
[0.280s] Level 1:colcon.colcon_core.package_identification:_identify(src/moveit2/moveit_setup_assistant/graphics) by extension 'ignore_ament_install'
[0.280s] Level 1:colcon.colcon_core.package_identification:_identify(src/moveit2/moveit_setup_assistant/graphics) by extensions ['colcon_pkg']
[0.280s] Level 1:colcon.colcon_core.package_identification:_identify(src/moveit2/moveit_setup_assistant/graphics) by extension 'colcon_pkg'
[0.280s] Level 1:colcon.colcon_core.package_identification:_identify(src/moveit2/moveit_setup_assistant/graphics) by extensions ['colcon_meta']
[0.280s] Level 1:colcon.colcon_core.package_identification:_identify(src/moveit2/moveit_setup_assistant/graphics) by extension 'colcon_meta'
[0.280s] Level 1:colcon.colcon_core.package_identification:_identify(src/moveit2/moveit_setup_assistant/graphics) by extensions ['ros']
[0.280s] Level 1:colcon.colcon_core.package_identification:_identify(src/moveit2/moveit_setup_assistant/graphics) by extension 'ros'
[0.280s] Level 1:colcon.colcon_core.package_identification:_identify(src/moveit2/moveit_setup_assistant/graphics) by extensions ['cmake', 'python']
[0.280s] Level 1:colcon.colcon_core.package_identification:_identify(src/moveit2/moveit_setup_assistant/graphics) by extension 'cmake'
[0.280s] Level 1:colcon.colcon_core.package_identification:_identify(src/moveit2/moveit_setup_assistant/graphics) by extension 'python'
[0.280s] Level 1:colcon.colcon_core.package_identification:_identify(src/moveit2/moveit_setup_assistant/graphics) by extensions ['python_setup_py']
[0.280s] Level 1:colcon.colcon_core.package_identification:_identify(src/moveit2/moveit_setup_assistant/graphics) by extension 'python_setup_py'
[0.280s] Level 1:colcon.colcon_core.package_identification:_identify(src/moveit2/moveit_setup_assistant/graphics/source) by extensions ['ignore', 'ignore_ament_install']
[0.280s] Level 1:colcon.colcon_core.package_identification:_identify(src/moveit2/moveit_setup_assistant/graphics/source) by extension 'ignore'
[0.280s] Level 1:colcon.colcon_core.package_identification:_identify(src/moveit2/moveit_setup_assistant/graphics/source) by extension 'ignore_ament_install'
[0.280s] Level 1:colcon.colcon_core.package_identification:_identify(src/moveit2/moveit_setup_assistant/graphics/source) by extensions ['colcon_pkg']
[0.280s] Level 1:colcon.colcon_core.package_identification:_identify(src/moveit2/moveit_setup_assistant/graphics/source) by extension 'colcon_pkg'
[0.280s] Level 1:colcon.colcon_core.package_identification:_identify(src/moveit2/moveit_setup_assistant/graphics/source) by extensions ['colcon_meta']
[0.280s] Level 1:colcon.colcon_core.package_identification:_identify(src/moveit2/moveit_setup_assistant/graphics/source) by extension 'colcon_meta'
[0.280s] Level 1:colcon.colcon_core.package_identification:_identify(src/moveit2/moveit_setup_assistant/graphics/source) by extensions ['ros']
[0.280s] Level 1:colcon.colcon_core.package_identification:_identify(src/moveit2/moveit_setup_assistant/graphics/source) by extension 'ros'
[0.280s] Level 1:colcon.colcon_core.package_identification:_identify(src/moveit2/moveit_setup_assistant/graphics/source) by extensions ['cmake', 'python']
[0.280s] Level 1:colcon.colcon_core.package_identification:_identify(src/moveit2/moveit_setup_assistant/graphics/source) by extension 'cmake'
[0.280s] Level 1:colcon.colcon_core.package_identification:_identify(src/moveit2/moveit_setup_assistant/graphics/source) by extension 'python'
[0.280s] Level 1:colcon.colcon_core.package_identification:_identify(src/moveit2/moveit_setup_assistant/graphics/source) by extensions ['python_setup_py']
[0.280s] Level 1:colcon.colcon_core.package_identification:_identify(src/moveit2/moveit_setup_assistant/graphics/source) by extension 'python_setup_py'
[0.280s] Level 1:colcon.colcon_core.package_identification:_identify(src/moveit2/moveit_setup_assistant/moveit_setup_app_plugins) by extensions ['ignore', 'ignore_ament_install']
[0.280s] Level 1:colcon.colcon_core.package_identification:_identify(src/moveit2/moveit_setup_assistant/moveit_setup_app_plugins) by extension 'ignore'
[0.280s] Level 1:colcon.colcon_core.package_identification:_identify(src/moveit2/moveit_setup_assistant/moveit_setup_app_plugins) by extension 'ignore_ament_install'
[0.281s] Level 1:colcon.colcon_core.package_identification:_identify(src/moveit2/moveit_setup_assistant/moveit_setup_app_plugins) by extensions ['colcon_pkg']
[0.281s] Level 1:colcon.colcon_core.package_identification:_identify(src/moveit2/moveit_setup_assistant/moveit_setup_app_plugins) by extension 'colcon_pkg'
[0.281s] Level 1:colcon.colcon_core.package_identification:_identify(src/moveit2/moveit_setup_assistant/moveit_setup_app_plugins) by extensions ['colcon_meta']
[0.281s] Level 1:colcon.colcon_core.package_identification:_identify(src/moveit2/moveit_setup_assistant/moveit_setup_app_plugins) by extension 'colcon_meta'
[0.281s] Level 1:colcon.colcon_core.package_identification:_identify(src/moveit2/moveit_setup_assistant/moveit_setup_app_plugins) by extensions ['ros']
[0.281s] Level 1:colcon.colcon_core.package_identification:_identify(src/moveit2/moveit_setup_assistant/moveit_setup_app_plugins) by extension 'ros'
[0.281s] DEBUG:colcon.colcon_core.package_identification:Package 'src/moveit2/moveit_setup_assistant/moveit_setup_app_plugins' with type 'ros.ament_cmake' and name 'moveit_setup_app_plugins'
[0.281s] Level 1:colcon.colcon_core.package_identification:_identify(src/moveit2/moveit_setup_assistant/moveit_setup_assistant) by extensions ['ignore', 'ignore_ament_install']
[0.281s] Level 1:colcon.colcon_core.package_identification:_identify(src/moveit2/moveit_setup_assistant/moveit_setup_assistant) by extension 'ignore'
[0.281s] Level 1:colcon.colcon_core.package_identification:_identify(src/moveit2/moveit_setup_assistant/moveit_setup_assistant) by extension 'ignore_ament_install'
[0.281s] Level 1:colcon.colcon_core.package_identification:_identify(src/moveit2/moveit_setup_assistant/moveit_setup_assistant) by extensions ['colcon_pkg']
[0.281s] Level 1:colcon.colcon_core.package_identification:_identify(src/moveit2/moveit_setup_assistant/moveit_setup_assistant) by extension 'colcon_pkg'
[0.281s] Level 1:colcon.colcon_core.package_identification:_identify(src/moveit2/moveit_setup_assistant/moveit_setup_assistant) by extensions ['colcon_meta']
[0.281s] Level 1:colcon.colcon_core.package_identification:_identify(src/moveit2/moveit_setup_assistant/moveit_setup_assistant) by extension 'colcon_meta'
[0.281s] Level 1:colcon.colcon_core.package_identification:_identify(src/moveit2/moveit_setup_assistant/moveit_setup_assistant) by extensions ['ros']
[0.282s] Level 1:colcon.colcon_core.package_identification:_identify(src/moveit2/moveit_setup_assistant/moveit_setup_assistant) by extension 'ros'
[0.282s] DEBUG:colcon.colcon_core.package_identification:Package 'src/moveit2/moveit_setup_assistant/moveit_setup_assistant' with type 'ros.ament_cmake' and name 'moveit_setup_assistant'
[0.282s] Level 1:colcon.colcon_core.package_identification:_identify(src/moveit2/moveit_setup_assistant/moveit_setup_controllers) by extensions ['ignore', 'ignore_ament_install']
[0.282s] Level 1:colcon.colcon_core.package_identification:_identify(src/moveit2/moveit_setup_assistant/moveit_setup_controllers) by extension 'ignore'
[0.282s] Level 1:colcon.colcon_core.package_identification:_identify(src/moveit2/moveit_setup_assistant/moveit_setup_controllers) by extension 'ignore_ament_install'
[0.282s] Level 1:colcon.colcon_core.package_identification:_identify(src/moveit2/moveit_setup_assistant/moveit_setup_controllers) by extensions ['colcon_pkg']
[0.282s] Level 1:colcon.colcon_core.package_identification:_identify(src/moveit2/moveit_setup_assistant/moveit_setup_controllers) by extension 'colcon_pkg'
[0.282s] Level 1:colcon.colcon_core.package_identification:_identify(src/moveit2/moveit_setup_assistant/moveit_setup_controllers) by extensions ['colcon_meta']
[0.282s] Level 1:colcon.colcon_core.package_identification:_identify(src/moveit2/moveit_setup_assistant/moveit_setup_controllers) by extension 'colcon_meta'
[0.282s] Level 1:colcon.colcon_core.package_identification:_identify(src/moveit2/moveit_setup_assistant/moveit_setup_controllers) by extensions ['ros']
[0.282s] Level 1:colcon.colcon_core.package_identification:_identify(src/moveit2/moveit_setup_assistant/moveit_setup_controllers) by extension 'ros'
[0.283s] DEBUG:colcon.colcon_core.package_identification:Package 'src/moveit2/moveit_setup_assistant/moveit_setup_controllers' with type 'ros.ament_cmake' and name 'moveit_setup_controllers'
[0.283s] Level 1:colcon.colcon_core.package_identification:_identify(src/moveit2/moveit_setup_assistant/moveit_setup_core_plugins) by extensions ['ignore', 'ignore_ament_install']
[0.283s] Level 1:colcon.colcon_core.package_identification:_identify(src/moveit2/moveit_setup_assistant/moveit_setup_core_plugins) by extension 'ignore'
[0.283s] Level 1:colcon.colcon_core.package_identification:_identify(src/moveit2/moveit_setup_assistant/moveit_setup_core_plugins) by extension 'ignore_ament_install'
[0.283s] Level 1:colcon.colcon_core.package_identification:_identify(src/moveit2/moveit_setup_assistant/moveit_setup_core_plugins) by extensions ['colcon_pkg']
[0.283s] Level 1:colcon.colcon_core.package_identification:_identify(src/moveit2/moveit_setup_assistant/moveit_setup_core_plugins) by extension 'colcon_pkg'
[0.283s] Level 1:colcon.colcon_core.package_identification:_identify(src/moveit2/moveit_setup_assistant/moveit_setup_core_plugins) by extensions ['colcon_meta']
[0.283s] Level 1:colcon.colcon_core.package_identification:_identify(src/moveit2/moveit_setup_assistant/moveit_setup_core_plugins) by extension 'colcon_meta'
[0.283s] Level 1:colcon.colcon_core.package_identification:_identify(src/moveit2/moveit_setup_assistant/moveit_setup_core_plugins) by extensions ['ros']
[0.283s] Level 1:colcon.colcon_core.package_identification:_identify(src/moveit2/moveit_setup_assistant/moveit_setup_core_plugins) by extension 'ros'
[0.284s] DEBUG:colcon.colcon_core.package_identification:Package 'src/moveit2/moveit_setup_assistant/moveit_setup_core_plugins' with type 'ros.ament_cmake' and name 'moveit_setup_core_plugins'
[0.284s] Level 1:colcon.colcon_core.package_identification:_identify(src/moveit2/moveit_setup_assistant/moveit_setup_framework) by extensions ['ignore', 'ignore_ament_install']
[0.284s] Level 1:colcon.colcon_core.package_identification:_identify(src/moveit2/moveit_setup_assistant/moveit_setup_framework) by extension 'ignore'
[0.284s] Level 1:colcon.colcon_core.package_identification:_identify(src/moveit2/moveit_setup_assistant/moveit_setup_framework) by extension 'ignore_ament_install'
[0.285s] Level 1:colcon.colcon_core.package_identification:_identify(src/moveit2/moveit_setup_assistant/moveit_setup_framework) by extensions ['colcon_pkg']
[0.285s] Level 1:colcon.colcon_core.package_identification:_identify(src/moveit2/moveit_setup_assistant/moveit_setup_framework) by extension 'colcon_pkg'
[0.285s] Level 1:colcon.colcon_core.package_identification:_identify(src/moveit2/moveit_setup_assistant/moveit_setup_framework) by extensions ['colcon_meta']
[0.285s] Level 1:colcon.colcon_core.package_identification:_identify(src/moveit2/moveit_setup_assistant/moveit_setup_framework) by extension 'colcon_meta'
[0.285s] Level 1:colcon.colcon_core.package_identification:_identify(src/moveit2/moveit_setup_assistant/moveit_setup_framework) by extensions ['ros']
[0.285s] Level 1:colcon.colcon_core.package_identification:_identify(src/moveit2/moveit_setup_assistant/moveit_setup_framework) by extension 'ros'
[0.285s] DEBUG:colcon.colcon_core.package_identification:Package 'src/moveit2/moveit_setup_assistant/moveit_setup_framework' with type 'ros.ament_cmake' and name 'moveit_setup_framework'
[0.285s] Level 1:colcon.colcon_core.package_identification:_identify(src/moveit2/moveit_setup_assistant/moveit_setup_simulation) by extensions ['ignore', 'ignore_ament_install']
[0.285s] Level 1:colcon.colcon_core.package_identification:_identify(src/moveit2/moveit_setup_assistant/moveit_setup_simulation) by extension 'ignore'
[0.286s] Level 1:colcon.colcon_core.package_identification:_identify(src/moveit2/moveit_setup_assistant/moveit_setup_simulation) ignored
[0.286s] Level 1:colcon.colcon_core.package_identification:_identify(src/moveit2/moveit_setup_assistant/moveit_setup_srdf_plugins) by extensions ['ignore', 'ignore_ament_install']
[0.286s] Level 1:colcon.colcon_core.package_identification:_identify(src/moveit2/moveit_setup_assistant/moveit_setup_srdf_plugins) by extension 'ignore'
[0.286s] Level 1:colcon.colcon_core.package_identification:_identify(src/moveit2/moveit_setup_assistant/moveit_setup_srdf_plugins) by extension 'ignore_ament_install'
[0.286s] Level 1:colcon.colcon_core.package_identification:_identify(src/moveit2/moveit_setup_assistant/moveit_setup_srdf_plugins) by extensions ['colcon_pkg']
[0.286s] Level 1:colcon.colcon_core.package_identification:_identify(src/moveit2/moveit_setup_assistant/moveit_setup_srdf_plugins) by extension 'colcon_pkg'
[0.286s] Level 1:colcon.colcon_core.package_identification:_identify(src/moveit2/moveit_setup_assistant/moveit_setup_srdf_plugins) by extensions ['colcon_meta']
[0.286s] Level 1:colcon.colcon_core.package_identification:_identify(src/moveit2/moveit_setup_assistant/moveit_setup_srdf_plugins) by extension 'colcon_meta'
[0.286s] Level 1:colcon.colcon_core.package_identification:_identify(src/moveit2/moveit_setup_assistant/moveit_setup_srdf_plugins) by extensions ['ros']
[0.286s] Level 1:colcon.colcon_core.package_identification:_identify(src/moveit2/moveit_setup_assistant/moveit_setup_srdf_plugins) by extension 'ros'
[0.286s] DEBUG:colcon.colcon_core.package_identification:Package 'src/moveit2/moveit_setup_assistant/moveit_setup_srdf_plugins' with type 'ros.ament_cmake' and name 'moveit_setup_srdf_plugins'
[0.286s] Level 1:colcon.colcon_core.package_identification:_identify(src/moveit2/moveit_setup_assistant/unported_templates) by extensions ['ignore', 'ignore_ament_install']
[0.286s] Level 1:colcon.colcon_core.package_identification:_identify(src/moveit2/moveit_setup_assistant/unported_templates) by extension 'ignore'
[0.286s] Level 1:colcon.colcon_core.package_identification:_identify(src/moveit2/moveit_setup_assistant/unported_templates) by extension 'ignore_ament_install'
[0.286s] Level 1:colcon.colcon_core.package_identification:_identify(src/moveit2/moveit_setup_assistant/unported_templates) by extensions ['colcon_pkg']
[0.286s] Level 1:colcon.colcon_core.package_identification:_identify(src/moveit2/moveit_setup_assistant/unported_templates) by extension 'colcon_pkg'
[0.286s] Level 1:colcon.colcon_core.package_identification:_identify(src/moveit2/moveit_setup_assistant/unported_templates) by extensions ['colcon_meta']
[0.286s] Level 1:colcon.colcon_core.package_identification:_identify(src/moveit2/moveit_setup_assistant/unported_templates) by extension 'colcon_meta'
[0.286s] Level 1:colcon.colcon_core.package_identification:_identify(src/moveit2/moveit_setup_assistant/unported_templates) by extensions ['ros']
[0.286s] Level 1:colcon.colcon_core.package_identification:_identify(src/moveit2/moveit_setup_assistant/unported_templates) by extension 'ros'
[0.287s] Level 1:colcon.colcon_core.package_identification:_identify(src/moveit2/moveit_setup_assistant/unported_templates) by extensions ['cmake', 'python']
[0.287s] Level 1:colcon.colcon_core.package_identification:_identify(src/moveit2/moveit_setup_assistant/unported_templates) by extension 'cmake'
[0.287s] Level 1:colcon.colcon_core.package_identification:_identify(src/moveit2/moveit_setup_assistant/unported_templates) by extension 'python'
[0.287s] Level 1:colcon.colcon_core.package_identification:_identify(src/moveit2/moveit_setup_assistant/unported_templates) by extensions ['python_setup_py']
[0.287s] Level 1:colcon.colcon_core.package_identification:_identify(src/moveit2/moveit_setup_assistant/unported_templates) by extension 'python_setup_py'
[0.287s] Level 1:colcon.colcon_core.package_identification:_identify(src/moveit2_tutorials) by extensions ['ignore', 'ignore_ament_install']
[0.287s] Level 1:colcon.colcon_core.package_identification:_identify(src/moveit2_tutorials) by extension 'ignore'
[0.287s] Level 1:colcon.colcon_core.package_identification:_identify(src/moveit2_tutorials) by extension 'ignore_ament_install'
[0.287s] Level 1:colcon.colcon_core.package_identification:_identify(src/moveit2_tutorials) by extensions ['colcon_pkg']
[0.287s] Level 1:colcon.colcon_core.package_identification:_identify(src/moveit2_tutorials) by extension 'colcon_pkg'
[0.287s] Level 1:colcon.colcon_core.package_identification:_identify(src/moveit2_tutorials) by extensions ['colcon_meta']
[0.287s] Level 1:colcon.colcon_core.package_identification:_identify(src/moveit2_tutorials) by extension 'colcon_meta'
[0.287s] Level 1:colcon.colcon_core.package_identification:_identify(src/moveit2_tutorials) by extensions ['ros']
[0.287s] Level 1:colcon.colcon_core.package_identification:_identify(src/moveit2_tutorials) by extension 'ros'
[0.288s] DEBUG:colcon.colcon_core.package_identification:Package 'src/moveit2_tutorials' with type 'ros.ament_cmake' and name 'moveit2_tutorials'
[0.288s] Level 1:colcon.colcon_core.package_identification:_identify(src/moveit_control) by extensions ['ignore', 'ignore_ament_install']
[0.288s] Level 1:colcon.colcon_core.package_identification:_identify(src/moveit_control) by extension 'ignore'
[0.288s] Level 1:colcon.colcon_core.package_identification:_identify(src/moveit_control) by extension 'ignore_ament_install'
[0.288s] Level 1:colcon.colcon_core.package_identification:_identify(src/moveit_control) by extensions ['colcon_pkg']
[0.288s] Level 1:colcon.colcon_core.package_identification:_identify(src/moveit_control) by extension 'colcon_pkg'
[0.288s] Level 1:colcon.colcon_core.package_identification:_identify(src/moveit_control) by extensions ['colcon_meta']
[0.288s] Level 1:colcon.colcon_core.package_identification:_identify(src/moveit_control) by extension 'colcon_meta'
[0.288s] Level 1:colcon.colcon_core.package_identification:_identify(src/moveit_control) by extensions ['ros']
[0.288s] Level 1:colcon.colcon_core.package_identification:_identify(src/moveit_control) by extension 'ros'
[0.289s] DEBUG:colcon.colcon_core.package_identification:Package 'src/moveit_control' with type 'ros.ament_cmake' and name 'moveit_control'
[0.289s] Level 1:colcon.colcon_core.package_identification:_identify(src/moveit_resources) by extensions ['ignore', 'ignore_ament_install']
[0.289s] Level 1:colcon.colcon_core.package_identification:_identify(src/moveit_resources) by extension 'ignore'
[0.289s] Level 1:colcon.colcon_core.package_identification:_identify(src/moveit_resources) by extension 'ignore_ament_install'
[0.289s] Level 1:colcon.colcon_core.package_identification:_identify(src/moveit_resources) by extensions ['colcon_pkg']
[0.289s] Level 1:colcon.colcon_core.package_identification:_identify(src/moveit_resources) by extension 'colcon_pkg'
[0.289s] Level 1:colcon.colcon_core.package_identification:_identify(src/moveit_resources) by extensions ['colcon_meta']
[0.289s] Level 1:colcon.colcon_core.package_identification:_identify(src/moveit_resources) by extension 'colcon_meta'
[0.289s] Level 1:colcon.colcon_core.package_identification:_identify(src/moveit_resources) by extensions ['ros']
[0.289s] Level 1:colcon.colcon_core.package_identification:_identify(src/moveit_resources) by extension 'ros'
[0.289s] Level 1:colcon.colcon_core.package_identification:_identify(src/moveit_resources) by extensions ['cmake', 'python']
[0.289s] Level 1:colcon.colcon_core.package_identification:_identify(src/moveit_resources) by extension 'cmake'
[0.289s] Level 1:colcon.colcon_core.package_identification:_identify(src/moveit_resources) by extension 'python'
[0.289s] Level 1:colcon.colcon_core.package_identification:_identify(src/moveit_resources) by extensions ['python_setup_py']
[0.289s] Level 1:colcon.colcon_core.package_identification:_identify(src/moveit_resources) by extension 'python_setup_py'
[0.289s] Level 1:colcon.colcon_core.package_identification:_identify(src/moveit_resources/fanuc_description) by extensions ['ignore', 'ignore_ament_install']
[0.289s] Level 1:colcon.colcon_core.package_identification:_identify(src/moveit_resources/fanuc_description) by extension 'ignore'
[0.289s] Level 1:colcon.colcon_core.package_identification:_identify(src/moveit_resources/fanuc_description) by extension 'ignore_ament_install'
[0.289s] Level 1:colcon.colcon_core.package_identification:_identify(src/moveit_resources/fanuc_description) by extensions ['colcon_pkg']
[0.289s] Level 1:colcon.colcon_core.package_identification:_identify(src/moveit_resources/fanuc_description) by extension 'colcon_pkg'
[0.289s] Level 1:colcon.colcon_core.package_identification:_identify(src/moveit_resources/fanuc_description) by extensions ['colcon_meta']
[0.289s] Level 1:colcon.colcon_core.package_identification:_identify(src/moveit_resources/fanuc_description) by extension 'colcon_meta'
[0.290s] Level 1:colcon.colcon_core.package_identification:_identify(src/moveit_resources/fanuc_description) by extensions ['ros']
[0.290s] Level 1:colcon.colcon_core.package_identification:_identify(src/moveit_resources/fanuc_description) by extension 'ros'
[0.290s] DEBUG:colcon.colcon_core.package_identification:Package 'src/moveit_resources/fanuc_description' with type 'ros.ament_cmake' and name 'moveit_resources_fanuc_description'
[0.290s] Level 1:colcon.colcon_core.package_identification:_identify(src/moveit_resources/fanuc_moveit_config) by extensions ['ignore', 'ignore_ament_install']
[0.290s] Level 1:colcon.colcon_core.package_identification:_identify(src/moveit_resources/fanuc_moveit_config) by extension 'ignore'
[0.290s] Level 1:colcon.colcon_core.package_identification:_identify(src/moveit_resources/fanuc_moveit_config) by extension 'ignore_ament_install'
[0.290s] Level 1:colcon.colcon_core.package_identification:_identify(src/moveit_resources/fanuc_moveit_config) by extensions ['colcon_pkg']
[0.290s] Level 1:colcon.colcon_core.package_identification:_identify(src/moveit_resources/fanuc_moveit_config) by extension 'colcon_pkg'
[0.290s] Level 1:colcon.colcon_core.package_identification:_identify(src/moveit_resources/fanuc_moveit_config) by extensions ['colcon_meta']
[0.290s] Level 1:colcon.colcon_core.package_identification:_identify(src/moveit_resources/fanuc_moveit_config) by extension 'colcon_meta'
[0.290s] Level 1:colcon.colcon_core.package_identification:_identify(src/moveit_resources/fanuc_moveit_config) by extensions ['ros']
[0.290s] Level 1:colcon.colcon_core.package_identification:_identify(src/moveit_resources/fanuc_moveit_config) by extension 'ros'
[0.290s] DEBUG:colcon.colcon_core.package_identification:Package 'src/moveit_resources/fanuc_moveit_config' with type 'ros.ament_cmake' and name 'moveit_resources_fanuc_moveit_config'
[0.291s] Level 1:colcon.colcon_core.package_identification:_identify(src/moveit_resources/moveit_resources) by extensions ['ignore', 'ignore_ament_install']
[0.291s] Level 1:colcon.colcon_core.package_identification:_identify(src/moveit_resources/moveit_resources) by extension 'ignore'
[0.291s] Level 1:colcon.colcon_core.package_identification:_identify(src/moveit_resources/moveit_resources) by extension 'ignore_ament_install'
[0.291s] Level 1:colcon.colcon_core.package_identification:_identify(src/moveit_resources/moveit_resources) by extensions ['colcon_pkg']
[0.291s] Level 1:colcon.colcon_core.package_identification:_identify(src/moveit_resources/moveit_resources) by extension 'colcon_pkg'
[0.291s] Level 1:colcon.colcon_core.package_identification:_identify(src/moveit_resources/moveit_resources) by extensions ['colcon_meta']
[0.291s] Level 1:colcon.colcon_core.package_identification:_identify(src/moveit_resources/moveit_resources) by extension 'colcon_meta'
[0.291s] Level 1:colcon.colcon_core.package_identification:_identify(src/moveit_resources/moveit_resources) by extensions ['ros']
[0.291s] Level 1:colcon.colcon_core.package_identification:_identify(src/moveit_resources/moveit_resources) by extension 'ros'
[0.291s] DEBUG:colcon.colcon_core.package_identification:Package 'src/moveit_resources/moveit_resources' with type 'ros.ament_cmake' and name 'moveit_resources'
[0.291s] Level 1:colcon.colcon_core.package_identification:_identify(src/moveit_resources/panda_description) by extensions ['ignore', 'ignore_ament_install']
[0.291s] Level 1:colcon.colcon_core.package_identification:_identify(src/moveit_resources/panda_description) by extension 'ignore'
[0.291s] Level 1:colcon.colcon_core.package_identification:_identify(src/moveit_resources/panda_description) by extension 'ignore_ament_install'
[0.291s] Level 1:colcon.colcon_core.package_identification:_identify(src/moveit_resources/panda_description) by extensions ['colcon_pkg']
[0.291s] Level 1:colcon.colcon_core.package_identification:_identify(src/moveit_resources/panda_description) by extension 'colcon_pkg'
[0.291s] Level 1:colcon.colcon_core.package_identification:_identify(src/moveit_resources/panda_description) by extensions ['colcon_meta']
[0.291s] Level 1:colcon.colcon_core.package_identification:_identify(src/moveit_resources/panda_description) by extension 'colcon_meta'
[0.291s] Level 1:colcon.colcon_core.package_identification:_identify(src/moveit_resources/panda_description) by extensions ['ros']
[0.291s] Level 1:colcon.colcon_core.package_identification:_identify(src/moveit_resources/panda_description) by extension 'ros'
[0.292s] DEBUG:colcon.colcon_core.package_identification:Package 'src/moveit_resources/panda_description' with type 'ros.ament_cmake' and name 'moveit_resources_panda_description'
[0.292s] Level 1:colcon.colcon_core.package_identification:_identify(src/moveit_resources/panda_moveit_config) by extensions ['ignore', 'ignore_ament_install']
[0.292s] Level 1:colcon.colcon_core.package_identification:_identify(src/moveit_resources/panda_moveit_config) by extension 'ignore'
[0.292s] Level 1:colcon.colcon_core.package_identification:_identify(src/moveit_resources/panda_moveit_config) by extension 'ignore_ament_install'
[0.292s] Level 1:colcon.colcon_core.package_identification:_identify(src/moveit_resources/panda_moveit_config) by extensions ['colcon_pkg']
[0.292s] Level 1:colcon.colcon_core.package_identification:_identify(src/moveit_resources/panda_moveit_config) by extension 'colcon_pkg'
[0.292s] Level 1:colcon.colcon_core.package_identification:_identify(src/moveit_resources/panda_moveit_config) by extensions ['colcon_meta']
[0.292s] Level 1:colcon.colcon_core.package_identification:_identify(src/moveit_resources/panda_moveit_config) by extension 'colcon_meta'
[0.292s] Level 1:colcon.colcon_core.package_identification:_identify(src/moveit_resources/panda_moveit_config) by extensions ['ros']
[0.292s] Level 1:colcon.colcon_core.package_identification:_identify(src/moveit_resources/panda_moveit_config) by extension 'ros'
[0.292s] DEBUG:colcon.colcon_core.package_identification:Package 'src/moveit_resources/panda_moveit_config' with type 'ros.ament_cmake' and name 'moveit_resources_panda_moveit_config'
[0.292s] Level 1:colcon.colcon_core.package_identification:_identify(src/moveit_resources/pr2_description) by extensions ['ignore', 'ignore_ament_install']
[0.293s] Level 1:colcon.colcon_core.package_identification:_identify(src/moveit_resources/pr2_description) by extension 'ignore'
[0.293s] Level 1:colcon.colcon_core.package_identification:_identify(src/moveit_resources/pr2_description) by extension 'ignore_ament_install'
[0.293s] Level 1:colcon.colcon_core.package_identification:_identify(src/moveit_resources/pr2_description) by extensions ['colcon_pkg']
[0.293s] Level 1:colcon.colcon_core.package_identification:_identify(src/moveit_resources/pr2_description) by extension 'colcon_pkg'
[0.293s] Level 1:colcon.colcon_core.package_identification:_identify(src/moveit_resources/pr2_description) by extensions ['colcon_meta']
[0.293s] Level 1:colcon.colcon_core.package_identification:_identify(src/moveit_resources/pr2_description) by extension 'colcon_meta'
[0.293s] Level 1:colcon.colcon_core.package_identification:_identify(src/moveit_resources/pr2_description) by extensions ['ros']
[0.293s] Level 1:colcon.colcon_core.package_identification:_identify(src/moveit_resources/pr2_description) by extension 'ros'
[0.293s] DEBUG:colcon.colcon_core.package_identification:Package 'src/moveit_resources/pr2_description' with type 'ros.ament_cmake' and name 'moveit_resources_pr2_description'
[0.293s] Level 1:colcon.colcon_core.package_identification:_identify(src/moveit_task_constructor) by extensions ['ignore', 'ignore_ament_install']
[0.293s] Level 1:colcon.colcon_core.package_identification:_identify(src/moveit_task_constructor) by extension 'ignore'
[0.293s] Level 1:colcon.colcon_core.package_identification:_identify(src/moveit_task_constructor) by extension 'ignore_ament_install'
[0.293s] Level 1:colcon.colcon_core.package_identification:_identify(src/moveit_task_constructor) by extensions ['colcon_pkg']
[0.293s] Level 1:colcon.colcon_core.package_identification:_identify(src/moveit_task_constructor) by extension 'colcon_pkg'
[0.293s] Level 1:colcon.colcon_core.package_identification:_identify(src/moveit_task_constructor) by extensions ['colcon_meta']
[0.293s] Level 1:colcon.colcon_core.package_identification:_identify(src/moveit_task_constructor) by extension 'colcon_meta'
[0.293s] Level 1:colcon.colcon_core.package_identification:_identify(src/moveit_task_constructor) by extensions ['ros']
[0.293s] Level 1:colcon.colcon_core.package_identification:_identify(src/moveit_task_constructor) by extension 'ros'
[0.293s] Level 1:colcon.colcon_core.package_identification:_identify(src/moveit_task_constructor) by extensions ['cmake', 'python']
[0.293s] Level 1:colcon.colcon_core.package_identification:_identify(src/moveit_task_constructor) by extension 'cmake'
[0.293s] Level 1:colcon.colcon_core.package_identification:_identify(src/moveit_task_constructor) by extension 'python'
[0.293s] Level 1:colcon.colcon_core.package_identification:_identify(src/moveit_task_constructor) by extensions ['python_setup_py']
[0.293s] Level 1:colcon.colcon_core.package_identification:_identify(src/moveit_task_constructor) by extension 'python_setup_py'
[0.293s] Level 1:colcon.colcon_core.package_identification:_identify(src/moveit_task_constructor/capabilities) by extensions ['ignore', 'ignore_ament_install']
[0.293s] Level 1:colcon.colcon_core.package_identification:_identify(src/moveit_task_constructor/capabilities) by extension 'ignore'
[0.294s] Level 1:colcon.colcon_core.package_identification:_identify(src/moveit_task_constructor/capabilities) by extension 'ignore_ament_install'
[0.294s] Level 1:colcon.colcon_core.package_identification:_identify(src/moveit_task_constructor/capabilities) by extensions ['colcon_pkg']
[0.294s] Level 1:colcon.colcon_core.package_identification:_identify(src/moveit_task_constructor/capabilities) by extension 'colcon_pkg'
[0.294s] Level 1:colcon.colcon_core.package_identification:_identify(src/moveit_task_constructor/capabilities) by extensions ['colcon_meta']
[0.294s] Level 1:colcon.colcon_core.package_identification:_identify(src/moveit_task_constructor/capabilities) by extension 'colcon_meta'
[0.294s] Level 1:colcon.colcon_core.package_identification:_identify(src/moveit_task_constructor/capabilities) by extensions ['ros']
[0.294s] Level 1:colcon.colcon_core.package_identification:_identify(src/moveit_task_constructor/capabilities) by extension 'ros'
[0.294s] DEBUG:colcon.colcon_core.package_identification:Package 'src/moveit_task_constructor/capabilities' with type 'ros.ament_cmake' and name 'moveit_task_constructor_capabilities'
[0.294s] Level 1:colcon.colcon_core.package_identification:_identify(src/moveit_task_constructor/core) by extensions ['ignore', 'ignore_ament_install']
[0.294s] Level 1:colcon.colcon_core.package_identification:_identify(src/moveit_task_constructor/core) by extension 'ignore'
[0.294s] Level 1:colcon.colcon_core.package_identification:_identify(src/moveit_task_constructor/core) by extension 'ignore_ament_install'
[0.295s] Level 1:colcon.colcon_core.package_identification:_identify(src/moveit_task_constructor/core) by extensions ['colcon_pkg']
[0.295s] Level 1:colcon.colcon_core.package_identification:_identify(src/moveit_task_constructor/core) by extension 'colcon_pkg'
[0.295s] Level 1:colcon.colcon_core.package_identification:_identify(src/moveit_task_constructor/core) by extensions ['colcon_meta']
[0.295s] Level 1:colcon.colcon_core.package_identification:_identify(src/moveit_task_constructor/core) by extension 'colcon_meta'
[0.295s] Level 1:colcon.colcon_core.package_identification:_identify(src/moveit_task_constructor/core) by extensions ['ros']
[0.295s] Level 1:colcon.colcon_core.package_identification:_identify(src/moveit_task_constructor/core) by extension 'ros'
[0.295s] DEBUG:colcon.colcon_core.package_identification:Package 'src/moveit_task_constructor/core' with type 'ros.ament_cmake' and name 'moveit_task_constructor_core'
[0.296s] Level 1:colcon.colcon_core.package_identification:_identify(src/moveit_task_constructor/demo) by extensions ['ignore', 'ignore_ament_install']
[0.296s] Level 1:colcon.colcon_core.package_identification:_identify(src/moveit_task_constructor/demo) by extension 'ignore'
[0.296s] Level 1:colcon.colcon_core.package_identification:_identify(src/moveit_task_constructor/demo) by extension 'ignore_ament_install'
[0.296s] Level 1:colcon.colcon_core.package_identification:_identify(src/moveit_task_constructor/demo) by extensions ['colcon_pkg']
[0.296s] Level 1:colcon.colcon_core.package_identification:_identify(src/moveit_task_constructor/demo) by extension 'colcon_pkg'
[0.296s] Level 1:colcon.colcon_core.package_identification:_identify(src/moveit_task_constructor/demo) by extensions ['colcon_meta']
[0.296s] Level 1:colcon.colcon_core.package_identification:_identify(src/moveit_task_constructor/demo) by extension 'colcon_meta'
[0.296s] Level 1:colcon.colcon_core.package_identification:_identify(src/moveit_task_constructor/demo) by extensions ['ros']
[0.296s] Level 1:colcon.colcon_core.package_identification:_identify(src/moveit_task_constructor/demo) by extension 'ros'
[0.296s] DEBUG:colcon.colcon_core.package_identification:Package 'src/moveit_task_constructor/demo' with type 'ros.ament_cmake' and name 'moveit_task_constructor_demo'
[0.296s] Level 1:colcon.colcon_core.package_identification:_identify(src/moveit_task_constructor/msgs) by extensions ['ignore', 'ignore_ament_install']
[0.296s] Level 1:colcon.colcon_core.package_identification:_identify(src/moveit_task_constructor/msgs) by extension 'ignore'
[0.296s] Level 1:colcon.colcon_core.package_identification:_identify(src/moveit_task_constructor/msgs) by extension 'ignore_ament_install'
[0.296s] Level 1:colcon.colcon_core.package_identification:_identify(src/moveit_task_constructor/msgs) by extensions ['colcon_pkg']
[0.296s] Level 1:colcon.colcon_core.package_identification:_identify(src/moveit_task_constructor/msgs) by extension 'colcon_pkg'
[0.296s] Level 1:colcon.colcon_core.package_identification:_identify(src/moveit_task_constructor/msgs) by extensions ['colcon_meta']
[0.296s] Level 1:colcon.colcon_core.package_identification:_identify(src/moveit_task_constructor/msgs) by extension 'colcon_meta'
[0.297s] Level 1:colcon.colcon_core.package_identification:_identify(src/moveit_task_constructor/msgs) by extensions ['ros']
[0.297s] Level 1:colcon.colcon_core.package_identification:_identify(src/moveit_task_constructor/msgs) by extension 'ros'
[0.297s] DEBUG:colcon.colcon_core.package_identification:Package 'src/moveit_task_constructor/msgs' with type 'ros.ament_cmake' and name 'moveit_task_constructor_msgs'
[0.297s] Level 1:colcon.colcon_core.package_identification:_identify(src/moveit_task_constructor/rviz_marker_tools) by extensions ['ignore', 'ignore_ament_install']
[0.297s] Level 1:colcon.colcon_core.package_identification:_identify(src/moveit_task_constructor/rviz_marker_tools) by extension 'ignore'
[0.297s] Level 1:colcon.colcon_core.package_identification:_identify(src/moveit_task_constructor/rviz_marker_tools) by extension 'ignore_ament_install'
[0.297s] Level 1:colcon.colcon_core.package_identification:_identify(src/moveit_task_constructor/rviz_marker_tools) by extensions ['colcon_pkg']
[0.297s] Level 1:colcon.colcon_core.package_identification:_identify(src/moveit_task_constructor/rviz_marker_tools) by extension 'colcon_pkg'
[0.297s] Level 1:colcon.colcon_core.package_identification:_identify(src/moveit_task_constructor/rviz_marker_tools) by extensions ['colcon_meta']
[0.297s] Level 1:colcon.colcon_core.package_identification:_identify(src/moveit_task_constructor/rviz_marker_tools) by extension 'colcon_meta'
[0.297s] Level 1:colcon.colcon_core.package_identification:_identify(src/moveit_task_constructor/rviz_marker_tools) by extensions ['ros']
[0.297s] Level 1:colcon.colcon_core.package_identification:_identify(src/moveit_task_constructor/rviz_marker_tools) by extension 'ros'
[0.298s] DEBUG:colcon.colcon_core.package_identification:Package 'src/moveit_task_constructor/rviz_marker_tools' with type 'ros.ament_cmake' and name 'rviz_marker_tools'
[0.298s] Level 1:colcon.colcon_core.package_identification:_identify(src/moveit_task_constructor/visualization) by extensions ['ignore', 'ignore_ament_install']
[0.298s] Level 1:colcon.colcon_core.package_identification:_identify(src/moveit_task_constructor/visualization) by extension 'ignore'
[0.298s] Level 1:colcon.colcon_core.package_identification:_identify(src/moveit_task_constructor/visualization) by extension 'ignore_ament_install'
[0.298s] Level 1:colcon.colcon_core.package_identification:_identify(src/moveit_task_constructor/visualization) by extensions ['colcon_pkg']
[0.298s] Level 1:colcon.colcon_core.package_identification:_identify(src/moveit_task_constructor/visualization) by extension 'colcon_pkg'
[0.298s] Level 1:colcon.colcon_core.package_identification:_identify(src/moveit_task_constructor/visualization) by extensions ['colcon_meta']
[0.298s] Level 1:colcon.colcon_core.package_identification:_identify(src/moveit_task_constructor/visualization) by extension 'colcon_meta'
[0.298s] Level 1:colcon.colcon_core.package_identification:_identify(src/moveit_task_constructor/visualization) by extensions ['ros']
[0.298s] Level 1:colcon.colcon_core.package_identification:_identify(src/moveit_task_constructor/visualization) by extension 'ros'
[0.299s] DEBUG:colcon.colcon_core.package_identification:Package 'src/moveit_task_constructor/visualization' with type 'ros.ament_cmake' and name 'moveit_task_constructor_visualization'
[0.299s] Level 1:colcon.colcon_core.package_identification:_identify(src/moveit_visual_tools) by extensions ['ignore', 'ignore_ament_install']
[0.299s] Level 1:colcon.colcon_core.package_identification:_identify(src/moveit_visual_tools) by extension 'ignore'
[0.299s] Level 1:colcon.colcon_core.package_identification:_identify(src/moveit_visual_tools) by extension 'ignore_ament_install'
[0.299s] Level 1:colcon.colcon_core.package_identification:_identify(src/moveit_visual_tools) by extensions ['colcon_pkg']
[0.299s] Level 1:colcon.colcon_core.package_identification:_identify(src/moveit_visual_tools) by extension 'colcon_pkg'
[0.299s] Level 1:colcon.colcon_core.package_identification:_identify(src/moveit_visual_tools) by extensions ['colcon_meta']
[0.299s] Level 1:colcon.colcon_core.package_identification:_identify(src/moveit_visual_tools) by extension 'colcon_meta'
[0.299s] Level 1:colcon.colcon_core.package_identification:_identify(src/moveit_visual_tools) by extensions ['ros']
[0.299s] Level 1:colcon.colcon_core.package_identification:_identify(src/moveit_visual_tools) by extension 'ros'
[0.300s] DEBUG:colcon.colcon_core.package_identification:Package 'src/moveit_visual_tools' with type 'ros.ament_cmake' and name 'moveit_visual_tools'
[0.300s] Level 1:colcon.colcon_core.package_identification:_identify(src/rosparam_shortcuts) by extensions ['ignore', 'ignore_ament_install']
[0.300s] Level 1:colcon.colcon_core.package_identification:_identify(src/rosparam_shortcuts) by extension 'ignore'
[0.300s] Level 1:colcon.colcon_core.package_identification:_identify(src/rosparam_shortcuts) by extension 'ignore_ament_install'
[0.300s] Level 1:colcon.colcon_core.package_identification:_identify(src/rosparam_shortcuts) by extensions ['colcon_pkg']
[0.300s] Level 1:colcon.colcon_core.package_identification:_identify(src/rosparam_shortcuts) by extension 'colcon_pkg'
[0.300s] Level 1:colcon.colcon_core.package_identification:_identify(src/rosparam_shortcuts) by extensions ['colcon_meta']
[0.300s] Level 1:colcon.colcon_core.package_identification:_identify(src/rosparam_shortcuts) by extension 'colcon_meta'
[0.300s] Level 1:colcon.colcon_core.package_identification:_identify(src/rosparam_shortcuts) by extensions ['ros']
[0.300s] Level 1:colcon.colcon_core.package_identification:_identify(src/rosparam_shortcuts) by extension 'ros'
[0.300s] DEBUG:colcon.colcon_core.package_identification:Package 'src/rosparam_shortcuts' with type 'ros.ament_cmake' and name 'rosparam_shortcuts'
[0.301s] Level 1:colcon.colcon_core.package_identification:_identify(src/srdfdom) by extensions ['ignore', 'ignore_ament_install']
[0.301s] Level 1:colcon.colcon_core.package_identification:_identify(src/srdfdom) by extension 'ignore'
[0.301s] Level 1:colcon.colcon_core.package_identification:_identify(src/srdfdom) by extension 'ignore_ament_install'
[0.301s] Level 1:colcon.colcon_core.package_identification:_identify(src/srdfdom) by extensions ['colcon_pkg']
[0.301s] Level 1:colcon.colcon_core.package_identification:_identify(src/srdfdom) by extension 'colcon_pkg'
[0.301s] Level 1:colcon.colcon_core.package_identification:_identify(src/srdfdom) by extensions ['colcon_meta']
[0.301s] Level 1:colcon.colcon_core.package_identification:_identify(src/srdfdom) by extension 'colcon_meta'
[0.301s] Level 1:colcon.colcon_core.package_identification:_identify(src/srdfdom) by extensions ['ros']
[0.301s] Level 1:colcon.colcon_core.package_identification:_identify(src/srdfdom) by extension 'ros'
[0.301s] DEBUG:colcon.colcon_core.package_identification:Package 'src/srdfdom' with type 'ros.ament_cmake' and name 'srdfdom'
[0.301s] Level 1:colcon.colcon_core.package_identification:_identify(src/waypoint_pub) by extensions ['ignore', 'ignore_ament_install']
[0.301s] Level 1:colcon.colcon_core.package_identification:_identify(src/waypoint_pub) by extension 'ignore'
[0.301s] Level 1:colcon.colcon_core.package_identification:_identify(src/waypoint_pub) by extension 'ignore_ament_install'
[0.302s] Level 1:colcon.colcon_core.package_identification:_identify(src/waypoint_pub) by extensions ['colcon_pkg']
[0.302s] Level 1:colcon.colcon_core.package_identification:_identify(src/waypoint_pub) by extension 'colcon_pkg'
[0.302s] Level 1:colcon.colcon_core.package_identification:_identify(src/waypoint_pub) by extensions ['colcon_meta']
[0.302s] Level 1:colcon.colcon_core.package_identification:_identify(src/waypoint_pub) by extension 'colcon_meta'
[0.302s] Level 1:colcon.colcon_core.package_identification:_identify(src/waypoint_pub) by extensions ['ros']
[0.302s] Level 1:colcon.colcon_core.package_identification:_identify(src/waypoint_pub) by extension 'ros'
[0.302s] DEBUG:colcon.colcon_core.package_identification:Package 'src/waypoint_pub' with type 'ros.ament_python' and name 'waypoint_pub'
[0.302s] Level 1:colcon.colcon_core.package_discovery:discover_packages(recursive) using defaults
[0.302s] Level 1:colcon.colcon_core.package_discovery:discover_packages(ignore) discover
[0.302s] Level 1:colcon.colcon_core.package_discovery:discover_packages(ignore) using defaults
[0.302s] Level 1:colcon.colcon_core.package_discovery:discover_packages(path) discover
[0.302s] Level 1:colcon.colcon_core.package_discovery:discover_packages(path) using defaults
[0.352s] Level 1:colcon.colcon_core.package_discovery:discover_packages(prefix_path) check parameters
[0.352s] Level 1:colcon.colcon_core.package_discovery:discover_packages(prefix_path) discover
[0.354s] DEBUG:colcon.colcon_installed_package_information.package_discovery:Found 481 installed packages in /opt/ros/humble
[0.356s] Level 1:colcon.colcon_core.package_discovery:discover_packages(prefix_path) using defaults
[0.387s] WARNING:colcon.colcon_core.package_selection:Some selected packages are already built in one or more underlay workspaces:
	'moveit_ros_move_group' is in: /opt/ros/humble
	'moveit_ros_planning_interface' is in: /opt/ros/humble
	'moveit_kinematics' is in: /opt/ros/humble
	'moveit_simple_controller_manager' is in: /opt/ros/humble
	'srdfdom' is in: /opt/ros/humble
	'moveit_planners' is in: /opt/ros/humble
	'moveit_ros_warehouse' is in: /opt/ros/humble
	'moveit_ros_visualization' is in: /opt/ros/humble
If a package in a merged underlay workspace is overridden and it installs headers, then all packages in the overlay must sort their include directories by workspace order. Failure to do so may result in build failures or undefined behavior at run time.
If the overridden package is used by another package in any underlay, then the overriding package in the overlay must be API and ABI compatible or undefined behavior at run time may occur.

If you understand the risks and want to override a package anyways, add the following to the command line:
	--allow-overriding moveit_kinematics moveit_planners moveit_ros_move_group moveit_ros_planning_interface moveit_ros_visualization moveit_ros_warehouse moveit_simple_controller_manager srdfdom

This may be promoted to an error in a future release of colcon-override-check.
[0.388s] Level 5:colcon.colcon_core.verb:set package 'Open_control' build argument 'cmake_args' from command line to 'None'
[0.388s] Level 5:colcon.colcon_core.verb:set package 'Open_control' build argument 'cmake_target' from command line to 'None'
[0.388s] Level 5:colcon.colcon_core.verb:set package 'Open_control' build argument 'cmake_target_skip_unavailable' from command line to 'False'
[0.388s] Level 5:colcon.colcon_core.verb:set package 'Open_control' build argument 'cmake_clean_cache' from command line to 'False'
[0.388s] Level 5:colcon.colcon_core.verb:set package 'Open_control' build argument 'cmake_clean_first' from command line to 'False'
[0.388s] Level 5:colcon.colcon_core.verb:set package 'Open_control' build argument 'cmake_force_configure' from command line to 'False'
[0.388s] Level 5:colcon.colcon_core.verb:set package 'Open_control' build argument 'ament_cmake_args' from command line to 'None'
[0.388s] Level 5:colcon.colcon_core.verb:set package 'Open_control' build argument 'catkin_cmake_args' from command line to 'None'
[0.388s] Level 5:colcon.colcon_core.verb:set package 'Open_control' build argument 'catkin_skip_building_tests' from command line to 'False'
[0.388s] DEBUG:colcon.colcon_core.verb:Building package 'Open_control' with the following arguments: {'ament_cmake_args': None, 'build_base': '/home/aaron/ur_ws/build/Open_control', 'catkin_cmake_args': None, 'catkin_skip_building_tests': False, 'cmake_args': None, 'cmake_clean_cache': False, 'cmake_clean_first': False, 'cmake_force_configure': False, 'cmake_target': None, 'cmake_target_skip_unavailable': False, 'install_base': '/home/aaron/ur_ws/install/Open_control', 'merge_install': False, 'path': '/home/aaron/ur_ws/src/Open_control', 'symlink_install': False, 'test_result_base': None}
[0.388s] Level 5:colcon.colcon_core.verb:set package 'launch_param_builder' build argument 'cmake_args' from command line to 'None'
[0.388s] Level 5:colcon.colcon_core.verb:set package 'launch_param_builder' build argument 'cmake_target' from command line to 'None'
[0.388s] Level 5:colcon.colcon_core.verb:set package 'launch_param_builder' build argument 'cmake_target_skip_unavailable' from command line to 'False'
[0.388s] Level 5:colcon.colcon_core.verb:set package 'launch_param_builder' build argument 'cmake_clean_cache' from command line to 'False'
[0.388s] Level 5:colcon.colcon_core.verb:set package 'launch_param_builder' build argument 'cmake_clean_first' from command line to 'False'
[0.388s] Level 5:colcon.colcon_core.verb:set package 'launch_param_builder' build argument 'cmake_force_configure' from command line to 'False'
[0.388s] Level 5:colcon.colcon_core.verb:set package 'launch_param_builder' build argument 'ament_cmake_args' from command line to 'None'
[0.388s] Level 5:colcon.colcon_core.verb:set package 'launch_param_builder' build argument 'catkin_cmake_args' from command line to 'None'
[0.388s] Level 5:colcon.colcon_core.verb:set package 'launch_param_builder' build argument 'catkin_skip_building_tests' from command line to 'False'
[0.388s] DEBUG:colcon.colcon_core.verb:Building package 'launch_param_builder' with the following arguments: {'ament_cmake_args': None, 'build_base': '/home/aaron/ur_ws/build/launch_param_builder', 'catkin_cmake_args': None, 'catkin_skip_building_tests': False, 'cmake_args': None, 'cmake_clean_cache': False, 'cmake_clean_first': False, 'cmake_force_configure': False, 'cmake_target': None, 'cmake_target_skip_unavailable': False, 'install_base': '/home/aaron/ur_ws/install/launch_param_builder', 'merge_install': False, 'path': '/home/aaron/ur_ws/src/launch_param_builder', 'symlink_install': False, 'test_result_base': None}
[0.389s] Level 5:colcon.colcon_core.verb:set package 'moveit_common' build argument 'cmake_args' from command line to 'None'
[0.389s] Level 5:colcon.colcon_core.verb:set package 'moveit_common' build argument 'cmake_target' from command line to 'None'
[0.389s] Level 5:colcon.colcon_core.verb:set package 'moveit_common' build argument 'cmake_target_skip_unavailable' from command line to 'False'
[0.389s] Level 5:colcon.colcon_core.verb:set package 'moveit_common' build argument 'cmake_clean_cache' from command line to 'False'
[0.389s] Level 5:colcon.colcon_core.verb:set package 'moveit_common' build argument 'cmake_clean_first' from command line to 'False'
[0.389s] Level 5:colcon.colcon_core.verb:set package 'moveit_common' build argument 'cmake_force_configure' from command line to 'False'
[0.389s] Level 5:colcon.colcon_core.verb:set package 'moveit_common' build argument 'ament_cmake_args' from command line to 'None'
[0.389s] Level 5:colcon.colcon_core.verb:set package 'moveit_common' build argument 'catkin_cmake_args' from command line to 'None'
[0.389s] Level 5:colcon.colcon_core.verb:set package 'moveit_common' build argument 'catkin_skip_building_tests' from command line to 'False'
[0.389s] DEBUG:colcon.colcon_core.verb:Building package 'moveit_common' with the following arguments: {'ament_cmake_args': None, 'build_base': '/home/aaron/ur_ws/build/moveit_common', 'catkin_cmake_args': None, 'catkin_skip_building_tests': False, 'cmake_args': None, 'cmake_clean_cache': False, 'cmake_clean_first': False, 'cmake_force_configure': False, 'cmake_target': None, 'cmake_target_skip_unavailable': False, 'install_base': '/home/aaron/ur_ws/install/moveit_common', 'merge_install': False, 'path': '/home/aaron/ur_ws/src/moveit2/moveit_common', 'symlink_install': False, 'test_result_base': None}
[0.389s] Level 5:colcon.colcon_core.verb:set package 'moveit_resources_fanuc_description' build argument 'cmake_args' from command line to 'None'
[0.389s] Level 5:colcon.colcon_core.verb:set package 'moveit_resources_fanuc_description' build argument 'cmake_target' from command line to 'None'
[0.389s] Level 5:colcon.colcon_core.verb:set package 'moveit_resources_fanuc_description' build argument 'cmake_target_skip_unavailable' from command line to 'False'
[0.389s] Level 5:colcon.colcon_core.verb:set package 'moveit_resources_fanuc_description' build argument 'cmake_clean_cache' from command line to 'False'
[0.389s] Level 5:colcon.colcon_core.verb:set package 'moveit_resources_fanuc_description' build argument 'cmake_clean_first' from command line to 'False'
[0.389s] Level 5:colcon.colcon_core.verb:set package 'moveit_resources_fanuc_description' build argument 'cmake_force_configure' from command line to 'False'
[0.389s] Level 5:colcon.colcon_core.verb:set package 'moveit_resources_fanuc_description' build argument 'ament_cmake_args' from command line to 'None'
[0.389s] Level 5:colcon.colcon_core.verb:set package 'moveit_resources_fanuc_description' build argument 'catkin_cmake_args' from command line to 'None'
[0.389s] Level 5:colcon.colcon_core.verb:set package 'moveit_resources_fanuc_description' build argument 'catkin_skip_building_tests' from command line to 'False'
[0.389s] DEBUG:colcon.colcon_core.verb:Building package 'moveit_resources_fanuc_description' with the following arguments: {'ament_cmake_args': None, 'build_base': '/home/aaron/ur_ws/build/moveit_resources_fanuc_description', 'catkin_cmake_args': None, 'catkin_skip_building_tests': False, 'cmake_args': None, 'cmake_clean_cache': False, 'cmake_clean_first': False, 'cmake_force_configure': False, 'cmake_target': None, 'cmake_target_skip_unavailable': False, 'install_base': '/home/aaron/ur_ws/install/moveit_resources_fanuc_description', 'merge_install': False, 'path': '/home/aaron/ur_ws/src/moveit_resources/fanuc_description', 'symlink_install': False, 'test_result_base': None}
[0.389s] Level 5:colcon.colcon_core.verb:set package 'moveit_resources_panda_description' build argument 'cmake_args' from command line to 'None'
[0.389s] Level 5:colcon.colcon_core.verb:set package 'moveit_resources_panda_description' build argument 'cmake_target' from command line to 'None'
[0.389s] Level 5:colcon.colcon_core.verb:set package 'moveit_resources_panda_description' build argument 'cmake_target_skip_unavailable' from command line to 'False'
[0.389s] Level 5:colcon.colcon_core.verb:set package 'moveit_resources_panda_description' build argument 'cmake_clean_cache' from command line to 'False'
[0.389s] Level 5:colcon.colcon_core.verb:set package 'moveit_resources_panda_description' build argument 'cmake_clean_first' from command line to 'False'
[0.389s] Level 5:colcon.colcon_core.verb:set package 'moveit_resources_panda_description' build argument 'cmake_force_configure' from command line to 'False'
[0.389s] Level 5:colcon.colcon_core.verb:set package 'moveit_resources_panda_description' build argument 'ament_cmake_args' from command line to 'None'
[0.389s] Level 5:colcon.colcon_core.verb:set package 'moveit_resources_panda_description' build argument 'catkin_cmake_args' from command line to 'None'
[0.389s] Level 5:colcon.colcon_core.verb:set package 'moveit_resources_panda_description' build argument 'catkin_skip_building_tests' from command line to 'False'
[0.389s] DEBUG:colcon.colcon_core.verb:Building package 'moveit_resources_panda_description' with the following arguments: {'ament_cmake_args': None, 'build_base': '/home/aaron/ur_ws/build/moveit_resources_panda_description', 'catkin_cmake_args': None, 'catkin_skip_building_tests': False, 'cmake_args': None, 'cmake_clean_cache': False, 'cmake_clean_first': False, 'cmake_force_configure': False, 'cmake_target': None, 'cmake_target_skip_unavailable': False, 'install_base': '/home/aaron/ur_ws/install/moveit_resources_panda_description', 'merge_install': False, 'path': '/home/aaron/ur_ws/src/moveit_resources/panda_description', 'symlink_install': False, 'test_result_base': None}
[0.390s] Level 5:colcon.colcon_core.verb:set package 'moveit_resources_pr2_description' build argument 'cmake_args' from command line to 'None'
[0.390s] Level 5:colcon.colcon_core.verb:set package 'moveit_resources_pr2_description' build argument 'cmake_target' from command line to 'None'
[0.390s] Level 5:colcon.colcon_core.verb:set package 'moveit_resources_pr2_description' build argument 'cmake_target_skip_unavailable' from command line to 'False'
[0.390s] Level 5:colcon.colcon_core.verb:set package 'moveit_resources_pr2_description' build argument 'cmake_clean_cache' from command line to 'False'
[0.390s] Level 5:colcon.colcon_core.verb:set package 'moveit_resources_pr2_description' build argument 'cmake_clean_first' from command line to 'False'
[0.390s] Level 5:colcon.colcon_core.verb:set package 'moveit_resources_pr2_description' build argument 'cmake_force_configure' from command line to 'False'
[0.390s] Level 5:colcon.colcon_core.verb:set package 'moveit_resources_pr2_description' build argument 'ament_cmake_args' from command line to 'None'
[0.390s] Level 5:colcon.colcon_core.verb:set package 'moveit_resources_pr2_description' build argument 'catkin_cmake_args' from command line to 'None'
[0.390s] Level 5:colcon.colcon_core.verb:set package 'moveit_resources_pr2_description' build argument 'catkin_skip_building_tests' from command line to 'False'
[0.390s] DEBUG:colcon.colcon_core.verb:Building package 'moveit_resources_pr2_description' with the following arguments: {'ament_cmake_args': None, 'build_base': '/home/aaron/ur_ws/build/moveit_resources_pr2_description', 'catkin_cmake_args': None, 'catkin_skip_building_tests': False, 'cmake_args': None, 'cmake_clean_cache': False, 'cmake_clean_first': False, 'cmake_force_configure': False, 'cmake_target': None, 'cmake_target_skip_unavailable': False, 'install_base': '/home/aaron/ur_ws/install/moveit_resources_pr2_description', 'merge_install': False, 'path': '/home/aaron/ur_ws/src/moveit_resources/pr2_description', 'symlink_install': False, 'test_result_base': None}
[0.390s] Level 5:colcon.colcon_core.verb:set package 'moveit_resources_prbt_support' build argument 'cmake_args' from command line to 'None'
[0.390s] Level 5:colcon.colcon_core.verb:set package 'moveit_resources_prbt_support' build argument 'cmake_target' from command line to 'None'
[0.390s] Level 5:colcon.colcon_core.verb:set package 'moveit_resources_prbt_support' build argument 'cmake_target_skip_unavailable' from command line to 'False'
[0.390s] Level 5:colcon.colcon_core.verb:set package 'moveit_resources_prbt_support' build argument 'cmake_clean_cache' from command line to 'False'
[0.390s] Level 5:colcon.colcon_core.verb:set package 'moveit_resources_prbt_support' build argument 'cmake_clean_first' from command line to 'False'
[0.390s] Level 5:colcon.colcon_core.verb:set package 'moveit_resources_prbt_support' build argument 'cmake_force_configure' from command line to 'False'
[0.390s] Level 5:colcon.colcon_core.verb:set package 'moveit_resources_prbt_support' build argument 'ament_cmake_args' from command line to 'None'
[0.390s] Level 5:colcon.colcon_core.verb:set package 'moveit_resources_prbt_support' build argument 'catkin_cmake_args' from command line to 'None'
[0.390s] Level 5:colcon.colcon_core.verb:set package 'moveit_resources_prbt_support' build argument 'catkin_skip_building_tests' from command line to 'False'
[0.390s] DEBUG:colcon.colcon_core.verb:Building package 'moveit_resources_prbt_support' with the following arguments: {'ament_cmake_args': None, 'build_base': '/home/aaron/ur_ws/build/moveit_resources_prbt_support', 'catkin_cmake_args': None, 'catkin_skip_building_tests': False, 'cmake_args': None, 'cmake_clean_cache': False, 'cmake_clean_first': False, 'cmake_force_configure': False, 'cmake_target': None, 'cmake_target_skip_unavailable': False, 'install_base': '/home/aaron/ur_ws/install/moveit_resources_prbt_support', 'merge_install': False, 'path': '/home/aaron/ur_ws/src/moveit2/moveit_planners/test_configs/prbt_support', 'symlink_install': False, 'test_result_base': None}
[0.390s] Level 5:colcon.colcon_core.verb:set package 'moveit_task_constructor_msgs' build argument 'cmake_args' from command line to 'None'
[0.390s] Level 5:colcon.colcon_core.verb:set package 'moveit_task_constructor_msgs' build argument 'cmake_target' from command line to 'None'
[0.390s] Level 5:colcon.colcon_core.verb:set package 'moveit_task_constructor_msgs' build argument 'cmake_target_skip_unavailable' from command line to 'False'
[0.390s] Level 5:colcon.colcon_core.verb:set package 'moveit_task_constructor_msgs' build argument 'cmake_clean_cache' from command line to 'False'
[0.390s] Level 5:colcon.colcon_core.verb:set package 'moveit_task_constructor_msgs' build argument 'cmake_clean_first' from command line to 'False'
[0.390s] Level 5:colcon.colcon_core.verb:set package 'moveit_task_constructor_msgs' build argument 'cmake_force_configure' from command line to 'False'
[0.390s] Level 5:colcon.colcon_core.verb:set package 'moveit_task_constructor_msgs' build argument 'ament_cmake_args' from command line to 'None'
[0.390s] Level 5:colcon.colcon_core.verb:set package 'moveit_task_constructor_msgs' build argument 'catkin_cmake_args' from command line to 'None'
[0.390s] Level 5:colcon.colcon_core.verb:set package 'moveit_task_constructor_msgs' build argument 'catkin_skip_building_tests' from command line to 'False'
[0.390s] DEBUG:colcon.colcon_core.verb:Building package 'moveit_task_constructor_msgs' with the following arguments: {'ament_cmake_args': None, 'build_base': '/home/aaron/ur_ws/build/moveit_task_constructor_msgs', 'catkin_cmake_args': None, 'catkin_skip_building_tests': False, 'cmake_args': None, 'cmake_clean_cache': False, 'cmake_clean_first': False, 'cmake_force_configure': False, 'cmake_target': None, 'cmake_target_skip_unavailable': False, 'install_base': '/home/aaron/ur_ws/install/moveit_task_constructor_msgs', 'merge_install': False, 'path': '/home/aaron/ur_ws/src/moveit_task_constructor/msgs', 'symlink_install': False, 'test_result_base': None}
[0.391s] Level 5:colcon.colcon_core.verb:set package 'rosparam_shortcuts' build argument 'cmake_args' from command line to 'None'
[0.391s] Level 5:colcon.colcon_core.verb:set package 'rosparam_shortcuts' build argument 'cmake_target' from command line to 'None'
[0.391s] Level 5:colcon.colcon_core.verb:set package 'rosparam_shortcuts' build argument 'cmake_target_skip_unavailable' from command line to 'False'
[0.391s] Level 5:colcon.colcon_core.verb:set package 'rosparam_shortcuts' build argument 'cmake_clean_cache' from command line to 'False'
[0.391s] Level 5:colcon.colcon_core.verb:set package 'rosparam_shortcuts' build argument 'cmake_clean_first' from command line to 'False'
[0.391s] Level 5:colcon.colcon_core.verb:set package 'rosparam_shortcuts' build argument 'cmake_force_configure' from command line to 'False'
[0.391s] Level 5:colcon.colcon_core.verb:set package 'rosparam_shortcuts' build argument 'ament_cmake_args' from command line to 'None'
[0.391s] Level 5:colcon.colcon_core.verb:set package 'rosparam_shortcuts' build argument 'catkin_cmake_args' from command line to 'None'
[0.391s] Level 5:colcon.colcon_core.verb:set package 'rosparam_shortcuts' build argument 'catkin_skip_building_tests' from command line to 'False'
[0.391s] DEBUG:colcon.colcon_core.verb:Building package 'rosparam_shortcuts' with the following arguments: {'ament_cmake_args': None, 'build_base': '/home/aaron/ur_ws/build/rosparam_shortcuts', 'catkin_cmake_args': None, 'catkin_skip_building_tests': False, 'cmake_args': None, 'cmake_clean_cache': False, 'cmake_clean_first': False, 'cmake_force_configure': False, 'cmake_target': None, 'cmake_target_skip_unavailable': False, 'install_base': '/home/aaron/ur_ws/install/rosparam_shortcuts', 'merge_install': False, 'path': '/home/aaron/ur_ws/src/rosparam_shortcuts', 'symlink_install': False, 'test_result_base': None}
[0.391s] Level 5:colcon.colcon_core.verb:set package 'srdfdom' build argument 'cmake_args' from command line to 'None'
[0.391s] Level 5:colcon.colcon_core.verb:set package 'srdfdom' build argument 'cmake_target' from command line to 'None'
[0.391s] Level 5:colcon.colcon_core.verb:set package 'srdfdom' build argument 'cmake_target_skip_unavailable' from command line to 'False'
[0.391s] Level 5:colcon.colcon_core.verb:set package 'srdfdom' build argument 'cmake_clean_cache' from command line to 'False'
[0.391s] Level 5:colcon.colcon_core.verb:set package 'srdfdom' build argument 'cmake_clean_first' from command line to 'False'
[0.391s] Level 5:colcon.colcon_core.verb:set package 'srdfdom' build argument 'cmake_force_configure' from command line to 'False'
[0.391s] Level 5:colcon.colcon_core.verb:set package 'srdfdom' build argument 'ament_cmake_args' from command line to 'None'
[0.391s] Level 5:colcon.colcon_core.verb:set package 'srdfdom' build argument 'catkin_cmake_args' from command line to 'None'
[0.391s] Level 5:colcon.colcon_core.verb:set package 'srdfdom' build argument 'catkin_skip_building_tests' from command line to 'False'
[0.391s] DEBUG:colcon.colcon_core.verb:Building package 'srdfdom' with the following arguments: {'ament_cmake_args': None, 'build_base': '/home/aaron/ur_ws/build/srdfdom', 'catkin_cmake_args': None, 'catkin_skip_building_tests': False, 'cmake_args': None, 'cmake_clean_cache': False, 'cmake_clean_first': False, 'cmake_force_configure': False, 'cmake_target': None, 'cmake_target_skip_unavailable': False, 'install_base': '/home/aaron/ur_ws/install/srdfdom', 'merge_install': False, 'path': '/home/aaron/ur_ws/src/srdfdom', 'symlink_install': False, 'test_result_base': None}
[0.391s] Level 5:colcon.colcon_core.verb:set package 'waypoint_pub' build argument 'cmake_args' from command line to 'None'
[0.391s] Level 5:colcon.colcon_core.verb:set package 'waypoint_pub' build argument 'cmake_target' from command line to 'None'
[0.391s] Level 5:colcon.colcon_core.verb:set package 'waypoint_pub' build argument 'cmake_target_skip_unavailable' from command line to 'False'
[0.391s] Level 5:colcon.colcon_core.verb:set package 'waypoint_pub' build argument 'cmake_clean_cache' from command line to 'False'
[0.391s] Level 5:colcon.colcon_core.verb:set package 'waypoint_pub' build argument 'cmake_clean_first' from command line to 'False'
[0.391s] Level 5:colcon.colcon_core.verb:set package 'waypoint_pub' build argument 'cmake_force_configure' from command line to 'False'
[0.391s] Level 5:colcon.colcon_core.verb:set package 'waypoint_pub' build argument 'ament_cmake_args' from command line to 'None'
[0.391s] Level 5:colcon.colcon_core.verb:set package 'waypoint_pub' build argument 'catkin_cmake_args' from command line to 'None'
[0.391s] Level 5:colcon.colcon_core.verb:set package 'waypoint_pub' build argument 'catkin_skip_building_tests' from command line to 'False'
[0.391s] DEBUG:colcon.colcon_core.verb:Building package 'waypoint_pub' with the following arguments: {'ament_cmake_args': None, 'build_base': '/home/aaron/ur_ws/build/waypoint_pub', 'catkin_cmake_args': None, 'catkin_skip_building_tests': False, 'cmake_args': None, 'cmake_clean_cache': False, 'cmake_clean_first': False, 'cmake_force_configure': False, 'cmake_target': None, 'cmake_target_skip_unavailable': False, 'install_base': '/home/aaron/ur_ws/install/waypoint_pub', 'merge_install': False, 'path': '/home/aaron/ur_ws/src/waypoint_pub', 'symlink_install': False, 'test_result_base': None}
[0.391s] Level 5:colcon.colcon_core.verb:set package 'moveit_configs_utils' build argument 'cmake_args' from command line to 'None'
[0.391s] Level 5:colcon.colcon_core.verb:set package 'moveit_configs_utils' build argument 'cmake_target' from command line to 'None'
[0.392s] Level 5:colcon.colcon_core.verb:set package 'moveit_configs_utils' build argument 'cmake_target_skip_unavailable' from command line to 'False'
[0.392s] Level 5:colcon.colcon_core.verb:set package 'moveit_configs_utils' build argument 'cmake_clean_cache' from command line to 'False'
[0.392s] Level 5:colcon.colcon_core.verb:set package 'moveit_configs_utils' build argument 'cmake_clean_first' from command line to 'False'
[0.392s] Level 5:colcon.colcon_core.verb:set package 'moveit_configs_utils' build argument 'cmake_force_configure' from command line to 'False'
[0.392s] Level 5:colcon.colcon_core.verb:set package 'moveit_configs_utils' build argument 'ament_cmake_args' from command line to 'None'
[0.392s] Level 5:colcon.colcon_core.verb:set package 'moveit_configs_utils' build argument 'catkin_cmake_args' from command line to 'None'
[0.392s] Level 5:colcon.colcon_core.verb:set package 'moveit_configs_utils' build argument 'catkin_skip_building_tests' from command line to 'False'
[0.392s] DEBUG:colcon.colcon_core.verb:Building package 'moveit_configs_utils' with the following arguments: {'ament_cmake_args': None, 'build_base': '/home/aaron/ur_ws/build/moveit_configs_utils', 'catkin_cmake_args': None, 'catkin_skip_building_tests': False, 'cmake_args': None, 'cmake_clean_cache': False, 'cmake_clean_first': False, 'cmake_force_configure': False, 'cmake_target': None, 'cmake_target_skip_unavailable': False, 'install_base': '/home/aaron/ur_ws/install/moveit_configs_utils', 'merge_install': False, 'path': '/home/aaron/ur_ws/src/moveit2/moveit_configs_utils', 'symlink_install': False, 'test_result_base': None}
[0.392s] Level 5:colcon.colcon_core.verb:set package 'moveit_resources_fanuc_moveit_config' build argument 'cmake_args' from command line to 'None'
[0.392s] Level 5:colcon.colcon_core.verb:set package 'moveit_resources_fanuc_moveit_config' build argument 'cmake_target' from command line to 'None'
[0.392s] Level 5:colcon.colcon_core.verb:set package 'moveit_resources_fanuc_moveit_config' build argument 'cmake_target_skip_unavailable' from command line to 'False'
[0.392s] Level 5:colcon.colcon_core.verb:set package 'moveit_resources_fanuc_moveit_config' build argument 'cmake_clean_cache' from command line to 'False'
[0.392s] Level 5:colcon.colcon_core.verb:set package 'moveit_resources_fanuc_moveit_config' build argument 'cmake_clean_first' from command line to 'False'
[0.392s] Level 5:colcon.colcon_core.verb:set package 'moveit_resources_fanuc_moveit_config' build argument 'cmake_force_configure' from command line to 'False'
[0.392s] Level 5:colcon.colcon_core.verb:set package 'moveit_resources_fanuc_moveit_config' build argument 'ament_cmake_args' from command line to 'None'
[0.392s] Level 5:colcon.colcon_core.verb:set package 'moveit_resources_fanuc_moveit_config' build argument 'catkin_cmake_args' from command line to 'None'
[0.392s] Level 5:colcon.colcon_core.verb:set package 'moveit_resources_fanuc_moveit_config' build argument 'catkin_skip_building_tests' from command line to 'False'
[0.392s] DEBUG:colcon.colcon_core.verb:Building package 'moveit_resources_fanuc_moveit_config' with the following arguments: {'ament_cmake_args': None, 'build_base': '/home/aaron/ur_ws/build/moveit_resources_fanuc_moveit_config', 'catkin_cmake_args': None, 'catkin_skip_building_tests': False, 'cmake_args': None, 'cmake_clean_cache': False, 'cmake_clean_first': False, 'cmake_force_configure': False, 'cmake_target': None, 'cmake_target_skip_unavailable': False, 'install_base': '/home/aaron/ur_ws/install/moveit_resources_fanuc_moveit_config', 'merge_install': False, 'path': '/home/aaron/ur_ws/src/moveit_resources/fanuc_moveit_config', 'symlink_install': False, 'test_result_base': None}
[0.392s] Level 5:colcon.colcon_core.verb:set package 'moveit_resources_panda_moveit_config' build argument 'cmake_args' from command line to 'None'
[0.392s] Level 5:colcon.colcon_core.verb:set package 'moveit_resources_panda_moveit_config' build argument 'cmake_target' from command line to 'None'
[0.392s] Level 5:colcon.colcon_core.verb:set package 'moveit_resources_panda_moveit_config' build argument 'cmake_target_skip_unavailable' from command line to 'False'
[0.392s] Level 5:colcon.colcon_core.verb:set package 'moveit_resources_panda_moveit_config' build argument 'cmake_clean_cache' from command line to 'False'
[0.392s] Level 5:colcon.colcon_core.verb:set package 'moveit_resources_panda_moveit_config' build argument 'cmake_clean_first' from command line to 'False'
[0.392s] Level 5:colcon.colcon_core.verb:set package 'moveit_resources_panda_moveit_config' build argument 'cmake_force_configure' from command line to 'False'
[0.392s] Level 5:colcon.colcon_core.verb:set package 'moveit_resources_panda_moveit_config' build argument 'ament_cmake_args' from command line to 'None'
[0.392s] Level 5:colcon.colcon_core.verb:set package 'moveit_resources_panda_moveit_config' build argument 'catkin_cmake_args' from command line to 'None'
[0.392s] Level 5:colcon.colcon_core.verb:set package 'moveit_resources_panda_moveit_config' build argument 'catkin_skip_building_tests' from command line to 'False'
[0.392s] DEBUG:colcon.colcon_core.verb:Building package 'moveit_resources_panda_moveit_config' with the following arguments: {'ament_cmake_args': None, 'build_base': '/home/aaron/ur_ws/build/moveit_resources_panda_moveit_config', 'catkin_cmake_args': None, 'catkin_skip_building_tests': False, 'cmake_args': None, 'cmake_clean_cache': False, 'cmake_clean_first': False, 'cmake_force_configure': False, 'cmake_target': None, 'cmake_target_skip_unavailable': False, 'install_base': '/home/aaron/ur_ws/install/moveit_resources_panda_moveit_config', 'merge_install': False, 'path': '/home/aaron/ur_ws/src/moveit_resources/panda_moveit_config', 'symlink_install': False, 'test_result_base': None}
[0.392s] Level 5:colcon.colcon_core.verb:set package 'rviz_marker_tools' build argument 'cmake_args' from command line to 'None'
[0.392s] Level 5:colcon.colcon_core.verb:set package 'rviz_marker_tools' build argument 'cmake_target' from command line to 'None'
[0.392s] Level 5:colcon.colcon_core.verb:set package 'rviz_marker_tools' build argument 'cmake_target_skip_unavailable' from command line to 'False'
[0.392s] Level 5:colcon.colcon_core.verb:set package 'rviz_marker_tools' build argument 'cmake_clean_cache' from command line to 'False'
[0.392s] Level 5:colcon.colcon_core.verb:set package 'rviz_marker_tools' build argument 'cmake_clean_first' from command line to 'False'
[0.392s] Level 5:colcon.colcon_core.verb:set package 'rviz_marker_tools' build argument 'cmake_force_configure' from command line to 'False'
[0.392s] Level 5:colcon.colcon_core.verb:set package 'rviz_marker_tools' build argument 'ament_cmake_args' from command line to 'None'
[0.393s] Level 5:colcon.colcon_core.verb:set package 'rviz_marker_tools' build argument 'catkin_cmake_args' from command line to 'None'
[0.393s] Level 5:colcon.colcon_core.verb:set package 'rviz_marker_tools' build argument 'catkin_skip_building_tests' from command line to 'False'
[0.393s] DEBUG:colcon.colcon_core.verb:Building package 'rviz_marker_tools' with the following arguments: {'ament_cmake_args': None, 'build_base': '/home/aaron/ur_ws/build/rviz_marker_tools', 'catkin_cmake_args': None, 'catkin_skip_building_tests': False, 'cmake_args': None, 'cmake_clean_cache': False, 'cmake_clean_first': False, 'cmake_force_configure': False, 'cmake_target': None, 'cmake_target_skip_unavailable': False, 'install_base': '/home/aaron/ur_ws/install/rviz_marker_tools', 'merge_install': False, 'path': '/home/aaron/ur_ws/src/moveit_task_constructor/rviz_marker_tools', 'symlink_install': False, 'test_result_base': None}
[0.393s] Level 5:colcon.colcon_core.verb:set package 'moveit_core' build argument 'cmake_args' from command line to 'None'
[0.393s] Level 5:colcon.colcon_core.verb:set package 'moveit_core' build argument 'cmake_target' from command line to 'None'
[0.393s] Level 5:colcon.colcon_core.verb:set package 'moveit_core' build argument 'cmake_target_skip_unavailable' from command line to 'False'
[0.393s] Level 5:colcon.colcon_core.verb:set package 'moveit_core' build argument 'cmake_clean_cache' from command line to 'False'
[0.393s] Level 5:colcon.colcon_core.verb:set package 'moveit_core' build argument 'cmake_clean_first' from command line to 'False'
[0.393s] Level 5:colcon.colcon_core.verb:set package 'moveit_core' build argument 'cmake_force_configure' from command line to 'False'
[0.393s] Level 5:colcon.colcon_core.verb:set package 'moveit_core' build argument 'ament_cmake_args' from command line to 'None'
[0.393s] Level 5:colcon.colcon_core.verb:set package 'moveit_core' build argument 'catkin_cmake_args' from command line to 'None'
[0.393s] Level 5:colcon.colcon_core.verb:set package 'moveit_core' build argument 'catkin_skip_building_tests' from command line to 'False'
[0.393s] DEBUG:colcon.colcon_core.verb:Building package 'moveit_core' with the following arguments: {'ament_cmake_args': None, 'build_base': '/home/aaron/ur_ws/build/moveit_core', 'catkin_cmake_args': None, 'catkin_skip_building_tests': False, 'cmake_args': None, 'cmake_clean_cache': False, 'cmake_clean_first': False, 'cmake_force_configure': False, 'cmake_target': None, 'cmake_target_skip_unavailable': False, 'install_base': '/home/aaron/ur_ws/install/moveit_core', 'merge_install': False, 'path': '/home/aaron/ur_ws/src/moveit2/moveit_core', 'symlink_install': False, 'test_result_base': None}
[0.393s] Level 5:colcon.colcon_core.verb:set package 'moveit_resources' build argument 'cmake_args' from command line to 'None'
[0.393s] Level 5:colcon.colcon_core.verb:set package 'moveit_resources' build argument 'cmake_target' from command line to 'None'
[0.393s] Level 5:colcon.colcon_core.verb:set package 'moveit_resources' build argument 'cmake_target_skip_unavailable' from command line to 'False'
[0.393s] Level 5:colcon.colcon_core.verb:set package 'moveit_resources' build argument 'cmake_clean_cache' from command line to 'False'
[0.393s] Level 5:colcon.colcon_core.verb:set package 'moveit_resources' build argument 'cmake_clean_first' from command line to 'False'
[0.393s] Level 5:colcon.colcon_core.verb:set package 'moveit_resources' build argument 'cmake_force_configure' from command line to 'False'
[0.393s] Level 5:colcon.colcon_core.verb:set package 'moveit_resources' build argument 'ament_cmake_args' from command line to 'None'
[0.393s] Level 5:colcon.colcon_core.verb:set package 'moveit_resources' build argument 'catkin_cmake_args' from command line to 'None'
[0.393s] Level 5:colcon.colcon_core.verb:set package 'moveit_resources' build argument 'catkin_skip_building_tests' from command line to 'False'
[0.393s] DEBUG:colcon.colcon_core.verb:Building package 'moveit_resources' with the following arguments: {'ament_cmake_args': None, 'build_base': '/home/aaron/ur_ws/build/moveit_resources', 'catkin_cmake_args': None, 'catkin_skip_building_tests': False, 'cmake_args': None, 'cmake_clean_cache': False, 'cmake_clean_first': False, 'cmake_force_configure': False, 'cmake_target': None, 'cmake_target_skip_unavailable': False, 'install_base': '/home/aaron/ur_ws/install/moveit_resources', 'merge_install': False, 'path': '/home/aaron/ur_ws/src/moveit_resources/moveit_resources', 'symlink_install': False, 'test_result_base': None}
[0.393s] Level 5:colcon.colcon_core.verb:set package 'chomp_motion_planner' build argument 'cmake_args' from command line to 'None'
[0.393s] Level 5:colcon.colcon_core.verb:set package 'chomp_motion_planner' build argument 'cmake_target' from command line to 'None'
[0.393s] Level 5:colcon.colcon_core.verb:set package 'chomp_motion_planner' build argument 'cmake_target_skip_unavailable' from command line to 'False'
[0.393s] Level 5:colcon.colcon_core.verb:set package 'chomp_motion_planner' build argument 'cmake_clean_cache' from command line to 'False'
[0.393s] Level 5:colcon.colcon_core.verb:set package 'chomp_motion_planner' build argument 'cmake_clean_first' from command line to 'False'
[0.393s] Level 5:colcon.colcon_core.verb:set package 'chomp_motion_planner' build argument 'cmake_force_configure' from command line to 'False'
[0.393s] Level 5:colcon.colcon_core.verb:set package 'chomp_motion_planner' build argument 'ament_cmake_args' from command line to 'None'
[0.393s] Level 5:colcon.colcon_core.verb:set package 'chomp_motion_planner' build argument 'catkin_cmake_args' from command line to 'None'
[0.393s] Level 5:colcon.colcon_core.verb:set package 'chomp_motion_planner' build argument 'catkin_skip_building_tests' from command line to 'False'
[0.393s] DEBUG:colcon.colcon_core.verb:Building package 'chomp_motion_planner' with the following arguments: {'ament_cmake_args': None, 'build_base': '/home/aaron/ur_ws/build/chomp_motion_planner', 'catkin_cmake_args': None, 'catkin_skip_building_tests': False, 'cmake_args': None, 'cmake_clean_cache': False, 'cmake_clean_first': False, 'cmake_force_configure': False, 'cmake_target': None, 'cmake_target_skip_unavailable': False, 'install_base': '/home/aaron/ur_ws/install/chomp_motion_planner', 'merge_install': False, 'path': '/home/aaron/ur_ws/src/moveit2/moveit_planners/chomp/chomp_motion_planner', 'symlink_install': False, 'test_result_base': None}
[0.394s] Level 5:colcon.colcon_core.verb:set package 'moveit_resources_prbt_ikfast_manipulator_plugin' build argument 'cmake_args' from command line to 'None'
[0.394s] Level 5:colcon.colcon_core.verb:set package 'moveit_resources_prbt_ikfast_manipulator_plugin' build argument 'cmake_target' from command line to 'None'
[0.394s] Level 5:colcon.colcon_core.verb:set package 'moveit_resources_prbt_ikfast_manipulator_plugin' build argument 'cmake_target_skip_unavailable' from command line to 'False'
[0.394s] Level 5:colcon.colcon_core.verb:set package 'moveit_resources_prbt_ikfast_manipulator_plugin' build argument 'cmake_clean_cache' from command line to 'False'
[0.394s] Level 5:colcon.colcon_core.verb:set package 'moveit_resources_prbt_ikfast_manipulator_plugin' build argument 'cmake_clean_first' from command line to 'False'
[0.394s] Level 5:colcon.colcon_core.verb:set package 'moveit_resources_prbt_ikfast_manipulator_plugin' build argument 'cmake_force_configure' from command line to 'False'
[0.394s] Level 5:colcon.colcon_core.verb:set package 'moveit_resources_prbt_ikfast_manipulator_plugin' build argument 'ament_cmake_args' from command line to 'None'
[0.394s] Level 5:colcon.colcon_core.verb:set package 'moveit_resources_prbt_ikfast_manipulator_plugin' build argument 'catkin_cmake_args' from command line to 'None'
[0.394s] Level 5:colcon.colcon_core.verb:set package 'moveit_resources_prbt_ikfast_manipulator_plugin' build argument 'catkin_skip_building_tests' from command line to 'False'
[0.394s] DEBUG:colcon.colcon_core.verb:Building package 'moveit_resources_prbt_ikfast_manipulator_plugin' with the following arguments: {'ament_cmake_args': None, 'build_base': '/home/aaron/ur_ws/build/moveit_resources_prbt_ikfast_manipulator_plugin', 'catkin_cmake_args': None, 'catkin_skip_building_tests': False, 'cmake_args': None, 'cmake_clean_cache': False, 'cmake_clean_first': False, 'cmake_force_configure': False, 'cmake_target': None, 'cmake_target_skip_unavailable': False, 'install_base': '/home/aaron/ur_ws/install/moveit_resources_prbt_ikfast_manipulator_plugin', 'merge_install': False, 'path': '/home/aaron/ur_ws/src/moveit2/moveit_planners/test_configs/prbt_ikfast_manipulator_plugin', 'symlink_install': False, 'test_result_base': None}
[0.394s] Level 5:colcon.colcon_core.verb:set package 'moveit_ros_occupancy_map_monitor' build argument 'cmake_args' from command line to 'None'
[0.394s] Level 5:colcon.colcon_core.verb:set package 'moveit_ros_occupancy_map_monitor' build argument 'cmake_target' from command line to 'None'
[0.394s] Level 5:colcon.colcon_core.verb:set package 'moveit_ros_occupancy_map_monitor' build argument 'cmake_target_skip_unavailable' from command line to 'False'
[0.394s] Level 5:colcon.colcon_core.verb:set package 'moveit_ros_occupancy_map_monitor' build argument 'cmake_clean_cache' from command line to 'False'
[0.394s] Level 5:colcon.colcon_core.verb:set package 'moveit_ros_occupancy_map_monitor' build argument 'cmake_clean_first' from command line to 'False'
[0.394s] Level 5:colcon.colcon_core.verb:set package 'moveit_ros_occupancy_map_monitor' build argument 'cmake_force_configure' from command line to 'False'
[0.394s] Level 5:colcon.colcon_core.verb:set package 'moveit_ros_occupancy_map_monitor' build argument 'ament_cmake_args' from command line to 'None'
[0.394s] Level 5:colcon.colcon_core.verb:set package 'moveit_ros_occupancy_map_monitor' build argument 'catkin_cmake_args' from command line to 'None'
[0.394s] Level 5:colcon.colcon_core.verb:set package 'moveit_ros_occupancy_map_monitor' build argument 'catkin_skip_building_tests' from command line to 'False'
[0.394s] DEBUG:colcon.colcon_core.verb:Building package 'moveit_ros_occupancy_map_monitor' with the following arguments: {'ament_cmake_args': None, 'build_base': '/home/aaron/ur_ws/build/moveit_ros_occupancy_map_monitor', 'catkin_cmake_args': None, 'catkin_skip_building_tests': False, 'cmake_args': None, 'cmake_clean_cache': False, 'cmake_clean_first': False, 'cmake_force_configure': False, 'cmake_target': None, 'cmake_target_skip_unavailable': False, 'install_base': '/home/aaron/ur_ws/install/moveit_ros_occupancy_map_monitor', 'merge_install': False, 'path': '/home/aaron/ur_ws/src/moveit2/moveit_ros/occupancy_map_monitor', 'symlink_install': False, 'test_result_base': None}
[0.394s] Level 5:colcon.colcon_core.verb:set package 'moveit_simple_controller_manager' build argument 'cmake_args' from command line to 'None'
[0.394s] Level 5:colcon.colcon_core.verb:set package 'moveit_simple_controller_manager' build argument 'cmake_target' from command line to 'None'
[0.394s] Level 5:colcon.colcon_core.verb:set package 'moveit_simple_controller_manager' build argument 'cmake_target_skip_unavailable' from command line to 'False'
[0.394s] Level 5:colcon.colcon_core.verb:set package 'moveit_simple_controller_manager' build argument 'cmake_clean_cache' from command line to 'False'
[0.394s] Level 5:colcon.colcon_core.verb:set package 'moveit_simple_controller_manager' build argument 'cmake_clean_first' from command line to 'False'
[0.394s] Level 5:colcon.colcon_core.verb:set package 'moveit_simple_controller_manager' build argument 'cmake_force_configure' from command line to 'False'
[0.394s] Level 5:colcon.colcon_core.verb:set package 'moveit_simple_controller_manager' build argument 'ament_cmake_args' from command line to 'None'
[0.394s] Level 5:colcon.colcon_core.verb:set package 'moveit_simple_controller_manager' build argument 'catkin_cmake_args' from command line to 'None'
[0.394s] Level 5:colcon.colcon_core.verb:set package 'moveit_simple_controller_manager' build argument 'catkin_skip_building_tests' from command line to 'False'
[0.394s] DEBUG:colcon.colcon_core.verb:Building package 'moveit_simple_controller_manager' with the following arguments: {'ament_cmake_args': None, 'build_base': '/home/aaron/ur_ws/build/moveit_simple_controller_manager', 'catkin_cmake_args': None, 'catkin_skip_building_tests': False, 'cmake_args': None, 'cmake_clean_cache': False, 'cmake_clean_first': False, 'cmake_force_configure': False, 'cmake_target': None, 'cmake_target_skip_unavailable': False, 'install_base': '/home/aaron/ur_ws/install/moveit_simple_controller_manager', 'merge_install': False, 'path': '/home/aaron/ur_ws/src/moveit2/moveit_plugins/moveit_simple_controller_manager', 'symlink_install': False, 'test_result_base': None}
[0.395s] Level 5:colcon.colcon_core.verb:set package 'pilz_industrial_motion_planner_testutils' build argument 'cmake_args' from command line to 'None'
[0.395s] Level 5:colcon.colcon_core.verb:set package 'pilz_industrial_motion_planner_testutils' build argument 'cmake_target' from command line to 'None'
[0.395s] Level 5:colcon.colcon_core.verb:set package 'pilz_industrial_motion_planner_testutils' build argument 'cmake_target_skip_unavailable' from command line to 'False'
[0.395s] Level 5:colcon.colcon_core.verb:set package 'pilz_industrial_motion_planner_testutils' build argument 'cmake_clean_cache' from command line to 'False'
[0.395s] Level 5:colcon.colcon_core.verb:set package 'pilz_industrial_motion_planner_testutils' build argument 'cmake_clean_first' from command line to 'False'
[0.395s] Level 5:colcon.colcon_core.verb:set package 'pilz_industrial_motion_planner_testutils' build argument 'cmake_force_configure' from command line to 'False'
[0.395s] Level 5:colcon.colcon_core.verb:set package 'pilz_industrial_motion_planner_testutils' build argument 'ament_cmake_args' from command line to 'None'
[0.395s] Level 5:colcon.colcon_core.verb:set package 'pilz_industrial_motion_planner_testutils' build argument 'catkin_cmake_args' from command line to 'None'
[0.395s] Level 5:colcon.colcon_core.verb:set package 'pilz_industrial_motion_planner_testutils' build argument 'catkin_skip_building_tests' from command line to 'False'
[0.395s] DEBUG:colcon.colcon_core.verb:Building package 'pilz_industrial_motion_planner_testutils' with the following arguments: {'ament_cmake_args': None, 'build_base': '/home/aaron/ur_ws/build/pilz_industrial_motion_planner_testutils', 'catkin_cmake_args': None, 'catkin_skip_building_tests': False, 'cmake_args': None, 'cmake_clean_cache': False, 'cmake_clean_first': False, 'cmake_force_configure': False, 'cmake_target': None, 'cmake_target_skip_unavailable': False, 'install_base': '/home/aaron/ur_ws/install/pilz_industrial_motion_planner_testutils', 'merge_install': False, 'path': '/home/aaron/ur_ws/src/moveit2/moveit_planners/pilz_industrial_motion_planner_testutils', 'symlink_install': False, 'test_result_base': None}
[0.395s] Level 5:colcon.colcon_core.verb:set package 'moveit_chomp_optimizer_adapter' build argument 'cmake_args' from command line to 'None'
[0.395s] Level 5:colcon.colcon_core.verb:set package 'moveit_chomp_optimizer_adapter' build argument 'cmake_target' from command line to 'None'
[0.395s] Level 5:colcon.colcon_core.verb:set package 'moveit_chomp_optimizer_adapter' build argument 'cmake_target_skip_unavailable' from command line to 'False'
[0.395s] Level 5:colcon.colcon_core.verb:set package 'moveit_chomp_optimizer_adapter' build argument 'cmake_clean_cache' from command line to 'False'
[0.395s] Level 5:colcon.colcon_core.verb:set package 'moveit_chomp_optimizer_adapter' build argument 'cmake_clean_first' from command line to 'False'
[0.395s] Level 5:colcon.colcon_core.verb:set package 'moveit_chomp_optimizer_adapter' build argument 'cmake_force_configure' from command line to 'False'
[0.395s] Level 5:colcon.colcon_core.verb:set package 'moveit_chomp_optimizer_adapter' build argument 'ament_cmake_args' from command line to 'None'
[0.395s] Level 5:colcon.colcon_core.verb:set package 'moveit_chomp_optimizer_adapter' build argument 'catkin_cmake_args' from command line to 'None'
[0.395s] Level 5:colcon.colcon_core.verb:set package 'moveit_chomp_optimizer_adapter' build argument 'catkin_skip_building_tests' from command line to 'False'
[0.395s] DEBUG:colcon.colcon_core.verb:Building package 'moveit_chomp_optimizer_adapter' with the following arguments: {'ament_cmake_args': None, 'build_base': '/home/aaron/ur_ws/build/moveit_chomp_optimizer_adapter', 'catkin_cmake_args': None, 'catkin_skip_building_tests': False, 'cmake_args': None, 'cmake_clean_cache': False, 'cmake_clean_first': False, 'cmake_force_configure': False, 'cmake_target': None, 'cmake_target_skip_unavailable': False, 'install_base': '/home/aaron/ur_ws/install/moveit_chomp_optimizer_adapter', 'merge_install': False, 'path': '/home/aaron/ur_ws/src/moveit2/moveit_planners/chomp/chomp_optimizer_adapter', 'symlink_install': False, 'test_result_base': None}
[0.395s] Level 5:colcon.colcon_core.verb:set package 'moveit_planners_chomp' build argument 'cmake_args' from command line to 'None'
[0.395s] Level 5:colcon.colcon_core.verb:set package 'moveit_planners_chomp' build argument 'cmake_target' from command line to 'None'
[0.395s] Level 5:colcon.colcon_core.verb:set package 'moveit_planners_chomp' build argument 'cmake_target_skip_unavailable' from command line to 'False'
[0.395s] Level 5:colcon.colcon_core.verb:set package 'moveit_planners_chomp' build argument 'cmake_clean_cache' from command line to 'False'
[0.395s] Level 5:colcon.colcon_core.verb:set package 'moveit_planners_chomp' build argument 'cmake_clean_first' from command line to 'False'
[0.395s] Level 5:colcon.colcon_core.verb:set package 'moveit_planners_chomp' build argument 'cmake_force_configure' from command line to 'False'
[0.395s] Level 5:colcon.colcon_core.verb:set package 'moveit_planners_chomp' build argument 'ament_cmake_args' from command line to 'None'
[0.395s] Level 5:colcon.colcon_core.verb:set package 'moveit_planners_chomp' build argument 'catkin_cmake_args' from command line to 'None'
[0.395s] Level 5:colcon.colcon_core.verb:set package 'moveit_planners_chomp' build argument 'catkin_skip_building_tests' from command line to 'False'
[0.395s] DEBUG:colcon.colcon_core.verb:Building package 'moveit_planners_chomp' with the following arguments: {'ament_cmake_args': None, 'build_base': '/home/aaron/ur_ws/build/moveit_planners_chomp', 'catkin_cmake_args': None, 'catkin_skip_building_tests': False, 'cmake_args': None, 'cmake_clean_cache': False, 'cmake_clean_first': False, 'cmake_force_configure': False, 'cmake_target': None, 'cmake_target_skip_unavailable': False, 'install_base': '/home/aaron/ur_ws/install/moveit_planners_chomp', 'merge_install': False, 'path': '/home/aaron/ur_ws/src/moveit2/moveit_planners/chomp/chomp_interface', 'symlink_install': False, 'test_result_base': None}
[0.396s] Level 5:colcon.colcon_core.verb:set package 'moveit_plugins' build argument 'cmake_args' from command line to 'None'
[0.396s] Level 5:colcon.colcon_core.verb:set package 'moveit_plugins' build argument 'cmake_target' from command line to 'None'
[0.396s] Level 5:colcon.colcon_core.verb:set package 'moveit_plugins' build argument 'cmake_target_skip_unavailable' from command line to 'False'
[0.396s] Level 5:colcon.colcon_core.verb:set package 'moveit_plugins' build argument 'cmake_clean_cache' from command line to 'False'
[0.396s] Level 5:colcon.colcon_core.verb:set package 'moveit_plugins' build argument 'cmake_clean_first' from command line to 'False'
[0.396s] Level 5:colcon.colcon_core.verb:set package 'moveit_plugins' build argument 'cmake_force_configure' from command line to 'False'
[0.396s] Level 5:colcon.colcon_core.verb:set package 'moveit_plugins' build argument 'ament_cmake_args' from command line to 'None'
[0.396s] Level 5:colcon.colcon_core.verb:set package 'moveit_plugins' build argument 'catkin_cmake_args' from command line to 'None'
[0.396s] Level 5:colcon.colcon_core.verb:set package 'moveit_plugins' build argument 'catkin_skip_building_tests' from command line to 'False'
[0.396s] DEBUG:colcon.colcon_core.verb:Building package 'moveit_plugins' with the following arguments: {'ament_cmake_args': None, 'build_base': '/home/aaron/ur_ws/build/moveit_plugins', 'catkin_cmake_args': None, 'catkin_skip_building_tests': False, 'cmake_args': None, 'cmake_clean_cache': False, 'cmake_clean_first': False, 'cmake_force_configure': False, 'cmake_target': None, 'cmake_target_skip_unavailable': False, 'install_base': '/home/aaron/ur_ws/install/moveit_plugins', 'merge_install': False, 'path': '/home/aaron/ur_ws/src/moveit2/moveit_plugins/moveit_plugins', 'symlink_install': False, 'test_result_base': None}
[0.396s] Level 5:colcon.colcon_core.verb:set package 'moveit_ros_control_interface' build argument 'cmake_args' from command line to 'None'
[0.396s] Level 5:colcon.colcon_core.verb:set package 'moveit_ros_control_interface' build argument 'cmake_target' from command line to 'None'
[0.396s] Level 5:colcon.colcon_core.verb:set package 'moveit_ros_control_interface' build argument 'cmake_target_skip_unavailable' from command line to 'False'
[0.396s] Level 5:colcon.colcon_core.verb:set package 'moveit_ros_control_interface' build argument 'cmake_clean_cache' from command line to 'False'
[0.396s] Level 5:colcon.colcon_core.verb:set package 'moveit_ros_control_interface' build argument 'cmake_clean_first' from command line to 'False'
[0.396s] Level 5:colcon.colcon_core.verb:set package 'moveit_ros_control_interface' build argument 'cmake_force_configure' from command line to 'False'
[0.396s] Level 5:colcon.colcon_core.verb:set package 'moveit_ros_control_interface' build argument 'ament_cmake_args' from command line to 'None'
[0.396s] Level 5:colcon.colcon_core.verb:set package 'moveit_ros_control_interface' build argument 'catkin_cmake_args' from command line to 'None'
[0.396s] Level 5:colcon.colcon_core.verb:set package 'moveit_ros_control_interface' build argument 'catkin_skip_building_tests' from command line to 'False'
[0.396s] DEBUG:colcon.colcon_core.verb:Building package 'moveit_ros_control_interface' with the following arguments: {'ament_cmake_args': None, 'build_base': '/home/aaron/ur_ws/build/moveit_ros_control_interface', 'catkin_cmake_args': None, 'catkin_skip_building_tests': False, 'cmake_args': None, 'cmake_clean_cache': False, 'cmake_clean_first': False, 'cmake_force_configure': False, 'cmake_target': None, 'cmake_target_skip_unavailable': False, 'install_base': '/home/aaron/ur_ws/install/moveit_ros_control_interface', 'merge_install': False, 'path': '/home/aaron/ur_ws/src/moveit2/moveit_plugins/moveit_ros_control_interface', 'symlink_install': False, 'test_result_base': None}
[0.396s] Level 5:colcon.colcon_core.verb:set package 'moveit_ros_planning' build argument 'cmake_args' from command line to 'None'
[0.396s] Level 5:colcon.colcon_core.verb:set package 'moveit_ros_planning' build argument 'cmake_target' from command line to 'None'
[0.396s] Level 5:colcon.colcon_core.verb:set package 'moveit_ros_planning' build argument 'cmake_target_skip_unavailable' from command line to 'False'
[0.396s] Level 5:colcon.colcon_core.verb:set package 'moveit_ros_planning' build argument 'cmake_clean_cache' from command line to 'False'
[0.396s] Level 5:colcon.colcon_core.verb:set package 'moveit_ros_planning' build argument 'cmake_clean_first' from command line to 'False'
[0.396s] Level 5:colcon.colcon_core.verb:set package 'moveit_ros_planning' build argument 'cmake_force_configure' from command line to 'False'
[0.396s] Level 5:colcon.colcon_core.verb:set package 'moveit_ros_planning' build argument 'ament_cmake_args' from command line to 'None'
[0.396s] Level 5:colcon.colcon_core.verb:set package 'moveit_ros_planning' build argument 'catkin_cmake_args' from command line to 'None'
[0.396s] Level 5:colcon.colcon_core.verb:set package 'moveit_ros_planning' build argument 'catkin_skip_building_tests' from command line to 'False'
[0.396s] DEBUG:colcon.colcon_core.verb:Building package 'moveit_ros_planning' with the following arguments: {'ament_cmake_args': None, 'build_base': '/home/aaron/ur_ws/build/moveit_ros_planning', 'catkin_cmake_args': None, 'catkin_skip_building_tests': False, 'cmake_args': None, 'cmake_clean_cache': False, 'cmake_clean_first': False, 'cmake_force_configure': False, 'cmake_target': None, 'cmake_target_skip_unavailable': False, 'install_base': '/home/aaron/ur_ws/install/moveit_ros_planning', 'merge_install': False, 'path': '/home/aaron/ur_ws/src/moveit2/moveit_ros/planning', 'symlink_install': False, 'test_result_base': None}
[0.396s] Level 5:colcon.colcon_core.verb:set package 'moveit_kinematics' build argument 'cmake_args' from command line to 'None'
[0.397s] Level 5:colcon.colcon_core.verb:set package 'moveit_kinematics' build argument 'cmake_target' from command line to 'None'
[0.397s] Level 5:colcon.colcon_core.verb:set package 'moveit_kinematics' build argument 'cmake_target_skip_unavailable' from command line to 'False'
[0.397s] Level 5:colcon.colcon_core.verb:set package 'moveit_kinematics' build argument 'cmake_clean_cache' from command line to 'False'
[0.397s] Level 5:colcon.colcon_core.verb:set package 'moveit_kinematics' build argument 'cmake_clean_first' from command line to 'False'
[0.397s] Level 5:colcon.colcon_core.verb:set package 'moveit_kinematics' build argument 'cmake_force_configure' from command line to 'False'
[0.397s] Level 5:colcon.colcon_core.verb:set package 'moveit_kinematics' build argument 'ament_cmake_args' from command line to 'None'
[0.397s] Level 5:colcon.colcon_core.verb:set package 'moveit_kinematics' build argument 'catkin_cmake_args' from command line to 'None'
[0.397s] Level 5:colcon.colcon_core.verb:set package 'moveit_kinematics' build argument 'catkin_skip_building_tests' from command line to 'False'
[0.397s] DEBUG:colcon.colcon_core.verb:Building package 'moveit_kinematics' with the following arguments: {'ament_cmake_args': None, 'build_base': '/home/aaron/ur_ws/build/moveit_kinematics', 'catkin_cmake_args': None, 'catkin_skip_building_tests': False, 'cmake_args': None, 'cmake_clean_cache': False, 'cmake_clean_first': False, 'cmake_force_configure': False, 'cmake_target': None, 'cmake_target_skip_unavailable': False, 'install_base': '/home/aaron/ur_ws/install/moveit_kinematics', 'merge_install': False, 'path': '/home/aaron/ur_ws/src/moveit2/moveit_kinematics', 'symlink_install': False, 'test_result_base': None}
[0.397s] Level 5:colcon.colcon_core.verb:set package 'moveit_planners_ompl' build argument 'cmake_args' from command line to 'None'
[0.397s] Level 5:colcon.colcon_core.verb:set package 'moveit_planners_ompl' build argument 'cmake_target' from command line to 'None'
[0.397s] Level 5:colcon.colcon_core.verb:set package 'moveit_planners_ompl' build argument 'cmake_target_skip_unavailable' from command line to 'False'
[0.397s] Level 5:colcon.colcon_core.verb:set package 'moveit_planners_ompl' build argument 'cmake_clean_cache' from command line to 'False'
[0.397s] Level 5:colcon.colcon_core.verb:set package 'moveit_planners_ompl' build argument 'cmake_clean_first' from command line to 'False'
[0.397s] Level 5:colcon.colcon_core.verb:set package 'moveit_planners_ompl' build argument 'cmake_force_configure' from command line to 'False'
[0.397s] Level 5:colcon.colcon_core.verb:set package 'moveit_planners_ompl' build argument 'ament_cmake_args' from command line to 'None'
[0.397s] Level 5:colcon.colcon_core.verb:set package 'moveit_planners_ompl' build argument 'catkin_cmake_args' from command line to 'None'
[0.397s] Level 5:colcon.colcon_core.verb:set package 'moveit_planners_ompl' build argument 'catkin_skip_building_tests' from command line to 'False'
[0.397s] DEBUG:colcon.colcon_core.verb:Building package 'moveit_planners_ompl' with the following arguments: {'ament_cmake_args': None, 'build_base': '/home/aaron/ur_ws/build/moveit_planners_ompl', 'catkin_cmake_args': None, 'catkin_skip_building_tests': False, 'cmake_args': None, 'cmake_clean_cache': False, 'cmake_clean_first': False, 'cmake_force_configure': False, 'cmake_target': None, 'cmake_target_skip_unavailable': False, 'install_base': '/home/aaron/ur_ws/install/moveit_planners_ompl', 'merge_install': False, 'path': '/home/aaron/ur_ws/src/moveit2/moveit_planners/ompl', 'symlink_install': False, 'test_result_base': None}
[0.397s] Level 5:colcon.colcon_core.verb:set package 'moveit_ros_perception' build argument 'cmake_args' from command line to 'None'
[0.397s] Level 5:colcon.colcon_core.verb:set package 'moveit_ros_perception' build argument 'cmake_target' from command line to 'None'
[0.397s] Level 5:colcon.colcon_core.verb:set package 'moveit_ros_perception' build argument 'cmake_target_skip_unavailable' from command line to 'False'
[0.397s] Level 5:colcon.colcon_core.verb:set package 'moveit_ros_perception' build argument 'cmake_clean_cache' from command line to 'False'
[0.397s] Level 5:colcon.colcon_core.verb:set package 'moveit_ros_perception' build argument 'cmake_clean_first' from command line to 'False'
[0.397s] Level 5:colcon.colcon_core.verb:set package 'moveit_ros_perception' build argument 'cmake_force_configure' from command line to 'False'
[0.397s] Level 5:colcon.colcon_core.verb:set package 'moveit_ros_perception' build argument 'ament_cmake_args' from command line to 'None'
[0.397s] Level 5:colcon.colcon_core.verb:set package 'moveit_ros_perception' build argument 'catkin_cmake_args' from command line to 'None'
[0.397s] Level 5:colcon.colcon_core.verb:set package 'moveit_ros_perception' build argument 'catkin_skip_building_tests' from command line to 'False'
[0.397s] DEBUG:colcon.colcon_core.verb:Building package 'moveit_ros_perception' with the following arguments: {'ament_cmake_args': None, 'build_base': '/home/aaron/ur_ws/build/moveit_ros_perception', 'catkin_cmake_args': None, 'catkin_skip_building_tests': False, 'cmake_args': None, 'cmake_clean_cache': False, 'cmake_clean_first': False, 'cmake_force_configure': False, 'cmake_target': None, 'cmake_target_skip_unavailable': False, 'install_base': '/home/aaron/ur_ws/install/moveit_ros_perception', 'merge_install': False, 'path': '/home/aaron/ur_ws/src/moveit2/moveit_ros/perception', 'symlink_install': False, 'test_result_base': None}
[0.397s] Level 5:colcon.colcon_core.verb:set package 'moveit_ros_robot_interaction' build argument 'cmake_args' from command line to 'None'
[0.397s] Level 5:colcon.colcon_core.verb:set package 'moveit_ros_robot_interaction' build argument 'cmake_target' from command line to 'None'
[0.397s] Level 5:colcon.colcon_core.verb:set package 'moveit_ros_robot_interaction' build argument 'cmake_target_skip_unavailable' from command line to 'False'
[0.397s] Level 5:colcon.colcon_core.verb:set package 'moveit_ros_robot_interaction' build argument 'cmake_clean_cache' from command line to 'False'
[0.397s] Level 5:colcon.colcon_core.verb:set package 'moveit_ros_robot_interaction' build argument 'cmake_clean_first' from command line to 'False'
[0.397s] Level 5:colcon.colcon_core.verb:set package 'moveit_ros_robot_interaction' build argument 'cmake_force_configure' from command line to 'False'
[0.397s] Level 5:colcon.colcon_core.verb:set package 'moveit_ros_robot_interaction' build argument 'ament_cmake_args' from command line to 'None'
[0.398s] Level 5:colcon.colcon_core.verb:set package 'moveit_ros_robot_interaction' build argument 'catkin_cmake_args' from command line to 'None'
[0.398s] Level 5:colcon.colcon_core.verb:set package 'moveit_ros_robot_interaction' build argument 'catkin_skip_building_tests' from command line to 'False'
[0.398s] DEBUG:colcon.colcon_core.verb:Building package 'moveit_ros_robot_interaction' with the following arguments: {'ament_cmake_args': None, 'build_base': '/home/aaron/ur_ws/build/moveit_ros_robot_interaction', 'catkin_cmake_args': None, 'catkin_skip_building_tests': False, 'cmake_args': None, 'cmake_clean_cache': False, 'cmake_clean_first': False, 'cmake_force_configure': False, 'cmake_target': None, 'cmake_target_skip_unavailable': False, 'install_base': '/home/aaron/ur_ws/install/moveit_ros_robot_interaction', 'merge_install': False, 'path': '/home/aaron/ur_ws/src/moveit2/moveit_ros/robot_interaction', 'symlink_install': False, 'test_result_base': None}
[0.398s] Level 5:colcon.colcon_core.verb:set package 'moveit_ros_warehouse' build argument 'cmake_args' from command line to 'None'
[0.398s] Level 5:colcon.colcon_core.verb:set package 'moveit_ros_warehouse' build argument 'cmake_target' from command line to 'None'
[0.398s] Level 5:colcon.colcon_core.verb:set package 'moveit_ros_warehouse' build argument 'cmake_target_skip_unavailable' from command line to 'False'
[0.398s] Level 5:colcon.colcon_core.verb:set package 'moveit_ros_warehouse' build argument 'cmake_clean_cache' from command line to 'False'
[0.398s] Level 5:colcon.colcon_core.verb:set package 'moveit_ros_warehouse' build argument 'cmake_clean_first' from command line to 'False'
[0.398s] Level 5:colcon.colcon_core.verb:set package 'moveit_ros_warehouse' build argument 'cmake_force_configure' from command line to 'False'
[0.398s] Level 5:colcon.colcon_core.verb:set package 'moveit_ros_warehouse' build argument 'ament_cmake_args' from command line to 'None'
[0.398s] Level 5:colcon.colcon_core.verb:set package 'moveit_ros_warehouse' build argument 'catkin_cmake_args' from command line to 'None'
[0.398s] Level 5:colcon.colcon_core.verb:set package 'moveit_ros_warehouse' build argument 'catkin_skip_building_tests' from command line to 'False'
[0.398s] DEBUG:colcon.colcon_core.verb:Building package 'moveit_ros_warehouse' with the following arguments: {'ament_cmake_args': None, 'build_base': '/home/aaron/ur_ws/build/moveit_ros_warehouse', 'catkin_cmake_args': None, 'catkin_skip_building_tests': False, 'cmake_args': None, 'cmake_clean_cache': False, 'cmake_clean_first': False, 'cmake_force_configure': False, 'cmake_target': None, 'cmake_target_skip_unavailable': False, 'install_base': '/home/aaron/ur_ws/install/moveit_ros_warehouse', 'merge_install': False, 'path': '/home/aaron/ur_ws/src/moveit2/moveit_ros/warehouse', 'symlink_install': False, 'test_result_base': None}
[0.398s] Level 5:colcon.colcon_core.verb:set package 'moveit_visual_tools' build argument 'cmake_args' from command line to 'None'
[0.398s] Level 5:colcon.colcon_core.verb:set package 'moveit_visual_tools' build argument 'cmake_target' from command line to 'None'
[0.398s] Level 5:colcon.colcon_core.verb:set package 'moveit_visual_tools' build argument 'cmake_target_skip_unavailable' from command line to 'False'
[0.398s] Level 5:colcon.colcon_core.verb:set package 'moveit_visual_tools' build argument 'cmake_clean_cache' from command line to 'False'
[0.398s] Level 5:colcon.colcon_core.verb:set package 'moveit_visual_tools' build argument 'cmake_clean_first' from command line to 'False'
[0.398s] Level 5:colcon.colcon_core.verb:set package 'moveit_visual_tools' build argument 'cmake_force_configure' from command line to 'False'
[0.398s] Level 5:colcon.colcon_core.verb:set package 'moveit_visual_tools' build argument 'ament_cmake_args' from command line to 'None'
[0.398s] Level 5:colcon.colcon_core.verb:set package 'moveit_visual_tools' build argument 'catkin_cmake_args' from command line to 'None'
[0.398s] Level 5:colcon.colcon_core.verb:set package 'moveit_visual_tools' build argument 'catkin_skip_building_tests' from command line to 'False'
[0.398s] DEBUG:colcon.colcon_core.verb:Building package 'moveit_visual_tools' with the following arguments: {'ament_cmake_args': None, 'build_base': '/home/aaron/ur_ws/build/moveit_visual_tools', 'catkin_cmake_args': None, 'catkin_skip_building_tests': False, 'cmake_args': None, 'cmake_clean_cache': False, 'cmake_clean_first': False, 'cmake_force_configure': False, 'cmake_target': None, 'cmake_target_skip_unavailable': False, 'install_base': '/home/aaron/ur_ws/install/moveit_visual_tools', 'merge_install': False, 'path': '/home/aaron/ur_ws/src/moveit_visual_tools', 'symlink_install': False, 'test_result_base': None}
[0.398s] Level 5:colcon.colcon_core.verb:set package 'moveit_ros_benchmarks' build argument 'cmake_args' from command line to 'None'
[0.398s] Level 5:colcon.colcon_core.verb:set package 'moveit_ros_benchmarks' build argument 'cmake_target' from command line to 'None'
[0.398s] Level 5:colcon.colcon_core.verb:set package 'moveit_ros_benchmarks' build argument 'cmake_target_skip_unavailable' from command line to 'False'
[0.398s] Level 5:colcon.colcon_core.verb:set package 'moveit_ros_benchmarks' build argument 'cmake_clean_cache' from command line to 'False'
[0.398s] Level 5:colcon.colcon_core.verb:set package 'moveit_ros_benchmarks' build argument 'cmake_clean_first' from command line to 'False'
[0.398s] Level 5:colcon.colcon_core.verb:set package 'moveit_ros_benchmarks' build argument 'cmake_force_configure' from command line to 'False'
[0.398s] Level 5:colcon.colcon_core.verb:set package 'moveit_ros_benchmarks' build argument 'ament_cmake_args' from command line to 'None'
[0.398s] Level 5:colcon.colcon_core.verb:set package 'moveit_ros_benchmarks' build argument 'catkin_cmake_args' from command line to 'None'
[0.398s] Level 5:colcon.colcon_core.verb:set package 'moveit_ros_benchmarks' build argument 'catkin_skip_building_tests' from command line to 'False'
[0.398s] DEBUG:colcon.colcon_core.verb:Building package 'moveit_ros_benchmarks' with the following arguments: {'ament_cmake_args': None, 'build_base': '/home/aaron/ur_ws/build/moveit_ros_benchmarks', 'catkin_cmake_args': None, 'catkin_skip_building_tests': False, 'cmake_args': None, 'cmake_clean_cache': False, 'cmake_clean_first': False, 'cmake_force_configure': False, 'cmake_target': None, 'cmake_target_skip_unavailable': False, 'install_base': '/home/aaron/ur_ws/install/moveit_ros_benchmarks', 'merge_install': False, 'path': '/home/aaron/ur_ws/src/moveit2/moveit_ros/benchmarks', 'symlink_install': False, 'test_result_base': None}
[0.399s] Level 5:colcon.colcon_core.verb:set package 'moveit_ros_move_group' build argument 'cmake_args' from command line to 'None'
[0.399s] Level 5:colcon.colcon_core.verb:set package 'moveit_ros_move_group' build argument 'cmake_target' from command line to 'None'
[0.399s] Level 5:colcon.colcon_core.verb:set package 'moveit_ros_move_group' build argument 'cmake_target_skip_unavailable' from command line to 'False'
[0.399s] Level 5:colcon.colcon_core.verb:set package 'moveit_ros_move_group' build argument 'cmake_clean_cache' from command line to 'False'
[0.399s] Level 5:colcon.colcon_core.verb:set package 'moveit_ros_move_group' build argument 'cmake_clean_first' from command line to 'False'
[0.399s] Level 5:colcon.colcon_core.verb:set package 'moveit_ros_move_group' build argument 'cmake_force_configure' from command line to 'False'
[0.399s] Level 5:colcon.colcon_core.verb:set package 'moveit_ros_move_group' build argument 'ament_cmake_args' from command line to 'None'
[0.399s] Level 5:colcon.colcon_core.verb:set package 'moveit_ros_move_group' build argument 'catkin_cmake_args' from command line to 'None'
[0.399s] Level 5:colcon.colcon_core.verb:set package 'moveit_ros_move_group' build argument 'catkin_skip_building_tests' from command line to 'False'
[0.399s] DEBUG:colcon.colcon_core.verb:Building package 'moveit_ros_move_group' with the following arguments: {'ament_cmake_args': None, 'build_base': '/home/aaron/ur_ws/build/moveit_ros_move_group', 'catkin_cmake_args': None, 'catkin_skip_building_tests': False, 'cmake_args': None, 'cmake_clean_cache': False, 'cmake_clean_first': False, 'cmake_force_configure': False, 'cmake_target': None, 'cmake_target_skip_unavailable': False, 'install_base': '/home/aaron/ur_ws/install/moveit_ros_move_group', 'merge_install': False, 'path': '/home/aaron/ur_ws/src/moveit2/moveit_ros/move_group', 'symlink_install': False, 'test_result_base': None}
[0.399s] Level 5:colcon.colcon_core.verb:set package 'moveit_resources_prbt_moveit_config' build argument 'cmake_args' from command line to 'None'
[0.399s] Level 5:colcon.colcon_core.verb:set package 'moveit_resources_prbt_moveit_config' build argument 'cmake_target' from command line to 'None'
[0.399s] Level 5:colcon.colcon_core.verb:set package 'moveit_resources_prbt_moveit_config' build argument 'cmake_target_skip_unavailable' from command line to 'False'
[0.399s] Level 5:colcon.colcon_core.verb:set package 'moveit_resources_prbt_moveit_config' build argument 'cmake_clean_cache' from command line to 'False'
[0.399s] Level 5:colcon.colcon_core.verb:set package 'moveit_resources_prbt_moveit_config' build argument 'cmake_clean_first' from command line to 'False'
[0.399s] Level 5:colcon.colcon_core.verb:set package 'moveit_resources_prbt_moveit_config' build argument 'cmake_force_configure' from command line to 'False'
[0.399s] Level 5:colcon.colcon_core.verb:set package 'moveit_resources_prbt_moveit_config' build argument 'ament_cmake_args' from command line to 'None'
[0.399s] Level 5:colcon.colcon_core.verb:set package 'moveit_resources_prbt_moveit_config' build argument 'catkin_cmake_args' from command line to 'None'
[0.399s] Level 5:colcon.colcon_core.verb:set package 'moveit_resources_prbt_moveit_config' build argument 'catkin_skip_building_tests' from command line to 'False'
[0.399s] DEBUG:colcon.colcon_core.verb:Building package 'moveit_resources_prbt_moveit_config' with the following arguments: {'ament_cmake_args': None, 'build_base': '/home/aaron/ur_ws/build/moveit_resources_prbt_moveit_config', 'catkin_cmake_args': None, 'catkin_skip_building_tests': False, 'cmake_args': None, 'cmake_clean_cache': False, 'cmake_clean_first': False, 'cmake_force_configure': False, 'cmake_target': None, 'cmake_target_skip_unavailable': False, 'install_base': '/home/aaron/ur_ws/install/moveit_resources_prbt_moveit_config', 'merge_install': False, 'path': '/home/aaron/ur_ws/src/moveit2/moveit_planners/test_configs/prbt_moveit_config', 'symlink_install': False, 'test_result_base': None}
[0.399s] Level 5:colcon.colcon_core.verb:set package 'moveit_ros_planning_interface' build argument 'cmake_args' from command line to 'None'
[0.399s] Level 5:colcon.colcon_core.verb:set package 'moveit_ros_planning_interface' build argument 'cmake_target' from command line to 'None'
[0.399s] Level 5:colcon.colcon_core.verb:set package 'moveit_ros_planning_interface' build argument 'cmake_target_skip_unavailable' from command line to 'False'
[0.399s] Level 5:colcon.colcon_core.verb:set package 'moveit_ros_planning_interface' build argument 'cmake_clean_cache' from command line to 'False'
[0.399s] Level 5:colcon.colcon_core.verb:set package 'moveit_ros_planning_interface' build argument 'cmake_clean_first' from command line to 'False'
[0.399s] Level 5:colcon.colcon_core.verb:set package 'moveit_ros_planning_interface' build argument 'cmake_force_configure' from command line to 'False'
[0.399s] Level 5:colcon.colcon_core.verb:set package 'moveit_ros_planning_interface' build argument 'ament_cmake_args' from command line to 'None'
[0.399s] Level 5:colcon.colcon_core.verb:set package 'moveit_ros_planning_interface' build argument 'catkin_cmake_args' from command line to 'None'
[0.399s] Level 5:colcon.colcon_core.verb:set package 'moveit_ros_planning_interface' build argument 'catkin_skip_building_tests' from command line to 'False'
[0.399s] DEBUG:colcon.colcon_core.verb:Building package 'moveit_ros_planning_interface' with the following arguments: {'ament_cmake_args': None, 'build_base': '/home/aaron/ur_ws/build/moveit_ros_planning_interface', 'catkin_cmake_args': None, 'catkin_skip_building_tests': False, 'cmake_args': None, 'cmake_clean_cache': False, 'cmake_clean_first': False, 'cmake_force_configure': False, 'cmake_target': None, 'cmake_target_skip_unavailable': False, 'install_base': '/home/aaron/ur_ws/install/moveit_ros_planning_interface', 'merge_install': False, 'path': '/home/aaron/ur_ws/src/moveit2/moveit_ros/planning_interface', 'symlink_install': False, 'test_result_base': None}
[0.400s] Level 5:colcon.colcon_core.verb:set package 'moveit_hybrid_planning' build argument 'cmake_args' from command line to 'None'
[0.400s] Level 5:colcon.colcon_core.verb:set package 'moveit_hybrid_planning' build argument 'cmake_target' from command line to 'None'
[0.400s] Level 5:colcon.colcon_core.verb:set package 'moveit_hybrid_planning' build argument 'cmake_target_skip_unavailable' from command line to 'False'
[0.400s] Level 5:colcon.colcon_core.verb:set package 'moveit_hybrid_planning' build argument 'cmake_clean_cache' from command line to 'False'
[0.400s] Level 5:colcon.colcon_core.verb:set package 'moveit_hybrid_planning' build argument 'cmake_clean_first' from command line to 'False'
[0.400s] Level 5:colcon.colcon_core.verb:set package 'moveit_hybrid_planning' build argument 'cmake_force_configure' from command line to 'False'
[0.400s] Level 5:colcon.colcon_core.verb:set package 'moveit_hybrid_planning' build argument 'ament_cmake_args' from command line to 'None'
[0.400s] Level 5:colcon.colcon_core.verb:set package 'moveit_hybrid_planning' build argument 'catkin_cmake_args' from command line to 'None'
[0.400s] Level 5:colcon.colcon_core.verb:set package 'moveit_hybrid_planning' build argument 'catkin_skip_building_tests' from command line to 'False'
[0.400s] DEBUG:colcon.colcon_core.verb:Building package 'moveit_hybrid_planning' with the following arguments: {'ament_cmake_args': None, 'build_base': '/home/aaron/ur_ws/build/moveit_hybrid_planning', 'catkin_cmake_args': None, 'catkin_skip_building_tests': False, 'cmake_args': None, 'cmake_clean_cache': False, 'cmake_clean_first': False, 'cmake_force_configure': False, 'cmake_target': None, 'cmake_target_skip_unavailable': False, 'install_base': '/home/aaron/ur_ws/install/moveit_hybrid_planning', 'merge_install': False, 'path': '/home/aaron/ur_ws/src/moveit2/moveit_ros/hybrid_planning', 'symlink_install': False, 'test_result_base': None}
[0.400s] Level 5:colcon.colcon_core.verb:set package 'moveit_py' build argument 'cmake_args' from command line to 'None'
[0.400s] Level 5:colcon.colcon_core.verb:set package 'moveit_py' build argument 'cmake_target' from command line to 'None'
[0.400s] Level 5:colcon.colcon_core.verb:set package 'moveit_py' build argument 'cmake_target_skip_unavailable' from command line to 'False'
[0.400s] Level 5:colcon.colcon_core.verb:set package 'moveit_py' build argument 'cmake_clean_cache' from command line to 'False'
[0.400s] Level 5:colcon.colcon_core.verb:set package 'moveit_py' build argument 'cmake_clean_first' from command line to 'False'
[0.400s] Level 5:colcon.colcon_core.verb:set package 'moveit_py' build argument 'cmake_force_configure' from command line to 'False'
[0.400s] Level 5:colcon.colcon_core.verb:set package 'moveit_py' build argument 'ament_cmake_args' from command line to 'None'
[0.400s] Level 5:colcon.colcon_core.verb:set package 'moveit_py' build argument 'catkin_cmake_args' from command line to 'None'
[0.400s] Level 5:colcon.colcon_core.verb:set package 'moveit_py' build argument 'catkin_skip_building_tests' from command line to 'False'
[0.400s] DEBUG:colcon.colcon_core.verb:Building package 'moveit_py' with the following arguments: {'ament_cmake_args': None, 'build_base': '/home/aaron/ur_ws/build/moveit_py', 'catkin_cmake_args': None, 'catkin_skip_building_tests': False, 'cmake_args': None, 'cmake_clean_cache': False, 'cmake_clean_first': False, 'cmake_force_configure': False, 'cmake_target': None, 'cmake_target_skip_unavailable': False, 'install_base': '/home/aaron/ur_ws/install/moveit_py', 'merge_install': False, 'path': '/home/aaron/ur_ws/src/moveit2/moveit_py', 'symlink_install': False, 'test_result_base': None}
[0.400s] Level 5:colcon.colcon_core.verb:set package 'moveit_resources_prbt_pg70_support' build argument 'cmake_args' from command line to 'None'
[0.400s] Level 5:colcon.colcon_core.verb:set package 'moveit_resources_prbt_pg70_support' build argument 'cmake_target' from command line to 'None'
[0.400s] Level 5:colcon.colcon_core.verb:set package 'moveit_resources_prbt_pg70_support' build argument 'cmake_target_skip_unavailable' from command line to 'False'
[0.400s] Level 5:colcon.colcon_core.verb:set package 'moveit_resources_prbt_pg70_support' build argument 'cmake_clean_cache' from command line to 'False'
[0.400s] Level 5:colcon.colcon_core.verb:set package 'moveit_resources_prbt_pg70_support' build argument 'cmake_clean_first' from command line to 'False'
[0.400s] Level 5:colcon.colcon_core.verb:set package 'moveit_resources_prbt_pg70_support' build argument 'cmake_force_configure' from command line to 'False'
[0.400s] Level 5:colcon.colcon_core.verb:set package 'moveit_resources_prbt_pg70_support' build argument 'ament_cmake_args' from command line to 'None'
[0.400s] Level 5:colcon.colcon_core.verb:set package 'moveit_resources_prbt_pg70_support' build argument 'catkin_cmake_args' from command line to 'None'
[0.400s] Level 5:colcon.colcon_core.verb:set package 'moveit_resources_prbt_pg70_support' build argument 'catkin_skip_building_tests' from command line to 'False'
[0.400s] DEBUG:colcon.colcon_core.verb:Building package 'moveit_resources_prbt_pg70_support' with the following arguments: {'ament_cmake_args': None, 'build_base': '/home/aaron/ur_ws/build/moveit_resources_prbt_pg70_support', 'catkin_cmake_args': None, 'catkin_skip_building_tests': False, 'cmake_args': None, 'cmake_clean_cache': False, 'cmake_clean_first': False, 'cmake_force_configure': False, 'cmake_target': None, 'cmake_target_skip_unavailable': False, 'install_base': '/home/aaron/ur_ws/install/moveit_resources_prbt_pg70_support', 'merge_install': False, 'path': '/home/aaron/ur_ws/src/moveit2/moveit_planners/test_configs/prbt_pg70_support', 'symlink_install': False, 'test_result_base': None}
[0.400s] Level 5:colcon.colcon_core.verb:set package 'moveit_ros_visualization' build argument 'cmake_args' from command line to 'None'
[0.401s] Level 5:colcon.colcon_core.verb:set package 'moveit_ros_visualization' build argument 'cmake_target' from command line to 'None'
[0.401s] Level 5:colcon.colcon_core.verb:set package 'moveit_ros_visualization' build argument 'cmake_target_skip_unavailable' from command line to 'False'
[0.401s] Level 5:colcon.colcon_core.verb:set package 'moveit_ros_visualization' build argument 'cmake_clean_cache' from command line to 'False'
[0.401s] Level 5:colcon.colcon_core.verb:set package 'moveit_ros_visualization' build argument 'cmake_clean_first' from command line to 'False'
[0.401s] Level 5:colcon.colcon_core.verb:set package 'moveit_ros_visualization' build argument 'cmake_force_configure' from command line to 'False'
[0.401s] Level 5:colcon.colcon_core.verb:set package 'moveit_ros_visualization' build argument 'ament_cmake_args' from command line to 'None'
[0.401s] Level 5:colcon.colcon_core.verb:set package 'moveit_ros_visualization' build argument 'catkin_cmake_args' from command line to 'None'
[0.401s] Level 5:colcon.colcon_core.verb:set package 'moveit_ros_visualization' build argument 'catkin_skip_building_tests' from command line to 'False'
[0.401s] DEBUG:colcon.colcon_core.verb:Building package 'moveit_ros_visualization' with the following arguments: {'ament_cmake_args': None, 'build_base': '/home/aaron/ur_ws/build/moveit_ros_visualization', 'catkin_cmake_args': None, 'catkin_skip_building_tests': False, 'cmake_args': None, 'cmake_clean_cache': False, 'cmake_clean_first': False, 'cmake_force_configure': False, 'cmake_target': None, 'cmake_target_skip_unavailable': False, 'install_base': '/home/aaron/ur_ws/install/moveit_ros_visualization', 'merge_install': False, 'path': '/home/aaron/ur_ws/src/moveit2/moveit_ros/visualization', 'symlink_install': False, 'test_result_base': None}
[0.401s] Level 5:colcon.colcon_core.verb:set package 'moveit_servo' build argument 'cmake_args' from command line to 'None'
[0.401s] Level 5:colcon.colcon_core.verb:set package 'moveit_servo' build argument 'cmake_target' from command line to 'None'
[0.401s] Level 5:colcon.colcon_core.verb:set package 'moveit_servo' build argument 'cmake_target_skip_unavailable' from command line to 'False'
[0.401s] Level 5:colcon.colcon_core.verb:set package 'moveit_servo' build argument 'cmake_clean_cache' from command line to 'False'
[0.401s] Level 5:colcon.colcon_core.verb:set package 'moveit_servo' build argument 'cmake_clean_first' from command line to 'False'
[0.401s] Level 5:colcon.colcon_core.verb:set package 'moveit_servo' build argument 'cmake_force_configure' from command line to 'False'
[0.401s] Level 5:colcon.colcon_core.verb:set package 'moveit_servo' build argument 'ament_cmake_args' from command line to 'None'
[0.401s] Level 5:colcon.colcon_core.verb:set package 'moveit_servo' build argument 'catkin_cmake_args' from command line to 'None'
[0.401s] Level 5:colcon.colcon_core.verb:set package 'moveit_servo' build argument 'catkin_skip_building_tests' from command line to 'False'
[0.401s] DEBUG:colcon.colcon_core.verb:Building package 'moveit_servo' with the following arguments: {'ament_cmake_args': None, 'build_base': '/home/aaron/ur_ws/build/moveit_servo', 'catkin_cmake_args': None, 'catkin_skip_building_tests': False, 'cmake_args': None, 'cmake_clean_cache': False, 'cmake_clean_first': False, 'cmake_force_configure': False, 'cmake_target': None, 'cmake_target_skip_unavailable': False, 'install_base': '/home/aaron/ur_ws/install/moveit_servo', 'merge_install': False, 'path': '/home/aaron/ur_ws/src/moveit2/moveit_ros/moveit_servo', 'symlink_install': False, 'test_result_base': None}
[0.401s] Level 5:colcon.colcon_core.verb:set package 'moveit_ros' build argument 'cmake_args' from command line to 'None'
[0.401s] Level 5:colcon.colcon_core.verb:set package 'moveit_ros' build argument 'cmake_target' from command line to 'None'
[0.401s] Level 5:colcon.colcon_core.verb:set package 'moveit_ros' build argument 'cmake_target_skip_unavailable' from command line to 'False'
[0.401s] Level 5:colcon.colcon_core.verb:set package 'moveit_ros' build argument 'cmake_clean_cache' from command line to 'False'
[0.401s] Level 5:colcon.colcon_core.verb:set package 'moveit_ros' build argument 'cmake_clean_first' from command line to 'False'
[0.401s] Level 5:colcon.colcon_core.verb:set package 'moveit_ros' build argument 'cmake_force_configure' from command line to 'False'
[0.401s] Level 5:colcon.colcon_core.verb:set package 'moveit_ros' build argument 'ament_cmake_args' from command line to 'None'
[0.401s] Level 5:colcon.colcon_core.verb:set package 'moveit_ros' build argument 'catkin_cmake_args' from command line to 'None'
[0.401s] Level 5:colcon.colcon_core.verb:set package 'moveit_ros' build argument 'catkin_skip_building_tests' from command line to 'False'
[0.401s] DEBUG:colcon.colcon_core.verb:Building package 'moveit_ros' with the following arguments: {'ament_cmake_args': None, 'build_base': '/home/aaron/ur_ws/build/moveit_ros', 'catkin_cmake_args': None, 'catkin_skip_building_tests': False, 'cmake_args': None, 'cmake_clean_cache': False, 'cmake_clean_first': False, 'cmake_force_configure': False, 'cmake_target': None, 'cmake_target_skip_unavailable': False, 'install_base': '/home/aaron/ur_ws/install/moveit_ros', 'merge_install': False, 'path': '/home/aaron/ur_ws/src/moveit2/moveit_ros/moveit_ros', 'symlink_install': False, 'test_result_base': None}
[0.401s] Level 5:colcon.colcon_core.verb:set package 'moveit_setup_framework' build argument 'cmake_args' from command line to 'None'
[0.401s] Level 5:colcon.colcon_core.verb:set package 'moveit_setup_framework' build argument 'cmake_target' from command line to 'None'
[0.401s] Level 5:colcon.colcon_core.verb:set package 'moveit_setup_framework' build argument 'cmake_target_skip_unavailable' from command line to 'False'
[0.401s] Level 5:colcon.colcon_core.verb:set package 'moveit_setup_framework' build argument 'cmake_clean_cache' from command line to 'False'
[0.401s] Level 5:colcon.colcon_core.verb:set package 'moveit_setup_framework' build argument 'cmake_clean_first' from command line to 'False'
[0.402s] Level 5:colcon.colcon_core.verb:set package 'moveit_setup_framework' build argument 'cmake_force_configure' from command line to 'False'
[0.402s] Level 5:colcon.colcon_core.verb:set package 'moveit_setup_framework' build argument 'ament_cmake_args' from command line to 'None'
[0.402s] Level 5:colcon.colcon_core.verb:set package 'moveit_setup_framework' build argument 'catkin_cmake_args' from command line to 'None'
[0.402s] Level 5:colcon.colcon_core.verb:set package 'moveit_setup_framework' build argument 'catkin_skip_building_tests' from command line to 'False'
[0.402s] DEBUG:colcon.colcon_core.verb:Building package 'moveit_setup_framework' with the following arguments: {'ament_cmake_args': None, 'build_base': '/home/aaron/ur_ws/build/moveit_setup_framework', 'catkin_cmake_args': None, 'catkin_skip_building_tests': False, 'cmake_args': None, 'cmake_clean_cache': False, 'cmake_clean_first': False, 'cmake_force_configure': False, 'cmake_target': None, 'cmake_target_skip_unavailable': False, 'install_base': '/home/aaron/ur_ws/install/moveit_setup_framework', 'merge_install': False, 'path': '/home/aaron/ur_ws/src/moveit2/moveit_setup_assistant/moveit_setup_framework', 'symlink_install': False, 'test_result_base': None}
[0.402s] Level 5:colcon.colcon_core.verb:set package 'pilz_industrial_motion_planner' build argument 'cmake_args' from command line to 'None'
[0.402s] Level 5:colcon.colcon_core.verb:set package 'pilz_industrial_motion_planner' build argument 'cmake_target' from command line to 'None'
[0.402s] Level 5:colcon.colcon_core.verb:set package 'pilz_industrial_motion_planner' build argument 'cmake_target_skip_unavailable' from command line to 'False'
[0.402s] Level 5:colcon.colcon_core.verb:set package 'pilz_industrial_motion_planner' build argument 'cmake_clean_cache' from command line to 'False'
[0.402s] Level 5:colcon.colcon_core.verb:set package 'pilz_industrial_motion_planner' build argument 'cmake_clean_first' from command line to 'False'
[0.402s] Level 5:colcon.colcon_core.verb:set package 'pilz_industrial_motion_planner' build argument 'cmake_force_configure' from command line to 'False'
[0.402s] Level 5:colcon.colcon_core.verb:set package 'pilz_industrial_motion_planner' build argument 'ament_cmake_args' from command line to 'None'
[0.402s] Level 5:colcon.colcon_core.verb:set package 'pilz_industrial_motion_planner' build argument 'catkin_cmake_args' from command line to 'None'
[0.402s] Level 5:colcon.colcon_core.verb:set package 'pilz_industrial_motion_planner' build argument 'catkin_skip_building_tests' from command line to 'False'
[0.402s] DEBUG:colcon.colcon_core.verb:Building package 'pilz_industrial_motion_planner' with the following arguments: {'ament_cmake_args': None, 'build_base': '/home/aaron/ur_ws/build/pilz_industrial_motion_planner', 'catkin_cmake_args': None, 'catkin_skip_building_tests': False, 'cmake_args': None, 'cmake_clean_cache': False, 'cmake_clean_first': False, 'cmake_force_configure': False, 'cmake_target': None, 'cmake_target_skip_unavailable': False, 'install_base': '/home/aaron/ur_ws/install/pilz_industrial_motion_planner', 'merge_install': False, 'path': '/home/aaron/ur_ws/src/moveit2/moveit_planners/pilz_industrial_motion_planner', 'symlink_install': False, 'test_result_base': None}
[0.402s] Level 5:colcon.colcon_core.verb:set package 'moveit_planners' build argument 'cmake_args' from command line to 'None'
[0.402s] Level 5:colcon.colcon_core.verb:set package 'moveit_planners' build argument 'cmake_target' from command line to 'None'
[0.402s] Level 5:colcon.colcon_core.verb:set package 'moveit_planners' build argument 'cmake_target_skip_unavailable' from command line to 'False'
[0.402s] Level 5:colcon.colcon_core.verb:set package 'moveit_planners' build argument 'cmake_clean_cache' from command line to 'False'
[0.402s] Level 5:colcon.colcon_core.verb:set package 'moveit_planners' build argument 'cmake_clean_first' from command line to 'False'
[0.402s] Level 5:colcon.colcon_core.verb:set package 'moveit_planners' build argument 'cmake_force_configure' from command line to 'False'
[0.402s] Level 5:colcon.colcon_core.verb:set package 'moveit_planners' build argument 'ament_cmake_args' from command line to 'None'
[0.402s] Level 5:colcon.colcon_core.verb:set package 'moveit_planners' build argument 'catkin_cmake_args' from command line to 'None'
[0.402s] Level 5:colcon.colcon_core.verb:set package 'moveit_planners' build argument 'catkin_skip_building_tests' from command line to 'False'
[0.402s] DEBUG:colcon.colcon_core.verb:Building package 'moveit_planners' with the following arguments: {'ament_cmake_args': None, 'build_base': '/home/aaron/ur_ws/build/moveit_planners', 'catkin_cmake_args': None, 'catkin_skip_building_tests': False, 'cmake_args': None, 'cmake_clean_cache': False, 'cmake_clean_first': False, 'cmake_force_configure': False, 'cmake_target': None, 'cmake_target_skip_unavailable': False, 'install_base': '/home/aaron/ur_ws/install/moveit_planners', 'merge_install': False, 'path': '/home/aaron/ur_ws/src/moveit2/moveit_planners/moveit_planners', 'symlink_install': False, 'test_result_base': None}
[0.402s] Level 5:colcon.colcon_core.verb:set package 'moveit_setup_app_plugins' build argument 'cmake_args' from command line to 'None'
[0.402s] Level 5:colcon.colcon_core.verb:set package 'moveit_setup_app_plugins' build argument 'cmake_target' from command line to 'None'
[0.402s] Level 5:colcon.colcon_core.verb:set package 'moveit_setup_app_plugins' build argument 'cmake_target_skip_unavailable' from command line to 'False'
[0.402s] Level 5:colcon.colcon_core.verb:set package 'moveit_setup_app_plugins' build argument 'cmake_clean_cache' from command line to 'False'
[0.402s] Level 5:colcon.colcon_core.verb:set package 'moveit_setup_app_plugins' build argument 'cmake_clean_first' from command line to 'False'
[0.402s] Level 5:colcon.colcon_core.verb:set package 'moveit_setup_app_plugins' build argument 'cmake_force_configure' from command line to 'False'
[0.402s] Level 5:colcon.colcon_core.verb:set package 'moveit_setup_app_plugins' build argument 'ament_cmake_args' from command line to 'None'
[0.402s] Level 5:colcon.colcon_core.verb:set package 'moveit_setup_app_plugins' build argument 'catkin_cmake_args' from command line to 'None'
[0.402s] Level 5:colcon.colcon_core.verb:set package 'moveit_setup_app_plugins' build argument 'catkin_skip_building_tests' from command line to 'False'
[0.402s] DEBUG:colcon.colcon_core.verb:Building package 'moveit_setup_app_plugins' with the following arguments: {'ament_cmake_args': None, 'build_base': '/home/aaron/ur_ws/build/moveit_setup_app_plugins', 'catkin_cmake_args': None, 'catkin_skip_building_tests': False, 'cmake_args': None, 'cmake_clean_cache': False, 'cmake_clean_first': False, 'cmake_force_configure': False, 'cmake_target': None, 'cmake_target_skip_unavailable': False, 'install_base': '/home/aaron/ur_ws/install/moveit_setup_app_plugins', 'merge_install': False, 'path': '/home/aaron/ur_ws/src/moveit2/moveit_setup_assistant/moveit_setup_app_plugins', 'symlink_install': False, 'test_result_base': None}
[0.403s] Level 5:colcon.colcon_core.verb:set package 'moveit_setup_controllers' build argument 'cmake_args' from command line to 'None'
[0.403s] Level 5:colcon.colcon_core.verb:set package 'moveit_setup_controllers' build argument 'cmake_target' from command line to 'None'
[0.403s] Level 5:colcon.colcon_core.verb:set package 'moveit_setup_controllers' build argument 'cmake_target_skip_unavailable' from command line to 'False'
[0.403s] Level 5:colcon.colcon_core.verb:set package 'moveit_setup_controllers' build argument 'cmake_clean_cache' from command line to 'False'
[0.403s] Level 5:colcon.colcon_core.verb:set package 'moveit_setup_controllers' build argument 'cmake_clean_first' from command line to 'False'
[0.403s] Level 5:colcon.colcon_core.verb:set package 'moveit_setup_controllers' build argument 'cmake_force_configure' from command line to 'False'
[0.403s] Level 5:colcon.colcon_core.verb:set package 'moveit_setup_controllers' build argument 'ament_cmake_args' from command line to 'None'
[0.403s] Level 5:colcon.colcon_core.verb:set package 'moveit_setup_controllers' build argument 'catkin_cmake_args' from command line to 'None'
[0.403s] Level 5:colcon.colcon_core.verb:set package 'moveit_setup_controllers' build argument 'catkin_skip_building_tests' from command line to 'False'
[0.403s] DEBUG:colcon.colcon_core.verb:Building package 'moveit_setup_controllers' with the following arguments: {'ament_cmake_args': None, 'build_base': '/home/aaron/ur_ws/build/moveit_setup_controllers', 'catkin_cmake_args': None, 'catkin_skip_building_tests': False, 'cmake_args': None, 'cmake_clean_cache': False, 'cmake_clean_first': False, 'cmake_force_configure': False, 'cmake_target': None, 'cmake_target_skip_unavailable': False, 'install_base': '/home/aaron/ur_ws/install/moveit_setup_controllers', 'merge_install': False, 'path': '/home/aaron/ur_ws/src/moveit2/moveit_setup_assistant/moveit_setup_controllers', 'symlink_install': False, 'test_result_base': None}
[0.403s] Level 5:colcon.colcon_core.verb:set package 'moveit_setup_core_plugins' build argument 'cmake_args' from command line to 'None'
[0.403s] Level 5:colcon.colcon_core.verb:set package 'moveit_setup_core_plugins' build argument 'cmake_target' from command line to 'None'
[0.403s] Level 5:colcon.colcon_core.verb:set package 'moveit_setup_core_plugins' build argument 'cmake_target_skip_unavailable' from command line to 'False'
[0.403s] Level 5:colcon.colcon_core.verb:set package 'moveit_setup_core_plugins' build argument 'cmake_clean_cache' from command line to 'False'
[0.403s] Level 5:colcon.colcon_core.verb:set package 'moveit_setup_core_plugins' build argument 'cmake_clean_first' from command line to 'False'
[0.403s] Level 5:colcon.colcon_core.verb:set package 'moveit_setup_core_plugins' build argument 'cmake_force_configure' from command line to 'False'
[0.403s] Level 5:colcon.colcon_core.verb:set package 'moveit_setup_core_plugins' build argument 'ament_cmake_args' from command line to 'None'
[0.403s] Level 5:colcon.colcon_core.verb:set package 'moveit_setup_core_plugins' build argument 'catkin_cmake_args' from command line to 'None'
[0.403s] Level 5:colcon.colcon_core.verb:set package 'moveit_setup_core_plugins' build argument 'catkin_skip_building_tests' from command line to 'False'
[0.403s] DEBUG:colcon.colcon_core.verb:Building package 'moveit_setup_core_plugins' with the following arguments: {'ament_cmake_args': None, 'build_base': '/home/aaron/ur_ws/build/moveit_setup_core_plugins', 'catkin_cmake_args': None, 'catkin_skip_building_tests': False, 'cmake_args': None, 'cmake_clean_cache': False, 'cmake_clean_first': False, 'cmake_force_configure': False, 'cmake_target': None, 'cmake_target_skip_unavailable': False, 'install_base': '/home/aaron/ur_ws/install/moveit_setup_core_plugins', 'merge_install': False, 'path': '/home/aaron/ur_ws/src/moveit2/moveit_setup_assistant/moveit_setup_core_plugins', 'symlink_install': False, 'test_result_base': None}
[0.403s] Level 5:colcon.colcon_core.verb:set package 'moveit_setup_srdf_plugins' build argument 'cmake_args' from command line to 'None'
[0.403s] Level 5:colcon.colcon_core.verb:set package 'moveit_setup_srdf_plugins' build argument 'cmake_target' from command line to 'None'
[0.403s] Level 5:colcon.colcon_core.verb:set package 'moveit_setup_srdf_plugins' build argument 'cmake_target_skip_unavailable' from command line to 'False'
[0.403s] Level 5:colcon.colcon_core.verb:set package 'moveit_setup_srdf_plugins' build argument 'cmake_clean_cache' from command line to 'False'
[0.403s] Level 5:colcon.colcon_core.verb:set package 'moveit_setup_srdf_plugins' build argument 'cmake_clean_first' from command line to 'False'
[0.403s] Level 5:colcon.colcon_core.verb:set package 'moveit_setup_srdf_plugins' build argument 'cmake_force_configure' from command line to 'False'
[0.403s] Level 5:colcon.colcon_core.verb:set package 'moveit_setup_srdf_plugins' build argument 'ament_cmake_args' from command line to 'None'
[0.403s] Level 5:colcon.colcon_core.verb:set package 'moveit_setup_srdf_plugins' build argument 'catkin_cmake_args' from command line to 'None'
[0.403s] Level 5:colcon.colcon_core.verb:set package 'moveit_setup_srdf_plugins' build argument 'catkin_skip_building_tests' from command line to 'False'
[0.403s] DEBUG:colcon.colcon_core.verb:Building package 'moveit_setup_srdf_plugins' with the following arguments: {'ament_cmake_args': None, 'build_base': '/home/aaron/ur_ws/build/moveit_setup_srdf_plugins', 'catkin_cmake_args': None, 'catkin_skip_building_tests': False, 'cmake_args': None, 'cmake_clean_cache': False, 'cmake_clean_first': False, 'cmake_force_configure': False, 'cmake_target': None, 'cmake_target_skip_unavailable': False, 'install_base': '/home/aaron/ur_ws/install/moveit_setup_srdf_plugins', 'merge_install': False, 'path': '/home/aaron/ur_ws/src/moveit2/moveit_setup_assistant/moveit_setup_srdf_plugins', 'symlink_install': False, 'test_result_base': None}
[0.404s] Level 5:colcon.colcon_core.verb:set package 'moveit_runtime' build argument 'cmake_args' from command line to 'None'
[0.404s] Level 5:colcon.colcon_core.verb:set package 'moveit_runtime' build argument 'cmake_target' from command line to 'None'
[0.404s] Level 5:colcon.colcon_core.verb:set package 'moveit_runtime' build argument 'cmake_target_skip_unavailable' from command line to 'False'
[0.404s] Level 5:colcon.colcon_core.verb:set package 'moveit_runtime' build argument 'cmake_clean_cache' from command line to 'False'
[0.404s] Level 5:colcon.colcon_core.verb:set package 'moveit_runtime' build argument 'cmake_clean_first' from command line to 'False'
[0.404s] Level 5:colcon.colcon_core.verb:set package 'moveit_runtime' build argument 'cmake_force_configure' from command line to 'False'
[0.404s] Level 5:colcon.colcon_core.verb:set package 'moveit_runtime' build argument 'ament_cmake_args' from command line to 'None'
[0.404s] Level 5:colcon.colcon_core.verb:set package 'moveit_runtime' build argument 'catkin_cmake_args' from command line to 'None'
[0.404s] Level 5:colcon.colcon_core.verb:set package 'moveit_runtime' build argument 'catkin_skip_building_tests' from command line to 'False'
[0.404s] DEBUG:colcon.colcon_core.verb:Building package 'moveit_runtime' with the following arguments: {'ament_cmake_args': None, 'build_base': '/home/aaron/ur_ws/build/moveit_runtime', 'catkin_cmake_args': None, 'catkin_skip_building_tests': False, 'cmake_args': None, 'cmake_clean_cache': False, 'cmake_clean_first': False, 'cmake_force_configure': False, 'cmake_target': None, 'cmake_target_skip_unavailable': False, 'install_base': '/home/aaron/ur_ws/install/moveit_runtime', 'merge_install': False, 'path': '/home/aaron/ur_ws/src/moveit2/moveit_runtime', 'symlink_install': False, 'test_result_base': None}
[0.404s] Level 5:colcon.colcon_core.verb:set package 'moveit_setup_assistant' build argument 'cmake_args' from command line to 'None'
[0.404s] Level 5:colcon.colcon_core.verb:set package 'moveit_setup_assistant' build argument 'cmake_target' from command line to 'None'
[0.404s] Level 5:colcon.colcon_core.verb:set package 'moveit_setup_assistant' build argument 'cmake_target_skip_unavailable' from command line to 'False'
[0.404s] Level 5:colcon.colcon_core.verb:set package 'moveit_setup_assistant' build argument 'cmake_clean_cache' from command line to 'False'
[0.404s] Level 5:colcon.colcon_core.verb:set package 'moveit_setup_assistant' build argument 'cmake_clean_first' from command line to 'False'
[0.404s] Level 5:colcon.colcon_core.verb:set package 'moveit_setup_assistant' build argument 'cmake_force_configure' from command line to 'False'
[0.404s] Level 5:colcon.colcon_core.verb:set package 'moveit_setup_assistant' build argument 'ament_cmake_args' from command line to 'None'
[0.404s] Level 5:colcon.colcon_core.verb:set package 'moveit_setup_assistant' build argument 'catkin_cmake_args' from command line to 'None'
[0.404s] Level 5:colcon.colcon_core.verb:set package 'moveit_setup_assistant' build argument 'catkin_skip_building_tests' from command line to 'False'
[0.404s] DEBUG:colcon.colcon_core.verb:Building package 'moveit_setup_assistant' with the following arguments: {'ament_cmake_args': None, 'build_base': '/home/aaron/ur_ws/build/moveit_setup_assistant', 'catkin_cmake_args': None, 'catkin_skip_building_tests': False, 'cmake_args': None, 'cmake_clean_cache': False, 'cmake_clean_first': False, 'cmake_force_configure': False, 'cmake_target': None, 'cmake_target_skip_unavailable': False, 'install_base': '/home/aaron/ur_ws/install/moveit_setup_assistant', 'merge_install': False, 'path': '/home/aaron/ur_ws/src/moveit2/moveit_setup_assistant/moveit_setup_assistant', 'symlink_install': False, 'test_result_base': None}
[0.404s] Level 5:colcon.colcon_core.verb:set package 'moveit_task_constructor_core' build argument 'cmake_args' from command line to 'None'
[0.404s] Level 5:colcon.colcon_core.verb:set package 'moveit_task_constructor_core' build argument 'cmake_target' from command line to 'None'
[0.404s] Level 5:colcon.colcon_core.verb:set package 'moveit_task_constructor_core' build argument 'cmake_target_skip_unavailable' from command line to 'False'
[0.404s] Level 5:colcon.colcon_core.verb:set package 'moveit_task_constructor_core' build argument 'cmake_clean_cache' from command line to 'False'
[0.404s] Level 5:colcon.colcon_core.verb:set package 'moveit_task_constructor_core' build argument 'cmake_clean_first' from command line to 'False'
[0.404s] Level 5:colcon.colcon_core.verb:set package 'moveit_task_constructor_core' build argument 'cmake_force_configure' from command line to 'False'
[0.404s] Level 5:colcon.colcon_core.verb:set package 'moveit_task_constructor_core' build argument 'ament_cmake_args' from command line to 'None'
[0.404s] Level 5:colcon.colcon_core.verb:set package 'moveit_task_constructor_core' build argument 'catkin_cmake_args' from command line to 'None'
[0.404s] Level 5:colcon.colcon_core.verb:set package 'moveit_task_constructor_core' build argument 'catkin_skip_building_tests' from command line to 'False'
[0.404s] DEBUG:colcon.colcon_core.verb:Building package 'moveit_task_constructor_core' with the following arguments: {'ament_cmake_args': None, 'build_base': '/home/aaron/ur_ws/build/moveit_task_constructor_core', 'catkin_cmake_args': None, 'catkin_skip_building_tests': False, 'cmake_args': None, 'cmake_clean_cache': False, 'cmake_clean_first': False, 'cmake_force_configure': False, 'cmake_target': None, 'cmake_target_skip_unavailable': False, 'install_base': '/home/aaron/ur_ws/install/moveit_task_constructor_core', 'merge_install': False, 'path': '/home/aaron/ur_ws/src/moveit_task_constructor/core', 'symlink_install': False, 'test_result_base': None}
[0.405s] Level 5:colcon.colcon_core.verb:set package 'moveit' build argument 'cmake_args' from command line to 'None'
[0.405s] Level 5:colcon.colcon_core.verb:set package 'moveit' build argument 'cmake_target' from command line to 'None'
[0.405s] Level 5:colcon.colcon_core.verb:set package 'moveit' build argument 'cmake_target_skip_unavailable' from command line to 'False'
[0.405s] Level 5:colcon.colcon_core.verb:set package 'moveit' build argument 'cmake_clean_cache' from command line to 'False'
[0.405s] Level 5:colcon.colcon_core.verb:set package 'moveit' build argument 'cmake_clean_first' from command line to 'False'
[0.405s] Level 5:colcon.colcon_core.verb:set package 'moveit' build argument 'cmake_force_configure' from command line to 'False'
[0.405s] Level 5:colcon.colcon_core.verb:set package 'moveit' build argument 'ament_cmake_args' from command line to 'None'
[0.405s] Level 5:colcon.colcon_core.verb:set package 'moveit' build argument 'catkin_cmake_args' from command line to 'None'
[0.405s] Level 5:colcon.colcon_core.verb:set package 'moveit' build argument 'catkin_skip_building_tests' from command line to 'False'
[0.405s] DEBUG:colcon.colcon_core.verb:Building package 'moveit' with the following arguments: {'ament_cmake_args': None, 'build_base': '/home/aaron/ur_ws/build/moveit', 'catkin_cmake_args': None, 'catkin_skip_building_tests': False, 'cmake_args': None, 'cmake_clean_cache': False, 'cmake_clean_first': False, 'cmake_force_configure': False, 'cmake_target': None, 'cmake_target_skip_unavailable': False, 'install_base': '/home/aaron/ur_ws/install/moveit', 'merge_install': False, 'path': '/home/aaron/ur_ws/src/moveit2/moveit', 'symlink_install': False, 'test_result_base': None}
[0.405s] Level 5:colcon.colcon_core.verb:set package 'moveit_control' build argument 'cmake_args' from command line to 'None'
[0.405s] Level 5:colcon.colcon_core.verb:set package 'moveit_control' build argument 'cmake_target' from command line to 'None'
[0.405s] Level 5:colcon.colcon_core.verb:set package 'moveit_control' build argument 'cmake_target_skip_unavailable' from command line to 'False'
[0.405s] Level 5:colcon.colcon_core.verb:set package 'moveit_control' build argument 'cmake_clean_cache' from command line to 'False'
[0.405s] Level 5:colcon.colcon_core.verb:set package 'moveit_control' build argument 'cmake_clean_first' from command line to 'False'
[0.405s] Level 5:colcon.colcon_core.verb:set package 'moveit_control' build argument 'cmake_force_configure' from command line to 'False'
[0.405s] Level 5:colcon.colcon_core.verb:set package 'moveit_control' build argument 'ament_cmake_args' from command line to 'None'
[0.405s] Level 5:colcon.colcon_core.verb:set package 'moveit_control' build argument 'catkin_cmake_args' from command line to 'None'
[0.405s] Level 5:colcon.colcon_core.verb:set package 'moveit_control' build argument 'catkin_skip_building_tests' from command line to 'False'
[0.405s] DEBUG:colcon.colcon_core.verb:Building package 'moveit_control' with the following arguments: {'ament_cmake_args': None, 'build_base': '/home/aaron/ur_ws/build/moveit_control', 'catkin_cmake_args': None, 'catkin_skip_building_tests': False, 'cmake_args': None, 'cmake_clean_cache': False, 'cmake_clean_first': False, 'cmake_force_configure': False, 'cmake_target': None, 'cmake_target_skip_unavailable': False, 'install_base': '/home/aaron/ur_ws/install/moveit_control', 'merge_install': False, 'path': '/home/aaron/ur_ws/src/moveit_control', 'symlink_install': False, 'test_result_base': None}
[0.405s] Level 5:colcon.colcon_core.verb:set package 'moveit_task_constructor_capabilities' build argument 'cmake_args' from command line to 'None'
[0.405s] Level 5:colcon.colcon_core.verb:set package 'moveit_task_constructor_capabilities' build argument 'cmake_target' from command line to 'None'
[0.405s] Level 5:colcon.colcon_core.verb:set package 'moveit_task_constructor_capabilities' build argument 'cmake_target_skip_unavailable' from command line to 'False'
[0.406s] Level 5:colcon.colcon_core.verb:set package 'moveit_task_constructor_capabilities' build argument 'cmake_clean_cache' from command line to 'False'
[0.406s] Level 5:colcon.colcon_core.verb:set package 'moveit_task_constructor_capabilities' build argument 'cmake_clean_first' from command line to 'False'
[0.406s] Level 5:colcon.colcon_core.verb:set package 'moveit_task_constructor_capabilities' build argument 'cmake_force_configure' from command line to 'False'
[0.406s] Level 5:colcon.colcon_core.verb:set package 'moveit_task_constructor_capabilities' build argument 'ament_cmake_args' from command line to 'None'
[0.406s] Level 5:colcon.colcon_core.verb:set package 'moveit_task_constructor_capabilities' build argument 'catkin_cmake_args' from command line to 'None'
[0.406s] Level 5:colcon.colcon_core.verb:set package 'moveit_task_constructor_capabilities' build argument 'catkin_skip_building_tests' from command line to 'False'
[0.406s] DEBUG:colcon.colcon_core.verb:Building package 'moveit_task_constructor_capabilities' with the following arguments: {'ament_cmake_args': None, 'build_base': '/home/aaron/ur_ws/build/moveit_task_constructor_capabilities', 'catkin_cmake_args': None, 'catkin_skip_building_tests': False, 'cmake_args': None, 'cmake_clean_cache': False, 'cmake_clean_first': False, 'cmake_force_configure': False, 'cmake_target': None, 'cmake_target_skip_unavailable': False, 'install_base': '/home/aaron/ur_ws/install/moveit_task_constructor_capabilities', 'merge_install': False, 'path': '/home/aaron/ur_ws/src/moveit_task_constructor/capabilities', 'symlink_install': False, 'test_result_base': None}
[0.406s] Level 5:colcon.colcon_core.verb:set package 'moveit_task_constructor_visualization' build argument 'cmake_args' from command line to 'None'
[0.406s] Level 5:colcon.colcon_core.verb:set package 'moveit_task_constructor_visualization' build argument 'cmake_target' from command line to 'None'
[0.406s] Level 5:colcon.colcon_core.verb:set package 'moveit_task_constructor_visualization' build argument 'cmake_target_skip_unavailable' from command line to 'False'
[0.406s] Level 5:colcon.colcon_core.verb:set package 'moveit_task_constructor_visualization' build argument 'cmake_clean_cache' from command line to 'False'
[0.406s] Level 5:colcon.colcon_core.verb:set package 'moveit_task_constructor_visualization' build argument 'cmake_clean_first' from command line to 'False'
[0.406s] Level 5:colcon.colcon_core.verb:set package 'moveit_task_constructor_visualization' build argument 'cmake_force_configure' from command line to 'False'
[0.406s] Level 5:colcon.colcon_core.verb:set package 'moveit_task_constructor_visualization' build argument 'ament_cmake_args' from command line to 'None'
[0.406s] Level 5:colcon.colcon_core.verb:set package 'moveit_task_constructor_visualization' build argument 'catkin_cmake_args' from command line to 'None'
[0.406s] Level 5:colcon.colcon_core.verb:set package 'moveit_task_constructor_visualization' build argument 'catkin_skip_building_tests' from command line to 'False'
[0.406s] DEBUG:colcon.colcon_core.verb:Building package 'moveit_task_constructor_visualization' with the following arguments: {'ament_cmake_args': None, 'build_base': '/home/aaron/ur_ws/build/moveit_task_constructor_visualization', 'catkin_cmake_args': None, 'catkin_skip_building_tests': False, 'cmake_args': None, 'cmake_clean_cache': False, 'cmake_clean_first': False, 'cmake_force_configure': False, 'cmake_target': None, 'cmake_target_skip_unavailable': False, 'install_base': '/home/aaron/ur_ws/install/moveit_task_constructor_visualization', 'merge_install': False, 'path': '/home/aaron/ur_ws/src/moveit_task_constructor/visualization', 'symlink_install': False, 'test_result_base': None}
[0.406s] Level 5:colcon.colcon_core.verb:set package 'moveit2_tutorials' build argument 'cmake_args' from command line to 'None'
[0.406s] Level 5:colcon.colcon_core.verb:set package 'moveit2_tutorials' build argument 'cmake_target' from command line to 'None'
[0.406s] Level 5:colcon.colcon_core.verb:set package 'moveit2_tutorials' build argument 'cmake_target_skip_unavailable' from command line to 'False'
[0.406s] Level 5:colcon.colcon_core.verb:set package 'moveit2_tutorials' build argument 'cmake_clean_cache' from command line to 'False'
[0.406s] Level 5:colcon.colcon_core.verb:set package 'moveit2_tutorials' build argument 'cmake_clean_first' from command line to 'False'
[0.406s] Level 5:colcon.colcon_core.verb:set package 'moveit2_tutorials' build argument 'cmake_force_configure' from command line to 'False'
[0.406s] Level 5:colcon.colcon_core.verb:set package 'moveit2_tutorials' build argument 'ament_cmake_args' from command line to 'None'
[0.406s] Level 5:colcon.colcon_core.verb:set package 'moveit2_tutorials' build argument 'catkin_cmake_args' from command line to 'None'
[0.406s] Level 5:colcon.colcon_core.verb:set package 'moveit2_tutorials' build argument 'catkin_skip_building_tests' from command line to 'False'
[0.406s] DEBUG:colcon.colcon_core.verb:Building package 'moveit2_tutorials' with the following arguments: {'ament_cmake_args': None, 'build_base': '/home/aaron/ur_ws/build/moveit2_tutorials', 'catkin_cmake_args': None, 'catkin_skip_building_tests': False, 'cmake_args': None, 'cmake_clean_cache': False, 'cmake_clean_first': False, 'cmake_force_configure': False, 'cmake_target': None, 'cmake_target_skip_unavailable': False, 'install_base': '/home/aaron/ur_ws/install/moveit2_tutorials', 'merge_install': False, 'path': '/home/aaron/ur_ws/src/moveit2_tutorials', 'symlink_install': False, 'test_result_base': None}
[0.406s] Level 5:colcon.colcon_core.verb:set package 'moveit_task_constructor_demo' build argument 'cmake_args' from command line to 'None'
[0.406s] Level 5:colcon.colcon_core.verb:set package 'moveit_task_constructor_demo' build argument 'cmake_target' from command line to 'None'
[0.406s] Level 5:colcon.colcon_core.verb:set package 'moveit_task_constructor_demo' build argument 'cmake_target_skip_unavailable' from command line to 'False'
[0.406s] Level 5:colcon.colcon_core.verb:set package 'moveit_task_constructor_demo' build argument 'cmake_clean_cache' from command line to 'False'
[0.407s] Level 5:colcon.colcon_core.verb:set package 'moveit_task_constructor_demo' build argument 'cmake_clean_first' from command line to 'False'
[0.407s] Level 5:colcon.colcon_core.verb:set package 'moveit_task_constructor_demo' build argument 'cmake_force_configure' from command line to 'False'
[0.407s] Level 5:colcon.colcon_core.verb:set package 'moveit_task_constructor_demo' build argument 'ament_cmake_args' from command line to 'None'
[0.407s] Level 5:colcon.colcon_core.verb:set package 'moveit_task_constructor_demo' build argument 'catkin_cmake_args' from command line to 'None'
[0.407s] Level 5:colcon.colcon_core.verb:set package 'moveit_task_constructor_demo' build argument 'catkin_skip_building_tests' from command line to 'False'
[0.407s] DEBUG:colcon.colcon_core.verb:Building package 'moveit_task_constructor_demo' with the following arguments: {'ament_cmake_args': None, 'build_base': '/home/aaron/ur_ws/build/moveit_task_constructor_demo', 'catkin_cmake_args': None, 'catkin_skip_building_tests': False, 'cmake_args': None, 'cmake_clean_cache': False, 'cmake_clean_first': False, 'cmake_force_configure': False, 'cmake_target': None, 'cmake_target_skip_unavailable': False, 'install_base': '/home/aaron/ur_ws/install/moveit_task_constructor_demo', 'merge_install': False, 'path': '/home/aaron/ur_ws/src/moveit_task_constructor/demo', 'symlink_install': False, 'test_result_base': None}
[0.407s] INFO:colcon.colcon_core.executor:Executing jobs using 'parallel' executor
[0.408s] DEBUG:colcon.colcon_parallel_executor.executor.parallel:run_until_complete
[0.408s] INFO:colcon.colcon_ros.task.ament_cmake.build:Building ROS package in '/home/aaron/ur_ws/src/moveit_resources/panda_description' with build type 'ament_cmake'
[0.408s] INFO:colcon.colcon_cmake.task.cmake.build:Building CMake package in '/home/aaron/ur_ws/src/moveit_resources/panda_description'
[0.411s] INFO:colcon.colcon_core.plugin_system:Skipping extension 'colcon_core.shell.bat': Not used on non-Windows systems
[0.411s] INFO:colcon.colcon_core.shell:Skip shell extension 'powershell' for command environment: Not usable outside of PowerShell
[0.411s] DEBUG:colcon.colcon_core.shell:Skip shell extension 'dsv' for command environment
[0.414s] INFO:colcon.colcon_ros.task.ament_cmake.build:Building ROS package in '/home/aaron/ur_ws/src/moveit2/moveit_common' with build type 'ament_cmake'
[0.414s] INFO:colcon.colcon_cmake.task.cmake.build:Building CMake package in '/home/aaron/ur_ws/src/moveit2/moveit_common'
[0.414s] INFO:colcon.colcon_core.shell:Skip shell extension 'powershell' for command environment: Not usable outside of PowerShell
[0.414s] DEBUG:colcon.colcon_core.shell:Skip shell extension 'dsv' for command environment
[0.416s] INFO:colcon.colcon_ros.task.ament_cmake.build:Building ROS package in '/home/aaron/ur_ws/src/moveit_resources/pr2_description' with build type 'ament_cmake'
[0.416s] INFO:colcon.colcon_cmake.task.cmake.build:Building CMake package in '/home/aaron/ur_ws/src/moveit_resources/pr2_description'
[0.416s] INFO:colcon.colcon_core.shell:Skip shell extension 'powershell' for command environment: Not usable outside of PowerShell
[0.416s] DEBUG:colcon.colcon_core.shell:Skip shell extension 'dsv' for command environment
[0.418s] INFO:colcon.colcon_ros.task.ament_cmake.build:Building ROS package in '/home/aaron/ur_ws/src/srdfdom' with build type 'ament_cmake'
[0.418s] INFO:colcon.colcon_cmake.task.cmake.build:Building CMake package in '/home/aaron/ur_ws/src/srdfdom'
[0.419s] INFO:colcon.colcon_core.shell:Skip shell extension 'powershell' for command environment: Not usable outside of PowerShell
[0.419s] DEBUG:colcon.colcon_core.shell:Skip shell extension 'dsv' for command environment
[0.421s] INFO:colcon.colcon_ros.task.ament_python.build:Building ROS package in '/home/aaron/ur_ws/src/launch_param_builder' with build type 'ament_python'
[0.421s] Level 1:colcon.colcon_core.shell:create_environment_hook('launch_param_builder', 'ament_prefix_path')
[0.421s] INFO:colcon.colcon_core.shell:Creating environment hook '/home/aaron/ur_ws/install/launch_param_builder/share/launch_param_builder/hook/ament_prefix_path.ps1'
[0.422s] INFO:colcon.colcon_core.shell:Creating environment descriptor '/home/aaron/ur_ws/install/launch_param_builder/share/launch_param_builder/hook/ament_prefix_path.dsv'
[0.422s] INFO:colcon.colcon_core.shell:Creating environment hook '/home/aaron/ur_ws/install/launch_param_builder/share/launch_param_builder/hook/ament_prefix_path.sh'
[0.423s] INFO:colcon.colcon_core.shell:Skip shell extension 'powershell' for command environment: Not usable outside of PowerShell
[0.423s] DEBUG:colcon.colcon_core.shell:Skip shell extension 'dsv' for command environment
[0.425s] INFO:colcon.colcon_ros.task.ament_cmake.build:Building ROS package in '/home/aaron/ur_ws/src/moveit_resources/fanuc_description' with build type 'ament_cmake'
[0.425s] INFO:colcon.colcon_cmake.task.cmake.build:Building CMake package in '/home/aaron/ur_ws/src/moveit_resources/fanuc_description'
[0.425s] INFO:colcon.colcon_core.shell:Skip shell extension 'powershell' for command environment: Not usable outside of PowerShell
[0.425s] DEBUG:colcon.colcon_core.shell:Skip shell extension 'dsv' for command environment
[0.427s] INFO:colcon.colcon_ros.task.ament_cmake.build:Building ROS package in '/home/aaron/ur_ws/src/moveit2/moveit_planners/test_configs/prbt_support' with build type 'ament_cmake'
[0.427s] INFO:colcon.colcon_cmake.task.cmake.build:Building CMake package in '/home/aaron/ur_ws/src/moveit2/moveit_planners/test_configs/prbt_support'
[0.427s] INFO:colcon.colcon_core.shell:Skip shell extension 'powershell' for command environment: Not usable outside of PowerShell
[0.427s] DEBUG:colcon.colcon_core.shell:Skip shell extension 'dsv' for command environment
[0.429s] INFO:colcon.colcon_ros.task.ament_cmake.build:Building ROS package in '/home/aaron/ur_ws/src/moveit_task_constructor/msgs' with build type 'ament_cmake'
[0.429s] INFO:colcon.colcon_cmake.task.cmake.build:Building CMake package in '/home/aaron/ur_ws/src/moveit_task_constructor/msgs'
[0.429s] INFO:colcon.colcon_core.shell:Skip shell extension 'powershell' for command environment: Not usable outside of PowerShell
[0.429s] DEBUG:colcon.colcon_core.shell:Skip shell extension 'dsv' for command environment
[0.431s] INFO:colcon.colcon_ros.task.ament_python.build:Building ROS package in '/home/aaron/ur_ws/src/Open_control' with build type 'ament_python'
[0.431s] Level 1:colcon.colcon_core.shell:create_environment_hook('Open_control', 'ament_prefix_path')
[0.431s] INFO:colcon.colcon_core.shell:Creating environment hook '/home/aaron/ur_ws/install/Open_control/share/Open_control/hook/ament_prefix_path.ps1'
[0.432s] INFO:colcon.colcon_core.shell:Creating environment descriptor '/home/aaron/ur_ws/install/Open_control/share/Open_control/hook/ament_prefix_path.dsv'
[0.432s] INFO:colcon.colcon_core.shell:Creating environment hook '/home/aaron/ur_ws/install/Open_control/share/Open_control/hook/ament_prefix_path.sh'
[0.432s] INFO:colcon.colcon_core.shell:Skip shell extension 'powershell' for command environment: Not usable outside of PowerShell
[0.432s] DEBUG:colcon.colcon_core.shell:Skip shell extension 'dsv' for command environment
[0.434s] INFO:colcon.colcon_ros.task.ament_cmake.build:Building ROS package in '/home/aaron/ur_ws/src/rosparam_shortcuts' with build type 'ament_cmake'
[0.434s] INFO:colcon.colcon_cmake.task.cmake.build:Building CMake package in '/home/aaron/ur_ws/src/rosparam_shortcuts'
[0.434s] INFO:colcon.colcon_core.shell:Skip shell extension 'powershell' for command environment: Not usable outside of PowerShell
[0.434s] DEBUG:colcon.colcon_core.shell:Skip shell extension 'dsv' for command environment
[0.436s] INFO:colcon.colcon_ros.task.ament_python.build:Building ROS package in '/home/aaron/ur_ws/src/waypoint_pub' with build type 'ament_python'
[0.436s] Level 1:colcon.colcon_core.shell:create_environment_hook('waypoint_pub', 'ament_prefix_path')
[0.436s] INFO:colcon.colcon_core.shell:Creating environment hook '/home/aaron/ur_ws/install/waypoint_pub/share/waypoint_pub/hook/ament_prefix_path.ps1'
[0.437s] INFO:colcon.colcon_core.shell:Creating environment descriptor '/home/aaron/ur_ws/install/waypoint_pub/share/waypoint_pub/hook/ament_prefix_path.dsv'
[0.437s] INFO:colcon.colcon_core.shell:Creating environment hook '/home/aaron/ur_ws/install/waypoint_pub/share/waypoint_pub/hook/ament_prefix_path.sh'
[0.437s] INFO:colcon.colcon_core.shell:Skip shell extension 'powershell' for command environment: Not usable outside of PowerShell
[0.437s] DEBUG:colcon.colcon_core.shell:Skip shell extension 'dsv' for command environment
[0.443s] DEBUG:colcon.colcon_core.event_handler.log_command:Invoking command in '/home/aaron/ur_ws/build/moveit_resources_panda_description': CMAKE_PREFIX_PATH=/opt/ros/humble /usr/bin/cmake --build /home/aaron/ur_ws/build/moveit_resources_panda_description -- -j20 -l20
[0.444s] DEBUG:colcon.colcon_core.event_handler.log_command:Invoking command in '/home/aaron/ur_ws/build/moveit_common': CMAKE_PREFIX_PATH=/opt/ros/humble /usr/bin/cmake --build /home/aaron/ur_ws/build/moveit_common -- -j20 -l20
[0.445s] DEBUG:colcon.colcon_core.event_handler.log_command:Invoking command in '/home/aaron/ur_ws/build/moveit_resources_pr2_description': CMAKE_PREFIX_PATH=/opt/ros/humble /usr/bin/cmake --build /home/aaron/ur_ws/build/moveit_resources_pr2_description -- -j20 -l20
[0.446s] DEBUG:colcon.colcon_core.event_handler.log_command:Invoking command in '/home/aaron/ur_ws/build/srdfdom': CMAKE_PREFIX_PATH=/opt/ros/humble /usr/bin/cmake --build /home/aaron/ur_ws/build/srdfdom -- -j20 -l20
[0.637s] INFO:colcon.colcon_core.task.python.build:Building Python package in '/home/aaron/ur_ws/src/launch_param_builder'
[0.638s] INFO:colcon.colcon_core.shell:Skip shell extension 'powershell' for command environment: Not usable outside of PowerShell
[0.638s] DEBUG:colcon.colcon_core.shell:Skip shell extension 'dsv' for command environment
[0.646s] DEBUG:colcon.colcon_core.event_handler.log_command:Invoking command in '/home/aaron/ur_ws/build/moveit_resources_fanuc_description': CMAKE_PREFIX_PATH=/opt/ros/humble /usr/bin/cmake --build /home/aaron/ur_ws/build/moveit_resources_fanuc_description -- -j20 -l20
[0.648s] DEBUG:colcon.colcon_core.event_handler.log_command:Invoking command in '/home/aaron/ur_ws/build/moveit_resources_prbt_support': CMAKE_PREFIX_PATH=/opt/ros/humble /usr/bin/cmake --build /home/aaron/ur_ws/build/moveit_resources_prbt_support -- -j20 -l20
[0.651s] DEBUG:colcon.colcon_core.event_handler.log_command:Invoking command in '/home/aaron/ur_ws/build/moveit_task_constructor_msgs': CMAKE_PREFIX_PATH=/opt/ros/humble /usr/bin/cmake --build /home/aaron/ur_ws/build/moveit_task_constructor_msgs -- -j20 -l20
[0.919s] INFO:colcon.colcon_core.task.python.build:Building Python package in '/home/aaron/ur_ws/src/Open_control'
[0.920s] INFO:colcon.colcon_core.shell:Skip shell extension 'powershell' for command environment: Not usable outside of PowerShell
[0.920s] DEBUG:colcon.colcon_core.shell:Skip shell extension 'dsv' for command environment
[0.944s] DEBUG:colcon.colcon_core.event_handler.log_command:Invoking command in '/home/aaron/ur_ws/build/rosparam_shortcuts': CMAKE_PREFIX_PATH=/opt/ros/humble /usr/bin/cmake --build /home/aaron/ur_ws/build/rosparam_shortcuts -- -j20 -l20
[1.488s] INFO:colcon.colcon_core.task.python.build:Building Python package in '/home/aaron/ur_ws/src/waypoint_pub'
[1.488s] INFO:colcon.colcon_core.shell:Skip shell extension 'powershell' for command environment: Not usable outside of PowerShell
[1.488s] DEBUG:colcon.colcon_core.shell:Skip shell extension 'dsv' for command environment
[1.508s] DEBUG:colcon.colcon_core.event_handler.log_command:Invoked command in '/home/aaron/ur_ws/build/moveit_common' returned '0': CMAKE_PREFIX_PATH=/opt/ros/humble /usr/bin/cmake --build /home/aaron/ur_ws/build/moveit_common -- -j20 -l20
[1.535s] DEBUG:colcon.colcon_core.event_handler.log_command:Invoking command in '/home/aaron/ur_ws/build/moveit_common': CMAKE_PREFIX_PATH=/opt/ros/humble /usr/bin/cmake --install /home/aaron/ur_ws/build/moveit_common
[1.542s] DEBUG:colcon.colcon_core.event_handler.log_command:Invoked command in '/home/aaron/ur_ws/build/moveit_resources_pr2_description' returned '0': CMAKE_PREFIX_PATH=/opt/ros/humble /usr/bin/cmake --build /home/aaron/ur_ws/build/moveit_resources_pr2_description -- -j20 -l20
[1.542s] DEBUG:colcon.colcon_core.event_handler.log_command:Invoking command in '/home/aaron/ur_ws/build/moveit_resources_pr2_description': CMAKE_PREFIX_PATH=/opt/ros/humble /usr/bin/cmake --install /home/aaron/ur_ws/build/moveit_resources_pr2_description
[1.547s] DEBUG:colcon.colcon_core.event_handler.log_command:Invoked command in '/home/aaron/ur_ws/build/moveit_resources_prbt_support' returned '0': CMAKE_PREFIX_PATH=/opt/ros/humble /usr/bin/cmake --build /home/aaron/ur_ws/build/moveit_resources_prbt_support -- -j20 -l20
[1.553s] DEBUG:colcon.colcon_core.event_handler.log_command:Invoking command in '/home/aaron/ur_ws/build/moveit_resources_prbt_support': CMAKE_PREFIX_PATH=/opt/ros/humble /usr/bin/cmake --install /home/aaron/ur_ws/build/moveit_resources_prbt_support
[1.561s] DEBUG:colcon.colcon_core.event_handler.log_command:Invoked command in '/home/aaron/ur_ws/build/moveit_resources_panda_description' returned '0': CMAKE_PREFIX_PATH=/opt/ros/humble /usr/bin/cmake --build /home/aaron/ur_ws/build/moveit_resources_panda_description -- -j20 -l20
[1.561s] DEBUG:colcon.colcon_core.event_handler.log_command:Invoking command in '/home/aaron/ur_ws/build/moveit_resources_panda_description': CMAKE_PREFIX_PATH=/opt/ros/humble /usr/bin/cmake --install /home/aaron/ur_ws/build/moveit_resources_panda_description
[1.563s] DEBUG:colcon.colcon_core.event_handler.log_command:Invoked command in '/home/aaron/ur_ws/build/moveit_resources_fanuc_description' returned '0': CMAKE_PREFIX_PATH=/opt/ros/humble /usr/bin/cmake --build /home/aaron/ur_ws/build/moveit_resources_fanuc_description -- -j20 -l20
[1.563s] DEBUG:colcon.colcon_core.event_handler.log_command:Invoking command in '/home/aaron/ur_ws/build/moveit_resources_fanuc_description': CMAKE_PREFIX_PATH=/opt/ros/humble /usr/bin/cmake --install /home/aaron/ur_ws/build/moveit_resources_fanuc_description
[1.630s] Level 1:colcon.colcon_core.environment:create_environment_scripts_only(moveit_common)
[1.640s] Level 1:colcon.colcon_core.environment:checking '/home/aaron/ur_ws/install/moveit_common' for CMake module files
[1.641s] Level 1:colcon.colcon_core.environment:checking '/home/aaron/ur_ws/install/moveit_common' for CMake config files
[1.641s] Level 1:colcon.colcon_core.shell:create_environment_hook('moveit_common', 'cmake_prefix_path')
[1.641s] INFO:colcon.colcon_core.shell:Creating environment hook '/home/aaron/ur_ws/install/moveit_common/share/moveit_common/hook/cmake_prefix_path.ps1'
[1.642s] INFO:colcon.colcon_core.shell:Creating environment descriptor '/home/aaron/ur_ws/install/moveit_common/share/moveit_common/hook/cmake_prefix_path.dsv'
[1.644s] INFO:colcon.colcon_core.shell:Creating environment hook '/home/aaron/ur_ws/install/moveit_common/share/moveit_common/hook/cmake_prefix_path.sh'
[1.650s] Level 1:colcon.colcon_core.environment:checking '/home/aaron/ur_ws/install/moveit_common/bin'
[1.650s] Level 1:colcon.colcon_core.environment:checking '/home/aaron/ur_ws/install/moveit_common/lib/pkgconfig/moveit_common.pc'
[1.651s] Level 1:colcon.colcon_core.environment:checking '/home/aaron/ur_ws/install/moveit_common/lib/python3.10/site-packages'
[1.651s] Level 1:colcon.colcon_core.environment:checking '/home/aaron/ur_ws/install/moveit_common/bin'
[1.661s] INFO:colcon.colcon_core.shell:Creating package script '/home/aaron/ur_ws/install/moveit_common/share/moveit_common/package.ps1'
[1.663s] INFO:colcon.colcon_core.shell:Creating package descriptor '/home/aaron/ur_ws/install/moveit_common/share/moveit_common/package.dsv'
[1.667s] INFO:colcon.colcon_core.shell:Creating package script '/home/aaron/ur_ws/install/moveit_common/share/moveit_common/package.sh'
[1.671s] INFO:colcon.colcon_core.shell:Creating package script '/home/aaron/ur_ws/install/moveit_common/share/moveit_common/package.bash'
[1.674s] INFO:colcon.colcon_core.shell:Creating package script '/home/aaron/ur_ws/install/moveit_common/share/moveit_common/package.zsh'
[1.678s] Level 1:colcon.colcon_core.environment:create_file_with_runtime_dependencies(/home/aaron/ur_ws/install/moveit_common/share/colcon-core/packages/moveit_common)
[1.683s] Level 1:colcon.colcon_core.environment:create_environment_scripts_only(moveit_common)
[1.691s] Level 1:colcon.colcon_core.environment:checking '/home/aaron/ur_ws/install/moveit_common' for CMake module files
[1.692s] DEBUG:colcon.colcon_core.event_handler.log_command:Invoked command in '/home/aaron/ur_ws/build/moveit_common' returned '0': CMAKE_PREFIX_PATH=/opt/ros/humble /usr/bin/cmake --install /home/aaron/ur_ws/build/moveit_common
[1.695s] Level 1:colcon.colcon_core.environment:checking '/home/aaron/ur_ws/install/moveit_common' for CMake config files
[1.695s] Level 1:colcon.colcon_core.shell:create_environment_hook('moveit_common', 'cmake_prefix_path')
[1.696s] INFO:colcon.colcon_core.shell:Creating environment hook '/home/aaron/ur_ws/install/moveit_common/share/moveit_common/hook/cmake_prefix_path.ps1'
[1.696s] INFO:colcon.colcon_core.shell:Creating environment descriptor '/home/aaron/ur_ws/install/moveit_common/share/moveit_common/hook/cmake_prefix_path.dsv'
[1.697s] INFO:colcon.colcon_core.shell:Creating environment hook '/home/aaron/ur_ws/install/moveit_common/share/moveit_common/hook/cmake_prefix_path.sh'
[1.699s] Level 1:colcon.colcon_core.environment:checking '/home/aaron/ur_ws/install/moveit_common/bin'
[1.699s] Level 1:colcon.colcon_core.environment:checking '/home/aaron/ur_ws/install/moveit_common/lib/pkgconfig/moveit_common.pc'
[1.700s] Level 1:colcon.colcon_core.environment:checking '/home/aaron/ur_ws/install/moveit_common/lib/python3.10/site-packages'
[1.700s] Level 1:colcon.colcon_core.environment:checking '/home/aaron/ur_ws/install/moveit_common/bin'
[1.701s] INFO:colcon.colcon_core.shell:Creating package script '/home/aaron/ur_ws/install/moveit_common/share/moveit_common/package.ps1'
[1.702s] INFO:colcon.colcon_core.shell:Creating package descriptor '/home/aaron/ur_ws/install/moveit_common/share/moveit_common/package.dsv'
[1.702s] INFO:colcon.colcon_core.shell:Creating package script '/home/aaron/ur_ws/install/moveit_common/share/moveit_common/package.sh'
[1.709s] INFO:colcon.colcon_core.shell:Creating package script '/home/aaron/ur_ws/install/moveit_common/share/moveit_common/package.bash'
[1.710s] INFO:colcon.colcon_core.shell:Creating package script '/home/aaron/ur_ws/install/moveit_common/share/moveit_common/package.zsh'
[1.710s] Level 1:colcon.colcon_core.environment:create_file_with_runtime_dependencies(/home/aaron/ur_ws/install/moveit_common/share/colcon-core/packages/moveit_common)
[1.711s] Level 1:colcon.colcon_core.environment:create_environment_scripts_only(moveit_resources_prbt_support)
[1.711s] Level 1:colcon.colcon_core.environment:checking '/home/aaron/ur_ws/install/moveit_resources_prbt_support' for CMake module files
[1.713s] Level 1:colcon.colcon_core.environment:checking '/home/aaron/ur_ws/install/moveit_resources_prbt_support' for CMake config files
[1.713s] Level 1:colcon.colcon_core.shell:create_environment_hook('moveit_resources_prbt_support', 'cmake_prefix_path')
[1.714s] INFO:colcon.colcon_core.shell:Creating environment hook '/home/aaron/ur_ws/install/moveit_resources_prbt_support/share/moveit_resources_prbt_support/hook/cmake_prefix_path.ps1'
[1.714s] INFO:colcon.colcon_core.shell:Creating environment descriptor '/home/aaron/ur_ws/install/moveit_resources_prbt_support/share/moveit_resources_prbt_support/hook/cmake_prefix_path.dsv'
[1.715s] INFO:colcon.colcon_core.shell:Creating environment hook '/home/aaron/ur_ws/install/moveit_resources_prbt_support/share/moveit_resources_prbt_support/hook/cmake_prefix_path.sh'
[1.722s] DEBUG:colcon.colcon_core.event_handler.log_command:Invoked command in '/home/aaron/ur_ws/build/moveit_resources_prbt_support' returned '0': CMAKE_PREFIX_PATH=/opt/ros/humble /usr/bin/cmake --install /home/aaron/ur_ws/build/moveit_resources_prbt_support
[1.722s] Level 1:colcon.colcon_core.environment:checking '/home/aaron/ur_ws/install/moveit_resources_prbt_support/bin'
[1.722s] Level 1:colcon.colcon_core.environment:checking '/home/aaron/ur_ws/install/moveit_resources_prbt_support/lib/pkgconfig/moveit_resources_prbt_support.pc'
[1.722s] Level 1:colcon.colcon_core.environment:checking '/home/aaron/ur_ws/install/moveit_resources_prbt_support/lib/python3.10/site-packages'
[1.723s] Level 1:colcon.colcon_core.environment:checking '/home/aaron/ur_ws/install/moveit_resources_prbt_support/bin'
[1.723s] INFO:colcon.colcon_core.shell:Creating package script '/home/aaron/ur_ws/install/moveit_resources_prbt_support/share/moveit_resources_prbt_support/package.ps1'
[1.724s] INFO:colcon.colcon_core.shell:Creating package descriptor '/home/aaron/ur_ws/install/moveit_resources_prbt_support/share/moveit_resources_prbt_support/package.dsv'
[1.725s] INFO:colcon.colcon_core.shell:Creating package script '/home/aaron/ur_ws/install/moveit_resources_prbt_support/share/moveit_resources_prbt_support/package.sh'
[1.725s] INFO:colcon.colcon_core.shell:Creating package script '/home/aaron/ur_ws/install/moveit_resources_prbt_support/share/moveit_resources_prbt_support/package.bash'
[1.730s] INFO:colcon.colcon_core.shell:Creating package script '/home/aaron/ur_ws/install/moveit_resources_prbt_support/share/moveit_resources_prbt_support/package.zsh'
[1.730s] Level 1:colcon.colcon_core.environment:create_file_with_runtime_dependencies(/home/aaron/ur_ws/install/moveit_resources_prbt_support/share/colcon-core/packages/moveit_resources_prbt_support)
[1.731s] Level 1:colcon.colcon_core.environment:create_environment_scripts_only(moveit_resources_prbt_support)
[1.731s] Level 1:colcon.colcon_core.environment:checking '/home/aaron/ur_ws/install/moveit_resources_prbt_support' for CMake module files
[1.732s] Level 1:colcon.colcon_core.environment:checking '/home/aaron/ur_ws/install/moveit_resources_prbt_support' for CMake config files
[1.736s] Level 1:colcon.colcon_core.shell:create_environment_hook('moveit_resources_prbt_support', 'cmake_prefix_path')
[1.736s] INFO:colcon.colcon_core.shell:Creating environment hook '/home/aaron/ur_ws/install/moveit_resources_prbt_support/share/moveit_resources_prbt_support/hook/cmake_prefix_path.ps1'
[1.737s] INFO:colcon.colcon_core.shell:Creating environment descriptor '/home/aaron/ur_ws/install/moveit_resources_prbt_support/share/moveit_resources_prbt_support/hook/cmake_prefix_path.dsv'
[1.737s] INFO:colcon.colcon_core.shell:Creating environment hook '/home/aaron/ur_ws/install/moveit_resources_prbt_support/share/moveit_resources_prbt_support/hook/cmake_prefix_path.sh'
[1.738s] Level 1:colcon.colcon_core.environment:checking '/home/aaron/ur_ws/install/moveit_resources_prbt_support/bin'
[1.738s] Level 1:colcon.colcon_core.environment:checking '/home/aaron/ur_ws/install/moveit_resources_prbt_support/lib/pkgconfig/moveit_resources_prbt_support.pc'
[1.742s] Level 1:colcon.colcon_core.environment:checking '/home/aaron/ur_ws/install/moveit_resources_prbt_support/lib/python3.10/site-packages'
[1.742s] Level 1:colcon.colcon_core.environment:checking '/home/aaron/ur_ws/install/moveit_resources_prbt_support/bin'
[1.743s] INFO:colcon.colcon_core.shell:Creating package script '/home/aaron/ur_ws/install/moveit_resources_prbt_support/share/moveit_resources_prbt_support/package.ps1'
[1.744s] INFO:colcon.colcon_core.shell:Creating package descriptor '/home/aaron/ur_ws/install/moveit_resources_prbt_support/share/moveit_resources_prbt_support/package.dsv'
[1.744s] INFO:colcon.colcon_core.shell:Creating package script '/home/aaron/ur_ws/install/moveit_resources_prbt_support/share/moveit_resources_prbt_support/package.sh'
[1.749s] INFO:colcon.colcon_core.shell:Creating package script '/home/aaron/ur_ws/install/moveit_resources_prbt_support/share/moveit_resources_prbt_support/package.bash'
[1.750s] INFO:colcon.colcon_core.shell:Creating package script '/home/aaron/ur_ws/install/moveit_resources_prbt_support/share/moveit_resources_prbt_support/package.zsh'
[1.751s] Level 1:colcon.colcon_core.environment:create_file_with_runtime_dependencies(/home/aaron/ur_ws/install/moveit_resources_prbt_support/share/colcon-core/packages/moveit_resources_prbt_support)
[1.760s] INFO:colcon.colcon_ros.task.ament_cmake.build:Building ROS package in '/home/aaron/ur_ws/src/moveit_task_constructor/rviz_marker_tools' with build type 'ament_cmake'
[1.761s] INFO:colcon.colcon_cmake.task.cmake.build:Building CMake package in '/home/aaron/ur_ws/src/moveit_task_constructor/rviz_marker_tools'
[1.761s] INFO:colcon.colcon_core.shell:Skip shell extension 'powershell' for command environment: Not usable outside of PowerShell
[1.761s] DEBUG:colcon.colcon_core.shell:Skip shell extension 'dsv' for command environment
[1.783s] Level 1:colcon.colcon_core.environment:create_environment_scripts_only(moveit_resources_panda_description)
[1.784s] Level 1:colcon.colcon_core.environment:checking '/home/aaron/ur_ws/install/moveit_resources_panda_description' for CMake module files
[1.784s] DEBUG:colcon.colcon_core.event_handler.log_command:Invoked command in '/home/aaron/ur_ws/build/moveit_resources_panda_description' returned '0': CMAKE_PREFIX_PATH=/opt/ros/humble /usr/bin/cmake --install /home/aaron/ur_ws/build/moveit_resources_panda_description
[1.785s] Level 1:colcon.colcon_core.environment:checking '/home/aaron/ur_ws/install/moveit_resources_panda_description' for CMake config files
[1.785s] Level 1:colcon.colcon_core.shell:create_environment_hook('moveit_resources_panda_description', 'cmake_prefix_path')
[1.786s] INFO:colcon.colcon_core.shell:Creating environment hook '/home/aaron/ur_ws/install/moveit_resources_panda_description/share/moveit_resources_panda_description/hook/cmake_prefix_path.ps1'
[1.786s] INFO:colcon.colcon_core.shell:Creating environment descriptor '/home/aaron/ur_ws/install/moveit_resources_panda_description/share/moveit_resources_panda_description/hook/cmake_prefix_path.dsv'
[1.787s] INFO:colcon.colcon_core.shell:Creating environment hook '/home/aaron/ur_ws/install/moveit_resources_panda_description/share/moveit_resources_panda_description/hook/cmake_prefix_path.sh'
[1.789s] Level 1:colcon.colcon_core.environment:checking '/home/aaron/ur_ws/install/moveit_resources_panda_description/bin'
[1.789s] Level 1:colcon.colcon_core.environment:checking '/home/aaron/ur_ws/install/moveit_resources_panda_description/lib/pkgconfig/moveit_resources_panda_description.pc'
[1.789s] Level 1:colcon.colcon_core.environment:checking '/home/aaron/ur_ws/install/moveit_resources_panda_description/lib/python3.10/site-packages'
[1.790s] Level 1:colcon.colcon_core.environment:checking '/home/aaron/ur_ws/install/moveit_resources_panda_description/bin'
[1.791s] INFO:colcon.colcon_core.shell:Creating package script '/home/aaron/ur_ws/install/moveit_resources_panda_description/share/moveit_resources_panda_description/package.ps1'
[1.795s] INFO:colcon.colcon_core.shell:Creating package descriptor '/home/aaron/ur_ws/install/moveit_resources_panda_description/share/moveit_resources_panda_description/package.dsv'
[1.796s] INFO:colcon.colcon_core.shell:Creating package script '/home/aaron/ur_ws/install/moveit_resources_panda_description/share/moveit_resources_panda_description/package.sh'
[1.799s] INFO:colcon.colcon_core.shell:Creating package script '/home/aaron/ur_ws/install/moveit_resources_panda_description/share/moveit_resources_panda_description/package.bash'
[1.800s] INFO:colcon.colcon_core.shell:Creating package script '/home/aaron/ur_ws/install/moveit_resources_panda_description/share/moveit_resources_panda_description/package.zsh'
[1.802s] Level 1:colcon.colcon_core.environment:create_file_with_runtime_dependencies(/home/aaron/ur_ws/install/moveit_resources_panda_description/share/colcon-core/packages/moveit_resources_panda_description)
[1.803s] Level 1:colcon.colcon_core.environment:create_environment_scripts_only(moveit_resources_panda_description)
[1.804s] Level 1:colcon.colcon_core.environment:checking '/home/aaron/ur_ws/install/moveit_resources_panda_description' for CMake module files
[1.807s] Level 1:colcon.colcon_core.environment:checking '/home/aaron/ur_ws/install/moveit_resources_panda_description' for CMake config files
[1.807s] Level 1:colcon.colcon_core.shell:create_environment_hook('moveit_resources_panda_description', 'cmake_prefix_path')
[1.809s] INFO:colcon.colcon_core.shell:Creating environment hook '/home/aaron/ur_ws/install/moveit_resources_panda_description/share/moveit_resources_panda_description/hook/cmake_prefix_path.ps1'
[1.811s] INFO:colcon.colcon_core.shell:Creating environment descriptor '/home/aaron/ur_ws/install/moveit_resources_panda_description/share/moveit_resources_panda_description/hook/cmake_prefix_path.dsv'
[1.813s] INFO:colcon.colcon_core.shell:Creating environment hook '/home/aaron/ur_ws/install/moveit_resources_panda_description/share/moveit_resources_panda_description/hook/cmake_prefix_path.sh'
[1.815s] Level 1:colcon.colcon_core.environment:checking '/home/aaron/ur_ws/install/moveit_resources_panda_description/bin'
[1.815s] Level 1:colcon.colcon_core.environment:checking '/home/aaron/ur_ws/install/moveit_resources_panda_description/lib/pkgconfig/moveit_resources_panda_description.pc'
[1.816s] Level 1:colcon.colcon_core.environment:checking '/home/aaron/ur_ws/install/moveit_resources_panda_description/lib/python3.10/site-packages'
[1.817s] Level 1:colcon.colcon_core.environment:checking '/home/aaron/ur_ws/install/moveit_resources_panda_description/bin'
[1.819s] INFO:colcon.colcon_core.shell:Creating package script '/home/aaron/ur_ws/install/moveit_resources_panda_description/share/moveit_resources_panda_description/package.ps1'
[1.821s] INFO:colcon.colcon_core.shell:Creating package descriptor '/home/aaron/ur_ws/install/moveit_resources_panda_description/share/moveit_resources_panda_description/package.dsv'
[1.822s] INFO:colcon.colcon_core.shell:Creating package script '/home/aaron/ur_ws/install/moveit_resources_panda_description/share/moveit_resources_panda_description/package.sh'
[1.825s] INFO:colcon.colcon_core.shell:Creating package script '/home/aaron/ur_ws/install/moveit_resources_panda_description/share/moveit_resources_panda_description/package.bash'
[1.827s] INFO:colcon.colcon_core.shell:Creating package script '/home/aaron/ur_ws/install/moveit_resources_panda_description/share/moveit_resources_panda_description/package.zsh'
[1.828s] Level 1:colcon.colcon_core.environment:create_file_with_runtime_dependencies(/home/aaron/ur_ws/install/moveit_resources_panda_description/share/colcon-core/packages/moveit_resources_panda_description)
[1.830s] Level 1:colcon.colcon_core.environment:create_environment_scripts_only(moveit_resources_pr2_description)
[1.830s] Level 1:colcon.colcon_core.environment:checking '/home/aaron/ur_ws/install/moveit_resources_pr2_description' for CMake module files
[1.831s] DEBUG:colcon.colcon_core.event_handler.log_command:Invoked command in '/home/aaron/ur_ws/build/moveit_resources_pr2_description' returned '0': CMAKE_PREFIX_PATH=/opt/ros/humble /usr/bin/cmake --install /home/aaron/ur_ws/build/moveit_resources_pr2_description
[1.833s] Level 1:colcon.colcon_core.environment:checking '/home/aaron/ur_ws/install/moveit_resources_pr2_description' for CMake config files
[1.833s] Level 1:colcon.colcon_core.shell:create_environment_hook('moveit_resources_pr2_description', 'cmake_prefix_path')
[1.835s] INFO:colcon.colcon_core.shell:Creating environment hook '/home/aaron/ur_ws/install/moveit_resources_pr2_description/share/moveit_resources_pr2_description/hook/cmake_prefix_path.ps1'
[1.836s] INFO:colcon.colcon_core.shell:Creating environment descriptor '/home/aaron/ur_ws/install/moveit_resources_pr2_description/share/moveit_resources_pr2_description/hook/cmake_prefix_path.dsv'
[1.838s] INFO:colcon.colcon_core.shell:Creating environment hook '/home/aaron/ur_ws/install/moveit_resources_pr2_description/share/moveit_resources_pr2_description/hook/cmake_prefix_path.sh'
[1.839s] Level 1:colcon.colcon_core.environment:checking '/home/aaron/ur_ws/install/moveit_resources_pr2_description/bin'
[1.839s] Level 1:colcon.colcon_core.environment:checking '/home/aaron/ur_ws/install/moveit_resources_pr2_description/lib/pkgconfig/moveit_resources_pr2_description.pc'
[1.840s] Level 1:colcon.colcon_core.environment:checking '/home/aaron/ur_ws/install/moveit_resources_pr2_description/lib/python3.10/site-packages'
[1.840s] Level 1:colcon.colcon_core.environment:checking '/home/aaron/ur_ws/install/moveit_resources_pr2_description/bin'
[1.842s] INFO:colcon.colcon_core.shell:Creating package script '/home/aaron/ur_ws/install/moveit_resources_pr2_description/share/moveit_resources_pr2_description/package.ps1'
[1.844s] INFO:colcon.colcon_core.shell:Creating package descriptor '/home/aaron/ur_ws/install/moveit_resources_pr2_description/share/moveit_resources_pr2_description/package.dsv'
[1.847s] INFO:colcon.colcon_core.shell:Creating package script '/home/aaron/ur_ws/install/moveit_resources_pr2_description/share/moveit_resources_pr2_description/package.sh'
[1.848s] INFO:colcon.colcon_core.shell:Creating package script '/home/aaron/ur_ws/install/moveit_resources_pr2_description/share/moveit_resources_pr2_description/package.bash'
[1.850s] INFO:colcon.colcon_core.shell:Creating package script '/home/aaron/ur_ws/install/moveit_resources_pr2_description/share/moveit_resources_pr2_description/package.zsh'
[1.852s] Level 1:colcon.colcon_core.environment:create_file_with_runtime_dependencies(/home/aaron/ur_ws/install/moveit_resources_pr2_description/share/colcon-core/packages/moveit_resources_pr2_description)
[1.853s] Level 1:colcon.colcon_core.environment:create_environment_scripts_only(moveit_resources_pr2_description)
[1.855s] Level 1:colcon.colcon_core.environment:checking '/home/aaron/ur_ws/install/moveit_resources_pr2_description' for CMake module files
[1.856s] Level 1:colcon.colcon_core.environment:checking '/home/aaron/ur_ws/install/moveit_resources_pr2_description' for CMake config files
[1.857s] Level 1:colcon.colcon_core.shell:create_environment_hook('moveit_resources_pr2_description', 'cmake_prefix_path')
[1.857s] INFO:colcon.colcon_core.shell:Creating environment hook '/home/aaron/ur_ws/install/moveit_resources_pr2_description/share/moveit_resources_pr2_description/hook/cmake_prefix_path.ps1'
[1.859s] INFO:colcon.colcon_core.shell:Creating environment descriptor '/home/aaron/ur_ws/install/moveit_resources_pr2_description/share/moveit_resources_pr2_description/hook/cmake_prefix_path.dsv'
[1.861s] INFO:colcon.colcon_core.shell:Creating environment hook '/home/aaron/ur_ws/install/moveit_resources_pr2_description/share/moveit_resources_pr2_description/hook/cmake_prefix_path.sh'
[1.864s] Level 1:colcon.colcon_core.environment:checking '/home/aaron/ur_ws/install/moveit_resources_pr2_description/bin'
[1.864s] Level 1:colcon.colcon_core.environment:checking '/home/aaron/ur_ws/install/moveit_resources_pr2_description/lib/pkgconfig/moveit_resources_pr2_description.pc'
[1.864s] Level 1:colcon.colcon_core.environment:checking '/home/aaron/ur_ws/install/moveit_resources_pr2_description/lib/python3.10/site-packages'
[1.866s] Level 1:colcon.colcon_core.environment:checking '/home/aaron/ur_ws/install/moveit_resources_pr2_description/bin'
[1.867s] INFO:colcon.colcon_core.shell:Creating package script '/home/aaron/ur_ws/install/moveit_resources_pr2_description/share/moveit_resources_pr2_description/package.ps1'
[1.869s] INFO:colcon.colcon_core.shell:Creating package descriptor '/home/aaron/ur_ws/install/moveit_resources_pr2_description/share/moveit_resources_pr2_description/package.dsv'
[1.871s] INFO:colcon.colcon_core.shell:Creating package script '/home/aaron/ur_ws/install/moveit_resources_pr2_description/share/moveit_resources_pr2_description/package.sh'
[1.872s] INFO:colcon.colcon_core.shell:Creating package script '/home/aaron/ur_ws/install/moveit_resources_pr2_description/share/moveit_resources_pr2_description/package.bash'
[1.875s] INFO:colcon.colcon_core.shell:Creating package script '/home/aaron/ur_ws/install/moveit_resources_pr2_description/share/moveit_resources_pr2_description/package.zsh'
[1.876s] Level 1:colcon.colcon_core.environment:create_file_with_runtime_dependencies(/home/aaron/ur_ws/install/moveit_resources_pr2_description/share/colcon-core/packages/moveit_resources_pr2_description)
[1.876s] Level 1:colcon.colcon_core.environment:create_environment_scripts_only(moveit_resources_fanuc_description)
[1.877s] DEBUG:colcon.colcon_core.event_handler.log_command:Invoked command in '/home/aaron/ur_ws/build/moveit_resources_fanuc_description' returned '0': CMAKE_PREFIX_PATH=/opt/ros/humble /usr/bin/cmake --install /home/aaron/ur_ws/build/moveit_resources_fanuc_description
[1.878s] Level 1:colcon.colcon_core.environment:checking '/home/aaron/ur_ws/install/moveit_resources_fanuc_description' for CMake module files
[1.879s] Level 1:colcon.colcon_core.environment:checking '/home/aaron/ur_ws/install/moveit_resources_fanuc_description' for CMake config files
[1.879s] Level 1:colcon.colcon_core.shell:create_environment_hook('moveit_resources_fanuc_description', 'cmake_prefix_path')
[1.879s] INFO:colcon.colcon_core.shell:Creating environment hook '/home/aaron/ur_ws/install/moveit_resources_fanuc_description/share/moveit_resources_fanuc_description/hook/cmake_prefix_path.ps1'
[1.880s] INFO:colcon.colcon_core.shell:Creating environment descriptor '/home/aaron/ur_ws/install/moveit_resources_fanuc_description/share/moveit_resources_fanuc_description/hook/cmake_prefix_path.dsv'
[1.881s] INFO:colcon.colcon_core.shell:Creating environment hook '/home/aaron/ur_ws/install/moveit_resources_fanuc_description/share/moveit_resources_fanuc_description/hook/cmake_prefix_path.sh'
[1.882s] Level 1:colcon.colcon_core.environment:checking '/home/aaron/ur_ws/install/moveit_resources_fanuc_description/bin'
[1.882s] Level 1:colcon.colcon_core.environment:checking '/home/aaron/ur_ws/install/moveit_resources_fanuc_description/lib/pkgconfig/moveit_resources_fanuc_description.pc'
[1.882s] Level 1:colcon.colcon_core.environment:checking '/home/aaron/ur_ws/install/moveit_resources_fanuc_description/lib/python3.10/site-packages'
[1.884s] Level 1:colcon.colcon_core.environment:checking '/home/aaron/ur_ws/install/moveit_resources_fanuc_description/bin'
[1.884s] INFO:colcon.colcon_core.shell:Creating package script '/home/aaron/ur_ws/install/moveit_resources_fanuc_description/share/moveit_resources_fanuc_description/package.ps1'
[1.886s] INFO:colcon.colcon_core.shell:Creating package descriptor '/home/aaron/ur_ws/install/moveit_resources_fanuc_description/share/moveit_resources_fanuc_description/package.dsv'
[1.887s] INFO:colcon.colcon_core.shell:Creating package script '/home/aaron/ur_ws/install/moveit_resources_fanuc_description/share/moveit_resources_fanuc_description/package.sh'
[1.890s] INFO:colcon.colcon_core.shell:Creating package script '/home/aaron/ur_ws/install/moveit_resources_fanuc_description/share/moveit_resources_fanuc_description/package.bash'
[1.892s] INFO:colcon.colcon_core.shell:Creating package script '/home/aaron/ur_ws/install/moveit_resources_fanuc_description/share/moveit_resources_fanuc_description/package.zsh'
[1.893s] Level 1:colcon.colcon_core.environment:create_file_with_runtime_dependencies(/home/aaron/ur_ws/install/moveit_resources_fanuc_description/share/colcon-core/packages/moveit_resources_fanuc_description)
[1.894s] Level 1:colcon.colcon_core.environment:create_environment_scripts_only(moveit_resources_fanuc_description)
[1.896s] Level 1:colcon.colcon_core.environment:checking '/home/aaron/ur_ws/install/moveit_resources_fanuc_description' for CMake module files
[1.897s] Level 1:colcon.colcon_core.environment:checking '/home/aaron/ur_ws/install/moveit_resources_fanuc_description' for CMake config files
[1.899s] Level 1:colcon.colcon_core.shell:create_environment_hook('moveit_resources_fanuc_description', 'cmake_prefix_path')
[1.899s] INFO:colcon.colcon_core.shell:Creating environment hook '/home/aaron/ur_ws/install/moveit_resources_fanuc_description/share/moveit_resources_fanuc_description/hook/cmake_prefix_path.ps1'
[1.901s] INFO:colcon.colcon_core.shell:Creating environment descriptor '/home/aaron/ur_ws/install/moveit_resources_fanuc_description/share/moveit_resources_fanuc_description/hook/cmake_prefix_path.dsv'
[1.903s] INFO:colcon.colcon_core.shell:Creating environment hook '/home/aaron/ur_ws/install/moveit_resources_fanuc_description/share/moveit_resources_fanuc_description/hook/cmake_prefix_path.sh'
[1.908s] Level 1:colcon.colcon_core.environment:checking '/home/aaron/ur_ws/install/moveit_resources_fanuc_description/bin'
[1.908s] Level 1:colcon.colcon_core.environment:checking '/home/aaron/ur_ws/install/moveit_resources_fanuc_description/lib/pkgconfig/moveit_resources_fanuc_description.pc'
[1.909s] Level 1:colcon.colcon_core.environment:checking '/home/aaron/ur_ws/install/moveit_resources_fanuc_description/lib/python3.10/site-packages'
[1.910s] Level 1:colcon.colcon_core.environment:checking '/home/aaron/ur_ws/install/moveit_resources_fanuc_description/bin'
[1.911s] INFO:colcon.colcon_core.shell:Creating package script '/home/aaron/ur_ws/install/moveit_resources_fanuc_description/share/moveit_resources_fanuc_description/package.ps1'
[1.912s] INFO:colcon.colcon_core.shell:Creating package descriptor '/home/aaron/ur_ws/install/moveit_resources_fanuc_description/share/moveit_resources_fanuc_description/package.dsv'
[1.913s] INFO:colcon.colcon_core.shell:Creating package script '/home/aaron/ur_ws/install/moveit_resources_fanuc_description/share/moveit_resources_fanuc_description/package.sh'
[1.914s] INFO:colcon.colcon_core.shell:Creating package script '/home/aaron/ur_ws/install/moveit_resources_fanuc_description/share/moveit_resources_fanuc_description/package.bash'
[1.915s] INFO:colcon.colcon_core.shell:Creating package script '/home/aaron/ur_ws/install/moveit_resources_fanuc_description/share/moveit_resources_fanuc_description/package.zsh'
[1.916s] Level 1:colcon.colcon_core.environment:create_file_with_runtime_dependencies(/home/aaron/ur_ws/install/moveit_resources_fanuc_description/share/colcon-core/packages/moveit_resources_fanuc_description)
[1.918s] INFO:colcon.colcon_ros.task.ament_cmake.build:Building ROS package in '/home/aaron/ur_ws/src/moveit_resources/panda_moveit_config' with build type 'ament_cmake'
[1.919s] INFO:colcon.colcon_cmake.task.cmake.build:Building CMake package in '/home/aaron/ur_ws/src/moveit_resources/panda_moveit_config'
[1.920s] INFO:colcon.colcon_core.shell:Skip shell extension 'powershell' for command environment: Not usable outside of PowerShell
[1.920s] DEBUG:colcon.colcon_core.shell:Skip shell extension 'dsv' for command environment
[1.936s] INFO:colcon.colcon_ros.task.ament_cmake.build:Building ROS package in '/home/aaron/ur_ws/src/moveit_resources/fanuc_moveit_config' with build type 'ament_cmake'
[1.937s] INFO:colcon.colcon_cmake.task.cmake.build:Building CMake package in '/home/aaron/ur_ws/src/moveit_resources/fanuc_moveit_config'
[1.937s] INFO:colcon.colcon_core.shell:Skip shell extension 'powershell' for command environment: Not usable outside of PowerShell
[1.937s] DEBUG:colcon.colcon_core.shell:Skip shell extension 'dsv' for command environment
[1.965s] DEBUG:colcon.colcon_core.event_handler.log_command:Invoking command in '/home/aaron/ur_ws/build/rviz_marker_tools': AMENT_PREFIX_PATH=/home/aaron/ur_ws/install/moveit_common:${AMENT_PREFIX_PATH} CMAKE_PREFIX_PATH=/home/aaron/ur_ws/install/moveit_common:/opt/ros/humble /usr/bin/cmake --build /home/aaron/ur_ws/build/rviz_marker_tools -- -j20 -l20
[1.971s] DEBUG:colcon.colcon_core.event_handler.log_command:Invoking command in '/home/aaron/ur_ws/build/moveit_resources_panda_moveit_config': AMENT_PREFIX_PATH=/home/aaron/ur_ws/install/moveit_resources_panda_description:${AMENT_PREFIX_PATH} CMAKE_PREFIX_PATH=/home/aaron/ur_ws/install/moveit_resources_panda_description:/opt/ros/humble /usr/bin/cmake --build /home/aaron/ur_ws/build/moveit_resources_panda_moveit_config -- -j20 -l20
[1.989s] DEBUG:colcon.colcon_core.event_handler.log_command:Invoking command in '/home/aaron/ur_ws/build/moveit_resources_fanuc_moveit_config': AMENT_PREFIX_PATH=/home/aaron/ur_ws/install/moveit_resources_fanuc_description:${AMENT_PREFIX_PATH} CMAKE_PREFIX_PATH=/home/aaron/ur_ws/install/moveit_resources_fanuc_description:/opt/ros/humble /usr/bin/cmake --build /home/aaron/ur_ws/build/moveit_resources_fanuc_moveit_config -- -j20 -l20
[2.073s] DEBUG:colcon.colcon_core.event_handler.log_command:Invoked command in '/home/aaron/ur_ws/build/moveit_resources_fanuc_moveit_config' returned '0': AMENT_PREFIX_PATH=/home/aaron/ur_ws/install/moveit_resources_fanuc_description:${AMENT_PREFIX_PATH} CMAKE_PREFIX_PATH=/home/aaron/ur_ws/install/moveit_resources_fanuc_description:/opt/ros/humble /usr/bin/cmake --build /home/aaron/ur_ws/build/moveit_resources_fanuc_moveit_config -- -j20 -l20
[2.075s] DEBUG:colcon.colcon_core.event_handler.log_command:Invoking command in '/home/aaron/ur_ws/build/moveit_resources_fanuc_moveit_config': AMENT_PREFIX_PATH=/home/aaron/ur_ws/install/moveit_resources_fanuc_description:${AMENT_PREFIX_PATH} CMAKE_PREFIX_PATH=/home/aaron/ur_ws/install/moveit_resources_fanuc_description:/opt/ros/humble /usr/bin/cmake --install /home/aaron/ur_ws/build/moveit_resources_fanuc_moveit_config
[2.083s] DEBUG:colcon.colcon_core.event_handler.log_command:Invoked command in '/home/aaron/ur_ws/build/moveit_resources_panda_moveit_config' returned '0': AMENT_PREFIX_PATH=/home/aaron/ur_ws/install/moveit_resources_panda_description:${AMENT_PREFIX_PATH} CMAKE_PREFIX_PATH=/home/aaron/ur_ws/install/moveit_resources_panda_description:/opt/ros/humble /usr/bin/cmake --build /home/aaron/ur_ws/build/moveit_resources_panda_moveit_config -- -j20 -l20
[2.083s] DEBUG:colcon.colcon_core.event_handler.log_command:Invoking command in '/home/aaron/ur_ws/build/moveit_resources_panda_moveit_config': AMENT_PREFIX_PATH=/home/aaron/ur_ws/install/moveit_resources_panda_description:${AMENT_PREFIX_PATH} CMAKE_PREFIX_PATH=/home/aaron/ur_ws/install/moveit_resources_panda_description:/opt/ros/humble /usr/bin/cmake --install /home/aaron/ur_ws/build/moveit_resources_panda_moveit_config
[2.107s] Level 1:colcon.colcon_core.environment:create_environment_scripts_only(moveit_resources_fanuc_moveit_config)
[2.108s] Level 1:colcon.colcon_core.environment:checking '/home/aaron/ur_ws/install/moveit_resources_fanuc_moveit_config' for CMake module files
[2.108s] Level 1:colcon.colcon_core.environment:checking '/home/aaron/ur_ws/install/moveit_resources_fanuc_moveit_config' for CMake config files
[2.108s] Level 1:colcon.colcon_core.shell:create_environment_hook('moveit_resources_fanuc_moveit_config', 'cmake_prefix_path')
[2.109s] INFO:colcon.colcon_core.shell:Creating environment hook '/home/aaron/ur_ws/install/moveit_resources_fanuc_moveit_config/share/moveit_resources_fanuc_moveit_config/hook/cmake_prefix_path.ps1'
[2.109s] INFO:colcon.colcon_core.shell:Creating environment descriptor '/home/aaron/ur_ws/install/moveit_resources_fanuc_moveit_config/share/moveit_resources_fanuc_moveit_config/hook/cmake_prefix_path.dsv'
[2.110s] INFO:colcon.colcon_core.shell:Creating environment hook '/home/aaron/ur_ws/install/moveit_resources_fanuc_moveit_config/share/moveit_resources_fanuc_moveit_config/hook/cmake_prefix_path.sh'
[2.114s] DEBUG:colcon.colcon_core.event_handler.log_command:Invoked command in '/home/aaron/ur_ws/build/moveit_resources_fanuc_moveit_config' returned '0': AMENT_PREFIX_PATH=/home/aaron/ur_ws/install/moveit_resources_fanuc_description:${AMENT_PREFIX_PATH} CMAKE_PREFIX_PATH=/home/aaron/ur_ws/install/moveit_resources_fanuc_description:/opt/ros/humble /usr/bin/cmake --install /home/aaron/ur_ws/build/moveit_resources_fanuc_moveit_config
[2.114s] Level 1:colcon.colcon_core.environment:checking '/home/aaron/ur_ws/install/moveit_resources_fanuc_moveit_config/bin'
[2.115s] Level 1:colcon.colcon_core.environment:checking '/home/aaron/ur_ws/install/moveit_resources_fanuc_moveit_config/lib/pkgconfig/moveit_resources_fanuc_moveit_config.pc'
[2.115s] Level 1:colcon.colcon_core.environment:checking '/home/aaron/ur_ws/install/moveit_resources_fanuc_moveit_config/lib/python3.10/site-packages'
[2.115s] Level 1:colcon.colcon_core.environment:checking '/home/aaron/ur_ws/install/moveit_resources_fanuc_moveit_config/bin'
[2.116s] INFO:colcon.colcon_core.shell:Creating package script '/home/aaron/ur_ws/install/moveit_resources_fanuc_moveit_config/share/moveit_resources_fanuc_moveit_config/package.ps1'
[2.116s] INFO:colcon.colcon_core.shell:Creating package descriptor '/home/aaron/ur_ws/install/moveit_resources_fanuc_moveit_config/share/moveit_resources_fanuc_moveit_config/package.dsv'
[2.117s] INFO:colcon.colcon_core.shell:Creating package script '/home/aaron/ur_ws/install/moveit_resources_fanuc_moveit_config/share/moveit_resources_fanuc_moveit_config/package.sh'
[2.117s] INFO:colcon.colcon_core.shell:Creating package script '/home/aaron/ur_ws/install/moveit_resources_fanuc_moveit_config/share/moveit_resources_fanuc_moveit_config/package.bash'
[2.120s] INFO:colcon.colcon_core.shell:Creating package script '/home/aaron/ur_ws/install/moveit_resources_fanuc_moveit_config/share/moveit_resources_fanuc_moveit_config/package.zsh'
[2.121s] Level 1:colcon.colcon_core.environment:create_file_with_runtime_dependencies(/home/aaron/ur_ws/install/moveit_resources_fanuc_moveit_config/share/colcon-core/packages/moveit_resources_fanuc_moveit_config)
[2.121s] Level 1:colcon.colcon_core.environment:create_environment_scripts_only(moveit_resources_fanuc_moveit_config)
[2.122s] Level 1:colcon.colcon_core.environment:checking '/home/aaron/ur_ws/install/moveit_resources_fanuc_moveit_config' for CMake module files
[2.122s] Level 1:colcon.colcon_core.environment:checking '/home/aaron/ur_ws/install/moveit_resources_fanuc_moveit_config' for CMake config files
[2.127s] Level 1:colcon.colcon_core.shell:create_environment_hook('moveit_resources_fanuc_moveit_config', 'cmake_prefix_path')
[2.128s] INFO:colcon.colcon_core.shell:Creating environment hook '/home/aaron/ur_ws/install/moveit_resources_fanuc_moveit_config/share/moveit_resources_fanuc_moveit_config/hook/cmake_prefix_path.ps1'
[2.128s] INFO:colcon.colcon_core.shell:Creating environment descriptor '/home/aaron/ur_ws/install/moveit_resources_fanuc_moveit_config/share/moveit_resources_fanuc_moveit_config/hook/cmake_prefix_path.dsv'
[2.129s] INFO:colcon.colcon_core.shell:Creating environment hook '/home/aaron/ur_ws/install/moveit_resources_fanuc_moveit_config/share/moveit_resources_fanuc_moveit_config/hook/cmake_prefix_path.sh'
[2.129s] Level 1:colcon.colcon_core.environment:checking '/home/aaron/ur_ws/install/moveit_resources_fanuc_moveit_config/bin'
[2.130s] Level 1:colcon.colcon_core.environment:checking '/home/aaron/ur_ws/install/moveit_resources_fanuc_moveit_config/lib/pkgconfig/moveit_resources_fanuc_moveit_config.pc'
[2.130s] Level 1:colcon.colcon_core.environment:checking '/home/aaron/ur_ws/install/moveit_resources_fanuc_moveit_config/lib/python3.10/site-packages'
[2.130s] Level 1:colcon.colcon_core.environment:checking '/home/aaron/ur_ws/install/moveit_resources_fanuc_moveit_config/bin'
[2.134s] INFO:colcon.colcon_core.shell:Creating package script '/home/aaron/ur_ws/install/moveit_resources_fanuc_moveit_config/share/moveit_resources_fanuc_moveit_config/package.ps1'
[2.134s] INFO:colcon.colcon_core.shell:Creating package descriptor '/home/aaron/ur_ws/install/moveit_resources_fanuc_moveit_config/share/moveit_resources_fanuc_moveit_config/package.dsv'
[2.135s] INFO:colcon.colcon_core.shell:Creating package script '/home/aaron/ur_ws/install/moveit_resources_fanuc_moveit_config/share/moveit_resources_fanuc_moveit_config/package.sh'
[2.136s] INFO:colcon.colcon_core.shell:Creating package script '/home/aaron/ur_ws/install/moveit_resources_fanuc_moveit_config/share/moveit_resources_fanuc_moveit_config/package.bash'
[2.137s] INFO:colcon.colcon_core.shell:Creating package script '/home/aaron/ur_ws/install/moveit_resources_fanuc_moveit_config/share/moveit_resources_fanuc_moveit_config/package.zsh'
[2.140s] Level 1:colcon.colcon_core.environment:create_file_with_runtime_dependencies(/home/aaron/ur_ws/install/moveit_resources_fanuc_moveit_config/share/colcon-core/packages/moveit_resources_fanuc_moveit_config)
[2.141s] Level 1:colcon.colcon_core.environment:create_environment_scripts_only(moveit_resources_panda_moveit_config)
[2.142s] Level 1:colcon.colcon_core.environment:checking '/home/aaron/ur_ws/install/moveit_resources_panda_moveit_config' for CMake module files
[2.143s] Level 1:colcon.colcon_core.environment:checking '/home/aaron/ur_ws/install/moveit_resources_panda_moveit_config' for CMake config files
[2.143s] Level 1:colcon.colcon_core.shell:create_environment_hook('moveit_resources_panda_moveit_config', 'cmake_prefix_path')
[2.144s] INFO:colcon.colcon_core.shell:Creating environment hook '/home/aaron/ur_ws/install/moveit_resources_panda_moveit_config/share/moveit_resources_panda_moveit_config/hook/cmake_prefix_path.ps1'
[2.143s] DEBUG:colcon.colcon_core.event_handler.log_command:Invoked command in '/home/aaron/ur_ws/build/moveit_resources_panda_moveit_config' returned '0': AMENT_PREFIX_PATH=/home/aaron/ur_ws/install/moveit_resources_panda_description:${AMENT_PREFIX_PATH} CMAKE_PREFIX_PATH=/home/aaron/ur_ws/install/moveit_resources_panda_description:/opt/ros/humble /usr/bin/cmake --install /home/aaron/ur_ws/build/moveit_resources_panda_moveit_config
[2.148s] INFO:colcon.colcon_core.shell:Creating environment descriptor '/home/aaron/ur_ws/install/moveit_resources_panda_moveit_config/share/moveit_resources_panda_moveit_config/hook/cmake_prefix_path.dsv'
[2.149s] INFO:colcon.colcon_core.shell:Creating environment hook '/home/aaron/ur_ws/install/moveit_resources_panda_moveit_config/share/moveit_resources_panda_moveit_config/hook/cmake_prefix_path.sh'
[2.150s] Level 1:colcon.colcon_core.environment:checking '/home/aaron/ur_ws/install/moveit_resources_panda_moveit_config/bin'
[2.150s] Level 1:colcon.colcon_core.environment:checking '/home/aaron/ur_ws/install/moveit_resources_panda_moveit_config/lib/pkgconfig/moveit_resources_panda_moveit_config.pc'
[2.150s] Level 1:colcon.colcon_core.environment:checking '/home/aaron/ur_ws/install/moveit_resources_panda_moveit_config/lib/python3.10/site-packages'
[2.151s] Level 1:colcon.colcon_core.environment:checking '/home/aaron/ur_ws/install/moveit_resources_panda_moveit_config/bin'
[2.151s] INFO:colcon.colcon_core.shell:Creating package script '/home/aaron/ur_ws/install/moveit_resources_panda_moveit_config/share/moveit_resources_panda_moveit_config/package.ps1'
[2.152s] INFO:colcon.colcon_core.shell:Creating package descriptor '/home/aaron/ur_ws/install/moveit_resources_panda_moveit_config/share/moveit_resources_panda_moveit_config/package.dsv'
[2.155s] INFO:colcon.colcon_core.shell:Creating package script '/home/aaron/ur_ws/install/moveit_resources_panda_moveit_config/share/moveit_resources_panda_moveit_config/package.sh'
[2.156s] INFO:colcon.colcon_core.shell:Creating package script '/home/aaron/ur_ws/install/moveit_resources_panda_moveit_config/share/moveit_resources_panda_moveit_config/package.bash'
[2.157s] INFO:colcon.colcon_core.shell:Creating package script '/home/aaron/ur_ws/install/moveit_resources_panda_moveit_config/share/moveit_resources_panda_moveit_config/package.zsh'
[2.157s] Level 1:colcon.colcon_core.environment:create_file_with_runtime_dependencies(/home/aaron/ur_ws/install/moveit_resources_panda_moveit_config/share/colcon-core/packages/moveit_resources_panda_moveit_config)
[2.158s] Level 1:colcon.colcon_core.environment:create_environment_scripts_only(moveit_resources_panda_moveit_config)
[2.158s] Level 1:colcon.colcon_core.environment:checking '/home/aaron/ur_ws/install/moveit_resources_panda_moveit_config' for CMake module files
[2.159s] Level 1:colcon.colcon_core.environment:checking '/home/aaron/ur_ws/install/moveit_resources_panda_moveit_config' for CMake config files
[2.159s] Level 1:colcon.colcon_core.shell:create_environment_hook('moveit_resources_panda_moveit_config', 'cmake_prefix_path')
[2.159s] INFO:colcon.colcon_core.shell:Creating environment hook '/home/aaron/ur_ws/install/moveit_resources_panda_moveit_config/share/moveit_resources_panda_moveit_config/hook/cmake_prefix_path.ps1'
[2.163s] INFO:colcon.colcon_core.shell:Creating environment descriptor '/home/aaron/ur_ws/install/moveit_resources_panda_moveit_config/share/moveit_resources_panda_moveit_config/hook/cmake_prefix_path.dsv'
[2.164s] INFO:colcon.colcon_core.shell:Creating environment hook '/home/aaron/ur_ws/install/moveit_resources_panda_moveit_config/share/moveit_resources_panda_moveit_config/hook/cmake_prefix_path.sh'
[2.165s] Level 1:colcon.colcon_core.environment:checking '/home/aaron/ur_ws/install/moveit_resources_panda_moveit_config/bin'
[2.165s] Level 1:colcon.colcon_core.environment:checking '/home/aaron/ur_ws/install/moveit_resources_panda_moveit_config/lib/pkgconfig/moveit_resources_panda_moveit_config.pc'
[2.165s] Level 1:colcon.colcon_core.environment:checking '/home/aaron/ur_ws/install/moveit_resources_panda_moveit_config/lib/python3.10/site-packages'
[2.166s] Level 1:colcon.colcon_core.environment:checking '/home/aaron/ur_ws/install/moveit_resources_panda_moveit_config/bin'
[2.166s] INFO:colcon.colcon_core.shell:Creating package script '/home/aaron/ur_ws/install/moveit_resources_panda_moveit_config/share/moveit_resources_panda_moveit_config/package.ps1'
[2.169s] INFO:colcon.colcon_core.shell:Creating package descriptor '/home/aaron/ur_ws/install/moveit_resources_panda_moveit_config/share/moveit_resources_panda_moveit_config/package.dsv'
[2.175s] INFO:colcon.colcon_core.shell:Creating package script '/home/aaron/ur_ws/install/moveit_resources_panda_moveit_config/share/moveit_resources_panda_moveit_config/package.sh'
[2.179s] INFO:colcon.colcon_core.shell:Creating package script '/home/aaron/ur_ws/install/moveit_resources_panda_moveit_config/share/moveit_resources_panda_moveit_config/package.bash'
[2.180s] INFO:colcon.colcon_core.shell:Creating package script '/home/aaron/ur_ws/install/moveit_resources_panda_moveit_config/share/moveit_resources_panda_moveit_config/package.zsh'
[2.181s] Level 1:colcon.colcon_core.environment:create_file_with_runtime_dependencies(/home/aaron/ur_ws/install/moveit_resources_panda_moveit_config/share/colcon-core/packages/moveit_resources_panda_moveit_config)
[2.182s] INFO:colcon.colcon_ros.task.ament_cmake.build:Building ROS package in '/home/aaron/ur_ws/src/moveit_resources/moveit_resources' with build type 'ament_cmake'
[2.182s] INFO:colcon.colcon_cmake.task.cmake.build:Building CMake package in '/home/aaron/ur_ws/src/moveit_resources/moveit_resources'
[2.183s] INFO:colcon.colcon_core.shell:Skip shell extension 'powershell' for command environment: Not usable outside of PowerShell
[2.183s] DEBUG:colcon.colcon_core.shell:Skip shell extension 'dsv' for command environment
[2.224s] DEBUG:colcon.colcon_core.event_handler.log_command:Invoking command in '/home/aaron/ur_ws/build/moveit_resources': AMENT_PREFIX_PATH=/home/aaron/ur_ws/install/moveit_resources_panda_moveit_config:/home/aaron/ur_ws/install/moveit_resources_fanuc_moveit_config:/home/aaron/ur_ws/install/moveit_resources_pr2_description:/home/aaron/ur_ws/install/moveit_resources_panda_description:/home/aaron/ur_ws/install/moveit_resources_fanuc_description:${AMENT_PREFIX_PATH} CMAKE_PREFIX_PATH=/home/aaron/ur_ws/install/moveit_resources_panda_moveit_config:/home/aaron/ur_ws/install/moveit_resources_fanuc_moveit_config:/home/aaron/ur_ws/install/moveit_resources_pr2_description:/home/aaron/ur_ws/install/moveit_resources_panda_description:/home/aaron/ur_ws/install/moveit_resources_fanuc_description:/opt/ros/humble /usr/bin/cmake --build /home/aaron/ur_ws/build/moveit_resources -- -j20 -l20
[2.321s] DEBUG:colcon.colcon_core.event_handler.log_command:Invoked command in '/home/aaron/ur_ws/build/moveit_resources' returned '0': AMENT_PREFIX_PATH=/home/aaron/ur_ws/install/moveit_resources_panda_moveit_config:/home/aaron/ur_ws/install/moveit_resources_fanuc_moveit_config:/home/aaron/ur_ws/install/moveit_resources_pr2_description:/home/aaron/ur_ws/install/moveit_resources_panda_description:/home/aaron/ur_ws/install/moveit_resources_fanuc_description:${AMENT_PREFIX_PATH} CMAKE_PREFIX_PATH=/home/aaron/ur_ws/install/moveit_resources_panda_moveit_config:/home/aaron/ur_ws/install/moveit_resources_fanuc_moveit_config:/home/aaron/ur_ws/install/moveit_resources_pr2_description:/home/aaron/ur_ws/install/moveit_resources_panda_description:/home/aaron/ur_ws/install/moveit_resources_fanuc_description:/opt/ros/humble /usr/bin/cmake --build /home/aaron/ur_ws/build/moveit_resources -- -j20 -l20
[2.321s] DEBUG:colcon.colcon_core.event_handler.log_command:Invoking command in '/home/aaron/ur_ws/build/moveit_resources': AMENT_PREFIX_PATH=/home/aaron/ur_ws/install/moveit_resources_panda_moveit_config:/home/aaron/ur_ws/install/moveit_resources_fanuc_moveit_config:/home/aaron/ur_ws/install/moveit_resources_pr2_description:/home/aaron/ur_ws/install/moveit_resources_panda_description:/home/aaron/ur_ws/install/moveit_resources_fanuc_description:${AMENT_PREFIX_PATH} CMAKE_PREFIX_PATH=/home/aaron/ur_ws/install/moveit_resources_panda_moveit_config:/home/aaron/ur_ws/install/moveit_resources_fanuc_moveit_config:/home/aaron/ur_ws/install/moveit_resources_pr2_description:/home/aaron/ur_ws/install/moveit_resources_panda_description:/home/aaron/ur_ws/install/moveit_resources_fanuc_description:/opt/ros/humble /usr/bin/cmake --install /home/aaron/ur_ws/build/moveit_resources
[2.348s] Level 1:colcon.colcon_core.environment:create_environment_scripts_only(moveit_resources)
[2.348s] Level 1:colcon.colcon_core.environment:checking '/home/aaron/ur_ws/install/moveit_resources' for CMake module files
[2.349s] Level 1:colcon.colcon_core.environment:checking '/home/aaron/ur_ws/install/moveit_resources' for CMake config files
[2.349s] Level 1:colcon.colcon_core.shell:create_environment_hook('moveit_resources', 'cmake_prefix_path')
[2.349s] INFO:colcon.colcon_core.shell:Creating environment hook '/home/aaron/ur_ws/install/moveit_resources/share/moveit_resources/hook/cmake_prefix_path.ps1'
[2.350s] INFO:colcon.colcon_core.shell:Creating environment descriptor '/home/aaron/ur_ws/install/moveit_resources/share/moveit_resources/hook/cmake_prefix_path.dsv'
[2.350s] INFO:colcon.colcon_core.shell:Creating environment hook '/home/aaron/ur_ws/install/moveit_resources/share/moveit_resources/hook/cmake_prefix_path.sh'
[2.351s] Level 1:colcon.colcon_core.environment:checking '/home/aaron/ur_ws/install/moveit_resources/bin'
[2.351s] Level 1:colcon.colcon_core.environment:checking '/home/aaron/ur_ws/install/moveit_resources/lib/pkgconfig/moveit_resources.pc'
[2.356s] Level 1:colcon.colcon_core.environment:checking '/home/aaron/ur_ws/install/moveit_resources/lib/python3.10/site-packages'
[2.356s] DEBUG:colcon.colcon_core.event_handler.log_command:Invoked command in '/home/aaron/ur_ws/build/moveit_resources' returned '0': AMENT_PREFIX_PATH=/home/aaron/ur_ws/install/moveit_resources_panda_moveit_config:/home/aaron/ur_ws/install/moveit_resources_fanuc_moveit_config:/home/aaron/ur_ws/install/moveit_resources_pr2_description:/home/aaron/ur_ws/install/moveit_resources_panda_description:/home/aaron/ur_ws/install/moveit_resources_fanuc_description:${AMENT_PREFIX_PATH} CMAKE_PREFIX_PATH=/home/aaron/ur_ws/install/moveit_resources_panda_moveit_config:/home/aaron/ur_ws/install/moveit_resources_fanuc_moveit_config:/home/aaron/ur_ws/install/moveit_resources_pr2_description:/home/aaron/ur_ws/install/moveit_resources_panda_description:/home/aaron/ur_ws/install/moveit_resources_fanuc_description:/opt/ros/humble /usr/bin/cmake --install /home/aaron/ur_ws/build/moveit_resources
[2.356s] Level 1:colcon.colcon_core.environment:checking '/home/aaron/ur_ws/install/moveit_resources/bin'
[2.357s] INFO:colcon.colcon_core.shell:Creating package script '/home/aaron/ur_ws/install/moveit_resources/share/moveit_resources/package.ps1'
[2.358s] INFO:colcon.colcon_core.shell:Creating package descriptor '/home/aaron/ur_ws/install/moveit_resources/share/moveit_resources/package.dsv'
[2.358s] INFO:colcon.colcon_core.shell:Creating package script '/home/aaron/ur_ws/install/moveit_resources/share/moveit_resources/package.sh'
[2.359s] INFO:colcon.colcon_core.shell:Creating package script '/home/aaron/ur_ws/install/moveit_resources/share/moveit_resources/package.bash'
[2.359s] INFO:colcon.colcon_core.shell:Creating package script '/home/aaron/ur_ws/install/moveit_resources/share/moveit_resources/package.zsh'
[2.363s] Level 1:colcon.colcon_core.environment:create_file_with_runtime_dependencies(/home/aaron/ur_ws/install/moveit_resources/share/colcon-core/packages/moveit_resources)
[2.363s] Level 1:colcon.colcon_core.environment:create_environment_scripts_only(moveit_resources)
[2.364s] Level 1:colcon.colcon_core.environment:checking '/home/aaron/ur_ws/install/moveit_resources' for CMake module files
[2.364s] Level 1:colcon.colcon_core.environment:checking '/home/aaron/ur_ws/install/moveit_resources' for CMake config files
[2.364s] Level 1:colcon.colcon_core.shell:create_environment_hook('moveit_resources', 'cmake_prefix_path')
[2.365s] INFO:colcon.colcon_core.shell:Creating environment hook '/home/aaron/ur_ws/install/moveit_resources/share/moveit_resources/hook/cmake_prefix_path.ps1'
[2.365s] INFO:colcon.colcon_core.shell:Creating environment descriptor '/home/aaron/ur_ws/install/moveit_resources/share/moveit_resources/hook/cmake_prefix_path.dsv'
[2.369s] INFO:colcon.colcon_core.shell:Creating environment hook '/home/aaron/ur_ws/install/moveit_resources/share/moveit_resources/hook/cmake_prefix_path.sh'
[2.370s] Level 1:colcon.colcon_core.environment:checking '/home/aaron/ur_ws/install/moveit_resources/bin'
[2.370s] Level 1:colcon.colcon_core.environment:checking '/home/aaron/ur_ws/install/moveit_resources/lib/pkgconfig/moveit_resources.pc'
[2.370s] Level 1:colcon.colcon_core.environment:checking '/home/aaron/ur_ws/install/moveit_resources/lib/python3.10/site-packages'
[2.370s] Level 1:colcon.colcon_core.environment:checking '/home/aaron/ur_ws/install/moveit_resources/bin'
[2.371s] INFO:colcon.colcon_core.shell:Creating package script '/home/aaron/ur_ws/install/moveit_resources/share/moveit_resources/package.ps1'
[2.375s] INFO:colcon.colcon_core.shell:Creating package descriptor '/home/aaron/ur_ws/install/moveit_resources/share/moveit_resources/package.dsv'
[2.376s] INFO:colcon.colcon_core.shell:Creating package script '/home/aaron/ur_ws/install/moveit_resources/share/moveit_resources/package.sh'
[2.376s] INFO:colcon.colcon_core.shell:Creating package script '/home/aaron/ur_ws/install/moveit_resources/share/moveit_resources/package.bash'
[2.377s] INFO:colcon.colcon_core.shell:Creating package script '/home/aaron/ur_ws/install/moveit_resources/share/moveit_resources/package.zsh'
[2.381s] Level 1:colcon.colcon_core.environment:create_file_with_runtime_dependencies(/home/aaron/ur_ws/install/moveit_resources/share/colcon-core/packages/moveit_resources)
[2.602s] DEBUG:colcon.colcon_core.event_handler.log_command:Invoking command in '/home/aaron/ur_ws/src/Open_control': PYTHONPATH=/home/aaron/ur_ws/build/Open_control/prefix_override:/usr/lib/python3/dist-packages/colcon_core/task/python/colcon_distutils_commands:/home/aaron/ur_ws/install/Open_control/lib/python3.10/site-packages:${PYTHONPATH} /usr/bin/python3 -W ignore:setup.py install is deprecated -W ignore:easy_install command is deprecated setup.py egg_info --egg-base ../../build/Open_control build --build-base /home/aaron/ur_ws/build/Open_control/build install --record /home/aaron/ur_ws/build/Open_control/install.log --single-version-externally-managed install_data
[2.628s] DEBUG:colcon.colcon_core.event_handler.log_command:Invoking command in '/home/aaron/ur_ws/src/launch_param_builder': PYTHONPATH=/home/aaron/ur_ws/build/launch_param_builder/prefix_override:/usr/lib/python3/dist-packages/colcon_core/task/python/colcon_distutils_commands:/home/aaron/ur_ws/install/launch_param_builder/lib/python3.10/site-packages:${PYTHONPATH} /usr/bin/python3 -W ignore:setup.py install is deprecated -W ignore:easy_install command is deprecated setup.py egg_info --egg-base ../../build/launch_param_builder build --build-base /home/aaron/ur_ws/build/launch_param_builder/build install --record /home/aaron/ur_ws/build/launch_param_builder/install.log --single-version-externally-managed install_data
[2.674s] DEBUG:colcon.colcon_core.event_handler.log_command:Invoking command in '/home/aaron/ur_ws/src/waypoint_pub': PYTHONPATH=/home/aaron/ur_ws/build/waypoint_pub/prefix_override:/usr/lib/python3/dist-packages/colcon_core/task/python/colcon_distutils_commands:/home/aaron/ur_ws/install/waypoint_pub/lib/python3.10/site-packages:${PYTHONPATH} /usr/bin/python3 -W ignore:setup.py install is deprecated -W ignore:easy_install command is deprecated setup.py egg_info --egg-base ../../build/waypoint_pub build --build-base /home/aaron/ur_ws/build/waypoint_pub/build install --record /home/aaron/ur_ws/build/waypoint_pub/install.log --single-version-externally-managed install_data
[3.116s] Level 1:colcon.colcon_core.environment:checking '/home/aaron/ur_ws/install/waypoint_pub' for CMake module files
[3.117s] DEBUG:colcon.colcon_core.event_handler.log_command:Invoked command in '/home/aaron/ur_ws/src/waypoint_pub' returned '0': PYTHONPATH=/home/aaron/ur_ws/build/waypoint_pub/prefix_override:/usr/lib/python3/dist-packages/colcon_core/task/python/colcon_distutils_commands:/home/aaron/ur_ws/install/waypoint_pub/lib/python3.10/site-packages:${PYTHONPATH} /usr/bin/python3 -W ignore:setup.py install is deprecated -W ignore:easy_install command is deprecated setup.py egg_info --egg-base ../../build/waypoint_pub build --build-base /home/aaron/ur_ws/build/waypoint_pub/build install --record /home/aaron/ur_ws/build/waypoint_pub/install.log --single-version-externally-managed install_data
[3.117s] Level 1:colcon.colcon_core.environment:checking '/home/aaron/ur_ws/install/waypoint_pub' for CMake config files
[3.117s] Level 1:colcon.colcon_core.environment:checking '/home/aaron/ur_ws/install/waypoint_pub/lib'
[3.118s] Level 1:colcon.colcon_core.environment:checking '/home/aaron/ur_ws/install/waypoint_pub/bin'
[3.118s] Level 1:colcon.colcon_core.environment:checking '/home/aaron/ur_ws/install/waypoint_pub/lib/pkgconfig/waypoint_pub.pc'
[3.118s] Level 1:colcon.colcon_core.environment:checking '/home/aaron/ur_ws/install/waypoint_pub/lib/python3.10/site-packages'
[3.118s] Level 1:colcon.colcon_core.shell:create_environment_hook('waypoint_pub', 'pythonpath')
[3.118s] INFO:colcon.colcon_core.shell:Creating environment hook '/home/aaron/ur_ws/install/waypoint_pub/share/waypoint_pub/hook/pythonpath.ps1'
[3.119s] INFO:colcon.colcon_core.shell:Creating environment descriptor '/home/aaron/ur_ws/install/waypoint_pub/share/waypoint_pub/hook/pythonpath.dsv'
[3.119s] INFO:colcon.colcon_core.shell:Creating environment hook '/home/aaron/ur_ws/install/waypoint_pub/share/waypoint_pub/hook/pythonpath.sh'
[3.120s] Level 1:colcon.colcon_core.environment:checking '/home/aaron/ur_ws/install/waypoint_pub/bin'
[3.120s] Level 1:colcon.colcon_core.environment:create_environment_scripts_only(waypoint_pub)
[3.121s] INFO:colcon.colcon_core.shell:Creating package script '/home/aaron/ur_ws/install/waypoint_pub/share/waypoint_pub/package.ps1'
[3.121s] INFO:colcon.colcon_core.shell:Creating package descriptor '/home/aaron/ur_ws/install/waypoint_pub/share/waypoint_pub/package.dsv'
[3.122s] INFO:colcon.colcon_core.shell:Creating package script '/home/aaron/ur_ws/install/waypoint_pub/share/waypoint_pub/package.sh'
[3.122s] INFO:colcon.colcon_core.shell:Creating package script '/home/aaron/ur_ws/install/waypoint_pub/share/waypoint_pub/package.bash'
[3.122s] INFO:colcon.colcon_core.shell:Creating package script '/home/aaron/ur_ws/install/waypoint_pub/share/waypoint_pub/package.zsh'
[3.122s] Level 1:colcon.colcon_core.environment:create_file_with_runtime_dependencies(/home/aaron/ur_ws/install/waypoint_pub/share/colcon-core/packages/waypoint_pub)
[3.144s] Level 1:colcon.colcon_core.environment:checking '/home/aaron/ur_ws/install/launch_param_builder' for CMake module files
[3.145s] DEBUG:colcon.colcon_core.event_handler.log_command:Invoked command in '/home/aaron/ur_ws/src/launch_param_builder' returned '0': PYTHONPATH=/home/aaron/ur_ws/build/launch_param_builder/prefix_override:/usr/lib/python3/dist-packages/colcon_core/task/python/colcon_distutils_commands:/home/aaron/ur_ws/install/launch_param_builder/lib/python3.10/site-packages:${PYTHONPATH} /usr/bin/python3 -W ignore:setup.py install is deprecated -W ignore:easy_install command is deprecated setup.py egg_info --egg-base ../../build/launch_param_builder build --build-base /home/aaron/ur_ws/build/launch_param_builder/build install --record /home/aaron/ur_ws/build/launch_param_builder/install.log --single-version-externally-managed install_data
[3.146s] Level 1:colcon.colcon_core.environment:checking '/home/aaron/ur_ws/install/launch_param_builder' for CMake config files
[3.146s] Level 1:colcon.colcon_core.environment:checking '/home/aaron/ur_ws/install/launch_param_builder/lib'
[3.146s] Level 1:colcon.colcon_core.environment:checking '/home/aaron/ur_ws/install/launch_param_builder/bin'
[3.147s] Level 1:colcon.colcon_core.environment:checking '/home/aaron/ur_ws/install/launch_param_builder/lib/pkgconfig/launch_param_builder.pc'
[3.147s] Level 1:colcon.colcon_core.environment:checking '/home/aaron/ur_ws/install/launch_param_builder/lib/python3.10/site-packages'
[3.147s] Level 1:colcon.colcon_core.shell:create_environment_hook('launch_param_builder', 'pythonpath')
[3.147s] INFO:colcon.colcon_core.shell:Creating environment hook '/home/aaron/ur_ws/install/launch_param_builder/share/launch_param_builder/hook/pythonpath.ps1'
[3.148s] INFO:colcon.colcon_core.shell:Creating environment descriptor '/home/aaron/ur_ws/install/launch_param_builder/share/launch_param_builder/hook/pythonpath.dsv'
[3.149s] INFO:colcon.colcon_core.shell:Creating environment hook '/home/aaron/ur_ws/install/launch_param_builder/share/launch_param_builder/hook/pythonpath.sh'
[3.150s] Level 1:colcon.colcon_core.environment:checking '/home/aaron/ur_ws/install/launch_param_builder/bin'
[3.150s] Level 1:colcon.colcon_core.environment:create_environment_scripts_only(launch_param_builder)
[3.151s] INFO:colcon.colcon_core.shell:Creating package script '/home/aaron/ur_ws/install/launch_param_builder/share/launch_param_builder/package.ps1'
[3.152s] INFO:colcon.colcon_core.shell:Creating package descriptor '/home/aaron/ur_ws/install/launch_param_builder/share/launch_param_builder/package.dsv'
[3.152s] INFO:colcon.colcon_core.shell:Creating package script '/home/aaron/ur_ws/install/launch_param_builder/share/launch_param_builder/package.sh'
[3.153s] INFO:colcon.colcon_core.shell:Creating package script '/home/aaron/ur_ws/install/launch_param_builder/share/launch_param_builder/package.bash'
[3.154s] INFO:colcon.colcon_core.shell:Creating package script '/home/aaron/ur_ws/install/launch_param_builder/share/launch_param_builder/package.zsh'
[3.154s] Level 1:colcon.colcon_core.environment:create_file_with_runtime_dependencies(/home/aaron/ur_ws/install/launch_param_builder/share/colcon-core/packages/launch_param_builder)
[3.219s] Level 1:colcon.colcon_core.environment:checking '/home/aaron/ur_ws/install/Open_control' for CMake module files
[3.219s] DEBUG:colcon.colcon_core.event_handler.log_command:Invoked command in '/home/aaron/ur_ws/src/Open_control' returned '0': PYTHONPATH=/home/aaron/ur_ws/build/Open_control/prefix_override:/usr/lib/python3/dist-packages/colcon_core/task/python/colcon_distutils_commands:/home/aaron/ur_ws/install/Open_control/lib/python3.10/site-packages:${PYTHONPATH} /usr/bin/python3 -W ignore:setup.py install is deprecated -W ignore:easy_install command is deprecated setup.py egg_info --egg-base ../../build/Open_control build --build-base /home/aaron/ur_ws/build/Open_control/build install --record /home/aaron/ur_ws/build/Open_control/install.log --single-version-externally-managed install_data
[3.220s] Level 1:colcon.colcon_core.environment:checking '/home/aaron/ur_ws/install/Open_control' for CMake config files
[3.221s] Level 1:colcon.colcon_core.environment:checking '/home/aaron/ur_ws/install/Open_control/lib'
[3.221s] Level 1:colcon.colcon_core.environment:checking '/home/aaron/ur_ws/install/Open_control/bin'
[3.221s] Level 1:colcon.colcon_core.environment:checking '/home/aaron/ur_ws/install/Open_control/lib/pkgconfig/Open_control.pc'
[3.221s] Level 1:colcon.colcon_core.environment:checking '/home/aaron/ur_ws/install/Open_control/lib/python3.10/site-packages'
[3.221s] Level 1:colcon.colcon_core.shell:create_environment_hook('Open_control', 'pythonpath')
[3.222s] INFO:colcon.colcon_core.shell:Creating environment hook '/home/aaron/ur_ws/install/Open_control/share/Open_control/hook/pythonpath.ps1'
[3.222s] INFO:colcon.colcon_core.shell:Creating environment descriptor '/home/aaron/ur_ws/install/Open_control/share/Open_control/hook/pythonpath.dsv'
[3.223s] INFO:colcon.colcon_core.shell:Creating environment hook '/home/aaron/ur_ws/install/Open_control/share/Open_control/hook/pythonpath.sh'
[3.224s] Level 1:colcon.colcon_core.environment:checking '/home/aaron/ur_ws/install/Open_control/bin'
[3.224s] Level 1:colcon.colcon_core.environment:create_environment_scripts_only(Open_control)
[3.225s] INFO:colcon.colcon_core.shell:Creating package script '/home/aaron/ur_ws/install/Open_control/share/Open_control/package.ps1'
[3.225s] INFO:colcon.colcon_core.shell:Creating package descriptor '/home/aaron/ur_ws/install/Open_control/share/Open_control/package.dsv'
[3.226s] INFO:colcon.colcon_core.shell:Creating package script '/home/aaron/ur_ws/install/Open_control/share/Open_control/package.sh'
[3.227s] INFO:colcon.colcon_core.shell:Creating package script '/home/aaron/ur_ws/install/Open_control/share/Open_control/package.bash'
[3.227s] INFO:colcon.colcon_core.shell:Creating package script '/home/aaron/ur_ws/install/Open_control/share/Open_control/package.zsh'
[3.228s] Level 1:colcon.colcon_core.environment:create_file_with_runtime_dependencies(/home/aaron/ur_ws/install/Open_control/share/colcon-core/packages/Open_control)
[4.579s] DEBUG:colcon.colcon_core.event_handler.log_command:Invoked command in '/home/aaron/ur_ws/build/moveit_task_constructor_msgs' returned '0': CMAKE_PREFIX_PATH=/opt/ros/humble /usr/bin/cmake --build /home/aaron/ur_ws/build/moveit_task_constructor_msgs -- -j20 -l20
[4.580s] DEBUG:colcon.colcon_core.event_handler.log_command:Invoking command in '/home/aaron/ur_ws/build/moveit_task_constructor_msgs': CMAKE_PREFIX_PATH=/opt/ros/humble /usr/bin/cmake --install /home/aaron/ur_ws/build/moveit_task_constructor_msgs
[4.671s] Level 1:colcon.colcon_core.environment:create_environment_scripts_only(moveit_task_constructor_msgs)
[4.672s] Level 1:colcon.colcon_core.environment:checking '/home/aaron/ur_ws/install/moveit_task_constructor_msgs' for CMake module files
[4.673s] DEBUG:colcon.colcon_core.event_handler.log_command:Invoked command in '/home/aaron/ur_ws/build/moveit_task_constructor_msgs' returned '0': CMAKE_PREFIX_PATH=/opt/ros/humble /usr/bin/cmake --install /home/aaron/ur_ws/build/moveit_task_constructor_msgs
[4.674s] Level 1:colcon.colcon_core.environment:checking '/home/aaron/ur_ws/install/moveit_task_constructor_msgs' for CMake config files
[4.674s] Level 1:colcon.colcon_core.shell:create_environment_hook('moveit_task_constructor_msgs', 'cmake_prefix_path')
[4.674s] INFO:colcon.colcon_core.shell:Creating environment hook '/home/aaron/ur_ws/install/moveit_task_constructor_msgs/share/moveit_task_constructor_msgs/hook/cmake_prefix_path.ps1'
[4.675s] INFO:colcon.colcon_core.shell:Creating environment descriptor '/home/aaron/ur_ws/install/moveit_task_constructor_msgs/share/moveit_task_constructor_msgs/hook/cmake_prefix_path.dsv'
[4.676s] INFO:colcon.colcon_core.shell:Creating environment hook '/home/aaron/ur_ws/install/moveit_task_constructor_msgs/share/moveit_task_constructor_msgs/hook/cmake_prefix_path.sh'
[4.677s] Level 1:colcon.colcon_core.environment:checking '/home/aaron/ur_ws/install/moveit_task_constructor_msgs/lib'
[4.677s] Level 1:colcon.colcon_core.shell:create_environment_hook('moveit_task_constructor_msgs', 'ld_library_path_lib')
[4.677s] INFO:colcon.colcon_core.shell:Creating environment hook '/home/aaron/ur_ws/install/moveit_task_constructor_msgs/share/moveit_task_constructor_msgs/hook/ld_library_path_lib.ps1'
[4.678s] INFO:colcon.colcon_core.shell:Creating environment descriptor '/home/aaron/ur_ws/install/moveit_task_constructor_msgs/share/moveit_task_constructor_msgs/hook/ld_library_path_lib.dsv'
[4.678s] INFO:colcon.colcon_core.shell:Creating environment hook '/home/aaron/ur_ws/install/moveit_task_constructor_msgs/share/moveit_task_constructor_msgs/hook/ld_library_path_lib.sh'
[4.679s] Level 1:colcon.colcon_core.environment:checking '/home/aaron/ur_ws/install/moveit_task_constructor_msgs/bin'
[4.679s] Level 1:colcon.colcon_core.environment:checking '/home/aaron/ur_ws/install/moveit_task_constructor_msgs/lib/pkgconfig/moveit_task_constructor_msgs.pc'
[4.680s] Level 1:colcon.colcon_core.environment:checking '/home/aaron/ur_ws/install/moveit_task_constructor_msgs/lib/python3.10/site-packages'
[4.680s] Level 1:colcon.colcon_core.environment:checking '/home/aaron/ur_ws/install/moveit_task_constructor_msgs/bin'
[4.681s] INFO:colcon.colcon_core.shell:Creating package script '/home/aaron/ur_ws/install/moveit_task_constructor_msgs/share/moveit_task_constructor_msgs/package.ps1'
[4.682s] INFO:colcon.colcon_core.shell:Creating package descriptor '/home/aaron/ur_ws/install/moveit_task_constructor_msgs/share/moveit_task_constructor_msgs/package.dsv'
[4.682s] INFO:colcon.colcon_core.shell:Creating package script '/home/aaron/ur_ws/install/moveit_task_constructor_msgs/share/moveit_task_constructor_msgs/package.sh'
[4.683s] INFO:colcon.colcon_core.shell:Creating package script '/home/aaron/ur_ws/install/moveit_task_constructor_msgs/share/moveit_task_constructor_msgs/package.bash'
[4.684s] INFO:colcon.colcon_core.shell:Creating package script '/home/aaron/ur_ws/install/moveit_task_constructor_msgs/share/moveit_task_constructor_msgs/package.zsh'
[4.684s] Level 1:colcon.colcon_core.environment:create_file_with_runtime_dependencies(/home/aaron/ur_ws/install/moveit_task_constructor_msgs/share/colcon-core/packages/moveit_task_constructor_msgs)
[4.685s] Level 1:colcon.colcon_core.environment:create_environment_scripts_only(moveit_task_constructor_msgs)
[4.686s] Level 1:colcon.colcon_core.environment:checking '/home/aaron/ur_ws/install/moveit_task_constructor_msgs' for CMake module files
[4.687s] Level 1:colcon.colcon_core.environment:checking '/home/aaron/ur_ws/install/moveit_task_constructor_msgs' for CMake config files
[4.687s] Level 1:colcon.colcon_core.shell:create_environment_hook('moveit_task_constructor_msgs', 'cmake_prefix_path')
[4.688s] INFO:colcon.colcon_core.shell:Creating environment hook '/home/aaron/ur_ws/install/moveit_task_constructor_msgs/share/moveit_task_constructor_msgs/hook/cmake_prefix_path.ps1'
[4.688s] INFO:colcon.colcon_core.shell:Creating environment descriptor '/home/aaron/ur_ws/install/moveit_task_constructor_msgs/share/moveit_task_constructor_msgs/hook/cmake_prefix_path.dsv'
[4.689s] INFO:colcon.colcon_core.shell:Creating environment hook '/home/aaron/ur_ws/install/moveit_task_constructor_msgs/share/moveit_task_constructor_msgs/hook/cmake_prefix_path.sh'
[4.690s] Level 1:colcon.colcon_core.environment:checking '/home/aaron/ur_ws/install/moveit_task_constructor_msgs/lib'
[4.690s] Level 1:colcon.colcon_core.shell:create_environment_hook('moveit_task_constructor_msgs', 'ld_library_path_lib')
[4.690s] INFO:colcon.colcon_core.shell:Creating environment hook '/home/aaron/ur_ws/install/moveit_task_constructor_msgs/share/moveit_task_constructor_msgs/hook/ld_library_path_lib.ps1'
[4.691s] INFO:colcon.colcon_core.shell:Creating environment descriptor '/home/aaron/ur_ws/install/moveit_task_constructor_msgs/share/moveit_task_constructor_msgs/hook/ld_library_path_lib.dsv'
[4.692s] INFO:colcon.colcon_core.shell:Creating environment hook '/home/aaron/ur_ws/install/moveit_task_constructor_msgs/share/moveit_task_constructor_msgs/hook/ld_library_path_lib.sh'
[4.692s] Level 1:colcon.colcon_core.environment:checking '/home/aaron/ur_ws/install/moveit_task_constructor_msgs/bin'
[4.692s] Level 1:colcon.colcon_core.environment:checking '/home/aaron/ur_ws/install/moveit_task_constructor_msgs/lib/pkgconfig/moveit_task_constructor_msgs.pc'
[4.693s] Level 1:colcon.colcon_core.environment:checking '/home/aaron/ur_ws/install/moveit_task_constructor_msgs/lib/python3.10/site-packages'
[4.693s] Level 1:colcon.colcon_core.environment:checking '/home/aaron/ur_ws/install/moveit_task_constructor_msgs/bin'
[4.694s] INFO:colcon.colcon_core.shell:Creating package script '/home/aaron/ur_ws/install/moveit_task_constructor_msgs/share/moveit_task_constructor_msgs/package.ps1'
[4.695s] INFO:colcon.colcon_core.shell:Creating package descriptor '/home/aaron/ur_ws/install/moveit_task_constructor_msgs/share/moveit_task_constructor_msgs/package.dsv'
[4.695s] INFO:colcon.colcon_core.shell:Creating package script '/home/aaron/ur_ws/install/moveit_task_constructor_msgs/share/moveit_task_constructor_msgs/package.sh'
[4.696s] INFO:colcon.colcon_core.shell:Creating package script '/home/aaron/ur_ws/install/moveit_task_constructor_msgs/share/moveit_task_constructor_msgs/package.bash'
[4.697s] INFO:colcon.colcon_core.shell:Creating package script '/home/aaron/ur_ws/install/moveit_task_constructor_msgs/share/moveit_task_constructor_msgs/package.zsh'
[4.697s] Level 1:colcon.colcon_core.environment:create_file_with_runtime_dependencies(/home/aaron/ur_ws/install/moveit_task_constructor_msgs/share/colcon-core/packages/moveit_task_constructor_msgs)
[6.443s] DEBUG:colcon.colcon_core.event_handler.log_command:Invoked command in '/home/aaron/ur_ws/build/srdfdom' returned '0': CMAKE_PREFIX_PATH=/opt/ros/humble /usr/bin/cmake --build /home/aaron/ur_ws/build/srdfdom -- -j20 -l20
[6.444s] DEBUG:colcon.colcon_core.event_handler.log_command:Invoking command in '/home/aaron/ur_ws/build/srdfdom': CMAKE_PREFIX_PATH=/opt/ros/humble /usr/bin/cmake --install /home/aaron/ur_ws/build/srdfdom
[6.480s] Level 1:colcon.colcon_core.environment:create_environment_scripts_only(srdfdom)
[6.480s] DEBUG:colcon.colcon_core.event_handler.log_command:Invoked command in '/home/aaron/ur_ws/build/srdfdom' returned '0': CMAKE_PREFIX_PATH=/opt/ros/humble /usr/bin/cmake --install /home/aaron/ur_ws/build/srdfdom
[6.480s] Level 1:colcon.colcon_core.environment:checking '/home/aaron/ur_ws/install/srdfdom' for CMake module files
[6.481s] Level 1:colcon.colcon_core.environment:checking '/home/aaron/ur_ws/install/srdfdom' for CMake config files
[6.482s] Level 1:colcon.colcon_core.shell:create_environment_hook('srdfdom', 'cmake_prefix_path')
[6.482s] INFO:colcon.colcon_core.shell:Creating environment hook '/home/aaron/ur_ws/install/srdfdom/share/srdfdom/hook/cmake_prefix_path.ps1'
[6.483s] INFO:colcon.colcon_core.shell:Creating environment descriptor '/home/aaron/ur_ws/install/srdfdom/share/srdfdom/hook/cmake_prefix_path.dsv'
[6.484s] INFO:colcon.colcon_core.shell:Creating environment hook '/home/aaron/ur_ws/install/srdfdom/share/srdfdom/hook/cmake_prefix_path.sh'
[6.484s] Level 1:colcon.colcon_core.environment:checking '/home/aaron/ur_ws/install/srdfdom/lib'
[6.484s] Level 1:colcon.colcon_core.shell:create_environment_hook('srdfdom', 'ld_library_path_lib')
[6.485s] INFO:colcon.colcon_core.shell:Creating environment hook '/home/aaron/ur_ws/install/srdfdom/share/srdfdom/hook/ld_library_path_lib.ps1'
[6.485s] INFO:colcon.colcon_core.shell:Creating environment descriptor '/home/aaron/ur_ws/install/srdfdom/share/srdfdom/hook/ld_library_path_lib.dsv'
[6.486s] INFO:colcon.colcon_core.shell:Creating environment hook '/home/aaron/ur_ws/install/srdfdom/share/srdfdom/hook/ld_library_path_lib.sh'
[6.486s] Level 1:colcon.colcon_core.environment:checking '/home/aaron/ur_ws/install/srdfdom/bin'
[6.486s] Level 1:colcon.colcon_core.environment:checking '/home/aaron/ur_ws/install/srdfdom/lib/pkgconfig/srdfdom.pc'
[6.487s] Level 1:colcon.colcon_core.environment:checking '/home/aaron/ur_ws/install/srdfdom/lib/python3.10/site-packages'
[6.487s] Level 1:colcon.colcon_core.environment:checking '/home/aaron/ur_ws/install/srdfdom/bin'
[6.488s] INFO:colcon.colcon_core.shell:Creating package script '/home/aaron/ur_ws/install/srdfdom/share/srdfdom/package.ps1'
[6.488s] INFO:colcon.colcon_core.shell:Creating package descriptor '/home/aaron/ur_ws/install/srdfdom/share/srdfdom/package.dsv'
[6.489s] INFO:colcon.colcon_core.shell:Creating package script '/home/aaron/ur_ws/install/srdfdom/share/srdfdom/package.sh'
[6.490s] INFO:colcon.colcon_core.shell:Creating package script '/home/aaron/ur_ws/install/srdfdom/share/srdfdom/package.bash'
[6.490s] INFO:colcon.colcon_core.shell:Creating package script '/home/aaron/ur_ws/install/srdfdom/share/srdfdom/package.zsh'
[6.490s] Level 1:colcon.colcon_core.environment:create_file_with_runtime_dependencies(/home/aaron/ur_ws/install/srdfdom/share/colcon-core/packages/srdfdom)
[6.491s] Level 1:colcon.colcon_core.environment:create_environment_scripts_only(srdfdom)
[6.491s] Level 1:colcon.colcon_core.environment:checking '/home/aaron/ur_ws/install/srdfdom' for CMake module files
[6.491s] Level 1:colcon.colcon_core.environment:checking '/home/aaron/ur_ws/install/srdfdom' for CMake config files
[6.491s] Level 1:colcon.colcon_core.shell:create_environment_hook('srdfdom', 'cmake_prefix_path')
[6.491s] INFO:colcon.colcon_core.shell:Creating environment hook '/home/aaron/ur_ws/install/srdfdom/share/srdfdom/hook/cmake_prefix_path.ps1'
[6.492s] INFO:colcon.colcon_core.shell:Creating environment descriptor '/home/aaron/ur_ws/install/srdfdom/share/srdfdom/hook/cmake_prefix_path.dsv'
[6.492s] INFO:colcon.colcon_core.shell:Creating environment hook '/home/aaron/ur_ws/install/srdfdom/share/srdfdom/hook/cmake_prefix_path.sh'
[6.492s] Level 1:colcon.colcon_core.environment:checking '/home/aaron/ur_ws/install/srdfdom/lib'
[6.492s] Level 1:colcon.colcon_core.shell:create_environment_hook('srdfdom', 'ld_library_path_lib')
[6.492s] INFO:colcon.colcon_core.shell:Creating environment hook '/home/aaron/ur_ws/install/srdfdom/share/srdfdom/hook/ld_library_path_lib.ps1'
[6.493s] INFO:colcon.colcon_core.shell:Creating environment descriptor '/home/aaron/ur_ws/install/srdfdom/share/srdfdom/hook/ld_library_path_lib.dsv'
[6.493s] INFO:colcon.colcon_core.shell:Creating environment hook '/home/aaron/ur_ws/install/srdfdom/share/srdfdom/hook/ld_library_path_lib.sh'
[6.493s] Level 1:colcon.colcon_core.environment:checking '/home/aaron/ur_ws/install/srdfdom/bin'
[6.493s] Level 1:colcon.colcon_core.environment:checking '/home/aaron/ur_ws/install/srdfdom/lib/pkgconfig/srdfdom.pc'
[6.493s] Level 1:colcon.colcon_core.environment:checking '/home/aaron/ur_ws/install/srdfdom/lib/python3.10/site-packages'
[6.493s] Level 1:colcon.colcon_core.environment:checking '/home/aaron/ur_ws/install/srdfdom/bin'
[6.494s] INFO:colcon.colcon_core.shell:Creating package script '/home/aaron/ur_ws/install/srdfdom/share/srdfdom/package.ps1'
[6.494s] INFO:colcon.colcon_core.shell:Creating package descriptor '/home/aaron/ur_ws/install/srdfdom/share/srdfdom/package.dsv'
[6.494s] INFO:colcon.colcon_core.shell:Creating package script '/home/aaron/ur_ws/install/srdfdom/share/srdfdom/package.sh'
[6.494s] INFO:colcon.colcon_core.shell:Creating package script '/home/aaron/ur_ws/install/srdfdom/share/srdfdom/package.bash'
[6.495s] INFO:colcon.colcon_core.shell:Creating package script '/home/aaron/ur_ws/install/srdfdom/share/srdfdom/package.zsh'
[6.495s] Level 1:colcon.colcon_core.environment:create_file_with_runtime_dependencies(/home/aaron/ur_ws/install/srdfdom/share/colcon-core/packages/srdfdom)
[6.495s] INFO:colcon.colcon_ros.task.ament_cmake.build:Building ROS package in '/home/aaron/ur_ws/src/moveit2/moveit_core' with build type 'ament_cmake'
[6.495s] INFO:colcon.colcon_cmake.task.cmake.build:Building CMake package in '/home/aaron/ur_ws/src/moveit2/moveit_core'
[6.496s] INFO:colcon.colcon_core.shell:Skip shell extension 'powershell' for command environment: Not usable outside of PowerShell
[6.496s] DEBUG:colcon.colcon_core.shell:Skip shell extension 'dsv' for command environment
[6.498s] INFO:colcon.colcon_ros.task.ament_python.build:Building ROS package in '/home/aaron/ur_ws/src/moveit2/moveit_configs_utils' with build type 'ament_python'
[6.498s] Level 1:colcon.colcon_core.shell:create_environment_hook('moveit_configs_utils', 'ament_prefix_path')
[6.499s] INFO:colcon.colcon_core.shell:Creating environment hook '/home/aaron/ur_ws/install/moveit_configs_utils/share/moveit_configs_utils/hook/ament_prefix_path.ps1'
[6.499s] INFO:colcon.colcon_core.shell:Creating environment descriptor '/home/aaron/ur_ws/install/moveit_configs_utils/share/moveit_configs_utils/hook/ament_prefix_path.dsv'
[6.499s] INFO:colcon.colcon_core.shell:Creating environment hook '/home/aaron/ur_ws/install/moveit_configs_utils/share/moveit_configs_utils/hook/ament_prefix_path.sh'
[6.500s] INFO:colcon.colcon_core.shell:Skip shell extension 'powershell' for command environment: Not usable outside of PowerShell
[6.500s] DEBUG:colcon.colcon_core.shell:Skip shell extension 'dsv' for command environment
[6.509s] DEBUG:colcon.colcon_core.event_handler.log_command:Invoking command in '/home/aaron/ur_ws/build/moveit_core': AMENT_PREFIX_PATH=/home/aaron/ur_ws/install/moveit_resources_panda_moveit_config:/home/aaron/ur_ws/install/srdfdom:/home/aaron/ur_ws/install/moveit_resources_pr2_description:/home/aaron/ur_ws/install/moveit_resources_panda_description:/home/aaron/ur_ws/install/moveit_common:${AMENT_PREFIX_PATH} CMAKE_PREFIX_PATH=/home/aaron/ur_ws/install/moveit_resources_panda_moveit_config:/home/aaron/ur_ws/install/srdfdom:/home/aaron/ur_ws/install/moveit_resources_pr2_description:/home/aaron/ur_ws/install/moveit_resources_panda_description:/home/aaron/ur_ws/install/moveit_common:/opt/ros/humble LD_LIBRARY_PATH=/home/aaron/ur_ws/install/srdfdom/lib:${LD_LIBRARY_PATH} PYTHONPATH=/home/aaron/ur_ws/install/srdfdom/local/lib/python3.10/dist-packages:${PYTHONPATH} /usr/bin/cmake --build /home/aaron/ur_ws/build/moveit_core -- -j20 -l20
[6.982s] INFO:colcon.colcon_core.task.python.build:Building Python package in '/home/aaron/ur_ws/src/moveit2/moveit_configs_utils'
[6.983s] INFO:colcon.colcon_core.shell:Skip shell extension 'powershell' for command environment: Not usable outside of PowerShell
[6.983s] DEBUG:colcon.colcon_core.shell:Skip shell extension 'dsv' for command environment
[7.885s] DEBUG:colcon.colcon_core.event_handler.log_command:Invoking command in '/home/aaron/ur_ws/src/moveit2/moveit_configs_utils': AMENT_PREFIX_PATH=/home/aaron/ur_ws/install/srdfdom:/home/aaron/ur_ws/install/launch_param_builder:${AMENT_PREFIX_PATH} CMAKE_PREFIX_PATH=/home/aaron/ur_ws/install/srdfdom LD_LIBRARY_PATH=/home/aaron/ur_ws/install/srdfdom/lib:${LD_LIBRARY_PATH} PYTHONPATH=/home/aaron/ur_ws/build/moveit_configs_utils/prefix_override:/usr/lib/python3/dist-packages/colcon_core/task/python/colcon_distutils_commands:/home/aaron/ur_ws/install/moveit_configs_utils/lib/python3.10/site-packages:/home/aaron/ur_ws/install/srdfdom/local/lib/python3.10/dist-packages:/home/aaron/ur_ws/install/launch_param_builder/lib/python3.10/site-packages:${PYTHONPATH} /usr/bin/python3 -W ignore:setup.py install is deprecated -W ignore:easy_install command is deprecated setup.py egg_info --egg-base ../../../build/moveit_configs_utils build --build-base /home/aaron/ur_ws/build/moveit_configs_utils/build install --record /home/aaron/ur_ws/build/moveit_configs_utils/install.log --single-version-externally-managed install_data
[8.082s] DEBUG:colcon.colcon_core.event_handler.log_command:Invoked command in '/home/aaron/ur_ws/build/rviz_marker_tools' returned '0': AMENT_PREFIX_PATH=/home/aaron/ur_ws/install/moveit_common:${AMENT_PREFIX_PATH} CMAKE_PREFIX_PATH=/home/aaron/ur_ws/install/moveit_common:/opt/ros/humble /usr/bin/cmake --build /home/aaron/ur_ws/build/rviz_marker_tools -- -j20 -l20
[8.083s] DEBUG:colcon.colcon_core.event_handler.log_command:Invoking command in '/home/aaron/ur_ws/build/rviz_marker_tools': AMENT_PREFIX_PATH=/home/aaron/ur_ws/install/moveit_common:${AMENT_PREFIX_PATH} CMAKE_PREFIX_PATH=/home/aaron/ur_ws/install/moveit_common:/opt/ros/humble /usr/bin/cmake --install /home/aaron/ur_ws/build/rviz_marker_tools
[8.112s] Level 1:colcon.colcon_core.environment:create_environment_scripts_only(rviz_marker_tools)
[8.113s] Level 1:colcon.colcon_core.environment:checking '/home/aaron/ur_ws/install/rviz_marker_tools' for CMake module files
[8.114s] Level 1:colcon.colcon_core.environment:checking '/home/aaron/ur_ws/install/rviz_marker_tools' for CMake config files
[8.114s] Level 1:colcon.colcon_core.shell:create_environment_hook('rviz_marker_tools', 'cmake_prefix_path')
[8.114s] INFO:colcon.colcon_core.shell:Creating environment hook '/home/aaron/ur_ws/install/rviz_marker_tools/share/rviz_marker_tools/hook/cmake_prefix_path.ps1'
[8.115s] INFO:colcon.colcon_core.shell:Creating environment descriptor '/home/aaron/ur_ws/install/rviz_marker_tools/share/rviz_marker_tools/hook/cmake_prefix_path.dsv'
[8.116s] DEBUG:colcon.colcon_core.event_handler.log_command:Invoked command in '/home/aaron/ur_ws/build/rviz_marker_tools' returned '0': AMENT_PREFIX_PATH=/home/aaron/ur_ws/install/moveit_common:${AMENT_PREFIX_PATH} CMAKE_PREFIX_PATH=/home/aaron/ur_ws/install/moveit_common:/opt/ros/humble /usr/bin/cmake --install /home/aaron/ur_ws/build/rviz_marker_tools
[8.117s] INFO:colcon.colcon_core.shell:Creating environment hook '/home/aaron/ur_ws/install/rviz_marker_tools/share/rviz_marker_tools/hook/cmake_prefix_path.sh'
[8.118s] Level 1:colcon.colcon_core.environment:checking '/home/aaron/ur_ws/install/rviz_marker_tools/lib'
[8.118s] Level 1:colcon.colcon_core.shell:create_environment_hook('rviz_marker_tools', 'ld_library_path_lib')
[8.119s] INFO:colcon.colcon_core.shell:Creating environment hook '/home/aaron/ur_ws/install/rviz_marker_tools/share/rviz_marker_tools/hook/ld_library_path_lib.ps1'
[8.119s] INFO:colcon.colcon_core.shell:Creating environment descriptor '/home/aaron/ur_ws/install/rviz_marker_tools/share/rviz_marker_tools/hook/ld_library_path_lib.dsv'
[8.120s] INFO:colcon.colcon_core.shell:Creating environment hook '/home/aaron/ur_ws/install/rviz_marker_tools/share/rviz_marker_tools/hook/ld_library_path_lib.sh'
[8.121s] Level 1:colcon.colcon_core.environment:checking '/home/aaron/ur_ws/install/rviz_marker_tools/bin'
[8.121s] Level 1:colcon.colcon_core.environment:checking '/home/aaron/ur_ws/install/rviz_marker_tools/lib/pkgconfig/rviz_marker_tools.pc'
[8.121s] Level 1:colcon.colcon_core.environment:checking '/home/aaron/ur_ws/install/rviz_marker_tools/lib/python3.10/site-packages'
[8.122s] Level 1:colcon.colcon_core.environment:checking '/home/aaron/ur_ws/install/rviz_marker_tools/bin'
[8.123s] INFO:colcon.colcon_core.shell:Creating package script '/home/aaron/ur_ws/install/rviz_marker_tools/share/rviz_marker_tools/package.ps1'
[8.124s] INFO:colcon.colcon_core.shell:Creating package descriptor '/home/aaron/ur_ws/install/rviz_marker_tools/share/rviz_marker_tools/package.dsv'
[8.124s] INFO:colcon.colcon_core.shell:Creating package script '/home/aaron/ur_ws/install/rviz_marker_tools/share/rviz_marker_tools/package.sh'
[8.125s] INFO:colcon.colcon_core.shell:Creating package script '/home/aaron/ur_ws/install/rviz_marker_tools/share/rviz_marker_tools/package.bash'
[8.126s] INFO:colcon.colcon_core.shell:Creating package script '/home/aaron/ur_ws/install/rviz_marker_tools/share/rviz_marker_tools/package.zsh'
[8.127s] Level 1:colcon.colcon_core.environment:create_file_with_runtime_dependencies(/home/aaron/ur_ws/install/rviz_marker_tools/share/colcon-core/packages/rviz_marker_tools)
[8.128s] Level 1:colcon.colcon_core.environment:create_environment_scripts_only(rviz_marker_tools)
[8.128s] Level 1:colcon.colcon_core.environment:checking '/home/aaron/ur_ws/install/rviz_marker_tools' for CMake module files
[8.129s] Level 1:colcon.colcon_core.environment:checking '/home/aaron/ur_ws/install/rviz_marker_tools' for CMake config files
[8.129s] Level 1:colcon.colcon_core.shell:create_environment_hook('rviz_marker_tools', 'cmake_prefix_path')
[8.129s] INFO:colcon.colcon_core.shell:Creating environment hook '/home/aaron/ur_ws/install/rviz_marker_tools/share/rviz_marker_tools/hook/cmake_prefix_path.ps1'
[8.130s] INFO:colcon.colcon_core.shell:Creating environment descriptor '/home/aaron/ur_ws/install/rviz_marker_tools/share/rviz_marker_tools/hook/cmake_prefix_path.dsv'
[8.131s] INFO:colcon.colcon_core.shell:Creating environment hook '/home/aaron/ur_ws/install/rviz_marker_tools/share/rviz_marker_tools/hook/cmake_prefix_path.sh'
[8.132s] Level 1:colcon.colcon_core.environment:checking '/home/aaron/ur_ws/install/rviz_marker_tools/lib'
[8.132s] Level 1:colcon.colcon_core.shell:create_environment_hook('rviz_marker_tools', 'ld_library_path_lib')
[8.133s] INFO:colcon.colcon_core.shell:Creating environment hook '/home/aaron/ur_ws/install/rviz_marker_tools/share/rviz_marker_tools/hook/ld_library_path_lib.ps1'
[8.134s] INFO:colcon.colcon_core.shell:Creating environment descriptor '/home/aaron/ur_ws/install/rviz_marker_tools/share/rviz_marker_tools/hook/ld_library_path_lib.dsv'
[8.134s] INFO:colcon.colcon_core.shell:Creating environment hook '/home/aaron/ur_ws/install/rviz_marker_tools/share/rviz_marker_tools/hook/ld_library_path_lib.sh'
[8.135s] Level 1:colcon.colcon_core.environment:checking '/home/aaron/ur_ws/install/rviz_marker_tools/bin'
[8.135s] Level 1:colcon.colcon_core.environment:checking '/home/aaron/ur_ws/install/rviz_marker_tools/lib/pkgconfig/rviz_marker_tools.pc'
[8.136s] Level 1:colcon.colcon_core.environment:checking '/home/aaron/ur_ws/install/rviz_marker_tools/lib/python3.10/site-packages'
[8.136s] Level 1:colcon.colcon_core.environment:checking '/home/aaron/ur_ws/install/rviz_marker_tools/bin'
[8.137s] INFO:colcon.colcon_core.shell:Creating package script '/home/aaron/ur_ws/install/rviz_marker_tools/share/rviz_marker_tools/package.ps1'
[8.138s] INFO:colcon.colcon_core.shell:Creating package descriptor '/home/aaron/ur_ws/install/rviz_marker_tools/share/rviz_marker_tools/package.dsv'
[8.139s] INFO:colcon.colcon_core.shell:Creating package script '/home/aaron/ur_ws/install/rviz_marker_tools/share/rviz_marker_tools/package.sh'
[8.140s] INFO:colcon.colcon_core.shell:Creating package script '/home/aaron/ur_ws/install/rviz_marker_tools/share/rviz_marker_tools/package.bash'
[8.140s] INFO:colcon.colcon_core.shell:Creating package script '/home/aaron/ur_ws/install/rviz_marker_tools/share/rviz_marker_tools/package.zsh'
[8.141s] Level 1:colcon.colcon_core.environment:create_file_with_runtime_dependencies(/home/aaron/ur_ws/install/rviz_marker_tools/share/colcon-core/packages/rviz_marker_tools)
[8.662s] Level 1:colcon.colcon_core.environment:checking '/home/aaron/ur_ws/install/moveit_configs_utils' for CMake module files
[8.663s] DEBUG:colcon.colcon_core.event_handler.log_command:Invoked command in '/home/aaron/ur_ws/src/moveit2/moveit_configs_utils' returned '0': AMENT_PREFIX_PATH=/home/aaron/ur_ws/install/srdfdom:/home/aaron/ur_ws/install/launch_param_builder:${AMENT_PREFIX_PATH} CMAKE_PREFIX_PATH=/home/aaron/ur_ws/install/srdfdom LD_LIBRARY_PATH=/home/aaron/ur_ws/install/srdfdom/lib:${LD_LIBRARY_PATH} PYTHONPATH=/home/aaron/ur_ws/build/moveit_configs_utils/prefix_override:/usr/lib/python3/dist-packages/colcon_core/task/python/colcon_distutils_commands:/home/aaron/ur_ws/install/moveit_configs_utils/lib/python3.10/site-packages:/home/aaron/ur_ws/install/srdfdom/local/lib/python3.10/dist-packages:/home/aaron/ur_ws/install/launch_param_builder/lib/python3.10/site-packages:${PYTHONPATH} /usr/bin/python3 -W ignore:setup.py install is deprecated -W ignore:easy_install command is deprecated setup.py egg_info --egg-base ../../../build/moveit_configs_utils build --build-base /home/aaron/ur_ws/build/moveit_configs_utils/build install --record /home/aaron/ur_ws/build/moveit_configs_utils/install.log --single-version-externally-managed install_data
[8.664s] Level 1:colcon.colcon_core.environment:checking '/home/aaron/ur_ws/install/moveit_configs_utils' for CMake config files
[8.665s] Level 1:colcon.colcon_core.environment:checking '/home/aaron/ur_ws/install/moveit_configs_utils/lib'
[8.665s] Level 1:colcon.colcon_core.environment:checking '/home/aaron/ur_ws/install/moveit_configs_utils/bin'
[8.665s] Level 1:colcon.colcon_core.environment:checking '/home/aaron/ur_ws/install/moveit_configs_utils/lib/pkgconfig/moveit_configs_utils.pc'
[8.666s] Level 1:colcon.colcon_core.environment:checking '/home/aaron/ur_ws/install/moveit_configs_utils/lib/python3.10/site-packages'
[8.666s] Level 1:colcon.colcon_core.shell:create_environment_hook('moveit_configs_utils', 'pythonpath')
[8.667s] INFO:colcon.colcon_core.shell:Creating environment hook '/home/aaron/ur_ws/install/moveit_configs_utils/share/moveit_configs_utils/hook/pythonpath.ps1'
[8.667s] INFO:colcon.colcon_core.shell:Creating environment descriptor '/home/aaron/ur_ws/install/moveit_configs_utils/share/moveit_configs_utils/hook/pythonpath.dsv'
[8.668s] INFO:colcon.colcon_core.shell:Creating environment hook '/home/aaron/ur_ws/install/moveit_configs_utils/share/moveit_configs_utils/hook/pythonpath.sh'
[8.669s] Level 1:colcon.colcon_core.environment:checking '/home/aaron/ur_ws/install/moveit_configs_utils/bin'
[8.669s] Level 1:colcon.colcon_core.environment:create_environment_scripts_only(moveit_configs_utils)
[8.670s] INFO:colcon.colcon_core.shell:Creating package script '/home/aaron/ur_ws/install/moveit_configs_utils/share/moveit_configs_utils/package.ps1'
[8.671s] INFO:colcon.colcon_core.shell:Creating package descriptor '/home/aaron/ur_ws/install/moveit_configs_utils/share/moveit_configs_utils/package.dsv'
[8.672s] INFO:colcon.colcon_core.shell:Creating package script '/home/aaron/ur_ws/install/moveit_configs_utils/share/moveit_configs_utils/package.sh'
[8.672s] INFO:colcon.colcon_core.shell:Creating package script '/home/aaron/ur_ws/install/moveit_configs_utils/share/moveit_configs_utils/package.bash'
[8.673s] INFO:colcon.colcon_core.shell:Creating package script '/home/aaron/ur_ws/install/moveit_configs_utils/share/moveit_configs_utils/package.zsh'
[8.673s] Level 1:colcon.colcon_core.environment:create_file_with_runtime_dependencies(/home/aaron/ur_ws/install/moveit_configs_utils/share/colcon-core/packages/moveit_configs_utils)
[16.253s] DEBUG:colcon.colcon_core.event_handler.log_command:Invoked command in '/home/aaron/ur_ws/build/rosparam_shortcuts' returned '0': CMAKE_PREFIX_PATH=/opt/ros/humble /usr/bin/cmake --build /home/aaron/ur_ws/build/rosparam_shortcuts -- -j20 -l20
[16.258s] DEBUG:colcon.colcon_core.event_handler.log_command:Invoking command in '/home/aaron/ur_ws/build/rosparam_shortcuts': CMAKE_PREFIX_PATH=/opt/ros/humble /usr/bin/cmake --install /home/aaron/ur_ws/build/rosparam_shortcuts
[16.297s] Level 1:colcon.colcon_core.environment:create_environment_scripts_only(rosparam_shortcuts)
[16.298s] Level 1:colcon.colcon_core.environment:checking '/home/aaron/ur_ws/install/rosparam_shortcuts' for CMake module files
[16.300s] Level 1:colcon.colcon_core.environment:checking '/home/aaron/ur_ws/install/rosparam_shortcuts' for CMake config files
[16.301s] DEBUG:colcon.colcon_core.event_handler.log_command:Invoked command in '/home/aaron/ur_ws/build/rosparam_shortcuts' returned '0': CMAKE_PREFIX_PATH=/opt/ros/humble /usr/bin/cmake --install /home/aaron/ur_ws/build/rosparam_shortcuts
[16.302s] Level 1:colcon.colcon_core.shell:create_environment_hook('rosparam_shortcuts', 'cmake_prefix_path')
[16.302s] INFO:colcon.colcon_core.shell:Creating environment hook '/home/aaron/ur_ws/install/rosparam_shortcuts/share/rosparam_shortcuts/hook/cmake_prefix_path.ps1'
[16.304s] INFO:colcon.colcon_core.shell:Creating environment descriptor '/home/aaron/ur_ws/install/rosparam_shortcuts/share/rosparam_shortcuts/hook/cmake_prefix_path.dsv'
[16.305s] INFO:colcon.colcon_core.shell:Creating environment hook '/home/aaron/ur_ws/install/rosparam_shortcuts/share/rosparam_shortcuts/hook/cmake_prefix_path.sh'
[16.307s] Level 1:colcon.colcon_core.environment:checking '/home/aaron/ur_ws/install/rosparam_shortcuts/lib'
[16.307s] Level 1:colcon.colcon_core.shell:create_environment_hook('rosparam_shortcuts', 'ld_library_path_lib')
[16.308s] INFO:colcon.colcon_core.shell:Creating environment hook '/home/aaron/ur_ws/install/rosparam_shortcuts/share/rosparam_shortcuts/hook/ld_library_path_lib.ps1'
[16.309s] INFO:colcon.colcon_core.shell:Creating environment descriptor '/home/aaron/ur_ws/install/rosparam_shortcuts/share/rosparam_shortcuts/hook/ld_library_path_lib.dsv'
[16.310s] INFO:colcon.colcon_core.shell:Creating environment hook '/home/aaron/ur_ws/install/rosparam_shortcuts/share/rosparam_shortcuts/hook/ld_library_path_lib.sh'
[16.312s] Level 1:colcon.colcon_core.environment:checking '/home/aaron/ur_ws/install/rosparam_shortcuts/bin'
[16.312s] Level 1:colcon.colcon_core.environment:checking '/home/aaron/ur_ws/install/rosparam_shortcuts/lib/pkgconfig/rosparam_shortcuts.pc'
[16.313s] Level 1:colcon.colcon_core.environment:checking '/home/aaron/ur_ws/install/rosparam_shortcuts/lib/python3.10/site-packages'
[16.314s] Level 1:colcon.colcon_core.environment:checking '/home/aaron/ur_ws/install/rosparam_shortcuts/bin'
[16.315s] INFO:colcon.colcon_core.shell:Creating package script '/home/aaron/ur_ws/install/rosparam_shortcuts/share/rosparam_shortcuts/package.ps1'
[16.317s] INFO:colcon.colcon_core.shell:Creating package descriptor '/home/aaron/ur_ws/install/rosparam_shortcuts/share/rosparam_shortcuts/package.dsv'
[16.318s] INFO:colcon.colcon_core.shell:Creating package script '/home/aaron/ur_ws/install/rosparam_shortcuts/share/rosparam_shortcuts/package.sh'
[16.319s] INFO:colcon.colcon_core.shell:Creating package script '/home/aaron/ur_ws/install/rosparam_shortcuts/share/rosparam_shortcuts/package.bash'
[16.320s] INFO:colcon.colcon_core.shell:Creating package script '/home/aaron/ur_ws/install/rosparam_shortcuts/share/rosparam_shortcuts/package.zsh'
[16.322s] Level 1:colcon.colcon_core.environment:create_file_with_runtime_dependencies(/home/aaron/ur_ws/install/rosparam_shortcuts/share/colcon-core/packages/rosparam_shortcuts)
[16.323s] Level 1:colcon.colcon_core.environment:create_environment_scripts_only(rosparam_shortcuts)
[16.324s] Level 1:colcon.colcon_core.environment:checking '/home/aaron/ur_ws/install/rosparam_shortcuts' for CMake module files
[16.325s] Level 1:colcon.colcon_core.environment:checking '/home/aaron/ur_ws/install/rosparam_shortcuts' for CMake config files
[16.326s] Level 1:colcon.colcon_core.shell:create_environment_hook('rosparam_shortcuts', 'cmake_prefix_path')
[16.327s] INFO:colcon.colcon_core.shell:Creating environment hook '/home/aaron/ur_ws/install/rosparam_shortcuts/share/rosparam_shortcuts/hook/cmake_prefix_path.ps1'
[16.328s] INFO:colcon.colcon_core.shell:Creating environment descriptor '/home/aaron/ur_ws/install/rosparam_shortcuts/share/rosparam_shortcuts/hook/cmake_prefix_path.dsv'
[16.329s] INFO:colcon.colcon_core.shell:Creating environment hook '/home/aaron/ur_ws/install/rosparam_shortcuts/share/rosparam_shortcuts/hook/cmake_prefix_path.sh'
[16.331s] Level 1:colcon.colcon_core.environment:checking '/home/aaron/ur_ws/install/rosparam_shortcuts/lib'
[16.331s] Level 1:colcon.colcon_core.shell:create_environment_hook('rosparam_shortcuts', 'ld_library_path_lib')
[16.332s] INFO:colcon.colcon_core.shell:Creating environment hook '/home/aaron/ur_ws/install/rosparam_shortcuts/share/rosparam_shortcuts/hook/ld_library_path_lib.ps1'
[16.333s] INFO:colcon.colcon_core.shell:Creating environment descriptor '/home/aaron/ur_ws/install/rosparam_shortcuts/share/rosparam_shortcuts/hook/ld_library_path_lib.dsv'
[16.335s] INFO:colcon.colcon_core.shell:Creating environment hook '/home/aaron/ur_ws/install/rosparam_shortcuts/share/rosparam_shortcuts/hook/ld_library_path_lib.sh'
[16.336s] Level 1:colcon.colcon_core.environment:checking '/home/aaron/ur_ws/install/rosparam_shortcuts/bin'
[16.336s] Level 1:colcon.colcon_core.environment:checking '/home/aaron/ur_ws/install/rosparam_shortcuts/lib/pkgconfig/rosparam_shortcuts.pc'
[16.337s] Level 1:colcon.colcon_core.environment:checking '/home/aaron/ur_ws/install/rosparam_shortcuts/lib/python3.10/site-packages'
[16.338s] Level 1:colcon.colcon_core.environment:checking '/home/aaron/ur_ws/install/rosparam_shortcuts/bin'
[16.339s] INFO:colcon.colcon_core.shell:Creating package script '/home/aaron/ur_ws/install/rosparam_shortcuts/share/rosparam_shortcuts/package.ps1'
[16.341s] INFO:colcon.colcon_core.shell:Creating package descriptor '/home/aaron/ur_ws/install/rosparam_shortcuts/share/rosparam_shortcuts/package.dsv'
[16.343s] INFO:colcon.colcon_core.shell:Creating package script '/home/aaron/ur_ws/install/rosparam_shortcuts/share/rosparam_shortcuts/package.sh'
[16.345s] INFO:colcon.colcon_core.shell:Creating package script '/home/aaron/ur_ws/install/rosparam_shortcuts/share/rosparam_shortcuts/package.bash'
[16.346s] INFO:colcon.colcon_core.shell:Creating package script '/home/aaron/ur_ws/install/rosparam_shortcuts/share/rosparam_shortcuts/package.zsh'
[16.348s] Level 1:colcon.colcon_core.environment:create_file_with_runtime_dependencies(/home/aaron/ur_ws/install/rosparam_shortcuts/share/colcon-core/packages/rosparam_shortcuts)
[163.639s] DEBUG:colcon.colcon_core.event_handler.log_command:Invoked command in '/home/aaron/ur_ws/build/moveit_core' returned '0': AMENT_PREFIX_PATH=/home/aaron/ur_ws/install/moveit_resources_panda_moveit_config:/home/aaron/ur_ws/install/srdfdom:/home/aaron/ur_ws/install/moveit_resources_pr2_description:/home/aaron/ur_ws/install/moveit_resources_panda_description:/home/aaron/ur_ws/install/moveit_common:${AMENT_PREFIX_PATH} CMAKE_PREFIX_PATH=/home/aaron/ur_ws/install/moveit_resources_panda_moveit_config:/home/aaron/ur_ws/install/srdfdom:/home/aaron/ur_ws/install/moveit_resources_pr2_description:/home/aaron/ur_ws/install/moveit_resources_panda_description:/home/aaron/ur_ws/install/moveit_common:/opt/ros/humble LD_LIBRARY_PATH=/home/aaron/ur_ws/install/srdfdom/lib:${LD_LIBRARY_PATH} PYTHONPATH=/home/aaron/ur_ws/install/srdfdom/local/lib/python3.10/dist-packages:${PYTHONPATH} /usr/bin/cmake --build /home/aaron/ur_ws/build/moveit_core -- -j20 -l20
[163.642s] DEBUG:colcon.colcon_core.event_handler.log_command:Invoking command in '/home/aaron/ur_ws/build/moveit_core': AMENT_PREFIX_PATH=/home/aaron/ur_ws/install/moveit_resources_panda_moveit_config:/home/aaron/ur_ws/install/srdfdom:/home/aaron/ur_ws/install/moveit_resources_pr2_description:/home/aaron/ur_ws/install/moveit_resources_panda_description:/home/aaron/ur_ws/install/moveit_common:${AMENT_PREFIX_PATH} CMAKE_PREFIX_PATH=/home/aaron/ur_ws/install/moveit_resources_panda_moveit_config:/home/aaron/ur_ws/install/srdfdom:/home/aaron/ur_ws/install/moveit_resources_pr2_description:/home/aaron/ur_ws/install/moveit_resources_panda_description:/home/aaron/ur_ws/install/moveit_common:/opt/ros/humble LD_LIBRARY_PATH=/home/aaron/ur_ws/install/srdfdom/lib:${LD_LIBRARY_PATH} PYTHONPATH=/home/aaron/ur_ws/install/srdfdom/local/lib/python3.10/dist-packages:${PYTHONPATH} /usr/bin/cmake --install /home/aaron/ur_ws/build/moveit_core
[163.683s] Level 1:colcon.colcon_core.environment:create_environment_scripts_only(moveit_core)
[163.683s] DEBUG:colcon.colcon_core.event_handler.log_command:Invoked command in '/home/aaron/ur_ws/build/moveit_core' returned '0': AMENT_PREFIX_PATH=/home/aaron/ur_ws/install/moveit_resources_panda_moveit_config:/home/aaron/ur_ws/install/srdfdom:/home/aaron/ur_ws/install/moveit_resources_pr2_description:/home/aaron/ur_ws/install/moveit_resources_panda_description:/home/aaron/ur_ws/install/moveit_common:${AMENT_PREFIX_PATH} CMAKE_PREFIX_PATH=/home/aaron/ur_ws/install/moveit_resources_panda_moveit_config:/home/aaron/ur_ws/install/srdfdom:/home/aaron/ur_ws/install/moveit_resources_pr2_description:/home/aaron/ur_ws/install/moveit_resources_panda_description:/home/aaron/ur_ws/install/moveit_common:/opt/ros/humble LD_LIBRARY_PATH=/home/aaron/ur_ws/install/srdfdom/lib:${LD_LIBRARY_PATH} PYTHONPATH=/home/aaron/ur_ws/install/srdfdom/local/lib/python3.10/dist-packages:${PYTHONPATH} /usr/bin/cmake --install /home/aaron/ur_ws/build/moveit_core
[163.684s] Level 1:colcon.colcon_core.environment:checking '/home/aaron/ur_ws/install/moveit_core' for CMake module files
[163.684s] Level 1:colcon.colcon_core.environment:checking '/home/aaron/ur_ws/install/moveit_core' for CMake config files
[163.685s] Level 1:colcon.colcon_core.shell:create_environment_hook('moveit_core', 'cmake_prefix_path')
[163.685s] INFO:colcon.colcon_core.shell:Creating environment hook '/home/aaron/ur_ws/install/moveit_core/share/moveit_core/hook/cmake_prefix_path.ps1'
[163.686s] INFO:colcon.colcon_core.shell:Creating environment descriptor '/home/aaron/ur_ws/install/moveit_core/share/moveit_core/hook/cmake_prefix_path.dsv'
[163.686s] INFO:colcon.colcon_core.shell:Creating environment hook '/home/aaron/ur_ws/install/moveit_core/share/moveit_core/hook/cmake_prefix_path.sh'
[163.687s] Level 1:colcon.colcon_core.environment:checking '/home/aaron/ur_ws/install/moveit_core/lib'
[163.687s] Level 1:colcon.colcon_core.shell:create_environment_hook('moveit_core', 'ld_library_path_lib')
[163.687s] INFO:colcon.colcon_core.shell:Creating environment hook '/home/aaron/ur_ws/install/moveit_core/share/moveit_core/hook/ld_library_path_lib.ps1'
[163.687s] INFO:colcon.colcon_core.shell:Creating environment descriptor '/home/aaron/ur_ws/install/moveit_core/share/moveit_core/hook/ld_library_path_lib.dsv'
[163.688s] INFO:colcon.colcon_core.shell:Creating environment hook '/home/aaron/ur_ws/install/moveit_core/share/moveit_core/hook/ld_library_path_lib.sh'
[163.688s] Level 1:colcon.colcon_core.environment:checking '/home/aaron/ur_ws/install/moveit_core/bin'
[163.688s] Level 1:colcon.colcon_core.shell:create_environment_hook('moveit_core', 'path')
[163.689s] INFO:colcon.colcon_core.shell:Creating environment hook '/home/aaron/ur_ws/install/moveit_core/share/moveit_core/hook/path.ps1'
[163.689s] INFO:colcon.colcon_core.shell:Creating environment descriptor '/home/aaron/ur_ws/install/moveit_core/share/moveit_core/hook/path.dsv'
[163.689s] INFO:colcon.colcon_core.shell:Creating environment hook '/home/aaron/ur_ws/install/moveit_core/share/moveit_core/hook/path.sh'
[163.690s] Level 1:colcon.colcon_core.environment:checking '/home/aaron/ur_ws/install/moveit_core/lib/pkgconfig/moveit_core.pc'
[163.690s] Level 1:colcon.colcon_core.environment:checking '/home/aaron/ur_ws/install/moveit_core/lib/python3.10/site-packages'
[163.691s] Level 1:colcon.colcon_core.environment:checking '/home/aaron/ur_ws/install/moveit_core/bin'
[163.691s] Level 1:colcon.colcon_core.shell:create_environment_hook('moveit_core', 'pythonscriptspath')
[163.691s] INFO:colcon.colcon_core.shell:Creating environment hook '/home/aaron/ur_ws/install/moveit_core/share/moveit_core/hook/pythonscriptspath.ps1'
[163.691s] INFO:colcon.colcon_core.shell:Creating environment descriptor '/home/aaron/ur_ws/install/moveit_core/share/moveit_core/hook/pythonscriptspath.dsv'
[163.692s] INFO:colcon.colcon_core.shell:Creating environment hook '/home/aaron/ur_ws/install/moveit_core/share/moveit_core/hook/pythonscriptspath.sh'
[163.693s] INFO:colcon.colcon_core.shell:Creating package script '/home/aaron/ur_ws/install/moveit_core/share/moveit_core/package.ps1'
[163.693s] INFO:colcon.colcon_core.shell:Creating package descriptor '/home/aaron/ur_ws/install/moveit_core/share/moveit_core/package.dsv'
[163.694s] INFO:colcon.colcon_core.shell:Creating package script '/home/aaron/ur_ws/install/moveit_core/share/moveit_core/package.sh'
[163.694s] INFO:colcon.colcon_core.shell:Creating package script '/home/aaron/ur_ws/install/moveit_core/share/moveit_core/package.bash'
[163.695s] INFO:colcon.colcon_core.shell:Creating package script '/home/aaron/ur_ws/install/moveit_core/share/moveit_core/package.zsh'
[163.695s] Level 1:colcon.colcon_core.environment:create_file_with_runtime_dependencies(/home/aaron/ur_ws/install/moveit_core/share/colcon-core/packages/moveit_core)
[163.696s] Level 1:colcon.colcon_core.environment:create_environment_scripts_only(moveit_core)
[163.696s] Level 1:colcon.colcon_core.environment:checking '/home/aaron/ur_ws/install/moveit_core' for CMake module files
[163.697s] Level 1:colcon.colcon_core.environment:checking '/home/aaron/ur_ws/install/moveit_core' for CMake config files
[163.697s] Level 1:colcon.colcon_core.shell:create_environment_hook('moveit_core', 'cmake_prefix_path')
[163.698s] INFO:colcon.colcon_core.shell:Creating environment hook '/home/aaron/ur_ws/install/moveit_core/share/moveit_core/hook/cmake_prefix_path.ps1'
[163.698s] INFO:colcon.colcon_core.shell:Creating environment descriptor '/home/aaron/ur_ws/install/moveit_core/share/moveit_core/hook/cmake_prefix_path.dsv'
[163.698s] INFO:colcon.colcon_core.shell:Creating environment hook '/home/aaron/ur_ws/install/moveit_core/share/moveit_core/hook/cmake_prefix_path.sh'
[163.699s] Level 1:colcon.colcon_core.environment:checking '/home/aaron/ur_ws/install/moveit_core/lib'
[163.699s] Level 1:colcon.colcon_core.shell:create_environment_hook('moveit_core', 'ld_library_path_lib')
[163.700s] INFO:colcon.colcon_core.shell:Creating environment hook '/home/aaron/ur_ws/install/moveit_core/share/moveit_core/hook/ld_library_path_lib.ps1'
[163.700s] INFO:colcon.colcon_core.shell:Creating environment descriptor '/home/aaron/ur_ws/install/moveit_core/share/moveit_core/hook/ld_library_path_lib.dsv'
[163.700s] INFO:colcon.colcon_core.shell:Creating environment hook '/home/aaron/ur_ws/install/moveit_core/share/moveit_core/hook/ld_library_path_lib.sh'
[163.700s] Level 1:colcon.colcon_core.environment:checking '/home/aaron/ur_ws/install/moveit_core/bin'
[163.700s] Level 1:colcon.colcon_core.shell:create_environment_hook('moveit_core', 'path')
[163.701s] INFO:colcon.colcon_core.shell:Creating environment hook '/home/aaron/ur_ws/install/moveit_core/share/moveit_core/hook/path.ps1'
[163.701s] INFO:colcon.colcon_core.shell:Creating environment descriptor '/home/aaron/ur_ws/install/moveit_core/share/moveit_core/hook/path.dsv'
[163.701s] INFO:colcon.colcon_core.shell:Creating environment hook '/home/aaron/ur_ws/install/moveit_core/share/moveit_core/hook/path.sh'
[163.701s] Level 1:colcon.colcon_core.environment:checking '/home/aaron/ur_ws/install/moveit_core/lib/pkgconfig/moveit_core.pc'
[163.701s] Level 1:colcon.colcon_core.environment:checking '/home/aaron/ur_ws/install/moveit_core/lib/python3.10/site-packages'
[163.702s] Level 1:colcon.colcon_core.environment:checking '/home/aaron/ur_ws/install/moveit_core/bin'
[163.702s] Level 1:colcon.colcon_core.shell:create_environment_hook('moveit_core', 'pythonscriptspath')
[163.702s] INFO:colcon.colcon_core.shell:Creating environment hook '/home/aaron/ur_ws/install/moveit_core/share/moveit_core/hook/pythonscriptspath.ps1'
[163.702s] INFO:colcon.colcon_core.shell:Creating environment descriptor '/home/aaron/ur_ws/install/moveit_core/share/moveit_core/hook/pythonscriptspath.dsv'
[163.702s] INFO:colcon.colcon_core.shell:Creating environment hook '/home/aaron/ur_ws/install/moveit_core/share/moveit_core/hook/pythonscriptspath.sh'
[163.703s] INFO:colcon.colcon_core.shell:Creating package script '/home/aaron/ur_ws/install/moveit_core/share/moveit_core/package.ps1'
[163.703s] INFO:colcon.colcon_core.shell:Creating package descriptor '/home/aaron/ur_ws/install/moveit_core/share/moveit_core/package.dsv'
[163.703s] INFO:colcon.colcon_core.shell:Creating package script '/home/aaron/ur_ws/install/moveit_core/share/moveit_core/package.sh'
[163.704s] INFO:colcon.colcon_core.shell:Creating package script '/home/aaron/ur_ws/install/moveit_core/share/moveit_core/package.bash'
[163.704s] INFO:colcon.colcon_core.shell:Creating package script '/home/aaron/ur_ws/install/moveit_core/share/moveit_core/package.zsh'
[163.704s] Level 1:colcon.colcon_core.environment:create_file_with_runtime_dependencies(/home/aaron/ur_ws/install/moveit_core/share/colcon-core/packages/moveit_core)
[163.704s] INFO:colcon.colcon_ros.task.ament_cmake.build:Building ROS package in '/home/aaron/ur_ws/src/moveit2/moveit_ros/occupancy_map_monitor' with build type 'ament_cmake'
[163.705s] INFO:colcon.colcon_cmake.task.cmake.build:Building CMake package in '/home/aaron/ur_ws/src/moveit2/moveit_ros/occupancy_map_monitor'
[163.705s] INFO:colcon.colcon_core.shell:Skip shell extension 'powershell' for command environment: Not usable outside of PowerShell
[163.705s] DEBUG:colcon.colcon_core.shell:Skip shell extension 'dsv' for command environment
[163.707s] INFO:colcon.colcon_ros.task.ament_cmake.build:Building ROS package in '/home/aaron/ur_ws/src/moveit2/moveit_plugins/moveit_simple_controller_manager' with build type 'ament_cmake'
[163.707s] INFO:colcon.colcon_cmake.task.cmake.build:Building CMake package in '/home/aaron/ur_ws/src/moveit2/moveit_plugins/moveit_simple_controller_manager'
[163.707s] INFO:colcon.colcon_core.shell:Skip shell extension 'powershell' for command environment: Not usable outside of PowerShell
[163.707s] DEBUG:colcon.colcon_core.shell:Skip shell extension 'dsv' for command environment
[163.710s] INFO:colcon.colcon_ros.task.ament_cmake.build:Building ROS package in '/home/aaron/ur_ws/src/moveit2/moveit_planners/test_configs/prbt_ikfast_manipulator_plugin' with build type 'ament_cmake'
[163.710s] INFO:colcon.colcon_cmake.task.cmake.build:Building CMake package in '/home/aaron/ur_ws/src/moveit2/moveit_planners/test_configs/prbt_ikfast_manipulator_plugin'
[163.710s] INFO:colcon.colcon_core.shell:Skip shell extension 'powershell' for command environment: Not usable outside of PowerShell
[163.710s] DEBUG:colcon.colcon_core.shell:Skip shell extension 'dsv' for command environment
[163.712s] INFO:colcon.colcon_ros.task.ament_cmake.build:Building ROS package in '/home/aaron/ur_ws/src/moveit2/moveit_planners/chomp/chomp_motion_planner' with build type 'ament_cmake'
[163.712s] INFO:colcon.colcon_cmake.task.cmake.build:Building CMake package in '/home/aaron/ur_ws/src/moveit2/moveit_planners/chomp/chomp_motion_planner'
[163.712s] INFO:colcon.colcon_core.shell:Skip shell extension 'powershell' for command environment: Not usable outside of PowerShell
[163.712s] DEBUG:colcon.colcon_core.shell:Skip shell extension 'dsv' for command environment
[163.715s] INFO:colcon.colcon_ros.task.ament_cmake.build:Building ROS package in '/home/aaron/ur_ws/src/moveit2/moveit_planners/pilz_industrial_motion_planner_testutils' with build type 'ament_cmake'
[163.715s] INFO:colcon.colcon_cmake.task.cmake.build:Building CMake package in '/home/aaron/ur_ws/src/moveit2/moveit_planners/pilz_industrial_motion_planner_testutils'
[163.715s] INFO:colcon.colcon_core.shell:Skip shell extension 'powershell' for command environment: Not usable outside of PowerShell
[163.715s] DEBUG:colcon.colcon_core.shell:Skip shell extension 'dsv' for command environment
[163.722s] DEBUG:colcon.colcon_core.event_handler.log_command:Invoking command in '/home/aaron/ur_ws/build/moveit_ros_occupancy_map_monitor': AMENT_PREFIX_PATH=/home/aaron/ur_ws/install/moveit_core:/home/aaron/ur_ws/install/moveit_resources_panda_moveit_config:/home/aaron/ur_ws/install/srdfdom:/home/aaron/ur_ws/install/moveit_resources_pr2_description:/home/aaron/ur_ws/install/moveit_resources_panda_description:/home/aaron/ur_ws/install/moveit_common:${AMENT_PREFIX_PATH} CMAKE_PREFIX_PATH=/home/aaron/ur_ws/install/moveit_core:/home/aaron/ur_ws/install/moveit_resources_panda_moveit_config:/home/aaron/ur_ws/install/srdfdom:/home/aaron/ur_ws/install/moveit_resources_pr2_description:/home/aaron/ur_ws/install/moveit_resources_panda_description:/home/aaron/ur_ws/install/moveit_common:/opt/ros/humble LD_LIBRARY_PATH=/home/aaron/ur_ws/install/moveit_core/lib:/home/aaron/ur_ws/install/srdfdom/lib:${LD_LIBRARY_PATH} PATH=/home/aaron/ur_ws/install/moveit_core/bin:${PATH} PYTHONPATH=/home/aaron/ur_ws/install/srdfdom/local/lib/python3.10/dist-packages:${PYTHONPATH} /usr/bin/cmake --build /home/aaron/ur_ws/build/moveit_ros_occupancy_map_monitor -- -j20 -l20
[163.726s] DEBUG:colcon.colcon_core.event_handler.log_command:Invoking command in '/home/aaron/ur_ws/build/moveit_simple_controller_manager': AMENT_PREFIX_PATH=/home/aaron/ur_ws/install/moveit_core:/home/aaron/ur_ws/install/moveit_resources_panda_moveit_config:/home/aaron/ur_ws/install/srdfdom:/home/aaron/ur_ws/install/moveit_resources_pr2_description:/home/aaron/ur_ws/install/moveit_resources_panda_description:/home/aaron/ur_ws/install/moveit_common:${AMENT_PREFIX_PATH} CMAKE_PREFIX_PATH=/home/aaron/ur_ws/install/moveit_core:/home/aaron/ur_ws/install/moveit_resources_panda_moveit_config:/home/aaron/ur_ws/install/srdfdom:/home/aaron/ur_ws/install/moveit_resources_pr2_description:/home/aaron/ur_ws/install/moveit_resources_panda_description:/home/aaron/ur_ws/install/moveit_common:/opt/ros/humble LD_LIBRARY_PATH=/home/aaron/ur_ws/install/moveit_core/lib:/home/aaron/ur_ws/install/srdfdom/lib:${LD_LIBRARY_PATH} PATH=/home/aaron/ur_ws/install/moveit_core/bin:${PATH} PYTHONPATH=/home/aaron/ur_ws/install/srdfdom/local/lib/python3.10/dist-packages:${PYTHONPATH} /usr/bin/cmake --build /home/aaron/ur_ws/build/moveit_simple_controller_manager -- -j20 -l20
[163.729s] DEBUG:colcon.colcon_core.event_handler.log_command:Invoking command in '/home/aaron/ur_ws/build/moveit_resources_prbt_ikfast_manipulator_plugin': AMENT_PREFIX_PATH=/home/aaron/ur_ws/install/moveit_core:/home/aaron/ur_ws/install/moveit_resources_panda_moveit_config:/home/aaron/ur_ws/install/srdfdom:/home/aaron/ur_ws/install/moveit_resources_pr2_description:/home/aaron/ur_ws/install/moveit_resources_panda_description:/home/aaron/ur_ws/install/moveit_common:${AMENT_PREFIX_PATH} CMAKE_PREFIX_PATH=/home/aaron/ur_ws/install/moveit_core:/home/aaron/ur_ws/install/moveit_resources_panda_moveit_config:/home/aaron/ur_ws/install/srdfdom:/home/aaron/ur_ws/install/moveit_resources_pr2_description:/home/aaron/ur_ws/install/moveit_resources_panda_description:/home/aaron/ur_ws/install/moveit_common:/opt/ros/humble LD_LIBRARY_PATH=/home/aaron/ur_ws/install/moveit_core/lib:/home/aaron/ur_ws/install/srdfdom/lib:${LD_LIBRARY_PATH} PATH=/home/aaron/ur_ws/install/moveit_core/bin:${PATH} PYTHONPATH=/home/aaron/ur_ws/install/srdfdom/local/lib/python3.10/dist-packages:${PYTHONPATH} /usr/bin/cmake --build /home/aaron/ur_ws/build/moveit_resources_prbt_ikfast_manipulator_plugin -- -j20 -l20
[163.732s] DEBUG:colcon.colcon_core.event_handler.log_command:Invoking command in '/home/aaron/ur_ws/build/chomp_motion_planner': AMENT_PREFIX_PATH=/home/aaron/ur_ws/install/moveit_core:/home/aaron/ur_ws/install/moveit_resources_panda_moveit_config:/home/aaron/ur_ws/install/srdfdom:/home/aaron/ur_ws/install/moveit_resources_pr2_description:/home/aaron/ur_ws/install/moveit_resources_panda_description:/home/aaron/ur_ws/install/moveit_common:${AMENT_PREFIX_PATH} CMAKE_PREFIX_PATH=/home/aaron/ur_ws/install/moveit_core:/home/aaron/ur_ws/install/moveit_resources_panda_moveit_config:/home/aaron/ur_ws/install/srdfdom:/home/aaron/ur_ws/install/moveit_resources_pr2_description:/home/aaron/ur_ws/install/moveit_resources_panda_description:/home/aaron/ur_ws/install/moveit_common:/opt/ros/humble LD_LIBRARY_PATH=/home/aaron/ur_ws/install/moveit_core/lib:/home/aaron/ur_ws/install/srdfdom/lib:${LD_LIBRARY_PATH} PATH=/home/aaron/ur_ws/install/moveit_core/bin:${PATH} PYTHONPATH=/home/aaron/ur_ws/install/srdfdom/local/lib/python3.10/dist-packages:${PYTHONPATH} /usr/bin/cmake --build /home/aaron/ur_ws/build/chomp_motion_planner -- -j20 -l20
[163.735s] DEBUG:colcon.colcon_core.event_handler.log_command:Invoking command in '/home/aaron/ur_ws/build/pilz_industrial_motion_planner_testutils': AMENT_PREFIX_PATH=/home/aaron/ur_ws/install/moveit_core:/home/aaron/ur_ws/install/moveit_resources_panda_moveit_config:/home/aaron/ur_ws/install/srdfdom:/home/aaron/ur_ws/install/moveit_resources_pr2_description:/home/aaron/ur_ws/install/moveit_resources_panda_description:/home/aaron/ur_ws/install/moveit_common:${AMENT_PREFIX_PATH} CMAKE_PREFIX_PATH=/home/aaron/ur_ws/install/moveit_core:/home/aaron/ur_ws/install/moveit_resources_panda_moveit_config:/home/aaron/ur_ws/install/srdfdom:/home/aaron/ur_ws/install/moveit_resources_pr2_description:/home/aaron/ur_ws/install/moveit_resources_panda_description:/home/aaron/ur_ws/install/moveit_common:/opt/ros/humble LD_LIBRARY_PATH=/home/aaron/ur_ws/install/moveit_core/lib:/home/aaron/ur_ws/install/srdfdom/lib:${LD_LIBRARY_PATH} PATH=/home/aaron/ur_ws/install/moveit_core/bin:${PATH} PYTHONPATH=/home/aaron/ur_ws/install/srdfdom/local/lib/python3.10/dist-packages:${PYTHONPATH} /usr/bin/cmake --build /home/aaron/ur_ws/build/pilz_industrial_motion_planner_testutils -- -j20 -l20
[187.635s] DEBUG:colcon.colcon_core.event_handler.log_command:Invoked command in '/home/aaron/ur_ws/build/moveit_simple_controller_manager' returned '0': AMENT_PREFIX_PATH=/home/aaron/ur_ws/install/moveit_core:/home/aaron/ur_ws/install/moveit_resources_panda_moveit_config:/home/aaron/ur_ws/install/srdfdom:/home/aaron/ur_ws/install/moveit_resources_pr2_description:/home/aaron/ur_ws/install/moveit_resources_panda_description:/home/aaron/ur_ws/install/moveit_common:${AMENT_PREFIX_PATH} CMAKE_PREFIX_PATH=/home/aaron/ur_ws/install/moveit_core:/home/aaron/ur_ws/install/moveit_resources_panda_moveit_config:/home/aaron/ur_ws/install/srdfdom:/home/aaron/ur_ws/install/moveit_resources_pr2_description:/home/aaron/ur_ws/install/moveit_resources_panda_description:/home/aaron/ur_ws/install/moveit_common:/opt/ros/humble LD_LIBRARY_PATH=/home/aaron/ur_ws/install/moveit_core/lib:/home/aaron/ur_ws/install/srdfdom/lib:${LD_LIBRARY_PATH} PATH=/home/aaron/ur_ws/install/moveit_core/bin:${PATH} PYTHONPATH=/home/aaron/ur_ws/install/srdfdom/local/lib/python3.10/dist-packages:${PYTHONPATH} /usr/bin/cmake --build /home/aaron/ur_ws/build/moveit_simple_controller_manager -- -j20 -l20
[187.639s] DEBUG:colcon.colcon_core.event_handler.log_command:Invoking command in '/home/aaron/ur_ws/build/moveit_simple_controller_manager': AMENT_PREFIX_PATH=/home/aaron/ur_ws/install/moveit_core:/home/aaron/ur_ws/install/moveit_resources_panda_moveit_config:/home/aaron/ur_ws/install/srdfdom:/home/aaron/ur_ws/install/moveit_resources_pr2_description:/home/aaron/ur_ws/install/moveit_resources_panda_description:/home/aaron/ur_ws/install/moveit_common:${AMENT_PREFIX_PATH} CMAKE_PREFIX_PATH=/home/aaron/ur_ws/install/moveit_core:/home/aaron/ur_ws/install/moveit_resources_panda_moveit_config:/home/aaron/ur_ws/install/srdfdom:/home/aaron/ur_ws/install/moveit_resources_pr2_description:/home/aaron/ur_ws/install/moveit_resources_panda_description:/home/aaron/ur_ws/install/moveit_common:/opt/ros/humble LD_LIBRARY_PATH=/home/aaron/ur_ws/install/moveit_core/lib:/home/aaron/ur_ws/install/srdfdom/lib:${LD_LIBRARY_PATH} PATH=/home/aaron/ur_ws/install/moveit_core/bin:${PATH} PYTHONPATH=/home/aaron/ur_ws/install/srdfdom/local/lib/python3.10/dist-packages:${PYTHONPATH} /usr/bin/cmake --install /home/aaron/ur_ws/build/moveit_simple_controller_manager
[187.659s] Level 1:colcon.colcon_core.environment:create_environment_scripts_only(moveit_simple_controller_manager)
[187.660s] Level 1:colcon.colcon_core.environment:checking '/home/aaron/ur_ws/install/moveit_simple_controller_manager' for CMake module files
[187.663s] Level 1:colcon.colcon_core.environment:checking '/home/aaron/ur_ws/install/moveit_simple_controller_manager' for CMake config files
[187.664s] DEBUG:colcon.colcon_core.event_handler.log_command:Invoked command in '/home/aaron/ur_ws/build/moveit_simple_controller_manager' returned '0': AMENT_PREFIX_PATH=/home/aaron/ur_ws/install/moveit_core:/home/aaron/ur_ws/install/moveit_resources_panda_moveit_config:/home/aaron/ur_ws/install/srdfdom:/home/aaron/ur_ws/install/moveit_resources_pr2_description:/home/aaron/ur_ws/install/moveit_resources_panda_description:/home/aaron/ur_ws/install/moveit_common:${AMENT_PREFIX_PATH} CMAKE_PREFIX_PATH=/home/aaron/ur_ws/install/moveit_core:/home/aaron/ur_ws/install/moveit_resources_panda_moveit_config:/home/aaron/ur_ws/install/srdfdom:/home/aaron/ur_ws/install/moveit_resources_pr2_description:/home/aaron/ur_ws/install/moveit_resources_panda_description:/home/aaron/ur_ws/install/moveit_common:/opt/ros/humble LD_LIBRARY_PATH=/home/aaron/ur_ws/install/moveit_core/lib:/home/aaron/ur_ws/install/srdfdom/lib:${LD_LIBRARY_PATH} PATH=/home/aaron/ur_ws/install/moveit_core/bin:${PATH} PYTHONPATH=/home/aaron/ur_ws/install/srdfdom/local/lib/python3.10/dist-packages:${PYTHONPATH} /usr/bin/cmake --install /home/aaron/ur_ws/build/moveit_simple_controller_manager
[187.664s] Level 1:colcon.colcon_core.shell:create_environment_hook('moveit_simple_controller_manager', 'cmake_prefix_path')
[187.665s] INFO:colcon.colcon_core.shell:Creating environment hook '/home/aaron/ur_ws/install/moveit_simple_controller_manager/share/moveit_simple_controller_manager/hook/cmake_prefix_path.ps1'
[187.666s] INFO:colcon.colcon_core.shell:Creating environment descriptor '/home/aaron/ur_ws/install/moveit_simple_controller_manager/share/moveit_simple_controller_manager/hook/cmake_prefix_path.dsv'
[187.667s] INFO:colcon.colcon_core.shell:Creating environment hook '/home/aaron/ur_ws/install/moveit_simple_controller_manager/share/moveit_simple_controller_manager/hook/cmake_prefix_path.sh'
[187.668s] Level 1:colcon.colcon_core.environment:checking '/home/aaron/ur_ws/install/moveit_simple_controller_manager/lib'
[187.668s] Level 1:colcon.colcon_core.shell:create_environment_hook('moveit_simple_controller_manager', 'ld_library_path_lib')
[187.669s] INFO:colcon.colcon_core.shell:Creating environment hook '/home/aaron/ur_ws/install/moveit_simple_controller_manager/share/moveit_simple_controller_manager/hook/ld_library_path_lib.ps1'
[187.670s] INFO:colcon.colcon_core.shell:Creating environment descriptor '/home/aaron/ur_ws/install/moveit_simple_controller_manager/share/moveit_simple_controller_manager/hook/ld_library_path_lib.dsv'
[187.670s] INFO:colcon.colcon_core.shell:Creating environment hook '/home/aaron/ur_ws/install/moveit_simple_controller_manager/share/moveit_simple_controller_manager/hook/ld_library_path_lib.sh'
[187.671s] Level 1:colcon.colcon_core.environment:checking '/home/aaron/ur_ws/install/moveit_simple_controller_manager/bin'
[187.671s] Level 1:colcon.colcon_core.environment:checking '/home/aaron/ur_ws/install/moveit_simple_controller_manager/lib/pkgconfig/moveit_simple_controller_manager.pc'
[187.672s] Level 1:colcon.colcon_core.environment:checking '/home/aaron/ur_ws/install/moveit_simple_controller_manager/lib/python3.10/site-packages'
[187.673s] Level 1:colcon.colcon_core.environment:checking '/home/aaron/ur_ws/install/moveit_simple_controller_manager/bin'
[187.673s] INFO:colcon.colcon_core.shell:Creating package script '/home/aaron/ur_ws/install/moveit_simple_controller_manager/share/moveit_simple_controller_manager/package.ps1'
[187.675s] INFO:colcon.colcon_core.shell:Creating package descriptor '/home/aaron/ur_ws/install/moveit_simple_controller_manager/share/moveit_simple_controller_manager/package.dsv'
[187.676s] INFO:colcon.colcon_core.shell:Creating package script '/home/aaron/ur_ws/install/moveit_simple_controller_manager/share/moveit_simple_controller_manager/package.sh'
[187.676s] INFO:colcon.colcon_core.shell:Creating package script '/home/aaron/ur_ws/install/moveit_simple_controller_manager/share/moveit_simple_controller_manager/package.bash'
[187.677s] INFO:colcon.colcon_core.shell:Creating package script '/home/aaron/ur_ws/install/moveit_simple_controller_manager/share/moveit_simple_controller_manager/package.zsh'
[187.678s] Level 1:colcon.colcon_core.environment:create_file_with_runtime_dependencies(/home/aaron/ur_ws/install/moveit_simple_controller_manager/share/colcon-core/packages/moveit_simple_controller_manager)
[187.679s] Level 1:colcon.colcon_core.environment:create_environment_scripts_only(moveit_simple_controller_manager)
[187.680s] Level 1:colcon.colcon_core.environment:checking '/home/aaron/ur_ws/install/moveit_simple_controller_manager' for CMake module files
[187.681s] Level 1:colcon.colcon_core.environment:checking '/home/aaron/ur_ws/install/moveit_simple_controller_manager' for CMake config files
[187.682s] Level 1:colcon.colcon_core.shell:create_environment_hook('moveit_simple_controller_manager', 'cmake_prefix_path')
[187.682s] INFO:colcon.colcon_core.shell:Creating environment hook '/home/aaron/ur_ws/install/moveit_simple_controller_manager/share/moveit_simple_controller_manager/hook/cmake_prefix_path.ps1'
[187.683s] INFO:colcon.colcon_core.shell:Creating environment descriptor '/home/aaron/ur_ws/install/moveit_simple_controller_manager/share/moveit_simple_controller_manager/hook/cmake_prefix_path.dsv'
[187.684s] INFO:colcon.colcon_core.shell:Creating environment hook '/home/aaron/ur_ws/install/moveit_simple_controller_manager/share/moveit_simple_controller_manager/hook/cmake_prefix_path.sh'
[187.685s] Level 1:colcon.colcon_core.environment:checking '/home/aaron/ur_ws/install/moveit_simple_controller_manager/lib'
[187.685s] Level 1:colcon.colcon_core.shell:create_environment_hook('moveit_simple_controller_manager', 'ld_library_path_lib')
[187.686s] INFO:colcon.colcon_core.shell:Creating environment hook '/home/aaron/ur_ws/install/moveit_simple_controller_manager/share/moveit_simple_controller_manager/hook/ld_library_path_lib.ps1'
[187.687s] INFO:colcon.colcon_core.shell:Creating environment descriptor '/home/aaron/ur_ws/install/moveit_simple_controller_manager/share/moveit_simple_controller_manager/hook/ld_library_path_lib.dsv'
[187.688s] INFO:colcon.colcon_core.shell:Creating environment hook '/home/aaron/ur_ws/install/moveit_simple_controller_manager/share/moveit_simple_controller_manager/hook/ld_library_path_lib.sh'
[187.688s] Level 1:colcon.colcon_core.environment:checking '/home/aaron/ur_ws/install/moveit_simple_controller_manager/bin'
[187.689s] Level 1:colcon.colcon_core.environment:checking '/home/aaron/ur_ws/install/moveit_simple_controller_manager/lib/pkgconfig/moveit_simple_controller_manager.pc'
[187.689s] Level 1:colcon.colcon_core.environment:checking '/home/aaron/ur_ws/install/moveit_simple_controller_manager/lib/python3.10/site-packages'
[187.690s] Level 1:colcon.colcon_core.environment:checking '/home/aaron/ur_ws/install/moveit_simple_controller_manager/bin'
[187.691s] INFO:colcon.colcon_core.shell:Creating package script '/home/aaron/ur_ws/install/moveit_simple_controller_manager/share/moveit_simple_controller_manager/package.ps1'
[187.692s] INFO:colcon.colcon_core.shell:Creating package descriptor '/home/aaron/ur_ws/install/moveit_simple_controller_manager/share/moveit_simple_controller_manager/package.dsv'
[187.693s] INFO:colcon.colcon_core.shell:Creating package script '/home/aaron/ur_ws/install/moveit_simple_controller_manager/share/moveit_simple_controller_manager/package.sh'
[187.694s] INFO:colcon.colcon_core.shell:Creating package script '/home/aaron/ur_ws/install/moveit_simple_controller_manager/share/moveit_simple_controller_manager/package.bash'
[187.695s] INFO:colcon.colcon_core.shell:Creating package script '/home/aaron/ur_ws/install/moveit_simple_controller_manager/share/moveit_simple_controller_manager/package.zsh'
[187.696s] Level 1:colcon.colcon_core.environment:create_file_with_runtime_dependencies(/home/aaron/ur_ws/install/moveit_simple_controller_manager/share/colcon-core/packages/moveit_simple_controller_manager)
[187.696s] INFO:colcon.colcon_ros.task.ament_cmake.build:Building ROS package in '/home/aaron/ur_ws/src/moveit2/moveit_plugins/moveit_plugins' with build type 'ament_cmake'
[187.696s] INFO:colcon.colcon_cmake.task.cmake.build:Building CMake package in '/home/aaron/ur_ws/src/moveit2/moveit_plugins/moveit_plugins'
[187.697s] INFO:colcon.colcon_core.shell:Skip shell extension 'powershell' for command environment: Not usable outside of PowerShell
[187.697s] DEBUG:colcon.colcon_core.shell:Skip shell extension 'dsv' for command environment
[187.705s] INFO:colcon.colcon_ros.task.ament_cmake.build:Building ROS package in '/home/aaron/ur_ws/src/moveit2/moveit_plugins/moveit_ros_control_interface' with build type 'ament_cmake'
[187.706s] INFO:colcon.colcon_cmake.task.cmake.build:Building CMake package in '/home/aaron/ur_ws/src/moveit2/moveit_plugins/moveit_ros_control_interface'
[187.706s] INFO:colcon.colcon_core.shell:Skip shell extension 'powershell' for command environment: Not usable outside of PowerShell
[187.706s] DEBUG:colcon.colcon_core.shell:Skip shell extension 'dsv' for command environment
[187.732s] DEBUG:colcon.colcon_core.event_handler.log_command:Invoking command in '/home/aaron/ur_ws/build/moveit_plugins': AMENT_PREFIX_PATH=/home/aaron/ur_ws/install/moveit_simple_controller_manager:/home/aaron/ur_ws/install/moveit_core:/home/aaron/ur_ws/install/moveit_resources_panda_moveit_config:/home/aaron/ur_ws/install/srdfdom:/home/aaron/ur_ws/install/moveit_resources_pr2_description:/home/aaron/ur_ws/install/moveit_resources_panda_description:/home/aaron/ur_ws/install/moveit_common:${AMENT_PREFIX_PATH} CMAKE_PREFIX_PATH=/home/aaron/ur_ws/install/moveit_simple_controller_manager:/home/aaron/ur_ws/install/moveit_core:/home/aaron/ur_ws/install/moveit_resources_panda_moveit_config:/home/aaron/ur_ws/install/srdfdom:/home/aaron/ur_ws/install/moveit_resources_pr2_description:/home/aaron/ur_ws/install/moveit_resources_panda_description:/home/aaron/ur_ws/install/moveit_common:/opt/ros/humble LD_LIBRARY_PATH=/home/aaron/ur_ws/install/moveit_simple_controller_manager/lib:/home/aaron/ur_ws/install/moveit_core/lib:/home/aaron/ur_ws/install/srdfdom/lib:${LD_LIBRARY_PATH} PATH=/home/aaron/ur_ws/install/moveit_core/bin:${PATH} PYTHONPATH=/home/aaron/ur_ws/install/srdfdom/local/lib/python3.10/dist-packages:${PYTHONPATH} /usr/bin/cmake --build /home/aaron/ur_ws/build/moveit_plugins -- -j20 -l20
[187.741s] DEBUG:colcon.colcon_core.event_handler.log_command:Invoking command in '/home/aaron/ur_ws/build/moveit_ros_control_interface': AMENT_PREFIX_PATH=/home/aaron/ur_ws/install/moveit_simple_controller_manager:/home/aaron/ur_ws/install/moveit_core:/home/aaron/ur_ws/install/moveit_resources_panda_moveit_config:/home/aaron/ur_ws/install/srdfdom:/home/aaron/ur_ws/install/moveit_resources_pr2_description:/home/aaron/ur_ws/install/moveit_resources_panda_description:/home/aaron/ur_ws/install/moveit_common:${AMENT_PREFIX_PATH} CMAKE_PREFIX_PATH=/home/aaron/ur_ws/install/moveit_simple_controller_manager:/home/aaron/ur_ws/install/moveit_core:/home/aaron/ur_ws/install/moveit_resources_panda_moveit_config:/home/aaron/ur_ws/install/srdfdom:/home/aaron/ur_ws/install/moveit_resources_pr2_description:/home/aaron/ur_ws/install/moveit_resources_panda_description:/home/aaron/ur_ws/install/moveit_common:/opt/ros/humble LD_LIBRARY_PATH=/home/aaron/ur_ws/install/moveit_simple_controller_manager/lib:/home/aaron/ur_ws/install/moveit_core/lib:/home/aaron/ur_ws/install/srdfdom/lib:${LD_LIBRARY_PATH} PATH=/home/aaron/ur_ws/install/moveit_core/bin:${PATH} PYTHONPATH=/home/aaron/ur_ws/install/srdfdom/local/lib/python3.10/dist-packages:${PYTHONPATH} /usr/bin/cmake --build /home/aaron/ur_ws/build/moveit_ros_control_interface -- -j20 -l20
[187.805s] DEBUG:colcon.colcon_core.event_handler.log_command:Invoked command in '/home/aaron/ur_ws/build/moveit_plugins' returned '0': AMENT_PREFIX_PATH=/home/aaron/ur_ws/install/moveit_simple_controller_manager:/home/aaron/ur_ws/install/moveit_core:/home/aaron/ur_ws/install/moveit_resources_panda_moveit_config:/home/aaron/ur_ws/install/srdfdom:/home/aaron/ur_ws/install/moveit_resources_pr2_description:/home/aaron/ur_ws/install/moveit_resources_panda_description:/home/aaron/ur_ws/install/moveit_common:${AMENT_PREFIX_PATH} CMAKE_PREFIX_PATH=/home/aaron/ur_ws/install/moveit_simple_controller_manager:/home/aaron/ur_ws/install/moveit_core:/home/aaron/ur_ws/install/moveit_resources_panda_moveit_config:/home/aaron/ur_ws/install/srdfdom:/home/aaron/ur_ws/install/moveit_resources_pr2_description:/home/aaron/ur_ws/install/moveit_resources_panda_description:/home/aaron/ur_ws/install/moveit_common:/opt/ros/humble LD_LIBRARY_PATH=/home/aaron/ur_ws/install/moveit_simple_controller_manager/lib:/home/aaron/ur_ws/install/moveit_core/lib:/home/aaron/ur_ws/install/srdfdom/lib:${LD_LIBRARY_PATH} PATH=/home/aaron/ur_ws/install/moveit_core/bin:${PATH} PYTHONPATH=/home/aaron/ur_ws/install/srdfdom/local/lib/python3.10/dist-packages:${PYTHONPATH} /usr/bin/cmake --build /home/aaron/ur_ws/build/moveit_plugins -- -j20 -l20
[187.809s] DEBUG:colcon.colcon_core.event_handler.log_command:Invoking command in '/home/aaron/ur_ws/build/moveit_plugins': AMENT_PREFIX_PATH=/home/aaron/ur_ws/install/moveit_simple_controller_manager:/home/aaron/ur_ws/install/moveit_core:/home/aaron/ur_ws/install/moveit_resources_panda_moveit_config:/home/aaron/ur_ws/install/srdfdom:/home/aaron/ur_ws/install/moveit_resources_pr2_description:/home/aaron/ur_ws/install/moveit_resources_panda_description:/home/aaron/ur_ws/install/moveit_common:${AMENT_PREFIX_PATH} CMAKE_PREFIX_PATH=/home/aaron/ur_ws/install/moveit_simple_controller_manager:/home/aaron/ur_ws/install/moveit_core:/home/aaron/ur_ws/install/moveit_resources_panda_moveit_config:/home/aaron/ur_ws/install/srdfdom:/home/aaron/ur_ws/install/moveit_resources_pr2_description:/home/aaron/ur_ws/install/moveit_resources_panda_description:/home/aaron/ur_ws/install/moveit_common:/opt/ros/humble LD_LIBRARY_PATH=/home/aaron/ur_ws/install/moveit_simple_controller_manager/lib:/home/aaron/ur_ws/install/moveit_core/lib:/home/aaron/ur_ws/install/srdfdom/lib:${LD_LIBRARY_PATH} PATH=/home/aaron/ur_ws/install/moveit_core/bin:${PATH} PYTHONPATH=/home/aaron/ur_ws/install/srdfdom/local/lib/python3.10/dist-packages:${PYTHONPATH} /usr/bin/cmake --install /home/aaron/ur_ws/build/moveit_plugins
[187.831s] Level 1:colcon.colcon_core.environment:create_environment_scripts_only(moveit_plugins)
[187.832s] Level 1:colcon.colcon_core.environment:checking '/home/aaron/ur_ws/install/moveit_plugins' for CMake module files
[187.833s] DEBUG:colcon.colcon_core.event_handler.log_command:Invoked command in '/home/aaron/ur_ws/build/moveit_plugins' returned '0': AMENT_PREFIX_PATH=/home/aaron/ur_ws/install/moveit_simple_controller_manager:/home/aaron/ur_ws/install/moveit_core:/home/aaron/ur_ws/install/moveit_resources_panda_moveit_config:/home/aaron/ur_ws/install/srdfdom:/home/aaron/ur_ws/install/moveit_resources_pr2_description:/home/aaron/ur_ws/install/moveit_resources_panda_description:/home/aaron/ur_ws/install/moveit_common:${AMENT_PREFIX_PATH} CMAKE_PREFIX_PATH=/home/aaron/ur_ws/install/moveit_simple_controller_manager:/home/aaron/ur_ws/install/moveit_core:/home/aaron/ur_ws/install/moveit_resources_panda_moveit_config:/home/aaron/ur_ws/install/srdfdom:/home/aaron/ur_ws/install/moveit_resources_pr2_description:/home/aaron/ur_ws/install/moveit_resources_panda_description:/home/aaron/ur_ws/install/moveit_common:/opt/ros/humble LD_LIBRARY_PATH=/home/aaron/ur_ws/install/moveit_simple_controller_manager/lib:/home/aaron/ur_ws/install/moveit_core/lib:/home/aaron/ur_ws/install/srdfdom/lib:${LD_LIBRARY_PATH} PATH=/home/aaron/ur_ws/install/moveit_core/bin:${PATH} PYTHONPATH=/home/aaron/ur_ws/install/srdfdom/local/lib/python3.10/dist-packages:${PYTHONPATH} /usr/bin/cmake --install /home/aaron/ur_ws/build/moveit_plugins
[187.833s] Level 1:colcon.colcon_core.environment:checking '/home/aaron/ur_ws/install/moveit_plugins' for CMake config files
[187.833s] Level 1:colcon.colcon_core.shell:create_environment_hook('moveit_plugins', 'cmake_prefix_path')
[187.834s] INFO:colcon.colcon_core.shell:Creating environment hook '/home/aaron/ur_ws/install/moveit_plugins/share/moveit_plugins/hook/cmake_prefix_path.ps1'
[187.834s] INFO:colcon.colcon_core.shell:Creating environment descriptor '/home/aaron/ur_ws/install/moveit_plugins/share/moveit_plugins/hook/cmake_prefix_path.dsv'
[187.835s] INFO:colcon.colcon_core.shell:Creating environment hook '/home/aaron/ur_ws/install/moveit_plugins/share/moveit_plugins/hook/cmake_prefix_path.sh'
[187.836s] Level 1:colcon.colcon_core.environment:checking '/home/aaron/ur_ws/install/moveit_plugins/bin'
[187.836s] Level 1:colcon.colcon_core.environment:checking '/home/aaron/ur_ws/install/moveit_plugins/lib/pkgconfig/moveit_plugins.pc'
[187.837s] Level 1:colcon.colcon_core.environment:checking '/home/aaron/ur_ws/install/moveit_plugins/lib/python3.10/site-packages'
[187.838s] Level 1:colcon.colcon_core.environment:checking '/home/aaron/ur_ws/install/moveit_plugins/bin'
[187.839s] INFO:colcon.colcon_core.shell:Creating package script '/home/aaron/ur_ws/install/moveit_plugins/share/moveit_plugins/package.ps1'
[187.840s] INFO:colcon.colcon_core.shell:Creating package descriptor '/home/aaron/ur_ws/install/moveit_plugins/share/moveit_plugins/package.dsv'
[187.841s] INFO:colcon.colcon_core.shell:Creating package script '/home/aaron/ur_ws/install/moveit_plugins/share/moveit_plugins/package.sh'
[187.842s] INFO:colcon.colcon_core.shell:Creating package script '/home/aaron/ur_ws/install/moveit_plugins/share/moveit_plugins/package.bash'
[187.843s] INFO:colcon.colcon_core.shell:Creating package script '/home/aaron/ur_ws/install/moveit_plugins/share/moveit_plugins/package.zsh'
[187.844s] Level 1:colcon.colcon_core.environment:create_file_with_runtime_dependencies(/home/aaron/ur_ws/install/moveit_plugins/share/colcon-core/packages/moveit_plugins)
[187.846s] Level 1:colcon.colcon_core.environment:create_environment_scripts_only(moveit_plugins)
[187.847s] Level 1:colcon.colcon_core.environment:checking '/home/aaron/ur_ws/install/moveit_plugins' for CMake module files
[187.847s] Level 1:colcon.colcon_core.environment:checking '/home/aaron/ur_ws/install/moveit_plugins' for CMake config files
[187.848s] Level 1:colcon.colcon_core.shell:create_environment_hook('moveit_plugins', 'cmake_prefix_path')
[187.848s] INFO:colcon.colcon_core.shell:Creating environment hook '/home/aaron/ur_ws/install/moveit_plugins/share/moveit_plugins/hook/cmake_prefix_path.ps1'
[187.848s] INFO:colcon.colcon_core.shell:Creating environment descriptor '/home/aaron/ur_ws/install/moveit_plugins/share/moveit_plugins/hook/cmake_prefix_path.dsv'
[187.849s] INFO:colcon.colcon_core.shell:Creating environment hook '/home/aaron/ur_ws/install/moveit_plugins/share/moveit_plugins/hook/cmake_prefix_path.sh'
[187.850s] Level 1:colcon.colcon_core.environment:checking '/home/aaron/ur_ws/install/moveit_plugins/bin'
[187.850s] Level 1:colcon.colcon_core.environment:checking '/home/aaron/ur_ws/install/moveit_plugins/lib/pkgconfig/moveit_plugins.pc'
[187.850s] Level 1:colcon.colcon_core.environment:checking '/home/aaron/ur_ws/install/moveit_plugins/lib/python3.10/site-packages'
[187.851s] Level 1:colcon.colcon_core.environment:checking '/home/aaron/ur_ws/install/moveit_plugins/bin'
[187.851s] INFO:colcon.colcon_core.shell:Creating package script '/home/aaron/ur_ws/install/moveit_plugins/share/moveit_plugins/package.ps1'
[187.852s] INFO:colcon.colcon_core.shell:Creating package descriptor '/home/aaron/ur_ws/install/moveit_plugins/share/moveit_plugins/package.dsv'
[187.853s] INFO:colcon.colcon_core.shell:Creating package script '/home/aaron/ur_ws/install/moveit_plugins/share/moveit_plugins/package.sh'
[187.854s] INFO:colcon.colcon_core.shell:Creating package script '/home/aaron/ur_ws/install/moveit_plugins/share/moveit_plugins/package.bash'
[187.855s] INFO:colcon.colcon_core.shell:Creating package script '/home/aaron/ur_ws/install/moveit_plugins/share/moveit_plugins/package.zsh'
[187.857s] Level 1:colcon.colcon_core.environment:create_file_with_runtime_dependencies(/home/aaron/ur_ws/install/moveit_plugins/share/colcon-core/packages/moveit_plugins)
[189.062s] DEBUG:colcon.colcon_core.event_handler.log_command:Invoked command in '/home/aaron/ur_ws/build/moveit_resources_prbt_ikfast_manipulator_plugin' returned '0': AMENT_PREFIX_PATH=/home/aaron/ur_ws/install/moveit_core:/home/aaron/ur_ws/install/moveit_resources_panda_moveit_config:/home/aaron/ur_ws/install/srdfdom:/home/aaron/ur_ws/install/moveit_resources_pr2_description:/home/aaron/ur_ws/install/moveit_resources_panda_description:/home/aaron/ur_ws/install/moveit_common:${AMENT_PREFIX_PATH} CMAKE_PREFIX_PATH=/home/aaron/ur_ws/install/moveit_core:/home/aaron/ur_ws/install/moveit_resources_panda_moveit_config:/home/aaron/ur_ws/install/srdfdom:/home/aaron/ur_ws/install/moveit_resources_pr2_description:/home/aaron/ur_ws/install/moveit_resources_panda_description:/home/aaron/ur_ws/install/moveit_common:/opt/ros/humble LD_LIBRARY_PATH=/home/aaron/ur_ws/install/moveit_core/lib:/home/aaron/ur_ws/install/srdfdom/lib:${LD_LIBRARY_PATH} PATH=/home/aaron/ur_ws/install/moveit_core/bin:${PATH} PYTHONPATH=/home/aaron/ur_ws/install/srdfdom/local/lib/python3.10/dist-packages:${PYTHONPATH} /usr/bin/cmake --build /home/aaron/ur_ws/build/moveit_resources_prbt_ikfast_manipulator_plugin -- -j20 -l20
[189.068s] DEBUG:colcon.colcon_core.event_handler.log_command:Invoking command in '/home/aaron/ur_ws/build/moveit_resources_prbt_ikfast_manipulator_plugin': AMENT_PREFIX_PATH=/home/aaron/ur_ws/install/moveit_core:/home/aaron/ur_ws/install/moveit_resources_panda_moveit_config:/home/aaron/ur_ws/install/srdfdom:/home/aaron/ur_ws/install/moveit_resources_pr2_description:/home/aaron/ur_ws/install/moveit_resources_panda_description:/home/aaron/ur_ws/install/moveit_common:${AMENT_PREFIX_PATH} CMAKE_PREFIX_PATH=/home/aaron/ur_ws/install/moveit_core:/home/aaron/ur_ws/install/moveit_resources_panda_moveit_config:/home/aaron/ur_ws/install/srdfdom:/home/aaron/ur_ws/install/moveit_resources_pr2_description:/home/aaron/ur_ws/install/moveit_resources_panda_description:/home/aaron/ur_ws/install/moveit_common:/opt/ros/humble LD_LIBRARY_PATH=/home/aaron/ur_ws/install/moveit_core/lib:/home/aaron/ur_ws/install/srdfdom/lib:${LD_LIBRARY_PATH} PATH=/home/aaron/ur_ws/install/moveit_core/bin:${PATH} PYTHONPATH=/home/aaron/ur_ws/install/srdfdom/local/lib/python3.10/dist-packages:${PYTHONPATH} /usr/bin/cmake --install /home/aaron/ur_ws/build/moveit_resources_prbt_ikfast_manipulator_plugin
[189.106s] Level 1:colcon.colcon_core.environment:create_environment_scripts_only(moveit_resources_prbt_ikfast_manipulator_plugin)
[189.107s] Level 1:colcon.colcon_core.environment:checking '/home/aaron/ur_ws/install/moveit_resources_prbt_ikfast_manipulator_plugin' for CMake module files
[189.109s] DEBUG:colcon.colcon_core.event_handler.log_command:Invoked command in '/home/aaron/ur_ws/build/moveit_resources_prbt_ikfast_manipulator_plugin' returned '0': AMENT_PREFIX_PATH=/home/aaron/ur_ws/install/moveit_core:/home/aaron/ur_ws/install/moveit_resources_panda_moveit_config:/home/aaron/ur_ws/install/srdfdom:/home/aaron/ur_ws/install/moveit_resources_pr2_description:/home/aaron/ur_ws/install/moveit_resources_panda_description:/home/aaron/ur_ws/install/moveit_common:${AMENT_PREFIX_PATH} CMAKE_PREFIX_PATH=/home/aaron/ur_ws/install/moveit_core:/home/aaron/ur_ws/install/moveit_resources_panda_moveit_config:/home/aaron/ur_ws/install/srdfdom:/home/aaron/ur_ws/install/moveit_resources_pr2_description:/home/aaron/ur_ws/install/moveit_resources_panda_description:/home/aaron/ur_ws/install/moveit_common:/opt/ros/humble LD_LIBRARY_PATH=/home/aaron/ur_ws/install/moveit_core/lib:/home/aaron/ur_ws/install/srdfdom/lib:${LD_LIBRARY_PATH} PATH=/home/aaron/ur_ws/install/moveit_core/bin:${PATH} PYTHONPATH=/home/aaron/ur_ws/install/srdfdom/local/lib/python3.10/dist-packages:${PYTHONPATH} /usr/bin/cmake --install /home/aaron/ur_ws/build/moveit_resources_prbt_ikfast_manipulator_plugin
[189.110s] Level 1:colcon.colcon_core.environment:checking '/home/aaron/ur_ws/install/moveit_resources_prbt_ikfast_manipulator_plugin' for CMake config files
[189.111s] Level 1:colcon.colcon_core.shell:create_environment_hook('moveit_resources_prbt_ikfast_manipulator_plugin', 'cmake_prefix_path')
[189.112s] INFO:colcon.colcon_core.shell:Creating environment hook '/home/aaron/ur_ws/install/moveit_resources_prbt_ikfast_manipulator_plugin/share/moveit_resources_prbt_ikfast_manipulator_plugin/hook/cmake_prefix_path.ps1'
[189.114s] INFO:colcon.colcon_core.shell:Creating environment descriptor '/home/aaron/ur_ws/install/moveit_resources_prbt_ikfast_manipulator_plugin/share/moveit_resources_prbt_ikfast_manipulator_plugin/hook/cmake_prefix_path.dsv'
[189.115s] INFO:colcon.colcon_core.shell:Creating environment hook '/home/aaron/ur_ws/install/moveit_resources_prbt_ikfast_manipulator_plugin/share/moveit_resources_prbt_ikfast_manipulator_plugin/hook/cmake_prefix_path.sh'
[189.117s] Level 1:colcon.colcon_core.environment:checking '/home/aaron/ur_ws/install/moveit_resources_prbt_ikfast_manipulator_plugin/lib'
[189.117s] Level 1:colcon.colcon_core.shell:create_environment_hook('moveit_resources_prbt_ikfast_manipulator_plugin', 'ld_library_path_lib')
[189.118s] INFO:colcon.colcon_core.shell:Creating environment hook '/home/aaron/ur_ws/install/moveit_resources_prbt_ikfast_manipulator_plugin/share/moveit_resources_prbt_ikfast_manipulator_plugin/hook/ld_library_path_lib.ps1'
[189.119s] INFO:colcon.colcon_core.shell:Creating environment descriptor '/home/aaron/ur_ws/install/moveit_resources_prbt_ikfast_manipulator_plugin/share/moveit_resources_prbt_ikfast_manipulator_plugin/hook/ld_library_path_lib.dsv'
[189.120s] INFO:colcon.colcon_core.shell:Creating environment hook '/home/aaron/ur_ws/install/moveit_resources_prbt_ikfast_manipulator_plugin/share/moveit_resources_prbt_ikfast_manipulator_plugin/hook/ld_library_path_lib.sh'
[189.121s] Level 1:colcon.colcon_core.environment:checking '/home/aaron/ur_ws/install/moveit_resources_prbt_ikfast_manipulator_plugin/bin'
[189.122s] Level 1:colcon.colcon_core.environment:checking '/home/aaron/ur_ws/install/moveit_resources_prbt_ikfast_manipulator_plugin/lib/pkgconfig/moveit_resources_prbt_ikfast_manipulator_plugin.pc'
[189.122s] Level 1:colcon.colcon_core.environment:checking '/home/aaron/ur_ws/install/moveit_resources_prbt_ikfast_manipulator_plugin/lib/python3.10/site-packages'
[189.123s] Level 1:colcon.colcon_core.environment:checking '/home/aaron/ur_ws/install/moveit_resources_prbt_ikfast_manipulator_plugin/bin'
[189.125s] INFO:colcon.colcon_core.shell:Creating package script '/home/aaron/ur_ws/install/moveit_resources_prbt_ikfast_manipulator_plugin/share/moveit_resources_prbt_ikfast_manipulator_plugin/package.ps1'
[189.126s] INFO:colcon.colcon_core.shell:Creating package descriptor '/home/aaron/ur_ws/install/moveit_resources_prbt_ikfast_manipulator_plugin/share/moveit_resources_prbt_ikfast_manipulator_plugin/package.dsv'
[189.128s] INFO:colcon.colcon_core.shell:Creating package script '/home/aaron/ur_ws/install/moveit_resources_prbt_ikfast_manipulator_plugin/share/moveit_resources_prbt_ikfast_manipulator_plugin/package.sh'
[189.129s] INFO:colcon.colcon_core.shell:Creating package script '/home/aaron/ur_ws/install/moveit_resources_prbt_ikfast_manipulator_plugin/share/moveit_resources_prbt_ikfast_manipulator_plugin/package.bash'
[189.130s] INFO:colcon.colcon_core.shell:Creating package script '/home/aaron/ur_ws/install/moveit_resources_prbt_ikfast_manipulator_plugin/share/moveit_resources_prbt_ikfast_manipulator_plugin/package.zsh'
[189.132s] Level 1:colcon.colcon_core.environment:create_file_with_runtime_dependencies(/home/aaron/ur_ws/install/moveit_resources_prbt_ikfast_manipulator_plugin/share/colcon-core/packages/moveit_resources_prbt_ikfast_manipulator_plugin)
[189.133s] Level 1:colcon.colcon_core.environment:create_environment_scripts_only(moveit_resources_prbt_ikfast_manipulator_plugin)
[189.134s] Level 1:colcon.colcon_core.environment:checking '/home/aaron/ur_ws/install/moveit_resources_prbt_ikfast_manipulator_plugin' for CMake module files
[189.135s] Level 1:colcon.colcon_core.environment:checking '/home/aaron/ur_ws/install/moveit_resources_prbt_ikfast_manipulator_plugin' for CMake config files
[189.136s] Level 1:colcon.colcon_core.shell:create_environment_hook('moveit_resources_prbt_ikfast_manipulator_plugin', 'cmake_prefix_path')
[189.137s] INFO:colcon.colcon_core.shell:Creating environment hook '/home/aaron/ur_ws/install/moveit_resources_prbt_ikfast_manipulator_plugin/share/moveit_resources_prbt_ikfast_manipulator_plugin/hook/cmake_prefix_path.ps1'
[189.138s] INFO:colcon.colcon_core.shell:Creating environment descriptor '/home/aaron/ur_ws/install/moveit_resources_prbt_ikfast_manipulator_plugin/share/moveit_resources_prbt_ikfast_manipulator_plugin/hook/cmake_prefix_path.dsv'
[189.139s] INFO:colcon.colcon_core.shell:Creating environment hook '/home/aaron/ur_ws/install/moveit_resources_prbt_ikfast_manipulator_plugin/share/moveit_resources_prbt_ikfast_manipulator_plugin/hook/cmake_prefix_path.sh'
[189.141s] Level 1:colcon.colcon_core.environment:checking '/home/aaron/ur_ws/install/moveit_resources_prbt_ikfast_manipulator_plugin/lib'
[189.141s] Level 1:colcon.colcon_core.shell:create_environment_hook('moveit_resources_prbt_ikfast_manipulator_plugin', 'ld_library_path_lib')
[189.142s] INFO:colcon.colcon_core.shell:Creating environment hook '/home/aaron/ur_ws/install/moveit_resources_prbt_ikfast_manipulator_plugin/share/moveit_resources_prbt_ikfast_manipulator_plugin/hook/ld_library_path_lib.ps1'
[189.143s] INFO:colcon.colcon_core.shell:Creating environment descriptor '/home/aaron/ur_ws/install/moveit_resources_prbt_ikfast_manipulator_plugin/share/moveit_resources_prbt_ikfast_manipulator_plugin/hook/ld_library_path_lib.dsv'
[189.145s] INFO:colcon.colcon_core.shell:Creating environment hook '/home/aaron/ur_ws/install/moveit_resources_prbt_ikfast_manipulator_plugin/share/moveit_resources_prbt_ikfast_manipulator_plugin/hook/ld_library_path_lib.sh'
[189.146s] Level 1:colcon.colcon_core.environment:checking '/home/aaron/ur_ws/install/moveit_resources_prbt_ikfast_manipulator_plugin/bin'
[189.146s] Level 1:colcon.colcon_core.environment:checking '/home/aaron/ur_ws/install/moveit_resources_prbt_ikfast_manipulator_plugin/lib/pkgconfig/moveit_resources_prbt_ikfast_manipulator_plugin.pc'
[189.147s] Level 1:colcon.colcon_core.environment:checking '/home/aaron/ur_ws/install/moveit_resources_prbt_ikfast_manipulator_plugin/lib/python3.10/site-packages'
[189.148s] Level 1:colcon.colcon_core.environment:checking '/home/aaron/ur_ws/install/moveit_resources_prbt_ikfast_manipulator_plugin/bin'
[189.149s] INFO:colcon.colcon_core.shell:Creating package script '/home/aaron/ur_ws/install/moveit_resources_prbt_ikfast_manipulator_plugin/share/moveit_resources_prbt_ikfast_manipulator_plugin/package.ps1'
[189.151s] INFO:colcon.colcon_core.shell:Creating package descriptor '/home/aaron/ur_ws/install/moveit_resources_prbt_ikfast_manipulator_plugin/share/moveit_resources_prbt_ikfast_manipulator_plugin/package.dsv'
[189.152s] INFO:colcon.colcon_core.shell:Creating package script '/home/aaron/ur_ws/install/moveit_resources_prbt_ikfast_manipulator_plugin/share/moveit_resources_prbt_ikfast_manipulator_plugin/package.sh'
[189.154s] INFO:colcon.colcon_core.shell:Creating package script '/home/aaron/ur_ws/install/moveit_resources_prbt_ikfast_manipulator_plugin/share/moveit_resources_prbt_ikfast_manipulator_plugin/package.bash'
[189.155s] INFO:colcon.colcon_core.shell:Creating package script '/home/aaron/ur_ws/install/moveit_resources_prbt_ikfast_manipulator_plugin/share/moveit_resources_prbt_ikfast_manipulator_plugin/package.zsh'
[189.157s] Level 1:colcon.colcon_core.environment:create_file_with_runtime_dependencies(/home/aaron/ur_ws/install/moveit_resources_prbt_ikfast_manipulator_plugin/share/colcon-core/packages/moveit_resources_prbt_ikfast_manipulator_plugin)
[194.790s] DEBUG:colcon.colcon_core.event_handler.log_command:Invoked command in '/home/aaron/ur_ws/build/pilz_industrial_motion_planner_testutils' returned '0': AMENT_PREFIX_PATH=/home/aaron/ur_ws/install/moveit_core:/home/aaron/ur_ws/install/moveit_resources_panda_moveit_config:/home/aaron/ur_ws/install/srdfdom:/home/aaron/ur_ws/install/moveit_resources_pr2_description:/home/aaron/ur_ws/install/moveit_resources_panda_description:/home/aaron/ur_ws/install/moveit_common:${AMENT_PREFIX_PATH} CMAKE_PREFIX_PATH=/home/aaron/ur_ws/install/moveit_core:/home/aaron/ur_ws/install/moveit_resources_panda_moveit_config:/home/aaron/ur_ws/install/srdfdom:/home/aaron/ur_ws/install/moveit_resources_pr2_description:/home/aaron/ur_ws/install/moveit_resources_panda_description:/home/aaron/ur_ws/install/moveit_common:/opt/ros/humble LD_LIBRARY_PATH=/home/aaron/ur_ws/install/moveit_core/lib:/home/aaron/ur_ws/install/srdfdom/lib:${LD_LIBRARY_PATH} PATH=/home/aaron/ur_ws/install/moveit_core/bin:${PATH} PYTHONPATH=/home/aaron/ur_ws/install/srdfdom/local/lib/python3.10/dist-packages:${PYTHONPATH} /usr/bin/cmake --build /home/aaron/ur_ws/build/pilz_industrial_motion_planner_testutils -- -j20 -l20
[194.794s] DEBUG:colcon.colcon_core.event_handler.log_command:Invoking command in '/home/aaron/ur_ws/build/pilz_industrial_motion_planner_testutils': AMENT_PREFIX_PATH=/home/aaron/ur_ws/install/moveit_core:/home/aaron/ur_ws/install/moveit_resources_panda_moveit_config:/home/aaron/ur_ws/install/srdfdom:/home/aaron/ur_ws/install/moveit_resources_pr2_description:/home/aaron/ur_ws/install/moveit_resources_panda_description:/home/aaron/ur_ws/install/moveit_common:${AMENT_PREFIX_PATH} CMAKE_PREFIX_PATH=/home/aaron/ur_ws/install/moveit_core:/home/aaron/ur_ws/install/moveit_resources_panda_moveit_config:/home/aaron/ur_ws/install/srdfdom:/home/aaron/ur_ws/install/moveit_resources_pr2_description:/home/aaron/ur_ws/install/moveit_resources_panda_description:/home/aaron/ur_ws/install/moveit_common:/opt/ros/humble LD_LIBRARY_PATH=/home/aaron/ur_ws/install/moveit_core/lib:/home/aaron/ur_ws/install/srdfdom/lib:${LD_LIBRARY_PATH} PATH=/home/aaron/ur_ws/install/moveit_core/bin:${PATH} PYTHONPATH=/home/aaron/ur_ws/install/srdfdom/local/lib/python3.10/dist-packages:${PYTHONPATH} /usr/bin/cmake --install /home/aaron/ur_ws/build/pilz_industrial_motion_planner_testutils
[194.821s] Level 1:colcon.colcon_core.environment:create_environment_scripts_only(pilz_industrial_motion_planner_testutils)
[194.822s] Level 1:colcon.colcon_core.environment:checking '/home/aaron/ur_ws/install/pilz_industrial_motion_planner_testutils' for CMake module files
[194.825s] Level 1:colcon.colcon_core.environment:checking '/home/aaron/ur_ws/install/pilz_industrial_motion_planner_testutils' for CMake config files
[194.826s] DEBUG:colcon.colcon_core.event_handler.log_command:Invoked command in '/home/aaron/ur_ws/build/pilz_industrial_motion_planner_testutils' returned '0': AMENT_PREFIX_PATH=/home/aaron/ur_ws/install/moveit_core:/home/aaron/ur_ws/install/moveit_resources_panda_moveit_config:/home/aaron/ur_ws/install/srdfdom:/home/aaron/ur_ws/install/moveit_resources_pr2_description:/home/aaron/ur_ws/install/moveit_resources_panda_description:/home/aaron/ur_ws/install/moveit_common:${AMENT_PREFIX_PATH} CMAKE_PREFIX_PATH=/home/aaron/ur_ws/install/moveit_core:/home/aaron/ur_ws/install/moveit_resources_panda_moveit_config:/home/aaron/ur_ws/install/srdfdom:/home/aaron/ur_ws/install/moveit_resources_pr2_description:/home/aaron/ur_ws/install/moveit_resources_panda_description:/home/aaron/ur_ws/install/moveit_common:/opt/ros/humble LD_LIBRARY_PATH=/home/aaron/ur_ws/install/moveit_core/lib:/home/aaron/ur_ws/install/srdfdom/lib:${LD_LIBRARY_PATH} PATH=/home/aaron/ur_ws/install/moveit_core/bin:${PATH} PYTHONPATH=/home/aaron/ur_ws/install/srdfdom/local/lib/python3.10/dist-packages:${PYTHONPATH} /usr/bin/cmake --install /home/aaron/ur_ws/build/pilz_industrial_motion_planner_testutils
[194.827s] Level 1:colcon.colcon_core.shell:create_environment_hook('pilz_industrial_motion_planner_testutils', 'cmake_prefix_path')
[194.828s] INFO:colcon.colcon_core.shell:Creating environment hook '/home/aaron/ur_ws/install/pilz_industrial_motion_planner_testutils/share/pilz_industrial_motion_planner_testutils/hook/cmake_prefix_path.ps1'
[194.829s] INFO:colcon.colcon_core.shell:Creating environment descriptor '/home/aaron/ur_ws/install/pilz_industrial_motion_planner_testutils/share/pilz_industrial_motion_planner_testutils/hook/cmake_prefix_path.dsv'
[194.830s] INFO:colcon.colcon_core.shell:Creating environment hook '/home/aaron/ur_ws/install/pilz_industrial_motion_planner_testutils/share/pilz_industrial_motion_planner_testutils/hook/cmake_prefix_path.sh'
[194.832s] Level 1:colcon.colcon_core.environment:checking '/home/aaron/ur_ws/install/pilz_industrial_motion_planner_testutils/lib'
[194.832s] Level 1:colcon.colcon_core.shell:create_environment_hook('pilz_industrial_motion_planner_testutils', 'ld_library_path_lib')
[194.832s] INFO:colcon.colcon_core.shell:Creating environment hook '/home/aaron/ur_ws/install/pilz_industrial_motion_planner_testutils/share/pilz_industrial_motion_planner_testutils/hook/ld_library_path_lib.ps1'
[194.833s] INFO:colcon.colcon_core.shell:Creating environment descriptor '/home/aaron/ur_ws/install/pilz_industrial_motion_planner_testutils/share/pilz_industrial_motion_planner_testutils/hook/ld_library_path_lib.dsv'
[194.834s] INFO:colcon.colcon_core.shell:Creating environment hook '/home/aaron/ur_ws/install/pilz_industrial_motion_planner_testutils/share/pilz_industrial_motion_planner_testutils/hook/ld_library_path_lib.sh'
[194.834s] Level 1:colcon.colcon_core.environment:checking '/home/aaron/ur_ws/install/pilz_industrial_motion_planner_testutils/bin'
[194.834s] Level 1:colcon.colcon_core.environment:checking '/home/aaron/ur_ws/install/pilz_industrial_motion_planner_testutils/lib/pkgconfig/pilz_industrial_motion_planner_testutils.pc'
[194.835s] Level 1:colcon.colcon_core.environment:checking '/home/aaron/ur_ws/install/pilz_industrial_motion_planner_testutils/lib/python3.10/site-packages'
[194.835s] Level 1:colcon.colcon_core.environment:checking '/home/aaron/ur_ws/install/pilz_industrial_motion_planner_testutils/bin'
[194.836s] INFO:colcon.colcon_core.shell:Creating package script '/home/aaron/ur_ws/install/pilz_industrial_motion_planner_testutils/share/pilz_industrial_motion_planner_testutils/package.ps1'
[194.837s] INFO:colcon.colcon_core.shell:Creating package descriptor '/home/aaron/ur_ws/install/pilz_industrial_motion_planner_testutils/share/pilz_industrial_motion_planner_testutils/package.dsv'
[194.837s] INFO:colcon.colcon_core.shell:Creating package script '/home/aaron/ur_ws/install/pilz_industrial_motion_planner_testutils/share/pilz_industrial_motion_planner_testutils/package.sh'
[194.838s] INFO:colcon.colcon_core.shell:Creating package script '/home/aaron/ur_ws/install/pilz_industrial_motion_planner_testutils/share/pilz_industrial_motion_planner_testutils/package.bash'
[194.838s] INFO:colcon.colcon_core.shell:Creating package script '/home/aaron/ur_ws/install/pilz_industrial_motion_planner_testutils/share/pilz_industrial_motion_planner_testutils/package.zsh'
[194.839s] Level 1:colcon.colcon_core.environment:create_file_with_runtime_dependencies(/home/aaron/ur_ws/install/pilz_industrial_motion_planner_testutils/share/colcon-core/packages/pilz_industrial_motion_planner_testutils)
[194.840s] Level 1:colcon.colcon_core.environment:create_environment_scripts_only(pilz_industrial_motion_planner_testutils)
[194.840s] Level 1:colcon.colcon_core.environment:checking '/home/aaron/ur_ws/install/pilz_industrial_motion_planner_testutils' for CMake module files
[194.841s] Level 1:colcon.colcon_core.environment:checking '/home/aaron/ur_ws/install/pilz_industrial_motion_planner_testutils' for CMake config files
[194.841s] Level 1:colcon.colcon_core.shell:create_environment_hook('pilz_industrial_motion_planner_testutils', 'cmake_prefix_path')
[194.841s] INFO:colcon.colcon_core.shell:Creating environment hook '/home/aaron/ur_ws/install/pilz_industrial_motion_planner_testutils/share/pilz_industrial_motion_planner_testutils/hook/cmake_prefix_path.ps1'
[194.842s] INFO:colcon.colcon_core.shell:Creating environment descriptor '/home/aaron/ur_ws/install/pilz_industrial_motion_planner_testutils/share/pilz_industrial_motion_planner_testutils/hook/cmake_prefix_path.dsv'
[194.842s] INFO:colcon.colcon_core.shell:Creating environment hook '/home/aaron/ur_ws/install/pilz_industrial_motion_planner_testutils/share/pilz_industrial_motion_planner_testutils/hook/cmake_prefix_path.sh'
[194.843s] Level 1:colcon.colcon_core.environment:checking '/home/aaron/ur_ws/install/pilz_industrial_motion_planner_testutils/lib'
[194.843s] Level 1:colcon.colcon_core.shell:create_environment_hook('pilz_industrial_motion_planner_testutils', 'ld_library_path_lib')
[194.844s] INFO:colcon.colcon_core.shell:Creating environment hook '/home/aaron/ur_ws/install/pilz_industrial_motion_planner_testutils/share/pilz_industrial_motion_planner_testutils/hook/ld_library_path_lib.ps1'
[194.844s] INFO:colcon.colcon_core.shell:Creating environment descriptor '/home/aaron/ur_ws/install/pilz_industrial_motion_planner_testutils/share/pilz_industrial_motion_planner_testutils/hook/ld_library_path_lib.dsv'
[194.845s] INFO:colcon.colcon_core.shell:Creating environment hook '/home/aaron/ur_ws/install/pilz_industrial_motion_planner_testutils/share/pilz_industrial_motion_planner_testutils/hook/ld_library_path_lib.sh'
[194.845s] Level 1:colcon.colcon_core.environment:checking '/home/aaron/ur_ws/install/pilz_industrial_motion_planner_testutils/bin'
[194.845s] Level 1:colcon.colcon_core.environment:checking '/home/aaron/ur_ws/install/pilz_industrial_motion_planner_testutils/lib/pkgconfig/pilz_industrial_motion_planner_testutils.pc'
[194.846s] Level 1:colcon.colcon_core.environment:checking '/home/aaron/ur_ws/install/pilz_industrial_motion_planner_testutils/lib/python3.10/site-packages'
[194.846s] Level 1:colcon.colcon_core.environment:checking '/home/aaron/ur_ws/install/pilz_industrial_motion_planner_testutils/bin'
[194.847s] INFO:colcon.colcon_core.shell:Creating package script '/home/aaron/ur_ws/install/pilz_industrial_motion_planner_testutils/share/pilz_industrial_motion_planner_testutils/package.ps1'
[194.847s] INFO:colcon.colcon_core.shell:Creating package descriptor '/home/aaron/ur_ws/install/pilz_industrial_motion_planner_testutils/share/pilz_industrial_motion_planner_testutils/package.dsv'
[194.848s] INFO:colcon.colcon_core.shell:Creating package script '/home/aaron/ur_ws/install/pilz_industrial_motion_planner_testutils/share/pilz_industrial_motion_planner_testutils/package.sh'
[194.849s] INFO:colcon.colcon_core.shell:Creating package script '/home/aaron/ur_ws/install/pilz_industrial_motion_planner_testutils/share/pilz_industrial_motion_planner_testutils/package.bash'
[194.850s] INFO:colcon.colcon_core.shell:Creating package script '/home/aaron/ur_ws/install/pilz_industrial_motion_planner_testutils/share/pilz_industrial_motion_planner_testutils/package.zsh'
[194.851s] Level 1:colcon.colcon_core.environment:create_file_with_runtime_dependencies(/home/aaron/ur_ws/install/pilz_industrial_motion_planner_testutils/share/colcon-core/packages/pilz_industrial_motion_planner_testutils)
[200.610s] DEBUG:colcon.colcon_core.event_handler.log_command:Invoked command in '/home/aaron/ur_ws/build/chomp_motion_planner' returned '0': AMENT_PREFIX_PATH=/home/aaron/ur_ws/install/moveit_core:/home/aaron/ur_ws/install/moveit_resources_panda_moveit_config:/home/aaron/ur_ws/install/srdfdom:/home/aaron/ur_ws/install/moveit_resources_pr2_description:/home/aaron/ur_ws/install/moveit_resources_panda_description:/home/aaron/ur_ws/install/moveit_common:${AMENT_PREFIX_PATH} CMAKE_PREFIX_PATH=/home/aaron/ur_ws/install/moveit_core:/home/aaron/ur_ws/install/moveit_resources_panda_moveit_config:/home/aaron/ur_ws/install/srdfdom:/home/aaron/ur_ws/install/moveit_resources_pr2_description:/home/aaron/ur_ws/install/moveit_resources_panda_description:/home/aaron/ur_ws/install/moveit_common:/opt/ros/humble LD_LIBRARY_PATH=/home/aaron/ur_ws/install/moveit_core/lib:/home/aaron/ur_ws/install/srdfdom/lib:${LD_LIBRARY_PATH} PATH=/home/aaron/ur_ws/install/moveit_core/bin:${PATH} PYTHONPATH=/home/aaron/ur_ws/install/srdfdom/local/lib/python3.10/dist-packages:${PYTHONPATH} /usr/bin/cmake --build /home/aaron/ur_ws/build/chomp_motion_planner -- -j20 -l20
[200.613s] DEBUG:colcon.colcon_core.event_handler.log_command:Invoking command in '/home/aaron/ur_ws/build/chomp_motion_planner': AMENT_PREFIX_PATH=/home/aaron/ur_ws/install/moveit_core:/home/aaron/ur_ws/install/moveit_resources_panda_moveit_config:/home/aaron/ur_ws/install/srdfdom:/home/aaron/ur_ws/install/moveit_resources_pr2_description:/home/aaron/ur_ws/install/moveit_resources_panda_description:/home/aaron/ur_ws/install/moveit_common:${AMENT_PREFIX_PATH} CMAKE_PREFIX_PATH=/home/aaron/ur_ws/install/moveit_core:/home/aaron/ur_ws/install/moveit_resources_panda_moveit_config:/home/aaron/ur_ws/install/srdfdom:/home/aaron/ur_ws/install/moveit_resources_pr2_description:/home/aaron/ur_ws/install/moveit_resources_panda_description:/home/aaron/ur_ws/install/moveit_common:/opt/ros/humble LD_LIBRARY_PATH=/home/aaron/ur_ws/install/moveit_core/lib:/home/aaron/ur_ws/install/srdfdom/lib:${LD_LIBRARY_PATH} PATH=/home/aaron/ur_ws/install/moveit_core/bin:${PATH} PYTHONPATH=/home/aaron/ur_ws/install/srdfdom/local/lib/python3.10/dist-packages:${PYTHONPATH} /usr/bin/cmake --install /home/aaron/ur_ws/build/chomp_motion_planner
[200.626s] Level 1:colcon.colcon_core.environment:create_environment_scripts_only(chomp_motion_planner)
[200.626s] DEBUG:colcon.colcon_core.event_handler.log_command:Invoked command in '/home/aaron/ur_ws/build/chomp_motion_planner' returned '0': AMENT_PREFIX_PATH=/home/aaron/ur_ws/install/moveit_core:/home/aaron/ur_ws/install/moveit_resources_panda_moveit_config:/home/aaron/ur_ws/install/srdfdom:/home/aaron/ur_ws/install/moveit_resources_pr2_description:/home/aaron/ur_ws/install/moveit_resources_panda_description:/home/aaron/ur_ws/install/moveit_common:${AMENT_PREFIX_PATH} CMAKE_PREFIX_PATH=/home/aaron/ur_ws/install/moveit_core:/home/aaron/ur_ws/install/moveit_resources_panda_moveit_config:/home/aaron/ur_ws/install/srdfdom:/home/aaron/ur_ws/install/moveit_resources_pr2_description:/home/aaron/ur_ws/install/moveit_resources_panda_description:/home/aaron/ur_ws/install/moveit_common:/opt/ros/humble LD_LIBRARY_PATH=/home/aaron/ur_ws/install/moveit_core/lib:/home/aaron/ur_ws/install/srdfdom/lib:${LD_LIBRARY_PATH} PATH=/home/aaron/ur_ws/install/moveit_core/bin:${PATH} PYTHONPATH=/home/aaron/ur_ws/install/srdfdom/local/lib/python3.10/dist-packages:${PYTHONPATH} /usr/bin/cmake --install /home/aaron/ur_ws/build/chomp_motion_planner
[200.626s] Level 1:colcon.colcon_core.environment:checking '/home/aaron/ur_ws/install/chomp_motion_planner' for CMake module files
[200.627s] Level 1:colcon.colcon_core.environment:checking '/home/aaron/ur_ws/install/chomp_motion_planner' for CMake config files
[200.627s] Level 1:colcon.colcon_core.shell:create_environment_hook('chomp_motion_planner', 'cmake_prefix_path')
[200.627s] INFO:colcon.colcon_core.shell:Creating environment hook '/home/aaron/ur_ws/install/chomp_motion_planner/share/chomp_motion_planner/hook/cmake_prefix_path.ps1'
[200.628s] INFO:colcon.colcon_core.shell:Creating environment descriptor '/home/aaron/ur_ws/install/chomp_motion_planner/share/chomp_motion_planner/hook/cmake_prefix_path.dsv'
[200.628s] INFO:colcon.colcon_core.shell:Creating environment hook '/home/aaron/ur_ws/install/chomp_motion_planner/share/chomp_motion_planner/hook/cmake_prefix_path.sh'
[200.628s] Level 1:colcon.colcon_core.environment:checking '/home/aaron/ur_ws/install/chomp_motion_planner/lib'
[200.629s] Level 1:colcon.colcon_core.shell:create_environment_hook('chomp_motion_planner', 'ld_library_path_lib')
[200.629s] INFO:colcon.colcon_core.shell:Creating environment hook '/home/aaron/ur_ws/install/chomp_motion_planner/share/chomp_motion_planner/hook/ld_library_path_lib.ps1'
[200.629s] INFO:colcon.colcon_core.shell:Creating environment descriptor '/home/aaron/ur_ws/install/chomp_motion_planner/share/chomp_motion_planner/hook/ld_library_path_lib.dsv'
[200.629s] INFO:colcon.colcon_core.shell:Creating environment hook '/home/aaron/ur_ws/install/chomp_motion_planner/share/chomp_motion_planner/hook/ld_library_path_lib.sh'
[200.630s] Level 1:colcon.colcon_core.environment:checking '/home/aaron/ur_ws/install/chomp_motion_planner/bin'
[200.630s] Level 1:colcon.colcon_core.environment:checking '/home/aaron/ur_ws/install/chomp_motion_planner/lib/pkgconfig/chomp_motion_planner.pc'
[200.630s] Level 1:colcon.colcon_core.environment:checking '/home/aaron/ur_ws/install/chomp_motion_planner/lib/python3.10/site-packages'
[200.630s] Level 1:colcon.colcon_core.environment:checking '/home/aaron/ur_ws/install/chomp_motion_planner/bin'
[200.631s] INFO:colcon.colcon_core.shell:Creating package script '/home/aaron/ur_ws/install/chomp_motion_planner/share/chomp_motion_planner/package.ps1'
[200.631s] INFO:colcon.colcon_core.shell:Creating package descriptor '/home/aaron/ur_ws/install/chomp_motion_planner/share/chomp_motion_planner/package.dsv'
[200.632s] INFO:colcon.colcon_core.shell:Creating package script '/home/aaron/ur_ws/install/chomp_motion_planner/share/chomp_motion_planner/package.sh'
[200.632s] INFO:colcon.colcon_core.shell:Creating package script '/home/aaron/ur_ws/install/chomp_motion_planner/share/chomp_motion_planner/package.bash'
[200.632s] INFO:colcon.colcon_core.shell:Creating package script '/home/aaron/ur_ws/install/chomp_motion_planner/share/chomp_motion_planner/package.zsh'
[200.632s] Level 1:colcon.colcon_core.environment:create_file_with_runtime_dependencies(/home/aaron/ur_ws/install/chomp_motion_planner/share/colcon-core/packages/chomp_motion_planner)
[200.633s] Level 1:colcon.colcon_core.environment:create_environment_scripts_only(chomp_motion_planner)
[200.633s] Level 1:colcon.colcon_core.environment:checking '/home/aaron/ur_ws/install/chomp_motion_planner' for CMake module files
[200.634s] Level 1:colcon.colcon_core.environment:checking '/home/aaron/ur_ws/install/chomp_motion_planner' for CMake config files
[200.634s] Level 1:colcon.colcon_core.shell:create_environment_hook('chomp_motion_planner', 'cmake_prefix_path')
[200.634s] INFO:colcon.colcon_core.shell:Creating environment hook '/home/aaron/ur_ws/install/chomp_motion_planner/share/chomp_motion_planner/hook/cmake_prefix_path.ps1'
[200.634s] INFO:colcon.colcon_core.shell:Creating environment descriptor '/home/aaron/ur_ws/install/chomp_motion_planner/share/chomp_motion_planner/hook/cmake_prefix_path.dsv'
[200.635s] INFO:colcon.colcon_core.shell:Creating environment hook '/home/aaron/ur_ws/install/chomp_motion_planner/share/chomp_motion_planner/hook/cmake_prefix_path.sh'
[200.635s] Level 1:colcon.colcon_core.environment:checking '/home/aaron/ur_ws/install/chomp_motion_planner/lib'
[200.635s] Level 1:colcon.colcon_core.shell:create_environment_hook('chomp_motion_planner', 'ld_library_path_lib')
[200.635s] INFO:colcon.colcon_core.shell:Creating environment hook '/home/aaron/ur_ws/install/chomp_motion_planner/share/chomp_motion_planner/hook/ld_library_path_lib.ps1'
[200.636s] INFO:colcon.colcon_core.shell:Creating environment descriptor '/home/aaron/ur_ws/install/chomp_motion_planner/share/chomp_motion_planner/hook/ld_library_path_lib.dsv'
[200.636s] INFO:colcon.colcon_core.shell:Creating environment hook '/home/aaron/ur_ws/install/chomp_motion_planner/share/chomp_motion_planner/hook/ld_library_path_lib.sh'
[200.636s] Level 1:colcon.colcon_core.environment:checking '/home/aaron/ur_ws/install/chomp_motion_planner/bin'
[200.636s] Level 1:colcon.colcon_core.environment:checking '/home/aaron/ur_ws/install/chomp_motion_planner/lib/pkgconfig/chomp_motion_planner.pc'
[200.637s] Level 1:colcon.colcon_core.environment:checking '/home/aaron/ur_ws/install/chomp_motion_planner/lib/python3.10/site-packages'
[200.637s] Level 1:colcon.colcon_core.environment:checking '/home/aaron/ur_ws/install/chomp_motion_planner/bin'
[200.637s] INFO:colcon.colcon_core.shell:Creating package script '/home/aaron/ur_ws/install/chomp_motion_planner/share/chomp_motion_planner/package.ps1'
[200.638s] INFO:colcon.colcon_core.shell:Creating package descriptor '/home/aaron/ur_ws/install/chomp_motion_planner/share/chomp_motion_planner/package.dsv'
[200.638s] INFO:colcon.colcon_core.shell:Creating package script '/home/aaron/ur_ws/install/chomp_motion_planner/share/chomp_motion_planner/package.sh'
[200.639s] INFO:colcon.colcon_core.shell:Creating package script '/home/aaron/ur_ws/install/chomp_motion_planner/share/chomp_motion_planner/package.bash'
[200.639s] INFO:colcon.colcon_core.shell:Creating package script '/home/aaron/ur_ws/install/chomp_motion_planner/share/chomp_motion_planner/package.zsh'
[200.639s] Level 1:colcon.colcon_core.environment:create_file_with_runtime_dependencies(/home/aaron/ur_ws/install/chomp_motion_planner/share/colcon-core/packages/chomp_motion_planner)
[200.640s] INFO:colcon.colcon_ros.task.ament_cmake.build:Building ROS package in '/home/aaron/ur_ws/src/moveit2/moveit_planners/chomp/chomp_interface' with build type 'ament_cmake'
[200.640s] INFO:colcon.colcon_cmake.task.cmake.build:Building CMake package in '/home/aaron/ur_ws/src/moveit2/moveit_planners/chomp/chomp_interface'
[200.640s] INFO:colcon.colcon_core.shell:Skip shell extension 'powershell' for command environment: Not usable outside of PowerShell
[200.640s] DEBUG:colcon.colcon_core.shell:Skip shell extension 'dsv' for command environment
[200.645s] INFO:colcon.colcon_ros.task.ament_cmake.build:Building ROS package in '/home/aaron/ur_ws/src/moveit2/moveit_planners/chomp/chomp_optimizer_adapter' with build type 'ament_cmake'
[200.645s] INFO:colcon.colcon_cmake.task.cmake.build:Building CMake package in '/home/aaron/ur_ws/src/moveit2/moveit_planners/chomp/chomp_optimizer_adapter'
[200.645s] INFO:colcon.colcon_core.shell:Skip shell extension 'powershell' for command environment: Not usable outside of PowerShell
[200.645s] DEBUG:colcon.colcon_core.shell:Skip shell extension 'dsv' for command environment
[200.664s] DEBUG:colcon.colcon_core.event_handler.log_command:Invoking command in '/home/aaron/ur_ws/build/moveit_planners_chomp': AMENT_PREFIX_PATH=/home/aaron/ur_ws/install/chomp_motion_planner:/home/aaron/ur_ws/install/moveit_core:/home/aaron/ur_ws/install/moveit_resources_panda_moveit_config:/home/aaron/ur_ws/install/srdfdom:/home/aaron/ur_ws/install/moveit_resources_pr2_description:/home/aaron/ur_ws/install/moveit_resources_panda_description:/home/aaron/ur_ws/install/moveit_common:${AMENT_PREFIX_PATH} CMAKE_PREFIX_PATH=/home/aaron/ur_ws/install/chomp_motion_planner:/home/aaron/ur_ws/install/moveit_core:/home/aaron/ur_ws/install/moveit_resources_panda_moveit_config:/home/aaron/ur_ws/install/srdfdom:/home/aaron/ur_ws/install/moveit_resources_pr2_description:/home/aaron/ur_ws/install/moveit_resources_panda_description:/home/aaron/ur_ws/install/moveit_common:/opt/ros/humble LD_LIBRARY_PATH=/home/aaron/ur_ws/install/chomp_motion_planner/lib:/home/aaron/ur_ws/install/moveit_core/lib:/home/aaron/ur_ws/install/srdfdom/lib:${LD_LIBRARY_PATH} PATH=/home/aaron/ur_ws/install/moveit_core/bin:${PATH} PYTHONPATH=/home/aaron/ur_ws/install/srdfdom/local/lib/python3.10/dist-packages:${PYTHONPATH} /usr/bin/cmake --build /home/aaron/ur_ws/build/moveit_planners_chomp -- -j20 -l20
[200.669s] DEBUG:colcon.colcon_core.event_handler.log_command:Invoking command in '/home/aaron/ur_ws/build/moveit_chomp_optimizer_adapter': AMENT_PREFIX_PATH=/home/aaron/ur_ws/install/chomp_motion_planner:/home/aaron/ur_ws/install/moveit_core:/home/aaron/ur_ws/install/moveit_resources_panda_moveit_config:/home/aaron/ur_ws/install/srdfdom:/home/aaron/ur_ws/install/moveit_resources_pr2_description:/home/aaron/ur_ws/install/moveit_resources_panda_description:/home/aaron/ur_ws/install/moveit_common:${AMENT_PREFIX_PATH} CMAKE_PREFIX_PATH=/home/aaron/ur_ws/install/chomp_motion_planner:/home/aaron/ur_ws/install/moveit_core:/home/aaron/ur_ws/install/moveit_resources_panda_moveit_config:/home/aaron/ur_ws/install/srdfdom:/home/aaron/ur_ws/install/moveit_resources_pr2_description:/home/aaron/ur_ws/install/moveit_resources_panda_description:/home/aaron/ur_ws/install/moveit_common:/opt/ros/humble LD_LIBRARY_PATH=/home/aaron/ur_ws/install/chomp_motion_planner/lib:/home/aaron/ur_ws/install/moveit_core/lib:/home/aaron/ur_ws/install/srdfdom/lib:${LD_LIBRARY_PATH} PATH=/home/aaron/ur_ws/install/moveit_core/bin:${PATH} PYTHONPATH=/home/aaron/ur_ws/install/srdfdom/local/lib/python3.10/dist-packages:${PYTHONPATH} /usr/bin/cmake --build /home/aaron/ur_ws/build/moveit_chomp_optimizer_adapter -- -j20 -l20
[210.142s] DEBUG:colcon.colcon_core.event_handler.log_command:Invoked command in '/home/aaron/ur_ws/build/moveit_ros_occupancy_map_monitor' returned '0': AMENT_PREFIX_PATH=/home/aaron/ur_ws/install/moveit_core:/home/aaron/ur_ws/install/moveit_resources_panda_moveit_config:/home/aaron/ur_ws/install/srdfdom:/home/aaron/ur_ws/install/moveit_resources_pr2_description:/home/aaron/ur_ws/install/moveit_resources_panda_description:/home/aaron/ur_ws/install/moveit_common:${AMENT_PREFIX_PATH} CMAKE_PREFIX_PATH=/home/aaron/ur_ws/install/moveit_core:/home/aaron/ur_ws/install/moveit_resources_panda_moveit_config:/home/aaron/ur_ws/install/srdfdom:/home/aaron/ur_ws/install/moveit_resources_pr2_description:/home/aaron/ur_ws/install/moveit_resources_panda_description:/home/aaron/ur_ws/install/moveit_common:/opt/ros/humble LD_LIBRARY_PATH=/home/aaron/ur_ws/install/moveit_core/lib:/home/aaron/ur_ws/install/srdfdom/lib:${LD_LIBRARY_PATH} PATH=/home/aaron/ur_ws/install/moveit_core/bin:${PATH} PYTHONPATH=/home/aaron/ur_ws/install/srdfdom/local/lib/python3.10/dist-packages:${PYTHONPATH} /usr/bin/cmake --build /home/aaron/ur_ws/build/moveit_ros_occupancy_map_monitor -- -j20 -l20
[210.144s] DEBUG:colcon.colcon_core.event_handler.log_command:Invoking command in '/home/aaron/ur_ws/build/moveit_ros_occupancy_map_monitor': AMENT_PREFIX_PATH=/home/aaron/ur_ws/install/moveit_core:/home/aaron/ur_ws/install/moveit_resources_panda_moveit_config:/home/aaron/ur_ws/install/srdfdom:/home/aaron/ur_ws/install/moveit_resources_pr2_description:/home/aaron/ur_ws/install/moveit_resources_panda_description:/home/aaron/ur_ws/install/moveit_common:${AMENT_PREFIX_PATH} CMAKE_PREFIX_PATH=/home/aaron/ur_ws/install/moveit_core:/home/aaron/ur_ws/install/moveit_resources_panda_moveit_config:/home/aaron/ur_ws/install/srdfdom:/home/aaron/ur_ws/install/moveit_resources_pr2_description:/home/aaron/ur_ws/install/moveit_resources_panda_description:/home/aaron/ur_ws/install/moveit_common:/opt/ros/humble LD_LIBRARY_PATH=/home/aaron/ur_ws/install/moveit_core/lib:/home/aaron/ur_ws/install/srdfdom/lib:${LD_LIBRARY_PATH} PATH=/home/aaron/ur_ws/install/moveit_core/bin:${PATH} PYTHONPATH=/home/aaron/ur_ws/install/srdfdom/local/lib/python3.10/dist-packages:${PYTHONPATH} /usr/bin/cmake --install /home/aaron/ur_ws/build/moveit_ros_occupancy_map_monitor
[210.162s] Level 1:colcon.colcon_core.environment:create_environment_scripts_only(moveit_ros_occupancy_map_monitor)
[210.163s] Level 1:colcon.colcon_core.environment:checking '/home/aaron/ur_ws/install/moveit_ros_occupancy_map_monitor' for CMake module files
[210.164s] DEBUG:colcon.colcon_core.event_handler.log_command:Invoked command in '/home/aaron/ur_ws/build/moveit_ros_occupancy_map_monitor' returned '0': AMENT_PREFIX_PATH=/home/aaron/ur_ws/install/moveit_core:/home/aaron/ur_ws/install/moveit_resources_panda_moveit_config:/home/aaron/ur_ws/install/srdfdom:/home/aaron/ur_ws/install/moveit_resources_pr2_description:/home/aaron/ur_ws/install/moveit_resources_panda_description:/home/aaron/ur_ws/install/moveit_common:${AMENT_PREFIX_PATH} CMAKE_PREFIX_PATH=/home/aaron/ur_ws/install/moveit_core:/home/aaron/ur_ws/install/moveit_resources_panda_moveit_config:/home/aaron/ur_ws/install/srdfdom:/home/aaron/ur_ws/install/moveit_resources_pr2_description:/home/aaron/ur_ws/install/moveit_resources_panda_description:/home/aaron/ur_ws/install/moveit_common:/opt/ros/humble LD_LIBRARY_PATH=/home/aaron/ur_ws/install/moveit_core/lib:/home/aaron/ur_ws/install/srdfdom/lib:${LD_LIBRARY_PATH} PATH=/home/aaron/ur_ws/install/moveit_core/bin:${PATH} PYTHONPATH=/home/aaron/ur_ws/install/srdfdom/local/lib/python3.10/dist-packages:${PYTHONPATH} /usr/bin/cmake --install /home/aaron/ur_ws/build/moveit_ros_occupancy_map_monitor
[210.164s] Level 1:colcon.colcon_core.environment:checking '/home/aaron/ur_ws/install/moveit_ros_occupancy_map_monitor' for CMake config files
[210.165s] Level 1:colcon.colcon_core.shell:create_environment_hook('moveit_ros_occupancy_map_monitor', 'cmake_prefix_path')
[210.165s] INFO:colcon.colcon_core.shell:Creating environment hook '/home/aaron/ur_ws/install/moveit_ros_occupancy_map_monitor/share/moveit_ros_occupancy_map_monitor/hook/cmake_prefix_path.ps1'
[210.166s] INFO:colcon.colcon_core.shell:Creating environment descriptor '/home/aaron/ur_ws/install/moveit_ros_occupancy_map_monitor/share/moveit_ros_occupancy_map_monitor/hook/cmake_prefix_path.dsv'
[210.167s] INFO:colcon.colcon_core.shell:Creating environment hook '/home/aaron/ur_ws/install/moveit_ros_occupancy_map_monitor/share/moveit_ros_occupancy_map_monitor/hook/cmake_prefix_path.sh'
[210.168s] Level 1:colcon.colcon_core.environment:checking '/home/aaron/ur_ws/install/moveit_ros_occupancy_map_monitor/lib'
[210.168s] Level 1:colcon.colcon_core.shell:create_environment_hook('moveit_ros_occupancy_map_monitor', 'ld_library_path_lib')
[210.168s] INFO:colcon.colcon_core.shell:Creating environment hook '/home/aaron/ur_ws/install/moveit_ros_occupancy_map_monitor/share/moveit_ros_occupancy_map_monitor/hook/ld_library_path_lib.ps1'
[210.169s] INFO:colcon.colcon_core.shell:Creating environment descriptor '/home/aaron/ur_ws/install/moveit_ros_occupancy_map_monitor/share/moveit_ros_occupancy_map_monitor/hook/ld_library_path_lib.dsv'
[210.169s] INFO:colcon.colcon_core.shell:Creating environment hook '/home/aaron/ur_ws/install/moveit_ros_occupancy_map_monitor/share/moveit_ros_occupancy_map_monitor/hook/ld_library_path_lib.sh'
[210.170s] Level 1:colcon.colcon_core.environment:checking '/home/aaron/ur_ws/install/moveit_ros_occupancy_map_monitor/bin'
[210.170s] Level 1:colcon.colcon_core.environment:checking '/home/aaron/ur_ws/install/moveit_ros_occupancy_map_monitor/lib/pkgconfig/moveit_ros_occupancy_map_monitor.pc'
[210.171s] Level 1:colcon.colcon_core.environment:checking '/home/aaron/ur_ws/install/moveit_ros_occupancy_map_monitor/lib/python3.10/site-packages'
[210.171s] Level 1:colcon.colcon_core.environment:checking '/home/aaron/ur_ws/install/moveit_ros_occupancy_map_monitor/bin'
[210.171s] INFO:colcon.colcon_core.shell:Creating package script '/home/aaron/ur_ws/install/moveit_ros_occupancy_map_monitor/share/moveit_ros_occupancy_map_monitor/package.ps1'
[210.172s] INFO:colcon.colcon_core.shell:Creating package descriptor '/home/aaron/ur_ws/install/moveit_ros_occupancy_map_monitor/share/moveit_ros_occupancy_map_monitor/package.dsv'
[210.172s] INFO:colcon.colcon_core.shell:Creating package script '/home/aaron/ur_ws/install/moveit_ros_occupancy_map_monitor/share/moveit_ros_occupancy_map_monitor/package.sh'
[210.173s] INFO:colcon.colcon_core.shell:Creating package script '/home/aaron/ur_ws/install/moveit_ros_occupancy_map_monitor/share/moveit_ros_occupancy_map_monitor/package.bash'
[210.173s] INFO:colcon.colcon_core.shell:Creating package script '/home/aaron/ur_ws/install/moveit_ros_occupancy_map_monitor/share/moveit_ros_occupancy_map_monitor/package.zsh'
[210.174s] Level 1:colcon.colcon_core.environment:create_file_with_runtime_dependencies(/home/aaron/ur_ws/install/moveit_ros_occupancy_map_monitor/share/colcon-core/packages/moveit_ros_occupancy_map_monitor)
[210.174s] Level 1:colcon.colcon_core.environment:create_environment_scripts_only(moveit_ros_occupancy_map_monitor)
[210.174s] Level 1:colcon.colcon_core.environment:checking '/home/aaron/ur_ws/install/moveit_ros_occupancy_map_monitor' for CMake module files
[210.175s] Level 1:colcon.colcon_core.environment:checking '/home/aaron/ur_ws/install/moveit_ros_occupancy_map_monitor' for CMake config files
[210.175s] Level 1:colcon.colcon_core.shell:create_environment_hook('moveit_ros_occupancy_map_monitor', 'cmake_prefix_path')
[210.175s] INFO:colcon.colcon_core.shell:Creating environment hook '/home/aaron/ur_ws/install/moveit_ros_occupancy_map_monitor/share/moveit_ros_occupancy_map_monitor/hook/cmake_prefix_path.ps1'
[210.176s] INFO:colcon.colcon_core.shell:Creating environment descriptor '/home/aaron/ur_ws/install/moveit_ros_occupancy_map_monitor/share/moveit_ros_occupancy_map_monitor/hook/cmake_prefix_path.dsv'
[210.176s] INFO:colcon.colcon_core.shell:Creating environment hook '/home/aaron/ur_ws/install/moveit_ros_occupancy_map_monitor/share/moveit_ros_occupancy_map_monitor/hook/cmake_prefix_path.sh'
[210.176s] Level 1:colcon.colcon_core.environment:checking '/home/aaron/ur_ws/install/moveit_ros_occupancy_map_monitor/lib'
[210.176s] Level 1:colcon.colcon_core.shell:create_environment_hook('moveit_ros_occupancy_map_monitor', 'ld_library_path_lib')
[210.177s] INFO:colcon.colcon_core.shell:Creating environment hook '/home/aaron/ur_ws/install/moveit_ros_occupancy_map_monitor/share/moveit_ros_occupancy_map_monitor/hook/ld_library_path_lib.ps1'
[210.177s] INFO:colcon.colcon_core.shell:Creating environment descriptor '/home/aaron/ur_ws/install/moveit_ros_occupancy_map_monitor/share/moveit_ros_occupancy_map_monitor/hook/ld_library_path_lib.dsv'
[210.177s] INFO:colcon.colcon_core.shell:Creating environment hook '/home/aaron/ur_ws/install/moveit_ros_occupancy_map_monitor/share/moveit_ros_occupancy_map_monitor/hook/ld_library_path_lib.sh'
[210.178s] Level 1:colcon.colcon_core.environment:checking '/home/aaron/ur_ws/install/moveit_ros_occupancy_map_monitor/bin'
[210.178s] Level 1:colcon.colcon_core.environment:checking '/home/aaron/ur_ws/install/moveit_ros_occupancy_map_monitor/lib/pkgconfig/moveit_ros_occupancy_map_monitor.pc'
[210.178s] Level 1:colcon.colcon_core.environment:checking '/home/aaron/ur_ws/install/moveit_ros_occupancy_map_monitor/lib/python3.10/site-packages'
[210.178s] Level 1:colcon.colcon_core.environment:checking '/home/aaron/ur_ws/install/moveit_ros_occupancy_map_monitor/bin'
[210.179s] INFO:colcon.colcon_core.shell:Creating package script '/home/aaron/ur_ws/install/moveit_ros_occupancy_map_monitor/share/moveit_ros_occupancy_map_monitor/package.ps1'
[210.179s] INFO:colcon.colcon_core.shell:Creating package descriptor '/home/aaron/ur_ws/install/moveit_ros_occupancy_map_monitor/share/moveit_ros_occupancy_map_monitor/package.dsv'
[210.180s] INFO:colcon.colcon_core.shell:Creating package script '/home/aaron/ur_ws/install/moveit_ros_occupancy_map_monitor/share/moveit_ros_occupancy_map_monitor/package.sh'
[210.180s] INFO:colcon.colcon_core.shell:Creating package script '/home/aaron/ur_ws/install/moveit_ros_occupancy_map_monitor/share/moveit_ros_occupancy_map_monitor/package.bash'
[210.181s] INFO:colcon.colcon_core.shell:Creating package script '/home/aaron/ur_ws/install/moveit_ros_occupancy_map_monitor/share/moveit_ros_occupancy_map_monitor/package.zsh'
[210.181s] Level 1:colcon.colcon_core.environment:create_file_with_runtime_dependencies(/home/aaron/ur_ws/install/moveit_ros_occupancy_map_monitor/share/colcon-core/packages/moveit_ros_occupancy_map_monitor)
[210.181s] INFO:colcon.colcon_ros.task.ament_cmake.build:Building ROS package in '/home/aaron/ur_ws/src/moveit2/moveit_ros/planning' with build type 'ament_cmake'
[210.182s] INFO:colcon.colcon_cmake.task.cmake.build:Building CMake package in '/home/aaron/ur_ws/src/moveit2/moveit_ros/planning'
[210.182s] INFO:colcon.colcon_core.shell:Skip shell extension 'powershell' for command environment: Not usable outside of PowerShell
[210.182s] DEBUG:colcon.colcon_core.shell:Skip shell extension 'dsv' for command environment
[210.210s] DEBUG:colcon.colcon_core.event_handler.log_command:Invoking command in '/home/aaron/ur_ws/build/moveit_ros_planning': AMENT_PREFIX_PATH=/home/aaron/ur_ws/install/moveit_ros_occupancy_map_monitor:/home/aaron/ur_ws/install/moveit_core:/home/aaron/ur_ws/install/moveit_resources_panda_moveit_config:/home/aaron/ur_ws/install/moveit_configs_utils:/home/aaron/ur_ws/install/srdfdom:/home/aaron/ur_ws/install/moveit_resources_pr2_description:/home/aaron/ur_ws/install/moveit_resources_panda_description:/home/aaron/ur_ws/install/moveit_common:/home/aaron/ur_ws/install/launch_param_builder:${AMENT_PREFIX_PATH} CMAKE_PREFIX_PATH=/home/aaron/ur_ws/install/moveit_ros_occupancy_map_monitor:/home/aaron/ur_ws/install/moveit_core:/home/aaron/ur_ws/install/moveit_resources_panda_moveit_config:/home/aaron/ur_ws/install/srdfdom:/home/aaron/ur_ws/install/moveit_resources_pr2_description:/home/aaron/ur_ws/install/moveit_resources_panda_description:/home/aaron/ur_ws/install/moveit_common:/opt/ros/humble LD_LIBRARY_PATH=/home/aaron/ur_ws/install/moveit_ros_occupancy_map_monitor/lib:/home/aaron/ur_ws/install/moveit_core/lib:/home/aaron/ur_ws/install/srdfdom/lib:${LD_LIBRARY_PATH} PATH=/home/aaron/ur_ws/install/moveit_core/bin:${PATH} PYTHONPATH=/home/aaron/ur_ws/install/moveit_configs_utils/lib/python3.10/site-packages:/home/aaron/ur_ws/install/srdfdom/local/lib/python3.10/dist-packages:/home/aaron/ur_ws/install/launch_param_builder/lib/python3.10/site-packages:${PYTHONPATH} /usr/bin/cmake --build /home/aaron/ur_ws/build/moveit_ros_planning -- -j20 -l20
[216.726s] DEBUG:colcon.colcon_core.event_handler.log_command:Invoked command in '/home/aaron/ur_ws/build/moveit_chomp_optimizer_adapter' returned '0': AMENT_PREFIX_PATH=/home/aaron/ur_ws/install/chomp_motion_planner:/home/aaron/ur_ws/install/moveit_core:/home/aaron/ur_ws/install/moveit_resources_panda_moveit_config:/home/aaron/ur_ws/install/srdfdom:/home/aaron/ur_ws/install/moveit_resources_pr2_description:/home/aaron/ur_ws/install/moveit_resources_panda_description:/home/aaron/ur_ws/install/moveit_common:${AMENT_PREFIX_PATH} CMAKE_PREFIX_PATH=/home/aaron/ur_ws/install/chomp_motion_planner:/home/aaron/ur_ws/install/moveit_core:/home/aaron/ur_ws/install/moveit_resources_panda_moveit_config:/home/aaron/ur_ws/install/srdfdom:/home/aaron/ur_ws/install/moveit_resources_pr2_description:/home/aaron/ur_ws/install/moveit_resources_panda_description:/home/aaron/ur_ws/install/moveit_common:/opt/ros/humble LD_LIBRARY_PATH=/home/aaron/ur_ws/install/chomp_motion_planner/lib:/home/aaron/ur_ws/install/moveit_core/lib:/home/aaron/ur_ws/install/srdfdom/lib:${LD_LIBRARY_PATH} PATH=/home/aaron/ur_ws/install/moveit_core/bin:${PATH} PYTHONPATH=/home/aaron/ur_ws/install/srdfdom/local/lib/python3.10/dist-packages:${PYTHONPATH} /usr/bin/cmake --build /home/aaron/ur_ws/build/moveit_chomp_optimizer_adapter -- -j20 -l20
[216.728s] DEBUG:colcon.colcon_core.event_handler.log_command:Invoking command in '/home/aaron/ur_ws/build/moveit_chomp_optimizer_adapter': AMENT_PREFIX_PATH=/home/aaron/ur_ws/install/chomp_motion_planner:/home/aaron/ur_ws/install/moveit_core:/home/aaron/ur_ws/install/moveit_resources_panda_moveit_config:/home/aaron/ur_ws/install/srdfdom:/home/aaron/ur_ws/install/moveit_resources_pr2_description:/home/aaron/ur_ws/install/moveit_resources_panda_description:/home/aaron/ur_ws/install/moveit_common:${AMENT_PREFIX_PATH} CMAKE_PREFIX_PATH=/home/aaron/ur_ws/install/chomp_motion_planner:/home/aaron/ur_ws/install/moveit_core:/home/aaron/ur_ws/install/moveit_resources_panda_moveit_config:/home/aaron/ur_ws/install/srdfdom:/home/aaron/ur_ws/install/moveit_resources_pr2_description:/home/aaron/ur_ws/install/moveit_resources_panda_description:/home/aaron/ur_ws/install/moveit_common:/opt/ros/humble LD_LIBRARY_PATH=/home/aaron/ur_ws/install/chomp_motion_planner/lib:/home/aaron/ur_ws/install/moveit_core/lib:/home/aaron/ur_ws/install/srdfdom/lib:${LD_LIBRARY_PATH} PATH=/home/aaron/ur_ws/install/moveit_core/bin:${PATH} PYTHONPATH=/home/aaron/ur_ws/install/srdfdom/local/lib/python3.10/dist-packages:${PYTHONPATH} /usr/bin/cmake --install /home/aaron/ur_ws/build/moveit_chomp_optimizer_adapter
[216.813s] Level 1:colcon.colcon_core.environment:create_environment_scripts_only(moveit_chomp_optimizer_adapter)
[216.814s] Level 1:colcon.colcon_core.environment:checking '/home/aaron/ur_ws/install/moveit_chomp_optimizer_adapter' for CMake module files
[216.815s] DEBUG:colcon.colcon_core.event_handler.log_command:Invoked command in '/home/aaron/ur_ws/build/moveit_chomp_optimizer_adapter' returned '0': AMENT_PREFIX_PATH=/home/aaron/ur_ws/install/chomp_motion_planner:/home/aaron/ur_ws/install/moveit_core:/home/aaron/ur_ws/install/moveit_resources_panda_moveit_config:/home/aaron/ur_ws/install/srdfdom:/home/aaron/ur_ws/install/moveit_resources_pr2_description:/home/aaron/ur_ws/install/moveit_resources_panda_description:/home/aaron/ur_ws/install/moveit_common:${AMENT_PREFIX_PATH} CMAKE_PREFIX_PATH=/home/aaron/ur_ws/install/chomp_motion_planner:/home/aaron/ur_ws/install/moveit_core:/home/aaron/ur_ws/install/moveit_resources_panda_moveit_config:/home/aaron/ur_ws/install/srdfdom:/home/aaron/ur_ws/install/moveit_resources_pr2_description:/home/aaron/ur_ws/install/moveit_resources_panda_description:/home/aaron/ur_ws/install/moveit_common:/opt/ros/humble LD_LIBRARY_PATH=/home/aaron/ur_ws/install/chomp_motion_planner/lib:/home/aaron/ur_ws/install/moveit_core/lib:/home/aaron/ur_ws/install/srdfdom/lib:${LD_LIBRARY_PATH} PATH=/home/aaron/ur_ws/install/moveit_core/bin:${PATH} PYTHONPATH=/home/aaron/ur_ws/install/srdfdom/local/lib/python3.10/dist-packages:${PYTHONPATH} /usr/bin/cmake --install /home/aaron/ur_ws/build/moveit_chomp_optimizer_adapter
[216.822s] Level 1:colcon.colcon_core.environment:checking '/home/aaron/ur_ws/install/moveit_chomp_optimizer_adapter' for CMake config files
[216.823s] Level 1:colcon.colcon_core.shell:create_environment_hook('moveit_chomp_optimizer_adapter', 'cmake_prefix_path')
[216.824s] INFO:colcon.colcon_core.shell:Creating environment hook '/home/aaron/ur_ws/install/moveit_chomp_optimizer_adapter/share/moveit_chomp_optimizer_adapter/hook/cmake_prefix_path.ps1'
[216.838s] INFO:colcon.colcon_core.shell:Creating environment descriptor '/home/aaron/ur_ws/install/moveit_chomp_optimizer_adapter/share/moveit_chomp_optimizer_adapter/hook/cmake_prefix_path.dsv'
[216.839s] INFO:colcon.colcon_core.shell:Creating environment hook '/home/aaron/ur_ws/install/moveit_chomp_optimizer_adapter/share/moveit_chomp_optimizer_adapter/hook/cmake_prefix_path.sh'
[216.848s] Level 1:colcon.colcon_core.environment:checking '/home/aaron/ur_ws/install/moveit_chomp_optimizer_adapter/lib'
[216.848s] Level 1:colcon.colcon_core.shell:create_environment_hook('moveit_chomp_optimizer_adapter', 'ld_library_path_lib')
[216.858s] INFO:colcon.colcon_core.shell:Creating environment hook '/home/aaron/ur_ws/install/moveit_chomp_optimizer_adapter/share/moveit_chomp_optimizer_adapter/hook/ld_library_path_lib.ps1'
[216.860s] INFO:colcon.colcon_core.shell:Creating environment descriptor '/home/aaron/ur_ws/install/moveit_chomp_optimizer_adapter/share/moveit_chomp_optimizer_adapter/hook/ld_library_path_lib.dsv'
[216.870s] INFO:colcon.colcon_core.shell:Creating environment hook '/home/aaron/ur_ws/install/moveit_chomp_optimizer_adapter/share/moveit_chomp_optimizer_adapter/hook/ld_library_path_lib.sh'
[216.872s] Level 1:colcon.colcon_core.environment:checking '/home/aaron/ur_ws/install/moveit_chomp_optimizer_adapter/bin'
[216.872s] Level 1:colcon.colcon_core.environment:checking '/home/aaron/ur_ws/install/moveit_chomp_optimizer_adapter/lib/pkgconfig/moveit_chomp_optimizer_adapter.pc'
[216.882s] Level 1:colcon.colcon_core.environment:checking '/home/aaron/ur_ws/install/moveit_chomp_optimizer_adapter/lib/python3.10/site-packages'
[216.883s] Level 1:colcon.colcon_core.environment:checking '/home/aaron/ur_ws/install/moveit_chomp_optimizer_adapter/bin'
[216.894s] INFO:colcon.colcon_core.shell:Creating package script '/home/aaron/ur_ws/install/moveit_chomp_optimizer_adapter/share/moveit_chomp_optimizer_adapter/package.ps1'
[216.896s] INFO:colcon.colcon_core.shell:Creating package descriptor '/home/aaron/ur_ws/install/moveit_chomp_optimizer_adapter/share/moveit_chomp_optimizer_adapter/package.dsv'
[216.907s] INFO:colcon.colcon_core.shell:Creating package script '/home/aaron/ur_ws/install/moveit_chomp_optimizer_adapter/share/moveit_chomp_optimizer_adapter/package.sh'
[216.916s] INFO:colcon.colcon_core.shell:Creating package script '/home/aaron/ur_ws/install/moveit_chomp_optimizer_adapter/share/moveit_chomp_optimizer_adapter/package.bash'
[216.917s] INFO:colcon.colcon_core.shell:Creating package script '/home/aaron/ur_ws/install/moveit_chomp_optimizer_adapter/share/moveit_chomp_optimizer_adapter/package.zsh'
[216.924s] Level 1:colcon.colcon_core.environment:create_file_with_runtime_dependencies(/home/aaron/ur_ws/install/moveit_chomp_optimizer_adapter/share/colcon-core/packages/moveit_chomp_optimizer_adapter)
[216.942s] Level 1:colcon.colcon_core.environment:create_environment_scripts_only(moveit_chomp_optimizer_adapter)
[216.943s] Level 1:colcon.colcon_core.environment:checking '/home/aaron/ur_ws/install/moveit_chomp_optimizer_adapter' for CMake module files
[216.945s] Level 1:colcon.colcon_core.environment:checking '/home/aaron/ur_ws/install/moveit_chomp_optimizer_adapter' for CMake config files
[216.955s] Level 1:colcon.colcon_core.shell:create_environment_hook('moveit_chomp_optimizer_adapter', 'cmake_prefix_path')
[216.956s] INFO:colcon.colcon_core.shell:Creating environment hook '/home/aaron/ur_ws/install/moveit_chomp_optimizer_adapter/share/moveit_chomp_optimizer_adapter/hook/cmake_prefix_path.ps1'
[216.963s] INFO:colcon.colcon_core.shell:Creating environment descriptor '/home/aaron/ur_ws/install/moveit_chomp_optimizer_adapter/share/moveit_chomp_optimizer_adapter/hook/cmake_prefix_path.dsv'
[216.965s] INFO:colcon.colcon_core.shell:Creating environment hook '/home/aaron/ur_ws/install/moveit_chomp_optimizer_adapter/share/moveit_chomp_optimizer_adapter/hook/cmake_prefix_path.sh'
[216.976s] Level 1:colcon.colcon_core.environment:checking '/home/aaron/ur_ws/install/moveit_chomp_optimizer_adapter/lib'
[216.976s] Level 1:colcon.colcon_core.shell:create_environment_hook('moveit_chomp_optimizer_adapter', 'ld_library_path_lib')
[216.977s] INFO:colcon.colcon_core.shell:Creating environment hook '/home/aaron/ur_ws/install/moveit_chomp_optimizer_adapter/share/moveit_chomp_optimizer_adapter/hook/ld_library_path_lib.ps1'
[216.986s] INFO:colcon.colcon_core.shell:Creating environment descriptor '/home/aaron/ur_ws/install/moveit_chomp_optimizer_adapter/share/moveit_chomp_optimizer_adapter/hook/ld_library_path_lib.dsv'
[216.987s] INFO:colcon.colcon_core.shell:Creating environment hook '/home/aaron/ur_ws/install/moveit_chomp_optimizer_adapter/share/moveit_chomp_optimizer_adapter/hook/ld_library_path_lib.sh'
[216.995s] Level 1:colcon.colcon_core.environment:checking '/home/aaron/ur_ws/install/moveit_chomp_optimizer_adapter/bin'
[216.997s] Level 1:colcon.colcon_core.environment:checking '/home/aaron/ur_ws/install/moveit_chomp_optimizer_adapter/lib/pkgconfig/moveit_chomp_optimizer_adapter.pc'
[216.999s] Level 1:colcon.colcon_core.environment:checking '/home/aaron/ur_ws/install/moveit_chomp_optimizer_adapter/lib/python3.10/site-packages'
[217.000s] Level 1:colcon.colcon_core.environment:checking '/home/aaron/ur_ws/install/moveit_chomp_optimizer_adapter/bin'
[217.006s] INFO:colcon.colcon_core.shell:Creating package script '/home/aaron/ur_ws/install/moveit_chomp_optimizer_adapter/share/moveit_chomp_optimizer_adapter/package.ps1'
[217.012s] INFO:colcon.colcon_core.shell:Creating package descriptor '/home/aaron/ur_ws/install/moveit_chomp_optimizer_adapter/share/moveit_chomp_optimizer_adapter/package.dsv'
[217.018s] INFO:colcon.colcon_core.shell:Creating package script '/home/aaron/ur_ws/install/moveit_chomp_optimizer_adapter/share/moveit_chomp_optimizer_adapter/package.sh'
[217.023s] INFO:colcon.colcon_core.shell:Creating package script '/home/aaron/ur_ws/install/moveit_chomp_optimizer_adapter/share/moveit_chomp_optimizer_adapter/package.bash'
[217.028s] INFO:colcon.colcon_core.shell:Creating package script '/home/aaron/ur_ws/install/moveit_chomp_optimizer_adapter/share/moveit_chomp_optimizer_adapter/package.zsh'
[217.030s] Level 1:colcon.colcon_core.environment:create_file_with_runtime_dependencies(/home/aaron/ur_ws/install/moveit_chomp_optimizer_adapter/share/colcon-core/packages/moveit_chomp_optimizer_adapter)
[239.640s] DEBUG:colcon.colcon_core.event_handler.log_command:Invoked command in '/home/aaron/ur_ws/build/moveit_planners_chomp' returned '0': AMENT_PREFIX_PATH=/home/aaron/ur_ws/install/chomp_motion_planner:/home/aaron/ur_ws/install/moveit_core:/home/aaron/ur_ws/install/moveit_resources_panda_moveit_config:/home/aaron/ur_ws/install/srdfdom:/home/aaron/ur_ws/install/moveit_resources_pr2_description:/home/aaron/ur_ws/install/moveit_resources_panda_description:/home/aaron/ur_ws/install/moveit_common:${AMENT_PREFIX_PATH} CMAKE_PREFIX_PATH=/home/aaron/ur_ws/install/chomp_motion_planner:/home/aaron/ur_ws/install/moveit_core:/home/aaron/ur_ws/install/moveit_resources_panda_moveit_config:/home/aaron/ur_ws/install/srdfdom:/home/aaron/ur_ws/install/moveit_resources_pr2_description:/home/aaron/ur_ws/install/moveit_resources_panda_description:/home/aaron/ur_ws/install/moveit_common:/opt/ros/humble LD_LIBRARY_PATH=/home/aaron/ur_ws/install/chomp_motion_planner/lib:/home/aaron/ur_ws/install/moveit_core/lib:/home/aaron/ur_ws/install/srdfdom/lib:${LD_LIBRARY_PATH} PATH=/home/aaron/ur_ws/install/moveit_core/bin:${PATH} PYTHONPATH=/home/aaron/ur_ws/install/srdfdom/local/lib/python3.10/dist-packages:${PYTHONPATH} /usr/bin/cmake --build /home/aaron/ur_ws/build/moveit_planners_chomp -- -j20 -l20
[239.644s] DEBUG:colcon.colcon_core.event_handler.log_command:Invoking command in '/home/aaron/ur_ws/build/moveit_planners_chomp': AMENT_PREFIX_PATH=/home/aaron/ur_ws/install/chomp_motion_planner:/home/aaron/ur_ws/install/moveit_core:/home/aaron/ur_ws/install/moveit_resources_panda_moveit_config:/home/aaron/ur_ws/install/srdfdom:/home/aaron/ur_ws/install/moveit_resources_pr2_description:/home/aaron/ur_ws/install/moveit_resources_panda_description:/home/aaron/ur_ws/install/moveit_common:${AMENT_PREFIX_PATH} CMAKE_PREFIX_PATH=/home/aaron/ur_ws/install/chomp_motion_planner:/home/aaron/ur_ws/install/moveit_core:/home/aaron/ur_ws/install/moveit_resources_panda_moveit_config:/home/aaron/ur_ws/install/srdfdom:/home/aaron/ur_ws/install/moveit_resources_pr2_description:/home/aaron/ur_ws/install/moveit_resources_panda_description:/home/aaron/ur_ws/install/moveit_common:/opt/ros/humble LD_LIBRARY_PATH=/home/aaron/ur_ws/install/chomp_motion_planner/lib:/home/aaron/ur_ws/install/moveit_core/lib:/home/aaron/ur_ws/install/srdfdom/lib:${LD_LIBRARY_PATH} PATH=/home/aaron/ur_ws/install/moveit_core/bin:${PATH} PYTHONPATH=/home/aaron/ur_ws/install/srdfdom/local/lib/python3.10/dist-packages:${PYTHONPATH} /usr/bin/cmake --install /home/aaron/ur_ws/build/moveit_planners_chomp
[239.661s] Level 1:colcon.colcon_core.environment:create_environment_scripts_only(moveit_planners_chomp)
[239.662s] Level 1:colcon.colcon_core.environment:checking '/home/aaron/ur_ws/install/moveit_planners_chomp' for CMake module files
[239.665s] Level 1:colcon.colcon_core.environment:checking '/home/aaron/ur_ws/install/moveit_planners_chomp' for CMake config files
[239.666s] DEBUG:colcon.colcon_core.event_handler.log_command:Invoked command in '/home/aaron/ur_ws/build/moveit_planners_chomp' returned '0': AMENT_PREFIX_PATH=/home/aaron/ur_ws/install/chomp_motion_planner:/home/aaron/ur_ws/install/moveit_core:/home/aaron/ur_ws/install/moveit_resources_panda_moveit_config:/home/aaron/ur_ws/install/srdfdom:/home/aaron/ur_ws/install/moveit_resources_pr2_description:/home/aaron/ur_ws/install/moveit_resources_panda_description:/home/aaron/ur_ws/install/moveit_common:${AMENT_PREFIX_PATH} CMAKE_PREFIX_PATH=/home/aaron/ur_ws/install/chomp_motion_planner:/home/aaron/ur_ws/install/moveit_core:/home/aaron/ur_ws/install/moveit_resources_panda_moveit_config:/home/aaron/ur_ws/install/srdfdom:/home/aaron/ur_ws/install/moveit_resources_pr2_description:/home/aaron/ur_ws/install/moveit_resources_panda_description:/home/aaron/ur_ws/install/moveit_common:/opt/ros/humble LD_LIBRARY_PATH=/home/aaron/ur_ws/install/chomp_motion_planner/lib:/home/aaron/ur_ws/install/moveit_core/lib:/home/aaron/ur_ws/install/srdfdom/lib:${LD_LIBRARY_PATH} PATH=/home/aaron/ur_ws/install/moveit_core/bin:${PATH} PYTHONPATH=/home/aaron/ur_ws/install/srdfdom/local/lib/python3.10/dist-packages:${PYTHONPATH} /usr/bin/cmake --install /home/aaron/ur_ws/build/moveit_planners_chomp
[239.667s] Level 1:colcon.colcon_core.shell:create_environment_hook('moveit_planners_chomp', 'cmake_prefix_path')
[239.667s] INFO:colcon.colcon_core.shell:Creating environment hook '/home/aaron/ur_ws/install/moveit_planners_chomp/share/moveit_planners_chomp/hook/cmake_prefix_path.ps1'
[239.668s] INFO:colcon.colcon_core.shell:Creating environment descriptor '/home/aaron/ur_ws/install/moveit_planners_chomp/share/moveit_planners_chomp/hook/cmake_prefix_path.dsv'
[239.669s] INFO:colcon.colcon_core.shell:Creating environment hook '/home/aaron/ur_ws/install/moveit_planners_chomp/share/moveit_planners_chomp/hook/cmake_prefix_path.sh'
[239.671s] Level 1:colcon.colcon_core.environment:checking '/home/aaron/ur_ws/install/moveit_planners_chomp/lib'
[239.671s] Level 1:colcon.colcon_core.shell:create_environment_hook('moveit_planners_chomp', 'ld_library_path_lib')
[239.671s] INFO:colcon.colcon_core.shell:Creating environment hook '/home/aaron/ur_ws/install/moveit_planners_chomp/share/moveit_planners_chomp/hook/ld_library_path_lib.ps1'
[239.672s] INFO:colcon.colcon_core.shell:Creating environment descriptor '/home/aaron/ur_ws/install/moveit_planners_chomp/share/moveit_planners_chomp/hook/ld_library_path_lib.dsv'
[239.673s] INFO:colcon.colcon_core.shell:Creating environment hook '/home/aaron/ur_ws/install/moveit_planners_chomp/share/moveit_planners_chomp/hook/ld_library_path_lib.sh'
[239.674s] Level 1:colcon.colcon_core.environment:checking '/home/aaron/ur_ws/install/moveit_planners_chomp/bin'
[239.674s] Level 1:colcon.colcon_core.environment:checking '/home/aaron/ur_ws/install/moveit_planners_chomp/lib/pkgconfig/moveit_planners_chomp.pc'
[239.675s] Level 1:colcon.colcon_core.environment:checking '/home/aaron/ur_ws/install/moveit_planners_chomp/lib/python3.10/site-packages'
[239.676s] Level 1:colcon.colcon_core.environment:checking '/home/aaron/ur_ws/install/moveit_planners_chomp/bin'
[239.677s] INFO:colcon.colcon_core.shell:Creating package script '/home/aaron/ur_ws/install/moveit_planners_chomp/share/moveit_planners_chomp/package.ps1'
[239.678s] INFO:colcon.colcon_core.shell:Creating package descriptor '/home/aaron/ur_ws/install/moveit_planners_chomp/share/moveit_planners_chomp/package.dsv'
[239.679s] INFO:colcon.colcon_core.shell:Creating package script '/home/aaron/ur_ws/install/moveit_planners_chomp/share/moveit_planners_chomp/package.sh'
[239.680s] INFO:colcon.colcon_core.shell:Creating package script '/home/aaron/ur_ws/install/moveit_planners_chomp/share/moveit_planners_chomp/package.bash'
[239.681s] INFO:colcon.colcon_core.shell:Creating package script '/home/aaron/ur_ws/install/moveit_planners_chomp/share/moveit_planners_chomp/package.zsh'
[239.681s] Level 1:colcon.colcon_core.environment:create_file_with_runtime_dependencies(/home/aaron/ur_ws/install/moveit_planners_chomp/share/colcon-core/packages/moveit_planners_chomp)
[239.683s] Level 1:colcon.colcon_core.environment:create_environment_scripts_only(moveit_planners_chomp)
[239.684s] Level 1:colcon.colcon_core.environment:checking '/home/aaron/ur_ws/install/moveit_planners_chomp' for CMake module files
[239.685s] Level 1:colcon.colcon_core.environment:checking '/home/aaron/ur_ws/install/moveit_planners_chomp' for CMake config files
[239.685s] Level 1:colcon.colcon_core.shell:create_environment_hook('moveit_planners_chomp', 'cmake_prefix_path')
[239.686s] INFO:colcon.colcon_core.shell:Creating environment hook '/home/aaron/ur_ws/install/moveit_planners_chomp/share/moveit_planners_chomp/hook/cmake_prefix_path.ps1'
[239.686s] INFO:colcon.colcon_core.shell:Creating environment descriptor '/home/aaron/ur_ws/install/moveit_planners_chomp/share/moveit_planners_chomp/hook/cmake_prefix_path.dsv'
[239.687s] INFO:colcon.colcon_core.shell:Creating environment hook '/home/aaron/ur_ws/install/moveit_planners_chomp/share/moveit_planners_chomp/hook/cmake_prefix_path.sh'
[239.688s] Level 1:colcon.colcon_core.environment:checking '/home/aaron/ur_ws/install/moveit_planners_chomp/lib'
[239.688s] Level 1:colcon.colcon_core.shell:create_environment_hook('moveit_planners_chomp', 'ld_library_path_lib')
[239.688s] INFO:colcon.colcon_core.shell:Creating environment hook '/home/aaron/ur_ws/install/moveit_planners_chomp/share/moveit_planners_chomp/hook/ld_library_path_lib.ps1'
[239.689s] INFO:colcon.colcon_core.shell:Creating environment descriptor '/home/aaron/ur_ws/install/moveit_planners_chomp/share/moveit_planners_chomp/hook/ld_library_path_lib.dsv'
[239.689s] INFO:colcon.colcon_core.shell:Creating environment hook '/home/aaron/ur_ws/install/moveit_planners_chomp/share/moveit_planners_chomp/hook/ld_library_path_lib.sh'
[239.690s] Level 1:colcon.colcon_core.environment:checking '/home/aaron/ur_ws/install/moveit_planners_chomp/bin'
[239.690s] Level 1:colcon.colcon_core.environment:checking '/home/aaron/ur_ws/install/moveit_planners_chomp/lib/pkgconfig/moveit_planners_chomp.pc'
[239.690s] Level 1:colcon.colcon_core.environment:checking '/home/aaron/ur_ws/install/moveit_planners_chomp/lib/python3.10/site-packages'
[239.691s] Level 1:colcon.colcon_core.environment:checking '/home/aaron/ur_ws/install/moveit_planners_chomp/bin'
[239.691s] INFO:colcon.colcon_core.shell:Creating package script '/home/aaron/ur_ws/install/moveit_planners_chomp/share/moveit_planners_chomp/package.ps1'
[239.692s] INFO:colcon.colcon_core.shell:Creating package descriptor '/home/aaron/ur_ws/install/moveit_planners_chomp/share/moveit_planners_chomp/package.dsv'
[239.692s] INFO:colcon.colcon_core.shell:Creating package script '/home/aaron/ur_ws/install/moveit_planners_chomp/share/moveit_planners_chomp/package.sh'
[239.693s] INFO:colcon.colcon_core.shell:Creating package script '/home/aaron/ur_ws/install/moveit_planners_chomp/share/moveit_planners_chomp/package.bash'
[239.694s] INFO:colcon.colcon_core.shell:Creating package script '/home/aaron/ur_ws/install/moveit_planners_chomp/share/moveit_planners_chomp/package.zsh'
[239.694s] Level 1:colcon.colcon_core.environment:create_file_with_runtime_dependencies(/home/aaron/ur_ws/install/moveit_planners_chomp/share/colcon-core/packages/moveit_planners_chomp)
[244.061s] DEBUG:colcon.colcon_core.event_handler.log_command:Invoked command in '/home/aaron/ur_ws/build/moveit_ros_control_interface' returned '0': AMENT_PREFIX_PATH=/home/aaron/ur_ws/install/moveit_simple_controller_manager:/home/aaron/ur_ws/install/moveit_core:/home/aaron/ur_ws/install/moveit_resources_panda_moveit_config:/home/aaron/ur_ws/install/srdfdom:/home/aaron/ur_ws/install/moveit_resources_pr2_description:/home/aaron/ur_ws/install/moveit_resources_panda_description:/home/aaron/ur_ws/install/moveit_common:${AMENT_PREFIX_PATH} CMAKE_PREFIX_PATH=/home/aaron/ur_ws/install/moveit_simple_controller_manager:/home/aaron/ur_ws/install/moveit_core:/home/aaron/ur_ws/install/moveit_resources_panda_moveit_config:/home/aaron/ur_ws/install/srdfdom:/home/aaron/ur_ws/install/moveit_resources_pr2_description:/home/aaron/ur_ws/install/moveit_resources_panda_description:/home/aaron/ur_ws/install/moveit_common:/opt/ros/humble LD_LIBRARY_PATH=/home/aaron/ur_ws/install/moveit_simple_controller_manager/lib:/home/aaron/ur_ws/install/moveit_core/lib:/home/aaron/ur_ws/install/srdfdom/lib:${LD_LIBRARY_PATH} PATH=/home/aaron/ur_ws/install/moveit_core/bin:${PATH} PYTHONPATH=/home/aaron/ur_ws/install/srdfdom/local/lib/python3.10/dist-packages:${PYTHONPATH} /usr/bin/cmake --build /home/aaron/ur_ws/build/moveit_ros_control_interface -- -j20 -l20
[244.064s] DEBUG:colcon.colcon_core.event_handler.log_command:Invoking command in '/home/aaron/ur_ws/build/moveit_ros_control_interface': AMENT_PREFIX_PATH=/home/aaron/ur_ws/install/moveit_simple_controller_manager:/home/aaron/ur_ws/install/moveit_core:/home/aaron/ur_ws/install/moveit_resources_panda_moveit_config:/home/aaron/ur_ws/install/srdfdom:/home/aaron/ur_ws/install/moveit_resources_pr2_description:/home/aaron/ur_ws/install/moveit_resources_panda_description:/home/aaron/ur_ws/install/moveit_common:${AMENT_PREFIX_PATH} CMAKE_PREFIX_PATH=/home/aaron/ur_ws/install/moveit_simple_controller_manager:/home/aaron/ur_ws/install/moveit_core:/home/aaron/ur_ws/install/moveit_resources_panda_moveit_config:/home/aaron/ur_ws/install/srdfdom:/home/aaron/ur_ws/install/moveit_resources_pr2_description:/home/aaron/ur_ws/install/moveit_resources_panda_description:/home/aaron/ur_ws/install/moveit_common:/opt/ros/humble LD_LIBRARY_PATH=/home/aaron/ur_ws/install/moveit_simple_controller_manager/lib:/home/aaron/ur_ws/install/moveit_core/lib:/home/aaron/ur_ws/install/srdfdom/lib:${LD_LIBRARY_PATH} PATH=/home/aaron/ur_ws/install/moveit_core/bin:${PATH} PYTHONPATH=/home/aaron/ur_ws/install/srdfdom/local/lib/python3.10/dist-packages:${PYTHONPATH} /usr/bin/cmake --install /home/aaron/ur_ws/build/moveit_ros_control_interface
[244.086s] Level 1:colcon.colcon_core.environment:create_environment_scripts_only(moveit_ros_control_interface)
[244.086s] Level 1:colcon.colcon_core.environment:checking '/home/aaron/ur_ws/install/moveit_ros_control_interface' for CMake module files
[244.089s] Level 1:colcon.colcon_core.environment:checking '/home/aaron/ur_ws/install/moveit_ros_control_interface' for CMake config files
[244.089s] DEBUG:colcon.colcon_core.event_handler.log_command:Invoked command in '/home/aaron/ur_ws/build/moveit_ros_control_interface' returned '0': AMENT_PREFIX_PATH=/home/aaron/ur_ws/install/moveit_simple_controller_manager:/home/aaron/ur_ws/install/moveit_core:/home/aaron/ur_ws/install/moveit_resources_panda_moveit_config:/home/aaron/ur_ws/install/srdfdom:/home/aaron/ur_ws/install/moveit_resources_pr2_description:/home/aaron/ur_ws/install/moveit_resources_panda_description:/home/aaron/ur_ws/install/moveit_common:${AMENT_PREFIX_PATH} CMAKE_PREFIX_PATH=/home/aaron/ur_ws/install/moveit_simple_controller_manager:/home/aaron/ur_ws/install/moveit_core:/home/aaron/ur_ws/install/moveit_resources_panda_moveit_config:/home/aaron/ur_ws/install/srdfdom:/home/aaron/ur_ws/install/moveit_resources_pr2_description:/home/aaron/ur_ws/install/moveit_resources_panda_description:/home/aaron/ur_ws/install/moveit_common:/opt/ros/humble LD_LIBRARY_PATH=/home/aaron/ur_ws/install/moveit_simple_controller_manager/lib:/home/aaron/ur_ws/install/moveit_core/lib:/home/aaron/ur_ws/install/srdfdom/lib:${LD_LIBRARY_PATH} PATH=/home/aaron/ur_ws/install/moveit_core/bin:${PATH} PYTHONPATH=/home/aaron/ur_ws/install/srdfdom/local/lib/python3.10/dist-packages:${PYTHONPATH} /usr/bin/cmake --install /home/aaron/ur_ws/build/moveit_ros_control_interface
[244.090s] Level 1:colcon.colcon_core.shell:create_environment_hook('moveit_ros_control_interface', 'cmake_prefix_path')
[244.090s] INFO:colcon.colcon_core.shell:Creating environment hook '/home/aaron/ur_ws/install/moveit_ros_control_interface/share/moveit_ros_control_interface/hook/cmake_prefix_path.ps1'
[244.091s] INFO:colcon.colcon_core.shell:Creating environment descriptor '/home/aaron/ur_ws/install/moveit_ros_control_interface/share/moveit_ros_control_interface/hook/cmake_prefix_path.dsv'
[244.092s] INFO:colcon.colcon_core.shell:Creating environment hook '/home/aaron/ur_ws/install/moveit_ros_control_interface/share/moveit_ros_control_interface/hook/cmake_prefix_path.sh'
[244.093s] Level 1:colcon.colcon_core.environment:checking '/home/aaron/ur_ws/install/moveit_ros_control_interface/lib'
[244.093s] Level 1:colcon.colcon_core.shell:create_environment_hook('moveit_ros_control_interface', 'ld_library_path_lib')
[244.094s] INFO:colcon.colcon_core.shell:Creating environment hook '/home/aaron/ur_ws/install/moveit_ros_control_interface/share/moveit_ros_control_interface/hook/ld_library_path_lib.ps1'
[244.095s] INFO:colcon.colcon_core.shell:Creating environment descriptor '/home/aaron/ur_ws/install/moveit_ros_control_interface/share/moveit_ros_control_interface/hook/ld_library_path_lib.dsv'
[244.095s] INFO:colcon.colcon_core.shell:Creating environment hook '/home/aaron/ur_ws/install/moveit_ros_control_interface/share/moveit_ros_control_interface/hook/ld_library_path_lib.sh'
[244.095s] Level 1:colcon.colcon_core.environment:checking '/home/aaron/ur_ws/install/moveit_ros_control_interface/bin'
[244.095s] Level 1:colcon.colcon_core.environment:checking '/home/aaron/ur_ws/install/moveit_ros_control_interface/lib/pkgconfig/moveit_ros_control_interface.pc'
[244.096s] Level 1:colcon.colcon_core.environment:checking '/home/aaron/ur_ws/install/moveit_ros_control_interface/lib/python3.10/site-packages'
[244.096s] Level 1:colcon.colcon_core.environment:checking '/home/aaron/ur_ws/install/moveit_ros_control_interface/bin'
[244.096s] INFO:colcon.colcon_core.shell:Creating package script '/home/aaron/ur_ws/install/moveit_ros_control_interface/share/moveit_ros_control_interface/package.ps1'
[244.097s] INFO:colcon.colcon_core.shell:Creating package descriptor '/home/aaron/ur_ws/install/moveit_ros_control_interface/share/moveit_ros_control_interface/package.dsv'
[244.098s] INFO:colcon.colcon_core.shell:Creating package script '/home/aaron/ur_ws/install/moveit_ros_control_interface/share/moveit_ros_control_interface/package.sh'
[244.098s] INFO:colcon.colcon_core.shell:Creating package script '/home/aaron/ur_ws/install/moveit_ros_control_interface/share/moveit_ros_control_interface/package.bash'
[244.098s] INFO:colcon.colcon_core.shell:Creating package script '/home/aaron/ur_ws/install/moveit_ros_control_interface/share/moveit_ros_control_interface/package.zsh'
[244.099s] Level 1:colcon.colcon_core.environment:create_file_with_runtime_dependencies(/home/aaron/ur_ws/install/moveit_ros_control_interface/share/colcon-core/packages/moveit_ros_control_interface)
[244.099s] Level 1:colcon.colcon_core.environment:create_environment_scripts_only(moveit_ros_control_interface)
[244.100s] Level 1:colcon.colcon_core.environment:checking '/home/aaron/ur_ws/install/moveit_ros_control_interface' for CMake module files
[244.100s] Level 1:colcon.colcon_core.environment:checking '/home/aaron/ur_ws/install/moveit_ros_control_interface' for CMake config files
[244.100s] Level 1:colcon.colcon_core.shell:create_environment_hook('moveit_ros_control_interface', 'cmake_prefix_path')
[244.101s] INFO:colcon.colcon_core.shell:Creating environment hook '/home/aaron/ur_ws/install/moveit_ros_control_interface/share/moveit_ros_control_interface/hook/cmake_prefix_path.ps1'
[244.101s] INFO:colcon.colcon_core.shell:Creating environment descriptor '/home/aaron/ur_ws/install/moveit_ros_control_interface/share/moveit_ros_control_interface/hook/cmake_prefix_path.dsv'
[244.102s] INFO:colcon.colcon_core.shell:Creating environment hook '/home/aaron/ur_ws/install/moveit_ros_control_interface/share/moveit_ros_control_interface/hook/cmake_prefix_path.sh'
[244.102s] Level 1:colcon.colcon_core.environment:checking '/home/aaron/ur_ws/install/moveit_ros_control_interface/lib'
[244.102s] Level 1:colcon.colcon_core.shell:create_environment_hook('moveit_ros_control_interface', 'ld_library_path_lib')
[244.103s] INFO:colcon.colcon_core.shell:Creating environment hook '/home/aaron/ur_ws/install/moveit_ros_control_interface/share/moveit_ros_control_interface/hook/ld_library_path_lib.ps1'
[244.103s] INFO:colcon.colcon_core.shell:Creating environment descriptor '/home/aaron/ur_ws/install/moveit_ros_control_interface/share/moveit_ros_control_interface/hook/ld_library_path_lib.dsv'
[244.103s] INFO:colcon.colcon_core.shell:Creating environment hook '/home/aaron/ur_ws/install/moveit_ros_control_interface/share/moveit_ros_control_interface/hook/ld_library_path_lib.sh'
[244.104s] Level 1:colcon.colcon_core.environment:checking '/home/aaron/ur_ws/install/moveit_ros_control_interface/bin'
[244.104s] Level 1:colcon.colcon_core.environment:checking '/home/aaron/ur_ws/install/moveit_ros_control_interface/lib/pkgconfig/moveit_ros_control_interface.pc'
[244.104s] Level 1:colcon.colcon_core.environment:checking '/home/aaron/ur_ws/install/moveit_ros_control_interface/lib/python3.10/site-packages'
[244.105s] Level 1:colcon.colcon_core.environment:checking '/home/aaron/ur_ws/install/moveit_ros_control_interface/bin'
[244.105s] INFO:colcon.colcon_core.shell:Creating package script '/home/aaron/ur_ws/install/moveit_ros_control_interface/share/moveit_ros_control_interface/package.ps1'
[244.106s] INFO:colcon.colcon_core.shell:Creating package descriptor '/home/aaron/ur_ws/install/moveit_ros_control_interface/share/moveit_ros_control_interface/package.dsv'
[244.106s] INFO:colcon.colcon_core.shell:Creating package script '/home/aaron/ur_ws/install/moveit_ros_control_interface/share/moveit_ros_control_interface/package.sh'
[244.107s] INFO:colcon.colcon_core.shell:Creating package script '/home/aaron/ur_ws/install/moveit_ros_control_interface/share/moveit_ros_control_interface/package.bash'
[244.107s] INFO:colcon.colcon_core.shell:Creating package script '/home/aaron/ur_ws/install/moveit_ros_control_interface/share/moveit_ros_control_interface/package.zsh'
[244.108s] Level 1:colcon.colcon_core.environment:create_file_with_runtime_dependencies(/home/aaron/ur_ws/install/moveit_ros_control_interface/share/colcon-core/packages/moveit_ros_control_interface)
[327.055s] DEBUG:colcon.colcon_core.event_handler.log_command:Invoked command in '/home/aaron/ur_ws/build/moveit_ros_planning' returned '0': AMENT_PREFIX_PATH=/home/aaron/ur_ws/install/moveit_ros_occupancy_map_monitor:/home/aaron/ur_ws/install/moveit_core:/home/aaron/ur_ws/install/moveit_resources_panda_moveit_config:/home/aaron/ur_ws/install/moveit_configs_utils:/home/aaron/ur_ws/install/srdfdom:/home/aaron/ur_ws/install/moveit_resources_pr2_description:/home/aaron/ur_ws/install/moveit_resources_panda_description:/home/aaron/ur_ws/install/moveit_common:/home/aaron/ur_ws/install/launch_param_builder:${AMENT_PREFIX_PATH} CMAKE_PREFIX_PATH=/home/aaron/ur_ws/install/moveit_ros_occupancy_map_monitor:/home/aaron/ur_ws/install/moveit_core:/home/aaron/ur_ws/install/moveit_resources_panda_moveit_config:/home/aaron/ur_ws/install/srdfdom:/home/aaron/ur_ws/install/moveit_resources_pr2_description:/home/aaron/ur_ws/install/moveit_resources_panda_description:/home/aaron/ur_ws/install/moveit_common:/opt/ros/humble LD_LIBRARY_PATH=/home/aaron/ur_ws/install/moveit_ros_occupancy_map_monitor/lib:/home/aaron/ur_ws/install/moveit_core/lib:/home/aaron/ur_ws/install/srdfdom/lib:${LD_LIBRARY_PATH} PATH=/home/aaron/ur_ws/install/moveit_core/bin:${PATH} PYTHONPATH=/home/aaron/ur_ws/install/moveit_configs_utils/lib/python3.10/site-packages:/home/aaron/ur_ws/install/srdfdom/local/lib/python3.10/dist-packages:/home/aaron/ur_ws/install/launch_param_builder/lib/python3.10/site-packages:${PYTHONPATH} /usr/bin/cmake --build /home/aaron/ur_ws/build/moveit_ros_planning -- -j20 -l20
[327.057s] DEBUG:colcon.colcon_core.event_handler.log_command:Invoking command in '/home/aaron/ur_ws/build/moveit_ros_planning': AMENT_PREFIX_PATH=/home/aaron/ur_ws/install/moveit_ros_occupancy_map_monitor:/home/aaron/ur_ws/install/moveit_core:/home/aaron/ur_ws/install/moveit_resources_panda_moveit_config:/home/aaron/ur_ws/install/moveit_configs_utils:/home/aaron/ur_ws/install/srdfdom:/home/aaron/ur_ws/install/moveit_resources_pr2_description:/home/aaron/ur_ws/install/moveit_resources_panda_description:/home/aaron/ur_ws/install/moveit_common:/home/aaron/ur_ws/install/launch_param_builder:${AMENT_PREFIX_PATH} CMAKE_PREFIX_PATH=/home/aaron/ur_ws/install/moveit_ros_occupancy_map_monitor:/home/aaron/ur_ws/install/moveit_core:/home/aaron/ur_ws/install/moveit_resources_panda_moveit_config:/home/aaron/ur_ws/install/srdfdom:/home/aaron/ur_ws/install/moveit_resources_pr2_description:/home/aaron/ur_ws/install/moveit_resources_panda_description:/home/aaron/ur_ws/install/moveit_common:/opt/ros/humble LD_LIBRARY_PATH=/home/aaron/ur_ws/install/moveit_ros_occupancy_map_monitor/lib:/home/aaron/ur_ws/install/moveit_core/lib:/home/aaron/ur_ws/install/srdfdom/lib:${LD_LIBRARY_PATH} PATH=/home/aaron/ur_ws/install/moveit_core/bin:${PATH} PYTHONPATH=/home/aaron/ur_ws/install/moveit_configs_utils/lib/python3.10/site-packages:/home/aaron/ur_ws/install/srdfdom/local/lib/python3.10/dist-packages:/home/aaron/ur_ws/install/launch_param_builder/lib/python3.10/site-packages:${PYTHONPATH} /usr/bin/cmake --install /home/aaron/ur_ws/build/moveit_ros_planning
[327.094s] Level 1:colcon.colcon_core.environment:create_environment_scripts_only(moveit_ros_planning)
[327.095s] Level 1:colcon.colcon_core.environment:checking '/home/aaron/ur_ws/install/moveit_ros_planning' for CMake module files
[327.095s] DEBUG:colcon.colcon_core.event_handler.log_command:Invoked command in '/home/aaron/ur_ws/build/moveit_ros_planning' returned '0': AMENT_PREFIX_PATH=/home/aaron/ur_ws/install/moveit_ros_occupancy_map_monitor:/home/aaron/ur_ws/install/moveit_core:/home/aaron/ur_ws/install/moveit_resources_panda_moveit_config:/home/aaron/ur_ws/install/moveit_configs_utils:/home/aaron/ur_ws/install/srdfdom:/home/aaron/ur_ws/install/moveit_resources_pr2_description:/home/aaron/ur_ws/install/moveit_resources_panda_description:/home/aaron/ur_ws/install/moveit_common:/home/aaron/ur_ws/install/launch_param_builder:${AMENT_PREFIX_PATH} CMAKE_PREFIX_PATH=/home/aaron/ur_ws/install/moveit_ros_occupancy_map_monitor:/home/aaron/ur_ws/install/moveit_core:/home/aaron/ur_ws/install/moveit_resources_panda_moveit_config:/home/aaron/ur_ws/install/srdfdom:/home/aaron/ur_ws/install/moveit_resources_pr2_description:/home/aaron/ur_ws/install/moveit_resources_panda_description:/home/aaron/ur_ws/install/moveit_common:/opt/ros/humble LD_LIBRARY_PATH=/home/aaron/ur_ws/install/moveit_ros_occupancy_map_monitor/lib:/home/aaron/ur_ws/install/moveit_core/lib:/home/aaron/ur_ws/install/srdfdom/lib:${LD_LIBRARY_PATH} PATH=/home/aaron/ur_ws/install/moveit_core/bin:${PATH} PYTHONPATH=/home/aaron/ur_ws/install/moveit_configs_utils/lib/python3.10/site-packages:/home/aaron/ur_ws/install/srdfdom/local/lib/python3.10/dist-packages:/home/aaron/ur_ws/install/launch_param_builder/lib/python3.10/site-packages:${PYTHONPATH} /usr/bin/cmake --install /home/aaron/ur_ws/build/moveit_ros_planning
[327.096s] Level 1:colcon.colcon_core.environment:checking '/home/aaron/ur_ws/install/moveit_ros_planning' for CMake config files
[327.096s] Level 1:colcon.colcon_core.shell:create_environment_hook('moveit_ros_planning', 'cmake_prefix_path')
[327.096s] INFO:colcon.colcon_core.shell:Creating environment hook '/home/aaron/ur_ws/install/moveit_ros_planning/share/moveit_ros_planning/hook/cmake_prefix_path.ps1'
[327.097s] INFO:colcon.colcon_core.shell:Creating environment descriptor '/home/aaron/ur_ws/install/moveit_ros_planning/share/moveit_ros_planning/hook/cmake_prefix_path.dsv'
[327.097s] INFO:colcon.colcon_core.shell:Creating environment hook '/home/aaron/ur_ws/install/moveit_ros_planning/share/moveit_ros_planning/hook/cmake_prefix_path.sh'
[327.098s] Level 1:colcon.colcon_core.environment:checking '/home/aaron/ur_ws/install/moveit_ros_planning/lib'
[327.098s] Level 1:colcon.colcon_core.shell:create_environment_hook('moveit_ros_planning', 'ld_library_path_lib')
[327.098s] INFO:colcon.colcon_core.shell:Creating environment hook '/home/aaron/ur_ws/install/moveit_ros_planning/share/moveit_ros_planning/hook/ld_library_path_lib.ps1'
[327.099s] INFO:colcon.colcon_core.shell:Creating environment descriptor '/home/aaron/ur_ws/install/moveit_ros_planning/share/moveit_ros_planning/hook/ld_library_path_lib.dsv'
[327.099s] INFO:colcon.colcon_core.shell:Creating environment hook '/home/aaron/ur_ws/install/moveit_ros_planning/share/moveit_ros_planning/hook/ld_library_path_lib.sh'
[327.099s] Level 1:colcon.colcon_core.environment:checking '/home/aaron/ur_ws/install/moveit_ros_planning/bin'
[327.099s] Level 1:colcon.colcon_core.environment:checking '/home/aaron/ur_ws/install/moveit_ros_planning/lib/pkgconfig/moveit_ros_planning.pc'
[327.100s] Level 1:colcon.colcon_core.environment:checking '/home/aaron/ur_ws/install/moveit_ros_planning/lib/python3.10/site-packages'
[327.100s] Level 1:colcon.colcon_core.environment:checking '/home/aaron/ur_ws/install/moveit_ros_planning/bin'
[327.100s] INFO:colcon.colcon_core.shell:Creating package script '/home/aaron/ur_ws/install/moveit_ros_planning/share/moveit_ros_planning/package.ps1'
[327.101s] INFO:colcon.colcon_core.shell:Creating package descriptor '/home/aaron/ur_ws/install/moveit_ros_planning/share/moveit_ros_planning/package.dsv'
[327.101s] INFO:colcon.colcon_core.shell:Creating package script '/home/aaron/ur_ws/install/moveit_ros_planning/share/moveit_ros_planning/package.sh'
[327.102s] INFO:colcon.colcon_core.shell:Creating package script '/home/aaron/ur_ws/install/moveit_ros_planning/share/moveit_ros_planning/package.bash'
[327.102s] INFO:colcon.colcon_core.shell:Creating package script '/home/aaron/ur_ws/install/moveit_ros_planning/share/moveit_ros_planning/package.zsh'
[327.103s] Level 1:colcon.colcon_core.environment:create_file_with_runtime_dependencies(/home/aaron/ur_ws/install/moveit_ros_planning/share/colcon-core/packages/moveit_ros_planning)
[327.103s] Level 1:colcon.colcon_core.environment:create_environment_scripts_only(moveit_ros_planning)
[327.104s] Level 1:colcon.colcon_core.environment:checking '/home/aaron/ur_ws/install/moveit_ros_planning' for CMake module files
[327.104s] Level 1:colcon.colcon_core.environment:checking '/home/aaron/ur_ws/install/moveit_ros_planning' for CMake config files
[327.104s] Level 1:colcon.colcon_core.shell:create_environment_hook('moveit_ros_planning', 'cmake_prefix_path')
[327.104s] INFO:colcon.colcon_core.shell:Creating environment hook '/home/aaron/ur_ws/install/moveit_ros_planning/share/moveit_ros_planning/hook/cmake_prefix_path.ps1'
[327.105s] INFO:colcon.colcon_core.shell:Creating environment descriptor '/home/aaron/ur_ws/install/moveit_ros_planning/share/moveit_ros_planning/hook/cmake_prefix_path.dsv'
[327.105s] INFO:colcon.colcon_core.shell:Creating environment hook '/home/aaron/ur_ws/install/moveit_ros_planning/share/moveit_ros_planning/hook/cmake_prefix_path.sh'
[327.106s] Level 1:colcon.colcon_core.environment:checking '/home/aaron/ur_ws/install/moveit_ros_planning/lib'
[327.106s] Level 1:colcon.colcon_core.shell:create_environment_hook('moveit_ros_planning', 'ld_library_path_lib')
[327.106s] INFO:colcon.colcon_core.shell:Creating environment hook '/home/aaron/ur_ws/install/moveit_ros_planning/share/moveit_ros_planning/hook/ld_library_path_lib.ps1'
[327.106s] INFO:colcon.colcon_core.shell:Creating environment descriptor '/home/aaron/ur_ws/install/moveit_ros_planning/share/moveit_ros_planning/hook/ld_library_path_lib.dsv'
[327.106s] INFO:colcon.colcon_core.shell:Creating environment hook '/home/aaron/ur_ws/install/moveit_ros_planning/share/moveit_ros_planning/hook/ld_library_path_lib.sh'
[327.107s] Level 1:colcon.colcon_core.environment:checking '/home/aaron/ur_ws/install/moveit_ros_planning/bin'
[327.107s] Level 1:colcon.colcon_core.environment:checking '/home/aaron/ur_ws/install/moveit_ros_planning/lib/pkgconfig/moveit_ros_planning.pc'
[327.107s] Level 1:colcon.colcon_core.environment:checking '/home/aaron/ur_ws/install/moveit_ros_planning/lib/python3.10/site-packages'
[327.107s] Level 1:colcon.colcon_core.environment:checking '/home/aaron/ur_ws/install/moveit_ros_planning/bin'
[327.108s] INFO:colcon.colcon_core.shell:Creating package script '/home/aaron/ur_ws/install/moveit_ros_planning/share/moveit_ros_planning/package.ps1'
[327.108s] INFO:colcon.colcon_core.shell:Creating package descriptor '/home/aaron/ur_ws/install/moveit_ros_planning/share/moveit_ros_planning/package.dsv'
[327.109s] INFO:colcon.colcon_core.shell:Creating package script '/home/aaron/ur_ws/install/moveit_ros_planning/share/moveit_ros_planning/package.sh'
[327.109s] INFO:colcon.colcon_core.shell:Creating package script '/home/aaron/ur_ws/install/moveit_ros_planning/share/moveit_ros_planning/package.bash'
[327.109s] INFO:colcon.colcon_core.shell:Creating package script '/home/aaron/ur_ws/install/moveit_ros_planning/share/moveit_ros_planning/package.zsh'
[327.110s] Level 1:colcon.colcon_core.environment:create_file_with_runtime_dependencies(/home/aaron/ur_ws/install/moveit_ros_planning/share/colcon-core/packages/moveit_ros_planning)
[327.110s] INFO:colcon.colcon_ros.task.ament_cmake.build:Building ROS package in '/home/aaron/ur_ws/src/moveit2/moveit_kinematics' with build type 'ament_cmake'
[327.110s] INFO:colcon.colcon_cmake.task.cmake.build:Building CMake package in '/home/aaron/ur_ws/src/moveit2/moveit_kinematics'
[327.110s] INFO:colcon.colcon_core.shell:Skip shell extension 'powershell' for command environment: Not usable outside of PowerShell
[327.111s] DEBUG:colcon.colcon_core.shell:Skip shell extension 'dsv' for command environment
[327.115s] INFO:colcon.colcon_ros.task.ament_cmake.build:Building ROS package in '/home/aaron/ur_ws/src/moveit2/moveit_ros/warehouse' with build type 'ament_cmake'
[327.115s] INFO:colcon.colcon_cmake.task.cmake.build:Building CMake package in '/home/aaron/ur_ws/src/moveit2/moveit_ros/warehouse'
[327.115s] INFO:colcon.colcon_core.shell:Skip shell extension 'powershell' for command environment: Not usable outside of PowerShell
[327.115s] DEBUG:colcon.colcon_core.shell:Skip shell extension 'dsv' for command environment
[327.119s] INFO:colcon.colcon_ros.task.ament_cmake.build:Building ROS package in '/home/aaron/ur_ws/src/moveit2/moveit_planners/ompl' with build type 'ament_cmake'
[327.119s] INFO:colcon.colcon_cmake.task.cmake.build:Building CMake package in '/home/aaron/ur_ws/src/moveit2/moveit_planners/ompl'
[327.119s] INFO:colcon.colcon_core.shell:Skip shell extension 'powershell' for command environment: Not usable outside of PowerShell
[327.119s] DEBUG:colcon.colcon_core.shell:Skip shell extension 'dsv' for command environment
[327.123s] INFO:colcon.colcon_ros.task.ament_cmake.build:Building ROS package in '/home/aaron/ur_ws/src/moveit2/moveit_ros/robot_interaction' with build type 'ament_cmake'
[327.123s] INFO:colcon.colcon_cmake.task.cmake.build:Building CMake package in '/home/aaron/ur_ws/src/moveit2/moveit_ros/robot_interaction'
[327.123s] INFO:colcon.colcon_core.shell:Skip shell extension 'powershell' for command environment: Not usable outside of PowerShell
[327.123s] DEBUG:colcon.colcon_core.shell:Skip shell extension 'dsv' for command environment
[327.126s] INFO:colcon.colcon_ros.task.ament_cmake.build:Building ROS package in '/home/aaron/ur_ws/src/moveit2/moveit_ros/perception' with build type 'ament_cmake'
[327.126s] INFO:colcon.colcon_cmake.task.cmake.build:Building CMake package in '/home/aaron/ur_ws/src/moveit2/moveit_ros/perception'
[327.127s] INFO:colcon.colcon_core.shell:Skip shell extension 'powershell' for command environment: Not usable outside of PowerShell
[327.127s] DEBUG:colcon.colcon_core.shell:Skip shell extension 'dsv' for command environment
[327.130s] INFO:colcon.colcon_ros.task.ament_cmake.build:Building ROS package in '/home/aaron/ur_ws/src/moveit_visual_tools' with build type 'ament_cmake'
[327.130s] INFO:colcon.colcon_cmake.task.cmake.build:Building CMake package in '/home/aaron/ur_ws/src/moveit_visual_tools'
[327.130s] INFO:colcon.colcon_core.shell:Skip shell extension 'powershell' for command environment: Not usable outside of PowerShell
[327.130s] DEBUG:colcon.colcon_core.shell:Skip shell extension 'dsv' for command environment
[327.138s] DEBUG:colcon.colcon_core.event_handler.log_command:Invoking command in '/home/aaron/ur_ws/build/moveit_kinematics': AMENT_PREFIX_PATH=/home/aaron/ur_ws/install/moveit_ros_planning:/home/aaron/ur_ws/install/moveit_ros_occupancy_map_monitor:/home/aaron/ur_ws/install/moveit_core:/home/aaron/ur_ws/install/moveit_resources_panda_moveit_config:/home/aaron/ur_ws/install/moveit_resources_fanuc_moveit_config:/home/aaron/ur_ws/install/moveit_configs_utils:/home/aaron/ur_ws/install/srdfdom:/home/aaron/ur_ws/install/moveit_resources_pr2_description:/home/aaron/ur_ws/install/moveit_resources_panda_description:/home/aaron/ur_ws/install/moveit_resources_fanuc_description:/home/aaron/ur_ws/install/moveit_common:/home/aaron/ur_ws/install/launch_param_builder:${AMENT_PREFIX_PATH} CMAKE_PREFIX_PATH=/home/aaron/ur_ws/install/moveit_ros_planning:/home/aaron/ur_ws/install/moveit_ros_occupancy_map_monitor:/home/aaron/ur_ws/install/moveit_core:/home/aaron/ur_ws/install/moveit_resources_panda_moveit_config:/home/aaron/ur_ws/install/moveit_resources_fanuc_moveit_config:/home/aaron/ur_ws/install/srdfdom:/home/aaron/ur_ws/install/moveit_resources_pr2_description:/home/aaron/ur_ws/install/moveit_resources_panda_description:/home/aaron/ur_ws/install/moveit_resources_fanuc_description:/home/aaron/ur_ws/install/moveit_common:/opt/ros/humble LD_LIBRARY_PATH=/home/aaron/ur_ws/install/moveit_ros_planning/lib:/home/aaron/ur_ws/install/moveit_ros_occupancy_map_monitor/lib:/home/aaron/ur_ws/install/moveit_core/lib:/home/aaron/ur_ws/install/srdfdom/lib:${LD_LIBRARY_PATH} PATH=/home/aaron/ur_ws/install/moveit_core/bin:${PATH} PYTHONPATH=/home/aaron/ur_ws/install/moveit_configs_utils/lib/python3.10/site-packages:/home/aaron/ur_ws/install/srdfdom/local/lib/python3.10/dist-packages:/home/aaron/ur_ws/install/launch_param_builder/lib/python3.10/site-packages:${PYTHONPATH} /usr/bin/cmake --build /home/aaron/ur_ws/build/moveit_kinematics -- -j20 -l20
[327.144s] DEBUG:colcon.colcon_core.event_handler.log_command:Invoking command in '/home/aaron/ur_ws/build/moveit_ros_warehouse': AMENT_PREFIX_PATH=/home/aaron/ur_ws/install/moveit_ros_planning:/home/aaron/ur_ws/install/moveit_ros_occupancy_map_monitor:/home/aaron/ur_ws/install/moveit_core:/home/aaron/ur_ws/install/moveit_resources_panda_moveit_config:/home/aaron/ur_ws/install/moveit_configs_utils:/home/aaron/ur_ws/install/srdfdom:/home/aaron/ur_ws/install/moveit_resources_pr2_description:/home/aaron/ur_ws/install/moveit_resources_panda_description:/home/aaron/ur_ws/install/moveit_common:/home/aaron/ur_ws/install/launch_param_builder:${AMENT_PREFIX_PATH} CMAKE_PREFIX_PATH=/home/aaron/ur_ws/install/moveit_ros_planning:/home/aaron/ur_ws/install/moveit_ros_occupancy_map_monitor:/home/aaron/ur_ws/install/moveit_core:/home/aaron/ur_ws/install/moveit_resources_panda_moveit_config:/home/aaron/ur_ws/install/srdfdom:/home/aaron/ur_ws/install/moveit_resources_pr2_description:/home/aaron/ur_ws/install/moveit_resources_panda_description:/home/aaron/ur_ws/install/moveit_common:/opt/ros/humble LD_LIBRARY_PATH=/home/aaron/ur_ws/install/moveit_ros_planning/lib:/home/aaron/ur_ws/install/moveit_ros_occupancy_map_monitor/lib:/home/aaron/ur_ws/install/moveit_core/lib:/home/aaron/ur_ws/install/srdfdom/lib:${LD_LIBRARY_PATH} PATH=/home/aaron/ur_ws/install/moveit_core/bin:${PATH} PYTHONPATH=/home/aaron/ur_ws/install/moveit_configs_utils/lib/python3.10/site-packages:/home/aaron/ur_ws/install/srdfdom/local/lib/python3.10/dist-packages:/home/aaron/ur_ws/install/launch_param_builder/lib/python3.10/site-packages:${PYTHONPATH} /usr/bin/cmake --build /home/aaron/ur_ws/build/moveit_ros_warehouse -- -j20 -l20
[327.148s] DEBUG:colcon.colcon_core.event_handler.log_command:Invoking command in '/home/aaron/ur_ws/build/moveit_planners_ompl': AMENT_PREFIX_PATH=/home/aaron/ur_ws/install/moveit_ros_planning:/home/aaron/ur_ws/install/moveit_ros_occupancy_map_monitor:/home/aaron/ur_ws/install/moveit_core:/home/aaron/ur_ws/install/moveit_resources_panda_moveit_config:/home/aaron/ur_ws/install/moveit_resources_fanuc_moveit_config:/home/aaron/ur_ws/install/moveit_configs_utils:/home/aaron/ur_ws/install/srdfdom:/home/aaron/ur_ws/install/moveit_resources_pr2_description:/home/aaron/ur_ws/install/moveit_resources_panda_description:/home/aaron/ur_ws/install/moveit_resources_fanuc_description:/home/aaron/ur_ws/install/moveit_common:/home/aaron/ur_ws/install/launch_param_builder:${AMENT_PREFIX_PATH} CMAKE_PREFIX_PATH=/home/aaron/ur_ws/install/moveit_ros_planning:/home/aaron/ur_ws/install/moveit_ros_occupancy_map_monitor:/home/aaron/ur_ws/install/moveit_core:/home/aaron/ur_ws/install/moveit_resources_panda_moveit_config:/home/aaron/ur_ws/install/moveit_resources_fanuc_moveit_config:/home/aaron/ur_ws/install/srdfdom:/home/aaron/ur_ws/install/moveit_resources_pr2_description:/home/aaron/ur_ws/install/moveit_resources_panda_description:/home/aaron/ur_ws/install/moveit_resources_fanuc_description:/home/aaron/ur_ws/install/moveit_common:/opt/ros/humble LD_LIBRARY_PATH=/home/aaron/ur_ws/install/moveit_ros_planning/lib:/home/aaron/ur_ws/install/moveit_ros_occupancy_map_monitor/lib:/home/aaron/ur_ws/install/moveit_core/lib:/home/aaron/ur_ws/install/srdfdom/lib:${LD_LIBRARY_PATH} PATH=/home/aaron/ur_ws/install/moveit_core/bin:${PATH} PYTHONPATH=/home/aaron/ur_ws/install/moveit_configs_utils/lib/python3.10/site-packages:/home/aaron/ur_ws/install/srdfdom/local/lib/python3.10/dist-packages:/home/aaron/ur_ws/install/launch_param_builder/lib/python3.10/site-packages:${PYTHONPATH} /usr/bin/cmake --build /home/aaron/ur_ws/build/moveit_planners_ompl -- -j20 -l20
[327.152s] DEBUG:colcon.colcon_core.event_handler.log_command:Invoking command in '/home/aaron/ur_ws/build/moveit_ros_robot_interaction': AMENT_PREFIX_PATH=/home/aaron/ur_ws/install/moveit_ros_planning:/home/aaron/ur_ws/install/moveit_ros_occupancy_map_monitor:/home/aaron/ur_ws/install/moveit_core:/home/aaron/ur_ws/install/moveit_resources_panda_moveit_config:/home/aaron/ur_ws/install/moveit_configs_utils:/home/aaron/ur_ws/install/srdfdom:/home/aaron/ur_ws/install/moveit_resources_pr2_description:/home/aaron/ur_ws/install/moveit_resources_panda_description:/home/aaron/ur_ws/install/moveit_common:/home/aaron/ur_ws/install/launch_param_builder:${AMENT_PREFIX_PATH} CMAKE_PREFIX_PATH=/home/aaron/ur_ws/install/moveit_ros_planning:/home/aaron/ur_ws/install/moveit_ros_occupancy_map_monitor:/home/aaron/ur_ws/install/moveit_core:/home/aaron/ur_ws/install/moveit_resources_panda_moveit_config:/home/aaron/ur_ws/install/srdfdom:/home/aaron/ur_ws/install/moveit_resources_pr2_description:/home/aaron/ur_ws/install/moveit_resources_panda_description:/home/aaron/ur_ws/install/moveit_common:/opt/ros/humble LD_LIBRARY_PATH=/home/aaron/ur_ws/install/moveit_ros_planning/lib:/home/aaron/ur_ws/install/moveit_ros_occupancy_map_monitor/lib:/home/aaron/ur_ws/install/moveit_core/lib:/home/aaron/ur_ws/install/srdfdom/lib:${LD_LIBRARY_PATH} PATH=/home/aaron/ur_ws/install/moveit_core/bin:${PATH} PYTHONPATH=/home/aaron/ur_ws/install/moveit_configs_utils/lib/python3.10/site-packages:/home/aaron/ur_ws/install/srdfdom/local/lib/python3.10/dist-packages:/home/aaron/ur_ws/install/launch_param_builder/lib/python3.10/site-packages:${PYTHONPATH} /usr/bin/cmake --build /home/aaron/ur_ws/build/moveit_ros_robot_interaction -- -j20 -l20
[327.156s] DEBUG:colcon.colcon_core.event_handler.log_command:Invoking command in '/home/aaron/ur_ws/build/moveit_ros_perception': AMENT_PREFIX_PATH=/home/aaron/ur_ws/install/moveit_ros_planning:/home/aaron/ur_ws/install/moveit_ros_occupancy_map_monitor:/home/aaron/ur_ws/install/moveit_core:/home/aaron/ur_ws/install/moveit_resources_panda_moveit_config:/home/aaron/ur_ws/install/moveit_configs_utils:/home/aaron/ur_ws/install/srdfdom:/home/aaron/ur_ws/install/moveit_resources_pr2_description:/home/aaron/ur_ws/install/moveit_resources_panda_description:/home/aaron/ur_ws/install/moveit_common:/home/aaron/ur_ws/install/launch_param_builder:${AMENT_PREFIX_PATH} CMAKE_PREFIX_PATH=/home/aaron/ur_ws/install/moveit_ros_planning:/home/aaron/ur_ws/install/moveit_ros_occupancy_map_monitor:/home/aaron/ur_ws/install/moveit_core:/home/aaron/ur_ws/install/moveit_resources_panda_moveit_config:/home/aaron/ur_ws/install/srdfdom:/home/aaron/ur_ws/install/moveit_resources_pr2_description:/home/aaron/ur_ws/install/moveit_resources_panda_description:/home/aaron/ur_ws/install/moveit_common:/opt/ros/humble LD_LIBRARY_PATH=/home/aaron/ur_ws/install/moveit_ros_planning/lib:/home/aaron/ur_ws/install/moveit_ros_occupancy_map_monitor/lib:/home/aaron/ur_ws/install/moveit_core/lib:/home/aaron/ur_ws/install/srdfdom/lib:${LD_LIBRARY_PATH} PATH=/home/aaron/ur_ws/install/moveit_core/bin:${PATH} PYTHONPATH=/home/aaron/ur_ws/install/moveit_configs_utils/lib/python3.10/site-packages:/home/aaron/ur_ws/install/srdfdom/local/lib/python3.10/dist-packages:/home/aaron/ur_ws/install/launch_param_builder/lib/python3.10/site-packages:${PYTHONPATH} /usr/bin/cmake --build /home/aaron/ur_ws/build/moveit_ros_perception -- -j20 -l20
[327.162s] DEBUG:colcon.colcon_core.event_handler.log_command:Invoking command in '/home/aaron/ur_ws/build/moveit_visual_tools': AMENT_PREFIX_PATH=/home/aaron/ur_ws/install/moveit_ros_planning:/home/aaron/ur_ws/install/moveit_ros_occupancy_map_monitor:/home/aaron/ur_ws/install/moveit_core:/home/aaron/ur_ws/install/moveit_resources_panda_moveit_config:/home/aaron/ur_ws/install/moveit_configs_utils:/home/aaron/ur_ws/install/srdfdom:/home/aaron/ur_ws/install/moveit_resources_pr2_description:/home/aaron/ur_ws/install/moveit_resources_panda_description:/home/aaron/ur_ws/install/moveit_common:/home/aaron/ur_ws/install/launch_param_builder:${AMENT_PREFIX_PATH} CMAKE_PREFIX_PATH=/home/aaron/ur_ws/install/moveit_ros_planning:/home/aaron/ur_ws/install/moveit_ros_occupancy_map_monitor:/home/aaron/ur_ws/install/moveit_core:/home/aaron/ur_ws/install/moveit_resources_panda_moveit_config:/home/aaron/ur_ws/install/srdfdom:/home/aaron/ur_ws/install/moveit_resources_pr2_description:/home/aaron/ur_ws/install/moveit_resources_panda_description:/home/aaron/ur_ws/install/moveit_common:/opt/ros/humble LD_LIBRARY_PATH=/home/aaron/ur_ws/install/moveit_ros_planning/lib:/home/aaron/ur_ws/install/moveit_ros_occupancy_map_monitor/lib:/home/aaron/ur_ws/install/moveit_core/lib:/home/aaron/ur_ws/install/srdfdom/lib:${LD_LIBRARY_PATH} PATH=/home/aaron/ur_ws/install/moveit_core/bin:${PATH} PYTHONPATH=/home/aaron/ur_ws/install/moveit_configs_utils/lib/python3.10/site-packages:/home/aaron/ur_ws/install/srdfdom/local/lib/python3.10/dist-packages:/home/aaron/ur_ws/install/launch_param_builder/lib/python3.10/site-packages:${PYTHONPATH} /usr/bin/cmake --build /home/aaron/ur_ws/build/moveit_visual_tools -- -j20 -l20
[417.209s] DEBUG:colcon.colcon_core.event_handler.log_command:Invoked command in '/home/aaron/ur_ws/build/moveit_ros_robot_interaction' returned '0': AMENT_PREFIX_PATH=/home/aaron/ur_ws/install/moveit_ros_planning:/home/aaron/ur_ws/install/moveit_ros_occupancy_map_monitor:/home/aaron/ur_ws/install/moveit_core:/home/aaron/ur_ws/install/moveit_resources_panda_moveit_config:/home/aaron/ur_ws/install/moveit_configs_utils:/home/aaron/ur_ws/install/srdfdom:/home/aaron/ur_ws/install/moveit_resources_pr2_description:/home/aaron/ur_ws/install/moveit_resources_panda_description:/home/aaron/ur_ws/install/moveit_common:/home/aaron/ur_ws/install/launch_param_builder:${AMENT_PREFIX_PATH} CMAKE_PREFIX_PATH=/home/aaron/ur_ws/install/moveit_ros_planning:/home/aaron/ur_ws/install/moveit_ros_occupancy_map_monitor:/home/aaron/ur_ws/install/moveit_core:/home/aaron/ur_ws/install/moveit_resources_panda_moveit_config:/home/aaron/ur_ws/install/srdfdom:/home/aaron/ur_ws/install/moveit_resources_pr2_description:/home/aaron/ur_ws/install/moveit_resources_panda_description:/home/aaron/ur_ws/install/moveit_common:/opt/ros/humble LD_LIBRARY_PATH=/home/aaron/ur_ws/install/moveit_ros_planning/lib:/home/aaron/ur_ws/install/moveit_ros_occupancy_map_monitor/lib:/home/aaron/ur_ws/install/moveit_core/lib:/home/aaron/ur_ws/install/srdfdom/lib:${LD_LIBRARY_PATH} PATH=/home/aaron/ur_ws/install/moveit_core/bin:${PATH} PYTHONPATH=/home/aaron/ur_ws/install/moveit_configs_utils/lib/python3.10/site-packages:/home/aaron/ur_ws/install/srdfdom/local/lib/python3.10/dist-packages:/home/aaron/ur_ws/install/launch_param_builder/lib/python3.10/site-packages:${PYTHONPATH} /usr/bin/cmake --build /home/aaron/ur_ws/build/moveit_ros_robot_interaction -- -j20 -l20
[417.230s] DEBUG:colcon.colcon_core.event_handler.log_command:Invoking command in '/home/aaron/ur_ws/build/moveit_ros_robot_interaction': AMENT_PREFIX_PATH=/home/aaron/ur_ws/install/moveit_ros_planning:/home/aaron/ur_ws/install/moveit_ros_occupancy_map_monitor:/home/aaron/ur_ws/install/moveit_core:/home/aaron/ur_ws/install/moveit_resources_panda_moveit_config:/home/aaron/ur_ws/install/moveit_configs_utils:/home/aaron/ur_ws/install/srdfdom:/home/aaron/ur_ws/install/moveit_resources_pr2_description:/home/aaron/ur_ws/install/moveit_resources_panda_description:/home/aaron/ur_ws/install/moveit_common:/home/aaron/ur_ws/install/launch_param_builder:${AMENT_PREFIX_PATH} CMAKE_PREFIX_PATH=/home/aaron/ur_ws/install/moveit_ros_planning:/home/aaron/ur_ws/install/moveit_ros_occupancy_map_monitor:/home/aaron/ur_ws/install/moveit_core:/home/aaron/ur_ws/install/moveit_resources_panda_moveit_config:/home/aaron/ur_ws/install/srdfdom:/home/aaron/ur_ws/install/moveit_resources_pr2_description:/home/aaron/ur_ws/install/moveit_resources_panda_description:/home/aaron/ur_ws/install/moveit_common:/opt/ros/humble LD_LIBRARY_PATH=/home/aaron/ur_ws/install/moveit_ros_planning/lib:/home/aaron/ur_ws/install/moveit_ros_occupancy_map_monitor/lib:/home/aaron/ur_ws/install/moveit_core/lib:/home/aaron/ur_ws/install/srdfdom/lib:${LD_LIBRARY_PATH} PATH=/home/aaron/ur_ws/install/moveit_core/bin:${PATH} PYTHONPATH=/home/aaron/ur_ws/install/moveit_configs_utils/lib/python3.10/site-packages:/home/aaron/ur_ws/install/srdfdom/local/lib/python3.10/dist-packages:/home/aaron/ur_ws/install/launch_param_builder/lib/python3.10/site-packages:${PYTHONPATH} /usr/bin/cmake --install /home/aaron/ur_ws/build/moveit_ros_robot_interaction
[417.256s] Level 1:colcon.colcon_core.environment:create_environment_scripts_only(moveit_ros_robot_interaction)
[417.265s] Level 1:colcon.colcon_core.environment:checking '/home/aaron/ur_ws/install/moveit_ros_robot_interaction' for CMake module files
[417.265s] DEBUG:colcon.colcon_core.event_handler.log_command:Invoked command in '/home/aaron/ur_ws/build/moveit_ros_robot_interaction' returned '0': AMENT_PREFIX_PATH=/home/aaron/ur_ws/install/moveit_ros_planning:/home/aaron/ur_ws/install/moveit_ros_occupancy_map_monitor:/home/aaron/ur_ws/install/moveit_core:/home/aaron/ur_ws/install/moveit_resources_panda_moveit_config:/home/aaron/ur_ws/install/moveit_configs_utils:/home/aaron/ur_ws/install/srdfdom:/home/aaron/ur_ws/install/moveit_resources_pr2_description:/home/aaron/ur_ws/install/moveit_resources_panda_description:/home/aaron/ur_ws/install/moveit_common:/home/aaron/ur_ws/install/launch_param_builder:${AMENT_PREFIX_PATH} CMAKE_PREFIX_PATH=/home/aaron/ur_ws/install/moveit_ros_planning:/home/aaron/ur_ws/install/moveit_ros_occupancy_map_monitor:/home/aaron/ur_ws/install/moveit_core:/home/aaron/ur_ws/install/moveit_resources_panda_moveit_config:/home/aaron/ur_ws/install/srdfdom:/home/aaron/ur_ws/install/moveit_resources_pr2_description:/home/aaron/ur_ws/install/moveit_resources_panda_description:/home/aaron/ur_ws/install/moveit_common:/opt/ros/humble LD_LIBRARY_PATH=/home/aaron/ur_ws/install/moveit_ros_planning/lib:/home/aaron/ur_ws/install/moveit_ros_occupancy_map_monitor/lib:/home/aaron/ur_ws/install/moveit_core/lib:/home/aaron/ur_ws/install/srdfdom/lib:${LD_LIBRARY_PATH} PATH=/home/aaron/ur_ws/install/moveit_core/bin:${PATH} PYTHONPATH=/home/aaron/ur_ws/install/moveit_configs_utils/lib/python3.10/site-packages:/home/aaron/ur_ws/install/srdfdom/local/lib/python3.10/dist-packages:/home/aaron/ur_ws/install/launch_param_builder/lib/python3.10/site-packages:${PYTHONPATH} /usr/bin/cmake --install /home/aaron/ur_ws/build/moveit_ros_robot_interaction
[417.267s] Level 1:colcon.colcon_core.environment:checking '/home/aaron/ur_ws/install/moveit_ros_robot_interaction' for CMake config files
[417.269s] Level 1:colcon.colcon_core.shell:create_environment_hook('moveit_ros_robot_interaction', 'cmake_prefix_path')
[417.271s] INFO:colcon.colcon_core.shell:Creating environment hook '/home/aaron/ur_ws/install/moveit_ros_robot_interaction/share/moveit_ros_robot_interaction/hook/cmake_prefix_path.ps1'
[417.278s] INFO:colcon.colcon_core.shell:Creating environment descriptor '/home/aaron/ur_ws/install/moveit_ros_robot_interaction/share/moveit_ros_robot_interaction/hook/cmake_prefix_path.dsv'
[417.280s] INFO:colcon.colcon_core.shell:Creating environment hook '/home/aaron/ur_ws/install/moveit_ros_robot_interaction/share/moveit_ros_robot_interaction/hook/cmake_prefix_path.sh'
[417.284s] Level 1:colcon.colcon_core.environment:checking '/home/aaron/ur_ws/install/moveit_ros_robot_interaction/lib'
[417.284s] Level 1:colcon.colcon_core.shell:create_environment_hook('moveit_ros_robot_interaction', 'ld_library_path_lib')
[417.285s] INFO:colcon.colcon_core.shell:Creating environment hook '/home/aaron/ur_ws/install/moveit_ros_robot_interaction/share/moveit_ros_robot_interaction/hook/ld_library_path_lib.ps1'
[417.286s] INFO:colcon.colcon_core.shell:Creating environment descriptor '/home/aaron/ur_ws/install/moveit_ros_robot_interaction/share/moveit_ros_robot_interaction/hook/ld_library_path_lib.dsv'
[417.287s] INFO:colcon.colcon_core.shell:Creating environment hook '/home/aaron/ur_ws/install/moveit_ros_robot_interaction/share/moveit_ros_robot_interaction/hook/ld_library_path_lib.sh'
[417.288s] Level 1:colcon.colcon_core.environment:checking '/home/aaron/ur_ws/install/moveit_ros_robot_interaction/bin'
[417.289s] Level 1:colcon.colcon_core.environment:checking '/home/aaron/ur_ws/install/moveit_ros_robot_interaction/lib/pkgconfig/moveit_ros_robot_interaction.pc'
[417.292s] Level 1:colcon.colcon_core.environment:checking '/home/aaron/ur_ws/install/moveit_ros_robot_interaction/lib/python3.10/site-packages'
[417.293s] Level 1:colcon.colcon_core.environment:checking '/home/aaron/ur_ws/install/moveit_ros_robot_interaction/bin'
[417.294s] INFO:colcon.colcon_core.shell:Creating package script '/home/aaron/ur_ws/install/moveit_ros_robot_interaction/share/moveit_ros_robot_interaction/package.ps1'
[417.296s] INFO:colcon.colcon_core.shell:Creating package descriptor '/home/aaron/ur_ws/install/moveit_ros_robot_interaction/share/moveit_ros_robot_interaction/package.dsv'
[417.298s] INFO:colcon.colcon_core.shell:Creating package script '/home/aaron/ur_ws/install/moveit_ros_robot_interaction/share/moveit_ros_robot_interaction/package.sh'
[417.300s] INFO:colcon.colcon_core.shell:Creating package script '/home/aaron/ur_ws/install/moveit_ros_robot_interaction/share/moveit_ros_robot_interaction/package.bash'
[417.301s] INFO:colcon.colcon_core.shell:Creating package script '/home/aaron/ur_ws/install/moveit_ros_robot_interaction/share/moveit_ros_robot_interaction/package.zsh'
[417.303s] Level 1:colcon.colcon_core.environment:create_file_with_runtime_dependencies(/home/aaron/ur_ws/install/moveit_ros_robot_interaction/share/colcon-core/packages/moveit_ros_robot_interaction)
[417.306s] Level 1:colcon.colcon_core.environment:create_environment_scripts_only(moveit_ros_robot_interaction)
[417.306s] Level 1:colcon.colcon_core.environment:checking '/home/aaron/ur_ws/install/moveit_ros_robot_interaction' for CMake module files
[417.310s] Level 1:colcon.colcon_core.environment:checking '/home/aaron/ur_ws/install/moveit_ros_robot_interaction' for CMake config files
[417.311s] Level 1:colcon.colcon_core.shell:create_environment_hook('moveit_ros_robot_interaction', 'cmake_prefix_path')
[417.311s] INFO:colcon.colcon_core.shell:Creating environment hook '/home/aaron/ur_ws/install/moveit_ros_robot_interaction/share/moveit_ros_robot_interaction/hook/cmake_prefix_path.ps1'
[417.312s] INFO:colcon.colcon_core.shell:Creating environment descriptor '/home/aaron/ur_ws/install/moveit_ros_robot_interaction/share/moveit_ros_robot_interaction/hook/cmake_prefix_path.dsv'
[417.313s] INFO:colcon.colcon_core.shell:Creating environment hook '/home/aaron/ur_ws/install/moveit_ros_robot_interaction/share/moveit_ros_robot_interaction/hook/cmake_prefix_path.sh'
[417.314s] Level 1:colcon.colcon_core.environment:checking '/home/aaron/ur_ws/install/moveit_ros_robot_interaction/lib'
[417.315s] Level 1:colcon.colcon_core.shell:create_environment_hook('moveit_ros_robot_interaction', 'ld_library_path_lib')
[417.315s] INFO:colcon.colcon_core.shell:Creating environment hook '/home/aaron/ur_ws/install/moveit_ros_robot_interaction/share/moveit_ros_robot_interaction/hook/ld_library_path_lib.ps1'
[417.316s] INFO:colcon.colcon_core.shell:Creating environment descriptor '/home/aaron/ur_ws/install/moveit_ros_robot_interaction/share/moveit_ros_robot_interaction/hook/ld_library_path_lib.dsv'
[417.317s] INFO:colcon.colcon_core.shell:Creating environment hook '/home/aaron/ur_ws/install/moveit_ros_robot_interaction/share/moveit_ros_robot_interaction/hook/ld_library_path_lib.sh'
[417.318s] Level 1:colcon.colcon_core.environment:checking '/home/aaron/ur_ws/install/moveit_ros_robot_interaction/bin'
[417.318s] Level 1:colcon.colcon_core.environment:checking '/home/aaron/ur_ws/install/moveit_ros_robot_interaction/lib/pkgconfig/moveit_ros_robot_interaction.pc'
[417.318s] Level 1:colcon.colcon_core.environment:checking '/home/aaron/ur_ws/install/moveit_ros_robot_interaction/lib/python3.10/site-packages'
[417.319s] Level 1:colcon.colcon_core.environment:checking '/home/aaron/ur_ws/install/moveit_ros_robot_interaction/bin'
[417.320s] INFO:colcon.colcon_core.shell:Creating package script '/home/aaron/ur_ws/install/moveit_ros_robot_interaction/share/moveit_ros_robot_interaction/package.ps1'
[417.321s] INFO:colcon.colcon_core.shell:Creating package descriptor '/home/aaron/ur_ws/install/moveit_ros_robot_interaction/share/moveit_ros_robot_interaction/package.dsv'
[417.322s] INFO:colcon.colcon_core.shell:Creating package script '/home/aaron/ur_ws/install/moveit_ros_robot_interaction/share/moveit_ros_robot_interaction/package.sh'
[417.323s] INFO:colcon.colcon_core.shell:Creating package script '/home/aaron/ur_ws/install/moveit_ros_robot_interaction/share/moveit_ros_robot_interaction/package.bash'
[417.324s] INFO:colcon.colcon_core.shell:Creating package script '/home/aaron/ur_ws/install/moveit_ros_robot_interaction/share/moveit_ros_robot_interaction/package.zsh'
[417.325s] Level 1:colcon.colcon_core.environment:create_file_with_runtime_dependencies(/home/aaron/ur_ws/install/moveit_ros_robot_interaction/share/colcon-core/packages/moveit_ros_robot_interaction)
[426.329s] DEBUG:colcon.colcon_core.event_handler.log_command:Invoked command in '/home/aaron/ur_ws/build/moveit_visual_tools' returned '0': AMENT_PREFIX_PATH=/home/aaron/ur_ws/install/moveit_ros_planning:/home/aaron/ur_ws/install/moveit_ros_occupancy_map_monitor:/home/aaron/ur_ws/install/moveit_core:/home/aaron/ur_ws/install/moveit_resources_panda_moveit_config:/home/aaron/ur_ws/install/moveit_configs_utils:/home/aaron/ur_ws/install/srdfdom:/home/aaron/ur_ws/install/moveit_resources_pr2_description:/home/aaron/ur_ws/install/moveit_resources_panda_description:/home/aaron/ur_ws/install/moveit_common:/home/aaron/ur_ws/install/launch_param_builder:${AMENT_PREFIX_PATH} CMAKE_PREFIX_PATH=/home/aaron/ur_ws/install/moveit_ros_planning:/home/aaron/ur_ws/install/moveit_ros_occupancy_map_monitor:/home/aaron/ur_ws/install/moveit_core:/home/aaron/ur_ws/install/moveit_resources_panda_moveit_config:/home/aaron/ur_ws/install/srdfdom:/home/aaron/ur_ws/install/moveit_resources_pr2_description:/home/aaron/ur_ws/install/moveit_resources_panda_description:/home/aaron/ur_ws/install/moveit_common:/opt/ros/humble LD_LIBRARY_PATH=/home/aaron/ur_ws/install/moveit_ros_planning/lib:/home/aaron/ur_ws/install/moveit_ros_occupancy_map_monitor/lib:/home/aaron/ur_ws/install/moveit_core/lib:/home/aaron/ur_ws/install/srdfdom/lib:${LD_LIBRARY_PATH} PATH=/home/aaron/ur_ws/install/moveit_core/bin:${PATH} PYTHONPATH=/home/aaron/ur_ws/install/moveit_configs_utils/lib/python3.10/site-packages:/home/aaron/ur_ws/install/srdfdom/local/lib/python3.10/dist-packages:/home/aaron/ur_ws/install/launch_param_builder/lib/python3.10/site-packages:${PYTHONPATH} /usr/bin/cmake --build /home/aaron/ur_ws/build/moveit_visual_tools -- -j20 -l20
[426.336s] DEBUG:colcon.colcon_core.event_handler.log_command:Invoking command in '/home/aaron/ur_ws/build/moveit_visual_tools': AMENT_PREFIX_PATH=/home/aaron/ur_ws/install/moveit_ros_planning:/home/aaron/ur_ws/install/moveit_ros_occupancy_map_monitor:/home/aaron/ur_ws/install/moveit_core:/home/aaron/ur_ws/install/moveit_resources_panda_moveit_config:/home/aaron/ur_ws/install/moveit_configs_utils:/home/aaron/ur_ws/install/srdfdom:/home/aaron/ur_ws/install/moveit_resources_pr2_description:/home/aaron/ur_ws/install/moveit_resources_panda_description:/home/aaron/ur_ws/install/moveit_common:/home/aaron/ur_ws/install/launch_param_builder:${AMENT_PREFIX_PATH} CMAKE_PREFIX_PATH=/home/aaron/ur_ws/install/moveit_ros_planning:/home/aaron/ur_ws/install/moveit_ros_occupancy_map_monitor:/home/aaron/ur_ws/install/moveit_core:/home/aaron/ur_ws/install/moveit_resources_panda_moveit_config:/home/aaron/ur_ws/install/srdfdom:/home/aaron/ur_ws/install/moveit_resources_pr2_description:/home/aaron/ur_ws/install/moveit_resources_panda_description:/home/aaron/ur_ws/install/moveit_common:/opt/ros/humble LD_LIBRARY_PATH=/home/aaron/ur_ws/install/moveit_ros_planning/lib:/home/aaron/ur_ws/install/moveit_ros_occupancy_map_monitor/lib:/home/aaron/ur_ws/install/moveit_core/lib:/home/aaron/ur_ws/install/srdfdom/lib:${LD_LIBRARY_PATH} PATH=/home/aaron/ur_ws/install/moveit_core/bin:${PATH} PYTHONPATH=/home/aaron/ur_ws/install/moveit_configs_utils/lib/python3.10/site-packages:/home/aaron/ur_ws/install/srdfdom/local/lib/python3.10/dist-packages:/home/aaron/ur_ws/install/launch_param_builder/lib/python3.10/site-packages:${PYTHONPATH} /usr/bin/cmake --install /home/aaron/ur_ws/build/moveit_visual_tools
[426.358s] Level 1:colcon.colcon_core.environment:create_environment_scripts_only(moveit_visual_tools)
[426.358s] Level 1:colcon.colcon_core.environment:checking '/home/aaron/ur_ws/install/moveit_visual_tools' for CMake module files
[426.359s] DEBUG:colcon.colcon_core.event_handler.log_command:Invoked command in '/home/aaron/ur_ws/build/moveit_visual_tools' returned '0': AMENT_PREFIX_PATH=/home/aaron/ur_ws/install/moveit_ros_planning:/home/aaron/ur_ws/install/moveit_ros_occupancy_map_monitor:/home/aaron/ur_ws/install/moveit_core:/home/aaron/ur_ws/install/moveit_resources_panda_moveit_config:/home/aaron/ur_ws/install/moveit_configs_utils:/home/aaron/ur_ws/install/srdfdom:/home/aaron/ur_ws/install/moveit_resources_pr2_description:/home/aaron/ur_ws/install/moveit_resources_panda_description:/home/aaron/ur_ws/install/moveit_common:/home/aaron/ur_ws/install/launch_param_builder:${AMENT_PREFIX_PATH} CMAKE_PREFIX_PATH=/home/aaron/ur_ws/install/moveit_ros_planning:/home/aaron/ur_ws/install/moveit_ros_occupancy_map_monitor:/home/aaron/ur_ws/install/moveit_core:/home/aaron/ur_ws/install/moveit_resources_panda_moveit_config:/home/aaron/ur_ws/install/srdfdom:/home/aaron/ur_ws/install/moveit_resources_pr2_description:/home/aaron/ur_ws/install/moveit_resources_panda_description:/home/aaron/ur_ws/install/moveit_common:/opt/ros/humble LD_LIBRARY_PATH=/home/aaron/ur_ws/install/moveit_ros_planning/lib:/home/aaron/ur_ws/install/moveit_ros_occupancy_map_monitor/lib:/home/aaron/ur_ws/install/moveit_core/lib:/home/aaron/ur_ws/install/srdfdom/lib:${LD_LIBRARY_PATH} PATH=/home/aaron/ur_ws/install/moveit_core/bin:${PATH} PYTHONPATH=/home/aaron/ur_ws/install/moveit_configs_utils/lib/python3.10/site-packages:/home/aaron/ur_ws/install/srdfdom/local/lib/python3.10/dist-packages:/home/aaron/ur_ws/install/launch_param_builder/lib/python3.10/site-packages:${PYTHONPATH} /usr/bin/cmake --install /home/aaron/ur_ws/build/moveit_visual_tools
[426.360s] Level 1:colcon.colcon_core.environment:checking '/home/aaron/ur_ws/install/moveit_visual_tools' for CMake config files
[426.361s] Level 1:colcon.colcon_core.shell:create_environment_hook('moveit_visual_tools', 'cmake_prefix_path')
[426.361s] INFO:colcon.colcon_core.shell:Creating environment hook '/home/aaron/ur_ws/install/moveit_visual_tools/share/moveit_visual_tools/hook/cmake_prefix_path.ps1'
[426.362s] INFO:colcon.colcon_core.shell:Creating environment descriptor '/home/aaron/ur_ws/install/moveit_visual_tools/share/moveit_visual_tools/hook/cmake_prefix_path.dsv'
[426.363s] INFO:colcon.colcon_core.shell:Creating environment hook '/home/aaron/ur_ws/install/moveit_visual_tools/share/moveit_visual_tools/hook/cmake_prefix_path.sh'
[426.364s] Level 1:colcon.colcon_core.environment:checking '/home/aaron/ur_ws/install/moveit_visual_tools/lib'
[426.364s] Level 1:colcon.colcon_core.shell:create_environment_hook('moveit_visual_tools', 'ld_library_path_lib')
[426.365s] INFO:colcon.colcon_core.shell:Creating environment hook '/home/aaron/ur_ws/install/moveit_visual_tools/share/moveit_visual_tools/hook/ld_library_path_lib.ps1'
[426.366s] INFO:colcon.colcon_core.shell:Creating environment descriptor '/home/aaron/ur_ws/install/moveit_visual_tools/share/moveit_visual_tools/hook/ld_library_path_lib.dsv'
[426.366s] INFO:colcon.colcon_core.shell:Creating environment hook '/home/aaron/ur_ws/install/moveit_visual_tools/share/moveit_visual_tools/hook/ld_library_path_lib.sh'
[426.366s] Level 1:colcon.colcon_core.environment:checking '/home/aaron/ur_ws/install/moveit_visual_tools/bin'
[426.367s] Level 1:colcon.colcon_core.environment:checking '/home/aaron/ur_ws/install/moveit_visual_tools/lib/pkgconfig/moveit_visual_tools.pc'
[426.367s] Level 1:colcon.colcon_core.environment:checking '/home/aaron/ur_ws/install/moveit_visual_tools/lib/python3.10/site-packages'
[426.367s] Level 1:colcon.colcon_core.environment:checking '/home/aaron/ur_ws/install/moveit_visual_tools/bin'
[426.368s] INFO:colcon.colcon_core.shell:Creating package script '/home/aaron/ur_ws/install/moveit_visual_tools/share/moveit_visual_tools/package.ps1'
[426.369s] INFO:colcon.colcon_core.shell:Creating package descriptor '/home/aaron/ur_ws/install/moveit_visual_tools/share/moveit_visual_tools/package.dsv'
[426.369s] INFO:colcon.colcon_core.shell:Creating package script '/home/aaron/ur_ws/install/moveit_visual_tools/share/moveit_visual_tools/package.sh'
[426.370s] INFO:colcon.colcon_core.shell:Creating package script '/home/aaron/ur_ws/install/moveit_visual_tools/share/moveit_visual_tools/package.bash'
[426.370s] INFO:colcon.colcon_core.shell:Creating package script '/home/aaron/ur_ws/install/moveit_visual_tools/share/moveit_visual_tools/package.zsh'
[426.371s] Level 1:colcon.colcon_core.environment:create_file_with_runtime_dependencies(/home/aaron/ur_ws/install/moveit_visual_tools/share/colcon-core/packages/moveit_visual_tools)
[426.371s] Level 1:colcon.colcon_core.environment:create_environment_scripts_only(moveit_visual_tools)
[426.372s] Level 1:colcon.colcon_core.environment:checking '/home/aaron/ur_ws/install/moveit_visual_tools' for CMake module files
[426.372s] Level 1:colcon.colcon_core.environment:checking '/home/aaron/ur_ws/install/moveit_visual_tools' for CMake config files
[426.372s] Level 1:colcon.colcon_core.shell:create_environment_hook('moveit_visual_tools', 'cmake_prefix_path')
[426.373s] INFO:colcon.colcon_core.shell:Creating environment hook '/home/aaron/ur_ws/install/moveit_visual_tools/share/moveit_visual_tools/hook/cmake_prefix_path.ps1'
[426.373s] INFO:colcon.colcon_core.shell:Creating environment descriptor '/home/aaron/ur_ws/install/moveit_visual_tools/share/moveit_visual_tools/hook/cmake_prefix_path.dsv'
[426.373s] INFO:colcon.colcon_core.shell:Creating environment hook '/home/aaron/ur_ws/install/moveit_visual_tools/share/moveit_visual_tools/hook/cmake_prefix_path.sh'
[426.374s] Level 1:colcon.colcon_core.environment:checking '/home/aaron/ur_ws/install/moveit_visual_tools/lib'
[426.374s] Level 1:colcon.colcon_core.shell:create_environment_hook('moveit_visual_tools', 'ld_library_path_lib')
[426.374s] INFO:colcon.colcon_core.shell:Creating environment hook '/home/aaron/ur_ws/install/moveit_visual_tools/share/moveit_visual_tools/hook/ld_library_path_lib.ps1'
[426.375s] INFO:colcon.colcon_core.shell:Creating environment descriptor '/home/aaron/ur_ws/install/moveit_visual_tools/share/moveit_visual_tools/hook/ld_library_path_lib.dsv'
[426.375s] INFO:colcon.colcon_core.shell:Creating environment hook '/home/aaron/ur_ws/install/moveit_visual_tools/share/moveit_visual_tools/hook/ld_library_path_lib.sh'
[426.375s] Level 1:colcon.colcon_core.environment:checking '/home/aaron/ur_ws/install/moveit_visual_tools/bin'
[426.376s] Level 1:colcon.colcon_core.environment:checking '/home/aaron/ur_ws/install/moveit_visual_tools/lib/pkgconfig/moveit_visual_tools.pc'
[426.376s] Level 1:colcon.colcon_core.environment:checking '/home/aaron/ur_ws/install/moveit_visual_tools/lib/python3.10/site-packages'
[426.376s] Level 1:colcon.colcon_core.environment:checking '/home/aaron/ur_ws/install/moveit_visual_tools/bin'
[426.377s] INFO:colcon.colcon_core.shell:Creating package script '/home/aaron/ur_ws/install/moveit_visual_tools/share/moveit_visual_tools/package.ps1'
[426.377s] INFO:colcon.colcon_core.shell:Creating package descriptor '/home/aaron/ur_ws/install/moveit_visual_tools/share/moveit_visual_tools/package.dsv'
[426.378s] INFO:colcon.colcon_core.shell:Creating package script '/home/aaron/ur_ws/install/moveit_visual_tools/share/moveit_visual_tools/package.sh'
[426.378s] INFO:colcon.colcon_core.shell:Creating package script '/home/aaron/ur_ws/install/moveit_visual_tools/share/moveit_visual_tools/package.bash'
[426.379s] INFO:colcon.colcon_core.shell:Creating package script '/home/aaron/ur_ws/install/moveit_visual_tools/share/moveit_visual_tools/package.zsh'
[426.379s] Level 1:colcon.colcon_core.environment:create_file_with_runtime_dependencies(/home/aaron/ur_ws/install/moveit_visual_tools/share/colcon-core/packages/moveit_visual_tools)
[432.206s] DEBUG:colcon.colcon_core.event_handler.log_command:Invoked command in '/home/aaron/ur_ws/build/moveit_kinematics' returned '0': AMENT_PREFIX_PATH=/home/aaron/ur_ws/install/moveit_ros_planning:/home/aaron/ur_ws/install/moveit_ros_occupancy_map_monitor:/home/aaron/ur_ws/install/moveit_core:/home/aaron/ur_ws/install/moveit_resources_panda_moveit_config:/home/aaron/ur_ws/install/moveit_resources_fanuc_moveit_config:/home/aaron/ur_ws/install/moveit_configs_utils:/home/aaron/ur_ws/install/srdfdom:/home/aaron/ur_ws/install/moveit_resources_pr2_description:/home/aaron/ur_ws/install/moveit_resources_panda_description:/home/aaron/ur_ws/install/moveit_resources_fanuc_description:/home/aaron/ur_ws/install/moveit_common:/home/aaron/ur_ws/install/launch_param_builder:${AMENT_PREFIX_PATH} CMAKE_PREFIX_PATH=/home/aaron/ur_ws/install/moveit_ros_planning:/home/aaron/ur_ws/install/moveit_ros_occupancy_map_monitor:/home/aaron/ur_ws/install/moveit_core:/home/aaron/ur_ws/install/moveit_resources_panda_moveit_config:/home/aaron/ur_ws/install/moveit_resources_fanuc_moveit_config:/home/aaron/ur_ws/install/srdfdom:/home/aaron/ur_ws/install/moveit_resources_pr2_description:/home/aaron/ur_ws/install/moveit_resources_panda_description:/home/aaron/ur_ws/install/moveit_resources_fanuc_description:/home/aaron/ur_ws/install/moveit_common:/opt/ros/humble LD_LIBRARY_PATH=/home/aaron/ur_ws/install/moveit_ros_planning/lib:/home/aaron/ur_ws/install/moveit_ros_occupancy_map_monitor/lib:/home/aaron/ur_ws/install/moveit_core/lib:/home/aaron/ur_ws/install/srdfdom/lib:${LD_LIBRARY_PATH} PATH=/home/aaron/ur_ws/install/moveit_core/bin:${PATH} PYTHONPATH=/home/aaron/ur_ws/install/moveit_configs_utils/lib/python3.10/site-packages:/home/aaron/ur_ws/install/srdfdom/local/lib/python3.10/dist-packages:/home/aaron/ur_ws/install/launch_param_builder/lib/python3.10/site-packages:${PYTHONPATH} /usr/bin/cmake --build /home/aaron/ur_ws/build/moveit_kinematics -- -j20 -l20
[432.209s] DEBUG:colcon.colcon_core.event_handler.log_command:Invoking command in '/home/aaron/ur_ws/build/moveit_kinematics': AMENT_PREFIX_PATH=/home/aaron/ur_ws/install/moveit_ros_planning:/home/aaron/ur_ws/install/moveit_ros_occupancy_map_monitor:/home/aaron/ur_ws/install/moveit_core:/home/aaron/ur_ws/install/moveit_resources_panda_moveit_config:/home/aaron/ur_ws/install/moveit_resources_fanuc_moveit_config:/home/aaron/ur_ws/install/moveit_configs_utils:/home/aaron/ur_ws/install/srdfdom:/home/aaron/ur_ws/install/moveit_resources_pr2_description:/home/aaron/ur_ws/install/moveit_resources_panda_description:/home/aaron/ur_ws/install/moveit_resources_fanuc_description:/home/aaron/ur_ws/install/moveit_common:/home/aaron/ur_ws/install/launch_param_builder:${AMENT_PREFIX_PATH} CMAKE_PREFIX_PATH=/home/aaron/ur_ws/install/moveit_ros_planning:/home/aaron/ur_ws/install/moveit_ros_occupancy_map_monitor:/home/aaron/ur_ws/install/moveit_core:/home/aaron/ur_ws/install/moveit_resources_panda_moveit_config:/home/aaron/ur_ws/install/moveit_resources_fanuc_moveit_config:/home/aaron/ur_ws/install/srdfdom:/home/aaron/ur_ws/install/moveit_resources_pr2_description:/home/aaron/ur_ws/install/moveit_resources_panda_description:/home/aaron/ur_ws/install/moveit_resources_fanuc_description:/home/aaron/ur_ws/install/moveit_common:/opt/ros/humble LD_LIBRARY_PATH=/home/aaron/ur_ws/install/moveit_ros_planning/lib:/home/aaron/ur_ws/install/moveit_ros_occupancy_map_monitor/lib:/home/aaron/ur_ws/install/moveit_core/lib:/home/aaron/ur_ws/install/srdfdom/lib:${LD_LIBRARY_PATH} PATH=/home/aaron/ur_ws/install/moveit_core/bin:${PATH} PYTHONPATH=/home/aaron/ur_ws/install/moveit_configs_utils/lib/python3.10/site-packages:/home/aaron/ur_ws/install/srdfdom/local/lib/python3.10/dist-packages:/home/aaron/ur_ws/install/launch_param_builder/lib/python3.10/site-packages:${PYTHONPATH} /usr/bin/cmake --install /home/aaron/ur_ws/build/moveit_kinematics
[432.230s] Level 1:colcon.colcon_core.environment:create_environment_scripts_only(moveit_kinematics)
[432.230s] Level 1:colcon.colcon_core.environment:checking '/home/aaron/ur_ws/install/moveit_kinematics' for CMake module files
[432.231s] DEBUG:colcon.colcon_core.event_handler.log_command:Invoked command in '/home/aaron/ur_ws/build/moveit_kinematics' returned '0': AMENT_PREFIX_PATH=/home/aaron/ur_ws/install/moveit_ros_planning:/home/aaron/ur_ws/install/moveit_ros_occupancy_map_monitor:/home/aaron/ur_ws/install/moveit_core:/home/aaron/ur_ws/install/moveit_resources_panda_moveit_config:/home/aaron/ur_ws/install/moveit_resources_fanuc_moveit_config:/home/aaron/ur_ws/install/moveit_configs_utils:/home/aaron/ur_ws/install/srdfdom:/home/aaron/ur_ws/install/moveit_resources_pr2_description:/home/aaron/ur_ws/install/moveit_resources_panda_description:/home/aaron/ur_ws/install/moveit_resources_fanuc_description:/home/aaron/ur_ws/install/moveit_common:/home/aaron/ur_ws/install/launch_param_builder:${AMENT_PREFIX_PATH} CMAKE_PREFIX_PATH=/home/aaron/ur_ws/install/moveit_ros_planning:/home/aaron/ur_ws/install/moveit_ros_occupancy_map_monitor:/home/aaron/ur_ws/install/moveit_core:/home/aaron/ur_ws/install/moveit_resources_panda_moveit_config:/home/aaron/ur_ws/install/moveit_resources_fanuc_moveit_config:/home/aaron/ur_ws/install/srdfdom:/home/aaron/ur_ws/install/moveit_resources_pr2_description:/home/aaron/ur_ws/install/moveit_resources_panda_description:/home/aaron/ur_ws/install/moveit_resources_fanuc_description:/home/aaron/ur_ws/install/moveit_common:/opt/ros/humble LD_LIBRARY_PATH=/home/aaron/ur_ws/install/moveit_ros_planning/lib:/home/aaron/ur_ws/install/moveit_ros_occupancy_map_monitor/lib:/home/aaron/ur_ws/install/moveit_core/lib:/home/aaron/ur_ws/install/srdfdom/lib:${LD_LIBRARY_PATH} PATH=/home/aaron/ur_ws/install/moveit_core/bin:${PATH} PYTHONPATH=/home/aaron/ur_ws/install/moveit_configs_utils/lib/python3.10/site-packages:/home/aaron/ur_ws/install/srdfdom/local/lib/python3.10/dist-packages:/home/aaron/ur_ws/install/launch_param_builder/lib/python3.10/site-packages:${PYTHONPATH} /usr/bin/cmake --install /home/aaron/ur_ws/build/moveit_kinematics
[432.232s] Level 1:colcon.colcon_core.environment:checking '/home/aaron/ur_ws/install/moveit_kinematics' for CMake config files
[432.233s] Level 1:colcon.colcon_core.shell:create_environment_hook('moveit_kinematics', 'cmake_prefix_path')
[432.233s] INFO:colcon.colcon_core.shell:Creating environment hook '/home/aaron/ur_ws/install/moveit_kinematics/share/moveit_kinematics/hook/cmake_prefix_path.ps1'
[432.234s] INFO:colcon.colcon_core.shell:Creating environment descriptor '/home/aaron/ur_ws/install/moveit_kinematics/share/moveit_kinematics/hook/cmake_prefix_path.dsv'
[432.234s] INFO:colcon.colcon_core.shell:Creating environment hook '/home/aaron/ur_ws/install/moveit_kinematics/share/moveit_kinematics/hook/cmake_prefix_path.sh'
[432.235s] Level 1:colcon.colcon_core.environment:checking '/home/aaron/ur_ws/install/moveit_kinematics/lib'
[432.235s] Level 1:colcon.colcon_core.shell:create_environment_hook('moveit_kinematics', 'ld_library_path_lib')
[432.235s] INFO:colcon.colcon_core.shell:Creating environment hook '/home/aaron/ur_ws/install/moveit_kinematics/share/moveit_kinematics/hook/ld_library_path_lib.ps1'
[432.235s] INFO:colcon.colcon_core.shell:Creating environment descriptor '/home/aaron/ur_ws/install/moveit_kinematics/share/moveit_kinematics/hook/ld_library_path_lib.dsv'
[432.236s] INFO:colcon.colcon_core.shell:Creating environment hook '/home/aaron/ur_ws/install/moveit_kinematics/share/moveit_kinematics/hook/ld_library_path_lib.sh'
[432.236s] Level 1:colcon.colcon_core.environment:checking '/home/aaron/ur_ws/install/moveit_kinematics/bin'
[432.236s] Level 1:colcon.colcon_core.environment:checking '/home/aaron/ur_ws/install/moveit_kinematics/lib/pkgconfig/moveit_kinematics.pc'
[432.236s] Level 1:colcon.colcon_core.environment:checking '/home/aaron/ur_ws/install/moveit_kinematics/lib/python3.10/site-packages'
[432.237s] Level 1:colcon.colcon_core.environment:checking '/home/aaron/ur_ws/install/moveit_kinematics/bin'
[432.237s] INFO:colcon.colcon_core.shell:Creating package script '/home/aaron/ur_ws/install/moveit_kinematics/share/moveit_kinematics/package.ps1'
[432.238s] INFO:colcon.colcon_core.shell:Creating package descriptor '/home/aaron/ur_ws/install/moveit_kinematics/share/moveit_kinematics/package.dsv'
[432.238s] INFO:colcon.colcon_core.shell:Creating package script '/home/aaron/ur_ws/install/moveit_kinematics/share/moveit_kinematics/package.sh'
[432.238s] INFO:colcon.colcon_core.shell:Creating package script '/home/aaron/ur_ws/install/moveit_kinematics/share/moveit_kinematics/package.bash'
[432.239s] INFO:colcon.colcon_core.shell:Creating package script '/home/aaron/ur_ws/install/moveit_kinematics/share/moveit_kinematics/package.zsh'
[432.239s] Level 1:colcon.colcon_core.environment:create_file_with_runtime_dependencies(/home/aaron/ur_ws/install/moveit_kinematics/share/colcon-core/packages/moveit_kinematics)
[432.240s] Level 1:colcon.colcon_core.environment:create_environment_scripts_only(moveit_kinematics)
[432.240s] Level 1:colcon.colcon_core.environment:checking '/home/aaron/ur_ws/install/moveit_kinematics' for CMake module files
[432.240s] Level 1:colcon.colcon_core.environment:checking '/home/aaron/ur_ws/install/moveit_kinematics' for CMake config files
[432.241s] Level 1:colcon.colcon_core.shell:create_environment_hook('moveit_kinematics', 'cmake_prefix_path')
[432.241s] INFO:colcon.colcon_core.shell:Creating environment hook '/home/aaron/ur_ws/install/moveit_kinematics/share/moveit_kinematics/hook/cmake_prefix_path.ps1'
[432.241s] INFO:colcon.colcon_core.shell:Creating environment descriptor '/home/aaron/ur_ws/install/moveit_kinematics/share/moveit_kinematics/hook/cmake_prefix_path.dsv'
[432.242s] INFO:colcon.colcon_core.shell:Creating environment hook '/home/aaron/ur_ws/install/moveit_kinematics/share/moveit_kinematics/hook/cmake_prefix_path.sh'
[432.242s] Level 1:colcon.colcon_core.environment:checking '/home/aaron/ur_ws/install/moveit_kinematics/lib'
[432.242s] Level 1:colcon.colcon_core.shell:create_environment_hook('moveit_kinematics', 'ld_library_path_lib')
[432.242s] INFO:colcon.colcon_core.shell:Creating environment hook '/home/aaron/ur_ws/install/moveit_kinematics/share/moveit_kinematics/hook/ld_library_path_lib.ps1'
[432.243s] INFO:colcon.colcon_core.shell:Creating environment descriptor '/home/aaron/ur_ws/install/moveit_kinematics/share/moveit_kinematics/hook/ld_library_path_lib.dsv'
[432.243s] INFO:colcon.colcon_core.shell:Creating environment hook '/home/aaron/ur_ws/install/moveit_kinematics/share/moveit_kinematics/hook/ld_library_path_lib.sh'
[432.243s] Level 1:colcon.colcon_core.environment:checking '/home/aaron/ur_ws/install/moveit_kinematics/bin'
[432.243s] Level 1:colcon.colcon_core.environment:checking '/home/aaron/ur_ws/install/moveit_kinematics/lib/pkgconfig/moveit_kinematics.pc'
[432.244s] Level 1:colcon.colcon_core.environment:checking '/home/aaron/ur_ws/install/moveit_kinematics/lib/python3.10/site-packages'
[432.244s] Level 1:colcon.colcon_core.environment:checking '/home/aaron/ur_ws/install/moveit_kinematics/bin'
[432.244s] INFO:colcon.colcon_core.shell:Creating package script '/home/aaron/ur_ws/install/moveit_kinematics/share/moveit_kinematics/package.ps1'
[432.245s] INFO:colcon.colcon_core.shell:Creating package descriptor '/home/aaron/ur_ws/install/moveit_kinematics/share/moveit_kinematics/package.dsv'
[432.245s] INFO:colcon.colcon_core.shell:Creating package script '/home/aaron/ur_ws/install/moveit_kinematics/share/moveit_kinematics/package.sh'
[432.246s] INFO:colcon.colcon_core.shell:Creating package script '/home/aaron/ur_ws/install/moveit_kinematics/share/moveit_kinematics/package.bash'
[432.246s] INFO:colcon.colcon_core.shell:Creating package script '/home/aaron/ur_ws/install/moveit_kinematics/share/moveit_kinematics/package.zsh'
[432.246s] Level 1:colcon.colcon_core.environment:create_file_with_runtime_dependencies(/home/aaron/ur_ws/install/moveit_kinematics/share/colcon-core/packages/moveit_kinematics)
[432.248s] INFO:colcon.colcon_ros.task.ament_cmake.build:Building ROS package in '/home/aaron/ur_ws/src/moveit2/moveit_ros/move_group' with build type 'ament_cmake'
[432.248s] INFO:colcon.colcon_cmake.task.cmake.build:Building CMake package in '/home/aaron/ur_ws/src/moveit2/moveit_ros/move_group'
[432.248s] INFO:colcon.colcon_core.shell:Skip shell extension 'powershell' for command environment: Not usable outside of PowerShell
[432.249s] DEBUG:colcon.colcon_core.shell:Skip shell extension 'dsv' for command environment
[432.300s] DEBUG:colcon.colcon_core.event_handler.log_command:Invoking command in '/home/aaron/ur_ws/build/moveit_ros_move_group': AMENT_PREFIX_PATH=/home/aaron/ur_ws/install/moveit_kinematics:/home/aaron/ur_ws/install/moveit_ros_planning:/home/aaron/ur_ws/install/moveit_ros_occupancy_map_monitor:/home/aaron/ur_ws/install/moveit_core:/home/aaron/ur_ws/install/moveit_resources_panda_moveit_config:/home/aaron/ur_ws/install/moveit_resources_fanuc_moveit_config:/home/aaron/ur_ws/install/moveit_configs_utils:/home/aaron/ur_ws/install/srdfdom:/home/aaron/ur_ws/install/moveit_resources_pr2_description:/home/aaron/ur_ws/install/moveit_resources_panda_description:/home/aaron/ur_ws/install/moveit_resources_fanuc_description:/home/aaron/ur_ws/install/moveit_common:/home/aaron/ur_ws/install/launch_param_builder:${AMENT_PREFIX_PATH} CMAKE_PREFIX_PATH=/home/aaron/ur_ws/install/moveit_kinematics:/home/aaron/ur_ws/install/moveit_ros_planning:/home/aaron/ur_ws/install/moveit_ros_occupancy_map_monitor:/home/aaron/ur_ws/install/moveit_core:/home/aaron/ur_ws/install/moveit_resources_panda_moveit_config:/home/aaron/ur_ws/install/moveit_resources_fanuc_moveit_config:/home/aaron/ur_ws/install/srdfdom:/home/aaron/ur_ws/install/moveit_resources_pr2_description:/home/aaron/ur_ws/install/moveit_resources_panda_description:/home/aaron/ur_ws/install/moveit_resources_fanuc_description:/home/aaron/ur_ws/install/moveit_common:/opt/ros/humble LD_LIBRARY_PATH=/home/aaron/ur_ws/install/moveit_kinematics/lib:/home/aaron/ur_ws/install/moveit_ros_planning/lib:/home/aaron/ur_ws/install/moveit_ros_occupancy_map_monitor/lib:/home/aaron/ur_ws/install/moveit_core/lib:/home/aaron/ur_ws/install/srdfdom/lib:${LD_LIBRARY_PATH} PATH=/home/aaron/ur_ws/install/moveit_core/bin:${PATH} PYTHONPATH=/home/aaron/ur_ws/install/moveit_configs_utils/lib/python3.10/site-packages:/home/aaron/ur_ws/install/srdfdom/local/lib/python3.10/dist-packages:/home/aaron/ur_ws/install/launch_param_builder/lib/python3.10/site-packages:${PYTHONPATH} /usr/bin/cmake --build /home/aaron/ur_ws/build/moveit_ros_move_group -- -j20 -l20
[442.324s] DEBUG:colcon.colcon_core.event_handler.log_command:Invoked command in '/home/aaron/ur_ws/build/moveit_ros_perception' returned '0': AMENT_PREFIX_PATH=/home/aaron/ur_ws/install/moveit_ros_planning:/home/aaron/ur_ws/install/moveit_ros_occupancy_map_monitor:/home/aaron/ur_ws/install/moveit_core:/home/aaron/ur_ws/install/moveit_resources_panda_moveit_config:/home/aaron/ur_ws/install/moveit_configs_utils:/home/aaron/ur_ws/install/srdfdom:/home/aaron/ur_ws/install/moveit_resources_pr2_description:/home/aaron/ur_ws/install/moveit_resources_panda_description:/home/aaron/ur_ws/install/moveit_common:/home/aaron/ur_ws/install/launch_param_builder:${AMENT_PREFIX_PATH} CMAKE_PREFIX_PATH=/home/aaron/ur_ws/install/moveit_ros_planning:/home/aaron/ur_ws/install/moveit_ros_occupancy_map_monitor:/home/aaron/ur_ws/install/moveit_core:/home/aaron/ur_ws/install/moveit_resources_panda_moveit_config:/home/aaron/ur_ws/install/srdfdom:/home/aaron/ur_ws/install/moveit_resources_pr2_description:/home/aaron/ur_ws/install/moveit_resources_panda_description:/home/aaron/ur_ws/install/moveit_common:/opt/ros/humble LD_LIBRARY_PATH=/home/aaron/ur_ws/install/moveit_ros_planning/lib:/home/aaron/ur_ws/install/moveit_ros_occupancy_map_monitor/lib:/home/aaron/ur_ws/install/moveit_core/lib:/home/aaron/ur_ws/install/srdfdom/lib:${LD_LIBRARY_PATH} PATH=/home/aaron/ur_ws/install/moveit_core/bin:${PATH} PYTHONPATH=/home/aaron/ur_ws/install/moveit_configs_utils/lib/python3.10/site-packages:/home/aaron/ur_ws/install/srdfdom/local/lib/python3.10/dist-packages:/home/aaron/ur_ws/install/launch_param_builder/lib/python3.10/site-packages:${PYTHONPATH} /usr/bin/cmake --build /home/aaron/ur_ws/build/moveit_ros_perception -- -j20 -l20
[442.329s] DEBUG:colcon.colcon_core.event_handler.log_command:Invoking command in '/home/aaron/ur_ws/build/moveit_ros_perception': AMENT_PREFIX_PATH=/home/aaron/ur_ws/install/moveit_ros_planning:/home/aaron/ur_ws/install/moveit_ros_occupancy_map_monitor:/home/aaron/ur_ws/install/moveit_core:/home/aaron/ur_ws/install/moveit_resources_panda_moveit_config:/home/aaron/ur_ws/install/moveit_configs_utils:/home/aaron/ur_ws/install/srdfdom:/home/aaron/ur_ws/install/moveit_resources_pr2_description:/home/aaron/ur_ws/install/moveit_resources_panda_description:/home/aaron/ur_ws/install/moveit_common:/home/aaron/ur_ws/install/launch_param_builder:${AMENT_PREFIX_PATH} CMAKE_PREFIX_PATH=/home/aaron/ur_ws/install/moveit_ros_planning:/home/aaron/ur_ws/install/moveit_ros_occupancy_map_monitor:/home/aaron/ur_ws/install/moveit_core:/home/aaron/ur_ws/install/moveit_resources_panda_moveit_config:/home/aaron/ur_ws/install/srdfdom:/home/aaron/ur_ws/install/moveit_resources_pr2_description:/home/aaron/ur_ws/install/moveit_resources_panda_description:/home/aaron/ur_ws/install/moveit_common:/opt/ros/humble LD_LIBRARY_PATH=/home/aaron/ur_ws/install/moveit_ros_planning/lib:/home/aaron/ur_ws/install/moveit_ros_occupancy_map_monitor/lib:/home/aaron/ur_ws/install/moveit_core/lib:/home/aaron/ur_ws/install/srdfdom/lib:${LD_LIBRARY_PATH} PATH=/home/aaron/ur_ws/install/moveit_core/bin:${PATH} PYTHONPATH=/home/aaron/ur_ws/install/moveit_configs_utils/lib/python3.10/site-packages:/home/aaron/ur_ws/install/srdfdom/local/lib/python3.10/dist-packages:/home/aaron/ur_ws/install/launch_param_builder/lib/python3.10/site-packages:${PYTHONPATH} /usr/bin/cmake --install /home/aaron/ur_ws/build/moveit_ros_perception
[442.389s] Level 1:colcon.colcon_core.environment:create_environment_scripts_only(moveit_ros_perception)
[442.390s] Level 1:colcon.colcon_core.environment:checking '/home/aaron/ur_ws/install/moveit_ros_perception' for CMake module files
[442.391s] DEBUG:colcon.colcon_core.event_handler.log_command:Invoked command in '/home/aaron/ur_ws/build/moveit_ros_perception' returned '0': AMENT_PREFIX_PATH=/home/aaron/ur_ws/install/moveit_ros_planning:/home/aaron/ur_ws/install/moveit_ros_occupancy_map_monitor:/home/aaron/ur_ws/install/moveit_core:/home/aaron/ur_ws/install/moveit_resources_panda_moveit_config:/home/aaron/ur_ws/install/moveit_configs_utils:/home/aaron/ur_ws/install/srdfdom:/home/aaron/ur_ws/install/moveit_resources_pr2_description:/home/aaron/ur_ws/install/moveit_resources_panda_description:/home/aaron/ur_ws/install/moveit_common:/home/aaron/ur_ws/install/launch_param_builder:${AMENT_PREFIX_PATH} CMAKE_PREFIX_PATH=/home/aaron/ur_ws/install/moveit_ros_planning:/home/aaron/ur_ws/install/moveit_ros_occupancy_map_monitor:/home/aaron/ur_ws/install/moveit_core:/home/aaron/ur_ws/install/moveit_resources_panda_moveit_config:/home/aaron/ur_ws/install/srdfdom:/home/aaron/ur_ws/install/moveit_resources_pr2_description:/home/aaron/ur_ws/install/moveit_resources_panda_description:/home/aaron/ur_ws/install/moveit_common:/opt/ros/humble LD_LIBRARY_PATH=/home/aaron/ur_ws/install/moveit_ros_planning/lib:/home/aaron/ur_ws/install/moveit_ros_occupancy_map_monitor/lib:/home/aaron/ur_ws/install/moveit_core/lib:/home/aaron/ur_ws/install/srdfdom/lib:${LD_LIBRARY_PATH} PATH=/home/aaron/ur_ws/install/moveit_core/bin:${PATH} PYTHONPATH=/home/aaron/ur_ws/install/moveit_configs_utils/lib/python3.10/site-packages:/home/aaron/ur_ws/install/srdfdom/local/lib/python3.10/dist-packages:/home/aaron/ur_ws/install/launch_param_builder/lib/python3.10/site-packages:${PYTHONPATH} /usr/bin/cmake --install /home/aaron/ur_ws/build/moveit_ros_perception
[442.392s] Level 1:colcon.colcon_core.environment:checking '/home/aaron/ur_ws/install/moveit_ros_perception' for CMake config files
[442.393s] Level 1:colcon.colcon_core.shell:create_environment_hook('moveit_ros_perception', 'cmake_prefix_path')
[442.394s] INFO:colcon.colcon_core.shell:Creating environment hook '/home/aaron/ur_ws/install/moveit_ros_perception/share/moveit_ros_perception/hook/cmake_prefix_path.ps1'
[442.395s] INFO:colcon.colcon_core.shell:Creating environment descriptor '/home/aaron/ur_ws/install/moveit_ros_perception/share/moveit_ros_perception/hook/cmake_prefix_path.dsv'
[442.395s] INFO:colcon.colcon_core.shell:Creating environment hook '/home/aaron/ur_ws/install/moveit_ros_perception/share/moveit_ros_perception/hook/cmake_prefix_path.sh'
[442.396s] Level 1:colcon.colcon_core.environment:checking '/home/aaron/ur_ws/install/moveit_ros_perception/lib'
[442.396s] Level 1:colcon.colcon_core.shell:create_environment_hook('moveit_ros_perception', 'ld_library_path_lib')
[442.397s] INFO:colcon.colcon_core.shell:Creating environment hook '/home/aaron/ur_ws/install/moveit_ros_perception/share/moveit_ros_perception/hook/ld_library_path_lib.ps1'
[442.397s] INFO:colcon.colcon_core.shell:Creating environment descriptor '/home/aaron/ur_ws/install/moveit_ros_perception/share/moveit_ros_perception/hook/ld_library_path_lib.dsv'
[442.398s] INFO:colcon.colcon_core.shell:Creating environment hook '/home/aaron/ur_ws/install/moveit_ros_perception/share/moveit_ros_perception/hook/ld_library_path_lib.sh'
[442.399s] Level 1:colcon.colcon_core.environment:checking '/home/aaron/ur_ws/install/moveit_ros_perception/bin'
[442.399s] Level 1:colcon.colcon_core.environment:checking '/home/aaron/ur_ws/install/moveit_ros_perception/lib/pkgconfig/moveit_ros_perception.pc'
[442.399s] Level 1:colcon.colcon_core.environment:checking '/home/aaron/ur_ws/install/moveit_ros_perception/lib/python3.10/site-packages'
[442.400s] Level 1:colcon.colcon_core.environment:checking '/home/aaron/ur_ws/install/moveit_ros_perception/bin'
[442.400s] INFO:colcon.colcon_core.shell:Creating package script '/home/aaron/ur_ws/install/moveit_ros_perception/share/moveit_ros_perception/package.ps1'
[442.401s] INFO:colcon.colcon_core.shell:Creating package descriptor '/home/aaron/ur_ws/install/moveit_ros_perception/share/moveit_ros_perception/package.dsv'
[442.402s] INFO:colcon.colcon_core.shell:Creating package script '/home/aaron/ur_ws/install/moveit_ros_perception/share/moveit_ros_perception/package.sh'
[442.403s] INFO:colcon.colcon_core.shell:Creating package script '/home/aaron/ur_ws/install/moveit_ros_perception/share/moveit_ros_perception/package.bash'
[442.404s] INFO:colcon.colcon_core.shell:Creating package script '/home/aaron/ur_ws/install/moveit_ros_perception/share/moveit_ros_perception/package.zsh'
[442.404s] Level 1:colcon.colcon_core.environment:create_file_with_runtime_dependencies(/home/aaron/ur_ws/install/moveit_ros_perception/share/colcon-core/packages/moveit_ros_perception)
[442.405s] Level 1:colcon.colcon_core.environment:create_environment_scripts_only(moveit_ros_perception)
[442.406s] Level 1:colcon.colcon_core.environment:checking '/home/aaron/ur_ws/install/moveit_ros_perception' for CMake module files
[442.407s] Level 1:colcon.colcon_core.environment:checking '/home/aaron/ur_ws/install/moveit_ros_perception' for CMake config files
[442.407s] Level 1:colcon.colcon_core.shell:create_environment_hook('moveit_ros_perception', 'cmake_prefix_path')
[442.407s] INFO:colcon.colcon_core.shell:Creating environment hook '/home/aaron/ur_ws/install/moveit_ros_perception/share/moveit_ros_perception/hook/cmake_prefix_path.ps1'
[442.408s] INFO:colcon.colcon_core.shell:Creating environment descriptor '/home/aaron/ur_ws/install/moveit_ros_perception/share/moveit_ros_perception/hook/cmake_prefix_path.dsv'
[442.409s] INFO:colcon.colcon_core.shell:Creating environment hook '/home/aaron/ur_ws/install/moveit_ros_perception/share/moveit_ros_perception/hook/cmake_prefix_path.sh'
[442.409s] Level 1:colcon.colcon_core.environment:checking '/home/aaron/ur_ws/install/moveit_ros_perception/lib'
[442.410s] Level 1:colcon.colcon_core.shell:create_environment_hook('moveit_ros_perception', 'ld_library_path_lib')
[442.410s] INFO:colcon.colcon_core.shell:Creating environment hook '/home/aaron/ur_ws/install/moveit_ros_perception/share/moveit_ros_perception/hook/ld_library_path_lib.ps1'
[442.411s] INFO:colcon.colcon_core.shell:Creating environment descriptor '/home/aaron/ur_ws/install/moveit_ros_perception/share/moveit_ros_perception/hook/ld_library_path_lib.dsv'
[442.411s] INFO:colcon.colcon_core.shell:Creating environment hook '/home/aaron/ur_ws/install/moveit_ros_perception/share/moveit_ros_perception/hook/ld_library_path_lib.sh'
[442.412s] Level 1:colcon.colcon_core.environment:checking '/home/aaron/ur_ws/install/moveit_ros_perception/bin'
[442.412s] Level 1:colcon.colcon_core.environment:checking '/home/aaron/ur_ws/install/moveit_ros_perception/lib/pkgconfig/moveit_ros_perception.pc'
[442.412s] Level 1:colcon.colcon_core.environment:checking '/home/aaron/ur_ws/install/moveit_ros_perception/lib/python3.10/site-packages'
[442.413s] Level 1:colcon.colcon_core.environment:checking '/home/aaron/ur_ws/install/moveit_ros_perception/bin'
[442.414s] INFO:colcon.colcon_core.shell:Creating package script '/home/aaron/ur_ws/install/moveit_ros_perception/share/moveit_ros_perception/package.ps1'
[442.414s] INFO:colcon.colcon_core.shell:Creating package descriptor '/home/aaron/ur_ws/install/moveit_ros_perception/share/moveit_ros_perception/package.dsv'
[442.415s] INFO:colcon.colcon_core.shell:Creating package script '/home/aaron/ur_ws/install/moveit_ros_perception/share/moveit_ros_perception/package.sh'
[442.416s] INFO:colcon.colcon_core.shell:Creating package script '/home/aaron/ur_ws/install/moveit_ros_perception/share/moveit_ros_perception/package.bash'
[442.416s] INFO:colcon.colcon_core.shell:Creating package script '/home/aaron/ur_ws/install/moveit_ros_perception/share/moveit_ros_perception/package.zsh'
[442.417s] Level 1:colcon.colcon_core.environment:create_file_with_runtime_dependencies(/home/aaron/ur_ws/install/moveit_ros_perception/share/colcon-core/packages/moveit_ros_perception)
[465.214s] DEBUG:colcon.colcon_core.event_handler.log_command:Invoked command in '/home/aaron/ur_ws/build/moveit_planners_ompl' returned '0': AMENT_PREFIX_PATH=/home/aaron/ur_ws/install/moveit_ros_planning:/home/aaron/ur_ws/install/moveit_ros_occupancy_map_monitor:/home/aaron/ur_ws/install/moveit_core:/home/aaron/ur_ws/install/moveit_resources_panda_moveit_config:/home/aaron/ur_ws/install/moveit_resources_fanuc_moveit_config:/home/aaron/ur_ws/install/moveit_configs_utils:/home/aaron/ur_ws/install/srdfdom:/home/aaron/ur_ws/install/moveit_resources_pr2_description:/home/aaron/ur_ws/install/moveit_resources_panda_description:/home/aaron/ur_ws/install/moveit_resources_fanuc_description:/home/aaron/ur_ws/install/moveit_common:/home/aaron/ur_ws/install/launch_param_builder:${AMENT_PREFIX_PATH} CMAKE_PREFIX_PATH=/home/aaron/ur_ws/install/moveit_ros_planning:/home/aaron/ur_ws/install/moveit_ros_occupancy_map_monitor:/home/aaron/ur_ws/install/moveit_core:/home/aaron/ur_ws/install/moveit_resources_panda_moveit_config:/home/aaron/ur_ws/install/moveit_resources_fanuc_moveit_config:/home/aaron/ur_ws/install/srdfdom:/home/aaron/ur_ws/install/moveit_resources_pr2_description:/home/aaron/ur_ws/install/moveit_resources_panda_description:/home/aaron/ur_ws/install/moveit_resources_fanuc_description:/home/aaron/ur_ws/install/moveit_common:/opt/ros/humble LD_LIBRARY_PATH=/home/aaron/ur_ws/install/moveit_ros_planning/lib:/home/aaron/ur_ws/install/moveit_ros_occupancy_map_monitor/lib:/home/aaron/ur_ws/install/moveit_core/lib:/home/aaron/ur_ws/install/srdfdom/lib:${LD_LIBRARY_PATH} PATH=/home/aaron/ur_ws/install/moveit_core/bin:${PATH} PYTHONPATH=/home/aaron/ur_ws/install/moveit_configs_utils/lib/python3.10/site-packages:/home/aaron/ur_ws/install/srdfdom/local/lib/python3.10/dist-packages:/home/aaron/ur_ws/install/launch_param_builder/lib/python3.10/site-packages:${PYTHONPATH} /usr/bin/cmake --build /home/aaron/ur_ws/build/moveit_planners_ompl -- -j20 -l20
[465.219s] DEBUG:colcon.colcon_core.event_handler.log_command:Invoking command in '/home/aaron/ur_ws/build/moveit_planners_ompl': AMENT_PREFIX_PATH=/home/aaron/ur_ws/install/moveit_ros_planning:/home/aaron/ur_ws/install/moveit_ros_occupancy_map_monitor:/home/aaron/ur_ws/install/moveit_core:/home/aaron/ur_ws/install/moveit_resources_panda_moveit_config:/home/aaron/ur_ws/install/moveit_resources_fanuc_moveit_config:/home/aaron/ur_ws/install/moveit_configs_utils:/home/aaron/ur_ws/install/srdfdom:/home/aaron/ur_ws/install/moveit_resources_pr2_description:/home/aaron/ur_ws/install/moveit_resources_panda_description:/home/aaron/ur_ws/install/moveit_resources_fanuc_description:/home/aaron/ur_ws/install/moveit_common:/home/aaron/ur_ws/install/launch_param_builder:${AMENT_PREFIX_PATH} CMAKE_PREFIX_PATH=/home/aaron/ur_ws/install/moveit_ros_planning:/home/aaron/ur_ws/install/moveit_ros_occupancy_map_monitor:/home/aaron/ur_ws/install/moveit_core:/home/aaron/ur_ws/install/moveit_resources_panda_moveit_config:/home/aaron/ur_ws/install/moveit_resources_fanuc_moveit_config:/home/aaron/ur_ws/install/srdfdom:/home/aaron/ur_ws/install/moveit_resources_pr2_description:/home/aaron/ur_ws/install/moveit_resources_panda_description:/home/aaron/ur_ws/install/moveit_resources_fanuc_description:/home/aaron/ur_ws/install/moveit_common:/opt/ros/humble LD_LIBRARY_PATH=/home/aaron/ur_ws/install/moveit_ros_planning/lib:/home/aaron/ur_ws/install/moveit_ros_occupancy_map_monitor/lib:/home/aaron/ur_ws/install/moveit_core/lib:/home/aaron/ur_ws/install/srdfdom/lib:${LD_LIBRARY_PATH} PATH=/home/aaron/ur_ws/install/moveit_core/bin:${PATH} PYTHONPATH=/home/aaron/ur_ws/install/moveit_configs_utils/lib/python3.10/site-packages:/home/aaron/ur_ws/install/srdfdom/local/lib/python3.10/dist-packages:/home/aaron/ur_ws/install/launch_param_builder/lib/python3.10/site-packages:${PYTHONPATH} /usr/bin/cmake --install /home/aaron/ur_ws/build/moveit_planners_ompl
[465.259s] Level 1:colcon.colcon_core.environment:create_environment_scripts_only(moveit_planners_ompl)
[465.261s] Level 1:colcon.colcon_core.environment:checking '/home/aaron/ur_ws/install/moveit_planners_ompl' for CMake module files
[465.262s] Level 1:colcon.colcon_core.environment:checking '/home/aaron/ur_ws/install/moveit_planners_ompl' for CMake config files
[465.260s] DEBUG:colcon.colcon_core.event_handler.log_command:Invoked command in '/home/aaron/ur_ws/build/moveit_planners_ompl' returned '0': AMENT_PREFIX_PATH=/home/aaron/ur_ws/install/moveit_ros_planning:/home/aaron/ur_ws/install/moveit_ros_occupancy_map_monitor:/home/aaron/ur_ws/install/moveit_core:/home/aaron/ur_ws/install/moveit_resources_panda_moveit_config:/home/aaron/ur_ws/install/moveit_resources_fanuc_moveit_config:/home/aaron/ur_ws/install/moveit_configs_utils:/home/aaron/ur_ws/install/srdfdom:/home/aaron/ur_ws/install/moveit_resources_pr2_description:/home/aaron/ur_ws/install/moveit_resources_panda_description:/home/aaron/ur_ws/install/moveit_resources_fanuc_description:/home/aaron/ur_ws/install/moveit_common:/home/aaron/ur_ws/install/launch_param_builder:${AMENT_PREFIX_PATH} CMAKE_PREFIX_PATH=/home/aaron/ur_ws/install/moveit_ros_planning:/home/aaron/ur_ws/install/moveit_ros_occupancy_map_monitor:/home/aaron/ur_ws/install/moveit_core:/home/aaron/ur_ws/install/moveit_resources_panda_moveit_config:/home/aaron/ur_ws/install/moveit_resources_fanuc_moveit_config:/home/aaron/ur_ws/install/srdfdom:/home/aaron/ur_ws/install/moveit_resources_pr2_description:/home/aaron/ur_ws/install/moveit_resources_panda_description:/home/aaron/ur_ws/install/moveit_resources_fanuc_description:/home/aaron/ur_ws/install/moveit_common:/opt/ros/humble LD_LIBRARY_PATH=/home/aaron/ur_ws/install/moveit_ros_planning/lib:/home/aaron/ur_ws/install/moveit_ros_occupancy_map_monitor/lib:/home/aaron/ur_ws/install/moveit_core/lib:/home/aaron/ur_ws/install/srdfdom/lib:${LD_LIBRARY_PATH} PATH=/home/aaron/ur_ws/install/moveit_core/bin:${PATH} PYTHONPATH=/home/aaron/ur_ws/install/moveit_configs_utils/lib/python3.10/site-packages:/home/aaron/ur_ws/install/srdfdom/local/lib/python3.10/dist-packages:/home/aaron/ur_ws/install/launch_param_builder/lib/python3.10/site-packages:${PYTHONPATH} /usr/bin/cmake --install /home/aaron/ur_ws/build/moveit_planners_ompl
[465.263s] Level 1:colcon.colcon_core.shell:create_environment_hook('moveit_planners_ompl', 'cmake_prefix_path')
[465.264s] INFO:colcon.colcon_core.shell:Creating environment hook '/home/aaron/ur_ws/install/moveit_planners_ompl/share/moveit_planners_ompl/hook/cmake_prefix_path.ps1'
[465.265s] INFO:colcon.colcon_core.shell:Creating environment descriptor '/home/aaron/ur_ws/install/moveit_planners_ompl/share/moveit_planners_ompl/hook/cmake_prefix_path.dsv'
[465.267s] INFO:colcon.colcon_core.shell:Creating environment hook '/home/aaron/ur_ws/install/moveit_planners_ompl/share/moveit_planners_ompl/hook/cmake_prefix_path.sh'
[465.268s] Level 1:colcon.colcon_core.environment:checking '/home/aaron/ur_ws/install/moveit_planners_ompl/lib'
[465.269s] Level 1:colcon.colcon_core.shell:create_environment_hook('moveit_planners_ompl', 'ld_library_path_lib')
[465.269s] INFO:colcon.colcon_core.shell:Creating environment hook '/home/aaron/ur_ws/install/moveit_planners_ompl/share/moveit_planners_ompl/hook/ld_library_path_lib.ps1'
[465.271s] INFO:colcon.colcon_core.shell:Creating environment descriptor '/home/aaron/ur_ws/install/moveit_planners_ompl/share/moveit_planners_ompl/hook/ld_library_path_lib.dsv'
[465.272s] INFO:colcon.colcon_core.shell:Creating environment hook '/home/aaron/ur_ws/install/moveit_planners_ompl/share/moveit_planners_ompl/hook/ld_library_path_lib.sh'
[465.273s] Level 1:colcon.colcon_core.environment:checking '/home/aaron/ur_ws/install/moveit_planners_ompl/bin'
[465.273s] Level 1:colcon.colcon_core.environment:checking '/home/aaron/ur_ws/install/moveit_planners_ompl/lib/pkgconfig/moveit_planners_ompl.pc'
[465.274s] Level 1:colcon.colcon_core.environment:checking '/home/aaron/ur_ws/install/moveit_planners_ompl/lib/python3.10/site-packages'
[465.276s] Level 1:colcon.colcon_core.environment:checking '/home/aaron/ur_ws/install/moveit_planners_ompl/bin'
[465.277s] INFO:colcon.colcon_core.shell:Creating package script '/home/aaron/ur_ws/install/moveit_planners_ompl/share/moveit_planners_ompl/package.ps1'
[465.279s] INFO:colcon.colcon_core.shell:Creating package descriptor '/home/aaron/ur_ws/install/moveit_planners_ompl/share/moveit_planners_ompl/package.dsv'
[465.281s] INFO:colcon.colcon_core.shell:Creating package script '/home/aaron/ur_ws/install/moveit_planners_ompl/share/moveit_planners_ompl/package.sh'
[465.282s] INFO:colcon.colcon_core.shell:Creating package script '/home/aaron/ur_ws/install/moveit_planners_ompl/share/moveit_planners_ompl/package.bash'
[465.283s] INFO:colcon.colcon_core.shell:Creating package script '/home/aaron/ur_ws/install/moveit_planners_ompl/share/moveit_planners_ompl/package.zsh'
[465.284s] Level 1:colcon.colcon_core.environment:create_file_with_runtime_dependencies(/home/aaron/ur_ws/install/moveit_planners_ompl/share/colcon-core/packages/moveit_planners_ompl)
[465.287s] Level 1:colcon.colcon_core.environment:create_environment_scripts_only(moveit_planners_ompl)
[465.287s] Level 1:colcon.colcon_core.environment:checking '/home/aaron/ur_ws/install/moveit_planners_ompl' for CMake module files
[465.289s] Level 1:colcon.colcon_core.environment:checking '/home/aaron/ur_ws/install/moveit_planners_ompl' for CMake config files
[465.289s] Level 1:colcon.colcon_core.shell:create_environment_hook('moveit_planners_ompl', 'cmake_prefix_path')
[465.290s] INFO:colcon.colcon_core.shell:Creating environment hook '/home/aaron/ur_ws/install/moveit_planners_ompl/share/moveit_planners_ompl/hook/cmake_prefix_path.ps1'
[465.291s] INFO:colcon.colcon_core.shell:Creating environment descriptor '/home/aaron/ur_ws/install/moveit_planners_ompl/share/moveit_planners_ompl/hook/cmake_prefix_path.dsv'
[465.293s] INFO:colcon.colcon_core.shell:Creating environment hook '/home/aaron/ur_ws/install/moveit_planners_ompl/share/moveit_planners_ompl/hook/cmake_prefix_path.sh'
[465.294s] Level 1:colcon.colcon_core.environment:checking '/home/aaron/ur_ws/install/moveit_planners_ompl/lib'
[465.295s] Level 1:colcon.colcon_core.shell:create_environment_hook('moveit_planners_ompl', 'ld_library_path_lib')
[465.296s] INFO:colcon.colcon_core.shell:Creating environment hook '/home/aaron/ur_ws/install/moveit_planners_ompl/share/moveit_planners_ompl/hook/ld_library_path_lib.ps1'
[465.297s] INFO:colcon.colcon_core.shell:Creating environment descriptor '/home/aaron/ur_ws/install/moveit_planners_ompl/share/moveit_planners_ompl/hook/ld_library_path_lib.dsv'
[465.298s] INFO:colcon.colcon_core.shell:Creating environment hook '/home/aaron/ur_ws/install/moveit_planners_ompl/share/moveit_planners_ompl/hook/ld_library_path_lib.sh'
[465.299s] Level 1:colcon.colcon_core.environment:checking '/home/aaron/ur_ws/install/moveit_planners_ompl/bin'
[465.299s] Level 1:colcon.colcon_core.environment:checking '/home/aaron/ur_ws/install/moveit_planners_ompl/lib/pkgconfig/moveit_planners_ompl.pc'
[465.300s] Level 1:colcon.colcon_core.environment:checking '/home/aaron/ur_ws/install/moveit_planners_ompl/lib/python3.10/site-packages'
[465.301s] Level 1:colcon.colcon_core.environment:checking '/home/aaron/ur_ws/install/moveit_planners_ompl/bin'
[465.302s] INFO:colcon.colcon_core.shell:Creating package script '/home/aaron/ur_ws/install/moveit_planners_ompl/share/moveit_planners_ompl/package.ps1'
[465.304s] INFO:colcon.colcon_core.shell:Creating package descriptor '/home/aaron/ur_ws/install/moveit_planners_ompl/share/moveit_planners_ompl/package.dsv'
[465.306s] INFO:colcon.colcon_core.shell:Creating package script '/home/aaron/ur_ws/install/moveit_planners_ompl/share/moveit_planners_ompl/package.sh'
[465.307s] INFO:colcon.colcon_core.shell:Creating package script '/home/aaron/ur_ws/install/moveit_planners_ompl/share/moveit_planners_ompl/package.bash'
[465.308s] INFO:colcon.colcon_core.shell:Creating package script '/home/aaron/ur_ws/install/moveit_planners_ompl/share/moveit_planners_ompl/package.zsh'
[465.309s] Level 1:colcon.colcon_core.environment:create_file_with_runtime_dependencies(/home/aaron/ur_ws/install/moveit_planners_ompl/share/colcon-core/packages/moveit_planners_ompl)
[479.952s] DEBUG:colcon.colcon_core.event_handler.log_command:Invoked command in '/home/aaron/ur_ws/build/moveit_ros_warehouse' returned '0': AMENT_PREFIX_PATH=/home/aaron/ur_ws/install/moveit_ros_planning:/home/aaron/ur_ws/install/moveit_ros_occupancy_map_monitor:/home/aaron/ur_ws/install/moveit_core:/home/aaron/ur_ws/install/moveit_resources_panda_moveit_config:/home/aaron/ur_ws/install/moveit_configs_utils:/home/aaron/ur_ws/install/srdfdom:/home/aaron/ur_ws/install/moveit_resources_pr2_description:/home/aaron/ur_ws/install/moveit_resources_panda_description:/home/aaron/ur_ws/install/moveit_common:/home/aaron/ur_ws/install/launch_param_builder:${AMENT_PREFIX_PATH} CMAKE_PREFIX_PATH=/home/aaron/ur_ws/install/moveit_ros_planning:/home/aaron/ur_ws/install/moveit_ros_occupancy_map_monitor:/home/aaron/ur_ws/install/moveit_core:/home/aaron/ur_ws/install/moveit_resources_panda_moveit_config:/home/aaron/ur_ws/install/srdfdom:/home/aaron/ur_ws/install/moveit_resources_pr2_description:/home/aaron/ur_ws/install/moveit_resources_panda_description:/home/aaron/ur_ws/install/moveit_common:/opt/ros/humble LD_LIBRARY_PATH=/home/aaron/ur_ws/install/moveit_ros_planning/lib:/home/aaron/ur_ws/install/moveit_ros_occupancy_map_monitor/lib:/home/aaron/ur_ws/install/moveit_core/lib:/home/aaron/ur_ws/install/srdfdom/lib:${LD_LIBRARY_PATH} PATH=/home/aaron/ur_ws/install/moveit_core/bin:${PATH} PYTHONPATH=/home/aaron/ur_ws/install/moveit_configs_utils/lib/python3.10/site-packages:/home/aaron/ur_ws/install/srdfdom/local/lib/python3.10/dist-packages:/home/aaron/ur_ws/install/launch_param_builder/lib/python3.10/site-packages:${PYTHONPATH} /usr/bin/cmake --build /home/aaron/ur_ws/build/moveit_ros_warehouse -- -j20 -l20
[479.957s] DEBUG:colcon.colcon_core.event_handler.log_command:Invoking command in '/home/aaron/ur_ws/build/moveit_ros_warehouse': AMENT_PREFIX_PATH=/home/aaron/ur_ws/install/moveit_ros_planning:/home/aaron/ur_ws/install/moveit_ros_occupancy_map_monitor:/home/aaron/ur_ws/install/moveit_core:/home/aaron/ur_ws/install/moveit_resources_panda_moveit_config:/home/aaron/ur_ws/install/moveit_configs_utils:/home/aaron/ur_ws/install/srdfdom:/home/aaron/ur_ws/install/moveit_resources_pr2_description:/home/aaron/ur_ws/install/moveit_resources_panda_description:/home/aaron/ur_ws/install/moveit_common:/home/aaron/ur_ws/install/launch_param_builder:${AMENT_PREFIX_PATH} CMAKE_PREFIX_PATH=/home/aaron/ur_ws/install/moveit_ros_planning:/home/aaron/ur_ws/install/moveit_ros_occupancy_map_monitor:/home/aaron/ur_ws/install/moveit_core:/home/aaron/ur_ws/install/moveit_resources_panda_moveit_config:/home/aaron/ur_ws/install/srdfdom:/home/aaron/ur_ws/install/moveit_resources_pr2_description:/home/aaron/ur_ws/install/moveit_resources_panda_description:/home/aaron/ur_ws/install/moveit_common:/opt/ros/humble LD_LIBRARY_PATH=/home/aaron/ur_ws/install/moveit_ros_planning/lib:/home/aaron/ur_ws/install/moveit_ros_occupancy_map_monitor/lib:/home/aaron/ur_ws/install/moveit_core/lib:/home/aaron/ur_ws/install/srdfdom/lib:${LD_LIBRARY_PATH} PATH=/home/aaron/ur_ws/install/moveit_core/bin:${PATH} PYTHONPATH=/home/aaron/ur_ws/install/moveit_configs_utils/lib/python3.10/site-packages:/home/aaron/ur_ws/install/srdfdom/local/lib/python3.10/dist-packages:/home/aaron/ur_ws/install/launch_param_builder/lib/python3.10/site-packages:${PYTHONPATH} /usr/bin/cmake --install /home/aaron/ur_ws/build/moveit_ros_warehouse
[480.009s] Level 1:colcon.colcon_core.environment:create_environment_scripts_only(moveit_ros_warehouse)
[480.010s] DEBUG:colcon.colcon_core.event_handler.log_command:Invoked command in '/home/aaron/ur_ws/build/moveit_ros_warehouse' returned '0': AMENT_PREFIX_PATH=/home/aaron/ur_ws/install/moveit_ros_planning:/home/aaron/ur_ws/install/moveit_ros_occupancy_map_monitor:/home/aaron/ur_ws/install/moveit_core:/home/aaron/ur_ws/install/moveit_resources_panda_moveit_config:/home/aaron/ur_ws/install/moveit_configs_utils:/home/aaron/ur_ws/install/srdfdom:/home/aaron/ur_ws/install/moveit_resources_pr2_description:/home/aaron/ur_ws/install/moveit_resources_panda_description:/home/aaron/ur_ws/install/moveit_common:/home/aaron/ur_ws/install/launch_param_builder:${AMENT_PREFIX_PATH} CMAKE_PREFIX_PATH=/home/aaron/ur_ws/install/moveit_ros_planning:/home/aaron/ur_ws/install/moveit_ros_occupancy_map_monitor:/home/aaron/ur_ws/install/moveit_core:/home/aaron/ur_ws/install/moveit_resources_panda_moveit_config:/home/aaron/ur_ws/install/srdfdom:/home/aaron/ur_ws/install/moveit_resources_pr2_description:/home/aaron/ur_ws/install/moveit_resources_panda_description:/home/aaron/ur_ws/install/moveit_common:/opt/ros/humble LD_LIBRARY_PATH=/home/aaron/ur_ws/install/moveit_ros_planning/lib:/home/aaron/ur_ws/install/moveit_ros_occupancy_map_monitor/lib:/home/aaron/ur_ws/install/moveit_core/lib:/home/aaron/ur_ws/install/srdfdom/lib:${LD_LIBRARY_PATH} PATH=/home/aaron/ur_ws/install/moveit_core/bin:${PATH} PYTHONPATH=/home/aaron/ur_ws/install/moveit_configs_utils/lib/python3.10/site-packages:/home/aaron/ur_ws/install/srdfdom/local/lib/python3.10/dist-packages:/home/aaron/ur_ws/install/launch_param_builder/lib/python3.10/site-packages:${PYTHONPATH} /usr/bin/cmake --install /home/aaron/ur_ws/build/moveit_ros_warehouse
[480.011s] Level 1:colcon.colcon_core.environment:checking '/home/aaron/ur_ws/install/moveit_ros_warehouse' for CMake module files
[480.013s] Level 1:colcon.colcon_core.environment:checking '/home/aaron/ur_ws/install/moveit_ros_warehouse' for CMake config files
[480.014s] Level 1:colcon.colcon_core.shell:create_environment_hook('moveit_ros_warehouse', 'cmake_prefix_path')
[480.015s] INFO:colcon.colcon_core.shell:Creating environment hook '/home/aaron/ur_ws/install/moveit_ros_warehouse/share/moveit_ros_warehouse/hook/cmake_prefix_path.ps1'
[480.016s] INFO:colcon.colcon_core.shell:Creating environment descriptor '/home/aaron/ur_ws/install/moveit_ros_warehouse/share/moveit_ros_warehouse/hook/cmake_prefix_path.dsv'
[480.018s] INFO:colcon.colcon_core.shell:Creating environment hook '/home/aaron/ur_ws/install/moveit_ros_warehouse/share/moveit_ros_warehouse/hook/cmake_prefix_path.sh'
[480.019s] Level 1:colcon.colcon_core.environment:checking '/home/aaron/ur_ws/install/moveit_ros_warehouse/lib'
[480.020s] Level 1:colcon.colcon_core.shell:create_environment_hook('moveit_ros_warehouse', 'ld_library_path_lib')
[480.020s] INFO:colcon.colcon_core.shell:Creating environment hook '/home/aaron/ur_ws/install/moveit_ros_warehouse/share/moveit_ros_warehouse/hook/ld_library_path_lib.ps1'
[480.022s] INFO:colcon.colcon_core.shell:Creating environment descriptor '/home/aaron/ur_ws/install/moveit_ros_warehouse/share/moveit_ros_warehouse/hook/ld_library_path_lib.dsv'
[480.023s] INFO:colcon.colcon_core.shell:Creating environment hook '/home/aaron/ur_ws/install/moveit_ros_warehouse/share/moveit_ros_warehouse/hook/ld_library_path_lib.sh'
[480.024s] Level 1:colcon.colcon_core.environment:checking '/home/aaron/ur_ws/install/moveit_ros_warehouse/bin'
[480.024s] Level 1:colcon.colcon_core.environment:checking '/home/aaron/ur_ws/install/moveit_ros_warehouse/lib/pkgconfig/moveit_ros_warehouse.pc'
[480.025s] Level 1:colcon.colcon_core.environment:checking '/home/aaron/ur_ws/install/moveit_ros_warehouse/lib/python3.10/site-packages'
[480.026s] Level 1:colcon.colcon_core.environment:checking '/home/aaron/ur_ws/install/moveit_ros_warehouse/bin'
[480.027s] INFO:colcon.colcon_core.shell:Creating package script '/home/aaron/ur_ws/install/moveit_ros_warehouse/share/moveit_ros_warehouse/package.ps1'
[480.029s] INFO:colcon.colcon_core.shell:Creating package descriptor '/home/aaron/ur_ws/install/moveit_ros_warehouse/share/moveit_ros_warehouse/package.dsv'
[480.030s] INFO:colcon.colcon_core.shell:Creating package script '/home/aaron/ur_ws/install/moveit_ros_warehouse/share/moveit_ros_warehouse/package.sh'
[480.032s] INFO:colcon.colcon_core.shell:Creating package script '/home/aaron/ur_ws/install/moveit_ros_warehouse/share/moveit_ros_warehouse/package.bash'
[480.033s] INFO:colcon.colcon_core.shell:Creating package script '/home/aaron/ur_ws/install/moveit_ros_warehouse/share/moveit_ros_warehouse/package.zsh'
[480.034s] Level 1:colcon.colcon_core.environment:create_file_with_runtime_dependencies(/home/aaron/ur_ws/install/moveit_ros_warehouse/share/colcon-core/packages/moveit_ros_warehouse)
[480.036s] Level 1:colcon.colcon_core.environment:create_environment_scripts_only(moveit_ros_warehouse)
[480.037s] Level 1:colcon.colcon_core.environment:checking '/home/aaron/ur_ws/install/moveit_ros_warehouse' for CMake module files
[480.038s] Level 1:colcon.colcon_core.environment:checking '/home/aaron/ur_ws/install/moveit_ros_warehouse' for CMake config files
[480.039s] Level 1:colcon.colcon_core.shell:create_environment_hook('moveit_ros_warehouse', 'cmake_prefix_path')
[480.040s] INFO:colcon.colcon_core.shell:Creating environment hook '/home/aaron/ur_ws/install/moveit_ros_warehouse/share/moveit_ros_warehouse/hook/cmake_prefix_path.ps1'
[480.043s] INFO:colcon.colcon_core.shell:Creating environment descriptor '/home/aaron/ur_ws/install/moveit_ros_warehouse/share/moveit_ros_warehouse/hook/cmake_prefix_path.dsv'
[480.044s] INFO:colcon.colcon_core.shell:Creating environment hook '/home/aaron/ur_ws/install/moveit_ros_warehouse/share/moveit_ros_warehouse/hook/cmake_prefix_path.sh'
[480.046s] Level 1:colcon.colcon_core.environment:checking '/home/aaron/ur_ws/install/moveit_ros_warehouse/lib'
[480.046s] Level 1:colcon.colcon_core.shell:create_environment_hook('moveit_ros_warehouse', 'ld_library_path_lib')
[480.047s] INFO:colcon.colcon_core.shell:Creating environment hook '/home/aaron/ur_ws/install/moveit_ros_warehouse/share/moveit_ros_warehouse/hook/ld_library_path_lib.ps1'
[480.049s] INFO:colcon.colcon_core.shell:Creating environment descriptor '/home/aaron/ur_ws/install/moveit_ros_warehouse/share/moveit_ros_warehouse/hook/ld_library_path_lib.dsv'
[480.051s] INFO:colcon.colcon_core.shell:Creating environment hook '/home/aaron/ur_ws/install/moveit_ros_warehouse/share/moveit_ros_warehouse/hook/ld_library_path_lib.sh'
[480.052s] Level 1:colcon.colcon_core.environment:checking '/home/aaron/ur_ws/install/moveit_ros_warehouse/bin'
[480.052s] Level 1:colcon.colcon_core.environment:checking '/home/aaron/ur_ws/install/moveit_ros_warehouse/lib/pkgconfig/moveit_ros_warehouse.pc'
[480.053s] Level 1:colcon.colcon_core.environment:checking '/home/aaron/ur_ws/install/moveit_ros_warehouse/lib/python3.10/site-packages'
[480.054s] Level 1:colcon.colcon_core.environment:checking '/home/aaron/ur_ws/install/moveit_ros_warehouse/bin'
[480.056s] INFO:colcon.colcon_core.shell:Creating package script '/home/aaron/ur_ws/install/moveit_ros_warehouse/share/moveit_ros_warehouse/package.ps1'
[480.058s] INFO:colcon.colcon_core.shell:Creating package descriptor '/home/aaron/ur_ws/install/moveit_ros_warehouse/share/moveit_ros_warehouse/package.dsv'
[480.060s] INFO:colcon.colcon_core.shell:Creating package script '/home/aaron/ur_ws/install/moveit_ros_warehouse/share/moveit_ros_warehouse/package.sh'
[480.062s] INFO:colcon.colcon_core.shell:Creating package script '/home/aaron/ur_ws/install/moveit_ros_warehouse/share/moveit_ros_warehouse/package.bash'
[480.063s] INFO:colcon.colcon_core.shell:Creating package script '/home/aaron/ur_ws/install/moveit_ros_warehouse/share/moveit_ros_warehouse/package.zsh'
[480.066s] Level 1:colcon.colcon_core.environment:create_file_with_runtime_dependencies(/home/aaron/ur_ws/install/moveit_ros_warehouse/share/colcon-core/packages/moveit_ros_warehouse)
[480.067s] INFO:colcon.colcon_ros.task.ament_cmake.build:Building ROS package in '/home/aaron/ur_ws/src/moveit2/moveit_ros/benchmarks' with build type 'ament_cmake'
[480.068s] INFO:colcon.colcon_cmake.task.cmake.build:Building CMake package in '/home/aaron/ur_ws/src/moveit2/moveit_ros/benchmarks'
[480.069s] INFO:colcon.colcon_core.shell:Skip shell extension 'powershell' for command environment: Not usable outside of PowerShell
[480.069s] DEBUG:colcon.colcon_core.shell:Skip shell extension 'dsv' for command environment
[480.121s] DEBUG:colcon.colcon_core.event_handler.log_command:Invoking command in '/home/aaron/ur_ws/build/moveit_ros_benchmarks': AMENT_PREFIX_PATH=/home/aaron/ur_ws/install/moveit_ros_warehouse:/home/aaron/ur_ws/install/moveit_ros_planning:/home/aaron/ur_ws/install/moveit_ros_occupancy_map_monitor:/home/aaron/ur_ws/install/moveit_core:/home/aaron/ur_ws/install/moveit_resources_panda_moveit_config:/home/aaron/ur_ws/install/moveit_configs_utils:/home/aaron/ur_ws/install/srdfdom:/home/aaron/ur_ws/install/moveit_resources_pr2_description:/home/aaron/ur_ws/install/moveit_resources_panda_description:/home/aaron/ur_ws/install/moveit_common:/home/aaron/ur_ws/install/launch_param_builder:${AMENT_PREFIX_PATH} CMAKE_PREFIX_PATH=/home/aaron/ur_ws/install/moveit_ros_warehouse:/home/aaron/ur_ws/install/moveit_ros_planning:/home/aaron/ur_ws/install/moveit_ros_occupancy_map_monitor:/home/aaron/ur_ws/install/moveit_core:/home/aaron/ur_ws/install/moveit_resources_panda_moveit_config:/home/aaron/ur_ws/install/srdfdom:/home/aaron/ur_ws/install/moveit_resources_pr2_description:/home/aaron/ur_ws/install/moveit_resources_panda_description:/home/aaron/ur_ws/install/moveit_common:/opt/ros/humble LD_LIBRARY_PATH=/home/aaron/ur_ws/install/moveit_ros_warehouse/lib:/home/aaron/ur_ws/install/moveit_ros_planning/lib:/home/aaron/ur_ws/install/moveit_ros_occupancy_map_monitor/lib:/home/aaron/ur_ws/install/moveit_core/lib:/home/aaron/ur_ws/install/srdfdom/lib:${LD_LIBRARY_PATH} PATH=/home/aaron/ur_ws/install/moveit_core/bin:${PATH} PYTHONPATH=/home/aaron/ur_ws/install/moveit_configs_utils/lib/python3.10/site-packages:/home/aaron/ur_ws/install/srdfdom/local/lib/python3.10/dist-packages:/home/aaron/ur_ws/install/launch_param_builder/lib/python3.10/site-packages:${PYTHONPATH} /usr/bin/cmake --build /home/aaron/ur_ws/build/moveit_ros_benchmarks -- -j20 -l20
[494.753s] DEBUG:colcon.colcon_core.event_handler.log_command:Invoked command in '/home/aaron/ur_ws/build/moveit_ros_move_group' returned '0': AMENT_PREFIX_PATH=/home/aaron/ur_ws/install/moveit_kinematics:/home/aaron/ur_ws/install/moveit_ros_planning:/home/aaron/ur_ws/install/moveit_ros_occupancy_map_monitor:/home/aaron/ur_ws/install/moveit_core:/home/aaron/ur_ws/install/moveit_resources_panda_moveit_config:/home/aaron/ur_ws/install/moveit_resources_fanuc_moveit_config:/home/aaron/ur_ws/install/moveit_configs_utils:/home/aaron/ur_ws/install/srdfdom:/home/aaron/ur_ws/install/moveit_resources_pr2_description:/home/aaron/ur_ws/install/moveit_resources_panda_description:/home/aaron/ur_ws/install/moveit_resources_fanuc_description:/home/aaron/ur_ws/install/moveit_common:/home/aaron/ur_ws/install/launch_param_builder:${AMENT_PREFIX_PATH} CMAKE_PREFIX_PATH=/home/aaron/ur_ws/install/moveit_kinematics:/home/aaron/ur_ws/install/moveit_ros_planning:/home/aaron/ur_ws/install/moveit_ros_occupancy_map_monitor:/home/aaron/ur_ws/install/moveit_core:/home/aaron/ur_ws/install/moveit_resources_panda_moveit_config:/home/aaron/ur_ws/install/moveit_resources_fanuc_moveit_config:/home/aaron/ur_ws/install/srdfdom:/home/aaron/ur_ws/install/moveit_resources_pr2_description:/home/aaron/ur_ws/install/moveit_resources_panda_description:/home/aaron/ur_ws/install/moveit_resources_fanuc_description:/home/aaron/ur_ws/install/moveit_common:/opt/ros/humble LD_LIBRARY_PATH=/home/aaron/ur_ws/install/moveit_kinematics/lib:/home/aaron/ur_ws/install/moveit_ros_planning/lib:/home/aaron/ur_ws/install/moveit_ros_occupancy_map_monitor/lib:/home/aaron/ur_ws/install/moveit_core/lib:/home/aaron/ur_ws/install/srdfdom/lib:${LD_LIBRARY_PATH} PATH=/home/aaron/ur_ws/install/moveit_core/bin:${PATH} PYTHONPATH=/home/aaron/ur_ws/install/moveit_configs_utils/lib/python3.10/site-packages:/home/aaron/ur_ws/install/srdfdom/local/lib/python3.10/dist-packages:/home/aaron/ur_ws/install/launch_param_builder/lib/python3.10/site-packages:${PYTHONPATH} /usr/bin/cmake --build /home/aaron/ur_ws/build/moveit_ros_move_group -- -j20 -l20
[494.757s] DEBUG:colcon.colcon_core.event_handler.log_command:Invoking command in '/home/aaron/ur_ws/build/moveit_ros_move_group': AMENT_PREFIX_PATH=/home/aaron/ur_ws/install/moveit_kinematics:/home/aaron/ur_ws/install/moveit_ros_planning:/home/aaron/ur_ws/install/moveit_ros_occupancy_map_monitor:/home/aaron/ur_ws/install/moveit_core:/home/aaron/ur_ws/install/moveit_resources_panda_moveit_config:/home/aaron/ur_ws/install/moveit_resources_fanuc_moveit_config:/home/aaron/ur_ws/install/moveit_configs_utils:/home/aaron/ur_ws/install/srdfdom:/home/aaron/ur_ws/install/moveit_resources_pr2_description:/home/aaron/ur_ws/install/moveit_resources_panda_description:/home/aaron/ur_ws/install/moveit_resources_fanuc_description:/home/aaron/ur_ws/install/moveit_common:/home/aaron/ur_ws/install/launch_param_builder:${AMENT_PREFIX_PATH} CMAKE_PREFIX_PATH=/home/aaron/ur_ws/install/moveit_kinematics:/home/aaron/ur_ws/install/moveit_ros_planning:/home/aaron/ur_ws/install/moveit_ros_occupancy_map_monitor:/home/aaron/ur_ws/install/moveit_core:/home/aaron/ur_ws/install/moveit_resources_panda_moveit_config:/home/aaron/ur_ws/install/moveit_resources_fanuc_moveit_config:/home/aaron/ur_ws/install/srdfdom:/home/aaron/ur_ws/install/moveit_resources_pr2_description:/home/aaron/ur_ws/install/moveit_resources_panda_description:/home/aaron/ur_ws/install/moveit_resources_fanuc_description:/home/aaron/ur_ws/install/moveit_common:/opt/ros/humble LD_LIBRARY_PATH=/home/aaron/ur_ws/install/moveit_kinematics/lib:/home/aaron/ur_ws/install/moveit_ros_planning/lib:/home/aaron/ur_ws/install/moveit_ros_occupancy_map_monitor/lib:/home/aaron/ur_ws/install/moveit_core/lib:/home/aaron/ur_ws/install/srdfdom/lib:${LD_LIBRARY_PATH} PATH=/home/aaron/ur_ws/install/moveit_core/bin:${PATH} PYTHONPATH=/home/aaron/ur_ws/install/moveit_configs_utils/lib/python3.10/site-packages:/home/aaron/ur_ws/install/srdfdom/local/lib/python3.10/dist-packages:/home/aaron/ur_ws/install/launch_param_builder/lib/python3.10/site-packages:${PYTHONPATH} /usr/bin/cmake --install /home/aaron/ur_ws/build/moveit_ros_move_group
[494.773s] Level 1:colcon.colcon_core.environment:create_environment_scripts_only(moveit_ros_move_group)
[494.773s] Level 1:colcon.colcon_core.environment:checking '/home/aaron/ur_ws/install/moveit_ros_move_group' for CMake module files
[494.775s] DEBUG:colcon.colcon_core.event_handler.log_command:Invoked command in '/home/aaron/ur_ws/build/moveit_ros_move_group' returned '0': AMENT_PREFIX_PATH=/home/aaron/ur_ws/install/moveit_kinematics:/home/aaron/ur_ws/install/moveit_ros_planning:/home/aaron/ur_ws/install/moveit_ros_occupancy_map_monitor:/home/aaron/ur_ws/install/moveit_core:/home/aaron/ur_ws/install/moveit_resources_panda_moveit_config:/home/aaron/ur_ws/install/moveit_resources_fanuc_moveit_config:/home/aaron/ur_ws/install/moveit_configs_utils:/home/aaron/ur_ws/install/srdfdom:/home/aaron/ur_ws/install/moveit_resources_pr2_description:/home/aaron/ur_ws/install/moveit_resources_panda_description:/home/aaron/ur_ws/install/moveit_resources_fanuc_description:/home/aaron/ur_ws/install/moveit_common:/home/aaron/ur_ws/install/launch_param_builder:${AMENT_PREFIX_PATH} CMAKE_PREFIX_PATH=/home/aaron/ur_ws/install/moveit_kinematics:/home/aaron/ur_ws/install/moveit_ros_planning:/home/aaron/ur_ws/install/moveit_ros_occupancy_map_monitor:/home/aaron/ur_ws/install/moveit_core:/home/aaron/ur_ws/install/moveit_resources_panda_moveit_config:/home/aaron/ur_ws/install/moveit_resources_fanuc_moveit_config:/home/aaron/ur_ws/install/srdfdom:/home/aaron/ur_ws/install/moveit_resources_pr2_description:/home/aaron/ur_ws/install/moveit_resources_panda_description:/home/aaron/ur_ws/install/moveit_resources_fanuc_description:/home/aaron/ur_ws/install/moveit_common:/opt/ros/humble LD_LIBRARY_PATH=/home/aaron/ur_ws/install/moveit_kinematics/lib:/home/aaron/ur_ws/install/moveit_ros_planning/lib:/home/aaron/ur_ws/install/moveit_ros_occupancy_map_monitor/lib:/home/aaron/ur_ws/install/moveit_core/lib:/home/aaron/ur_ws/install/srdfdom/lib:${LD_LIBRARY_PATH} PATH=/home/aaron/ur_ws/install/moveit_core/bin:${PATH} PYTHONPATH=/home/aaron/ur_ws/install/moveit_configs_utils/lib/python3.10/site-packages:/home/aaron/ur_ws/install/srdfdom/local/lib/python3.10/dist-packages:/home/aaron/ur_ws/install/launch_param_builder/lib/python3.10/site-packages:${PYTHONPATH} /usr/bin/cmake --install /home/aaron/ur_ws/build/moveit_ros_move_group
[494.775s] Level 1:colcon.colcon_core.environment:checking '/home/aaron/ur_ws/install/moveit_ros_move_group' for CMake config files
[494.775s] Level 1:colcon.colcon_core.shell:create_environment_hook('moveit_ros_move_group', 'cmake_prefix_path')
[494.775s] INFO:colcon.colcon_core.shell:Creating environment hook '/home/aaron/ur_ws/install/moveit_ros_move_group/share/moveit_ros_move_group/hook/cmake_prefix_path.ps1'
[494.776s] INFO:colcon.colcon_core.shell:Creating environment descriptor '/home/aaron/ur_ws/install/moveit_ros_move_group/share/moveit_ros_move_group/hook/cmake_prefix_path.dsv'
[494.776s] INFO:colcon.colcon_core.shell:Creating environment hook '/home/aaron/ur_ws/install/moveit_ros_move_group/share/moveit_ros_move_group/hook/cmake_prefix_path.sh'
[494.776s] Level 1:colcon.colcon_core.environment:checking '/home/aaron/ur_ws/install/moveit_ros_move_group/lib'
[494.776s] Level 1:colcon.colcon_core.shell:create_environment_hook('moveit_ros_move_group', 'ld_library_path_lib')
[494.777s] INFO:colcon.colcon_core.shell:Creating environment hook '/home/aaron/ur_ws/install/moveit_ros_move_group/share/moveit_ros_move_group/hook/ld_library_path_lib.ps1'
[494.777s] INFO:colcon.colcon_core.shell:Creating environment descriptor '/home/aaron/ur_ws/install/moveit_ros_move_group/share/moveit_ros_move_group/hook/ld_library_path_lib.dsv'
[494.777s] INFO:colcon.colcon_core.shell:Creating environment hook '/home/aaron/ur_ws/install/moveit_ros_move_group/share/moveit_ros_move_group/hook/ld_library_path_lib.sh'
[494.777s] Level 1:colcon.colcon_core.environment:checking '/home/aaron/ur_ws/install/moveit_ros_move_group/bin'
[494.778s] Level 1:colcon.colcon_core.environment:checking '/home/aaron/ur_ws/install/moveit_ros_move_group/lib/pkgconfig/moveit_ros_move_group.pc'
[494.778s] Level 1:colcon.colcon_core.environment:checking '/home/aaron/ur_ws/install/moveit_ros_move_group/lib/python3.10/site-packages'
[494.778s] Level 1:colcon.colcon_core.environment:checking '/home/aaron/ur_ws/install/moveit_ros_move_group/bin'
[494.778s] INFO:colcon.colcon_core.shell:Creating package script '/home/aaron/ur_ws/install/moveit_ros_move_group/share/moveit_ros_move_group/package.ps1'
[494.779s] INFO:colcon.colcon_core.shell:Creating package descriptor '/home/aaron/ur_ws/install/moveit_ros_move_group/share/moveit_ros_move_group/package.dsv'
[494.779s] INFO:colcon.colcon_core.shell:Creating package script '/home/aaron/ur_ws/install/moveit_ros_move_group/share/moveit_ros_move_group/package.sh'
[494.779s] INFO:colcon.colcon_core.shell:Creating package script '/home/aaron/ur_ws/install/moveit_ros_move_group/share/moveit_ros_move_group/package.bash'
[494.780s] INFO:colcon.colcon_core.shell:Creating package script '/home/aaron/ur_ws/install/moveit_ros_move_group/share/moveit_ros_move_group/package.zsh'
[494.780s] Level 1:colcon.colcon_core.environment:create_file_with_runtime_dependencies(/home/aaron/ur_ws/install/moveit_ros_move_group/share/colcon-core/packages/moveit_ros_move_group)
[494.781s] Level 1:colcon.colcon_core.environment:create_environment_scripts_only(moveit_ros_move_group)
[494.781s] Level 1:colcon.colcon_core.environment:checking '/home/aaron/ur_ws/install/moveit_ros_move_group' for CMake module files
[494.781s] Level 1:colcon.colcon_core.environment:checking '/home/aaron/ur_ws/install/moveit_ros_move_group' for CMake config files
[494.781s] Level 1:colcon.colcon_core.shell:create_environment_hook('moveit_ros_move_group', 'cmake_prefix_path')
[494.781s] INFO:colcon.colcon_core.shell:Creating environment hook '/home/aaron/ur_ws/install/moveit_ros_move_group/share/moveit_ros_move_group/hook/cmake_prefix_path.ps1'
[494.782s] INFO:colcon.colcon_core.shell:Creating environment descriptor '/home/aaron/ur_ws/install/moveit_ros_move_group/share/moveit_ros_move_group/hook/cmake_prefix_path.dsv'
[494.782s] INFO:colcon.colcon_core.shell:Creating environment hook '/home/aaron/ur_ws/install/moveit_ros_move_group/share/moveit_ros_move_group/hook/cmake_prefix_path.sh'
[494.783s] Level 1:colcon.colcon_core.environment:checking '/home/aaron/ur_ws/install/moveit_ros_move_group/lib'
[494.783s] Level 1:colcon.colcon_core.shell:create_environment_hook('moveit_ros_move_group', 'ld_library_path_lib')
[494.783s] INFO:colcon.colcon_core.shell:Creating environment hook '/home/aaron/ur_ws/install/moveit_ros_move_group/share/moveit_ros_move_group/hook/ld_library_path_lib.ps1'
[494.783s] INFO:colcon.colcon_core.shell:Creating environment descriptor '/home/aaron/ur_ws/install/moveit_ros_move_group/share/moveit_ros_move_group/hook/ld_library_path_lib.dsv'
[494.783s] INFO:colcon.colcon_core.shell:Creating environment hook '/home/aaron/ur_ws/install/moveit_ros_move_group/share/moveit_ros_move_group/hook/ld_library_path_lib.sh'
[494.784s] Level 1:colcon.colcon_core.environment:checking '/home/aaron/ur_ws/install/moveit_ros_move_group/bin'
[494.784s] Level 1:colcon.colcon_core.environment:checking '/home/aaron/ur_ws/install/moveit_ros_move_group/lib/pkgconfig/moveit_ros_move_group.pc'
[494.784s] Level 1:colcon.colcon_core.environment:checking '/home/aaron/ur_ws/install/moveit_ros_move_group/lib/python3.10/site-packages'
[494.785s] Level 1:colcon.colcon_core.environment:checking '/home/aaron/ur_ws/install/moveit_ros_move_group/bin'
[494.785s] INFO:colcon.colcon_core.shell:Creating package script '/home/aaron/ur_ws/install/moveit_ros_move_group/share/moveit_ros_move_group/package.ps1'
[494.786s] INFO:colcon.colcon_core.shell:Creating package descriptor '/home/aaron/ur_ws/install/moveit_ros_move_group/share/moveit_ros_move_group/package.dsv'
[494.787s] INFO:colcon.colcon_core.shell:Creating package script '/home/aaron/ur_ws/install/moveit_ros_move_group/share/moveit_ros_move_group/package.sh'
[494.787s] INFO:colcon.colcon_core.shell:Creating package script '/home/aaron/ur_ws/install/moveit_ros_move_group/share/moveit_ros_move_group/package.bash'
[494.788s] INFO:colcon.colcon_core.shell:Creating package script '/home/aaron/ur_ws/install/moveit_ros_move_group/share/moveit_ros_move_group/package.zsh'
[494.788s] Level 1:colcon.colcon_core.environment:create_file_with_runtime_dependencies(/home/aaron/ur_ws/install/moveit_ros_move_group/share/colcon-core/packages/moveit_ros_move_group)
[494.789s] INFO:colcon.colcon_ros.task.ament_cmake.build:Building ROS package in '/home/aaron/ur_ws/src/moveit2/moveit_ros/planning_interface' with build type 'ament_cmake'
[494.790s] INFO:colcon.colcon_cmake.task.cmake.build:Building CMake package in '/home/aaron/ur_ws/src/moveit2/moveit_ros/planning_interface'
[494.791s] INFO:colcon.colcon_core.shell:Skip shell extension 'powershell' for command environment: Not usable outside of PowerShell
[494.791s] DEBUG:colcon.colcon_core.shell:Skip shell extension 'dsv' for command environment
[494.797s] INFO:colcon.colcon_ros.task.ament_cmake.build:Building ROS package in '/home/aaron/ur_ws/src/moveit2/moveit_planners/test_configs/prbt_moveit_config' with build type 'ament_cmake'
[494.798s] INFO:colcon.colcon_cmake.task.cmake.build:Building CMake package in '/home/aaron/ur_ws/src/moveit2/moveit_planners/test_configs/prbt_moveit_config'
[494.798s] INFO:colcon.colcon_core.shell:Skip shell extension 'powershell' for command environment: Not usable outside of PowerShell
[494.798s] DEBUG:colcon.colcon_core.shell:Skip shell extension 'dsv' for command environment
[494.833s] DEBUG:colcon.colcon_core.event_handler.log_command:Invoking command in '/home/aaron/ur_ws/build/moveit_ros_planning_interface': AMENT_PREFIX_PATH=/home/aaron/ur_ws/install/moveit_ros_move_group:/home/aaron/ur_ws/install/moveit_ros_warehouse:/home/aaron/ur_ws/install/moveit_planners_ompl:/home/aaron/ur_ws/install/moveit_kinematics:/home/aaron/ur_ws/install/moveit_ros_planning:/home/aaron/ur_ws/install/moveit_simple_controller_manager:/home/aaron/ur_ws/install/moveit_ros_occupancy_map_monitor:/home/aaron/ur_ws/install/moveit_core:/home/aaron/ur_ws/install/moveit_resources_panda_moveit_config:/home/aaron/ur_ws/install/moveit_resources_fanuc_moveit_config:/home/aaron/ur_ws/install/moveit_configs_utils:/home/aaron/ur_ws/install/srdfdom:/home/aaron/ur_ws/install/moveit_resources_pr2_description:/home/aaron/ur_ws/install/moveit_resources_panda_description:/home/aaron/ur_ws/install/moveit_resources_fanuc_description:/home/aaron/ur_ws/install/moveit_common:/home/aaron/ur_ws/install/launch_param_builder:${AMENT_PREFIX_PATH} CMAKE_PREFIX_PATH=/home/aaron/ur_ws/install/moveit_ros_move_group:/home/aaron/ur_ws/install/moveit_ros_warehouse:/home/aaron/ur_ws/install/moveit_planners_ompl:/home/aaron/ur_ws/install/moveit_kinematics:/home/aaron/ur_ws/install/moveit_ros_planning:/home/aaron/ur_ws/install/moveit_simple_controller_manager:/home/aaron/ur_ws/install/moveit_ros_occupancy_map_monitor:/home/aaron/ur_ws/install/moveit_core:/home/aaron/ur_ws/install/moveit_resources_panda_moveit_config:/home/aaron/ur_ws/install/moveit_resources_fanuc_moveit_config:/home/aaron/ur_ws/install/srdfdom:/home/aaron/ur_ws/install/moveit_resources_pr2_description:/home/aaron/ur_ws/install/moveit_resources_panda_description:/home/aaron/ur_ws/install/moveit_resources_fanuc_description:/home/aaron/ur_ws/install/moveit_common:/opt/ros/humble LD_LIBRARY_PATH=/home/aaron/ur_ws/install/moveit_ros_move_group/lib:/home/aaron/ur_ws/install/moveit_ros_warehouse/lib:/home/aaron/ur_ws/install/moveit_planners_ompl/lib:/home/aaron/ur_ws/install/moveit_kinematics/lib:/home/aaron/ur_ws/install/moveit_ros_planning/lib:/home/aaron/ur_ws/install/moveit_simple_controller_manager/lib:/home/aaron/ur_ws/install/moveit_ros_occupancy_map_monitor/lib:/home/aaron/ur_ws/install/moveit_core/lib:/home/aaron/ur_ws/install/srdfdom/lib:${LD_LIBRARY_PATH} PATH=/home/aaron/ur_ws/install/moveit_core/bin:${PATH} PYTHONPATH=/home/aaron/ur_ws/install/moveit_configs_utils/lib/python3.10/site-packages:/home/aaron/ur_ws/install/srdfdom/local/lib/python3.10/dist-packages:/home/aaron/ur_ws/install/launch_param_builder/lib/python3.10/site-packages:${PYTHONPATH} /usr/bin/cmake --build /home/aaron/ur_ws/build/moveit_ros_planning_interface -- -j20 -l20
[494.835s] DEBUG:colcon.colcon_core.event_handler.log_command:Invoking command in '/home/aaron/ur_ws/build/moveit_resources_prbt_moveit_config': AMENT_PREFIX_PATH=/home/aaron/ur_ws/install/moveit_ros_move_group:/home/aaron/ur_ws/install/moveit_kinematics:/home/aaron/ur_ws/install/moveit_ros_planning:/home/aaron/ur_ws/install/moveit_ros_occupancy_map_monitor:/home/aaron/ur_ws/install/moveit_resources_prbt_ikfast_manipulator_plugin:/home/aaron/ur_ws/install/moveit_core:/home/aaron/ur_ws/install/moveit_resources_panda_moveit_config:/home/aaron/ur_ws/install/moveit_resources_fanuc_moveit_config:/home/aaron/ur_ws/install/moveit_configs_utils:/home/aaron/ur_ws/install/srdfdom:/home/aaron/ur_ws/install/moveit_resources_prbt_support:/home/aaron/ur_ws/install/moveit_resources_pr2_description:/home/aaron/ur_ws/install/moveit_resources_panda_description:/home/aaron/ur_ws/install/moveit_resources_fanuc_description:/home/aaron/ur_ws/install/moveit_common:/home/aaron/ur_ws/install/launch_param_builder:${AMENT_PREFIX_PATH} CMAKE_PREFIX_PATH=/home/aaron/ur_ws/install/moveit_ros_move_group:/home/aaron/ur_ws/install/moveit_kinematics:/home/aaron/ur_ws/install/moveit_ros_planning:/home/aaron/ur_ws/install/moveit_ros_occupancy_map_monitor:/home/aaron/ur_ws/install/moveit_resources_prbt_ikfast_manipulator_plugin:/home/aaron/ur_ws/install/moveit_core:/home/aaron/ur_ws/install/moveit_resources_panda_moveit_config:/home/aaron/ur_ws/install/moveit_resources_fanuc_moveit_config:/home/aaron/ur_ws/install/srdfdom:/home/aaron/ur_ws/install/moveit_resources_prbt_support:/home/aaron/ur_ws/install/moveit_resources_pr2_description:/home/aaron/ur_ws/install/moveit_resources_panda_description:/home/aaron/ur_ws/install/moveit_resources_fanuc_description:/home/aaron/ur_ws/install/moveit_common:/opt/ros/humble LD_LIBRARY_PATH=/home/aaron/ur_ws/install/moveit_ros_move_group/lib:/home/aaron/ur_ws/install/moveit_kinematics/lib:/home/aaron/ur_ws/install/moveit_ros_planning/lib:/home/aaron/ur_ws/install/moveit_ros_occupancy_map_monitor/lib:/home/aaron/ur_ws/install/moveit_resources_prbt_ikfast_manipulator_plugin/lib:/home/aaron/ur_ws/install/moveit_core/lib:/home/aaron/ur_ws/install/srdfdom/lib:${LD_LIBRARY_PATH} PATH=/home/aaron/ur_ws/install/moveit_core/bin:${PATH} PYTHONPATH=/home/aaron/ur_ws/install/moveit_configs_utils/lib/python3.10/site-packages:/home/aaron/ur_ws/install/srdfdom/local/lib/python3.10/dist-packages:/home/aaron/ur_ws/install/launch_param_builder/lib/python3.10/site-packages:${PYTHONPATH} /usr/bin/cmake --build /home/aaron/ur_ws/build/moveit_resources_prbt_moveit_config -- -j20 -l20
[494.874s] DEBUG:colcon.colcon_core.event_handler.log_command:Invoked command in '/home/aaron/ur_ws/build/moveit_resources_prbt_moveit_config' returned '0': AMENT_PREFIX_PATH=/home/aaron/ur_ws/install/moveit_ros_move_group:/home/aaron/ur_ws/install/moveit_kinematics:/home/aaron/ur_ws/install/moveit_ros_planning:/home/aaron/ur_ws/install/moveit_ros_occupancy_map_monitor:/home/aaron/ur_ws/install/moveit_resources_prbt_ikfast_manipulator_plugin:/home/aaron/ur_ws/install/moveit_core:/home/aaron/ur_ws/install/moveit_resources_panda_moveit_config:/home/aaron/ur_ws/install/moveit_resources_fanuc_moveit_config:/home/aaron/ur_ws/install/moveit_configs_utils:/home/aaron/ur_ws/install/srdfdom:/home/aaron/ur_ws/install/moveit_resources_prbt_support:/home/aaron/ur_ws/install/moveit_resources_pr2_description:/home/aaron/ur_ws/install/moveit_resources_panda_description:/home/aaron/ur_ws/install/moveit_resources_fanuc_description:/home/aaron/ur_ws/install/moveit_common:/home/aaron/ur_ws/install/launch_param_builder:${AMENT_PREFIX_PATH} CMAKE_PREFIX_PATH=/home/aaron/ur_ws/install/moveit_ros_move_group:/home/aaron/ur_ws/install/moveit_kinematics:/home/aaron/ur_ws/install/moveit_ros_planning:/home/aaron/ur_ws/install/moveit_ros_occupancy_map_monitor:/home/aaron/ur_ws/install/moveit_resources_prbt_ikfast_manipulator_plugin:/home/aaron/ur_ws/install/moveit_core:/home/aaron/ur_ws/install/moveit_resources_panda_moveit_config:/home/aaron/ur_ws/install/moveit_resources_fanuc_moveit_config:/home/aaron/ur_ws/install/srdfdom:/home/aaron/ur_ws/install/moveit_resources_prbt_support:/home/aaron/ur_ws/install/moveit_resources_pr2_description:/home/aaron/ur_ws/install/moveit_resources_panda_description:/home/aaron/ur_ws/install/moveit_resources_fanuc_description:/home/aaron/ur_ws/install/moveit_common:/opt/ros/humble LD_LIBRARY_PATH=/home/aaron/ur_ws/install/moveit_ros_move_group/lib:/home/aaron/ur_ws/install/moveit_kinematics/lib:/home/aaron/ur_ws/install/moveit_ros_planning/lib:/home/aaron/ur_ws/install/moveit_ros_occupancy_map_monitor/lib:/home/aaron/ur_ws/install/moveit_resources_prbt_ikfast_manipulator_plugin/lib:/home/aaron/ur_ws/install/moveit_core/lib:/home/aaron/ur_ws/install/srdfdom/lib:${LD_LIBRARY_PATH} PATH=/home/aaron/ur_ws/install/moveit_core/bin:${PATH} PYTHONPATH=/home/aaron/ur_ws/install/moveit_configs_utils/lib/python3.10/site-packages:/home/aaron/ur_ws/install/srdfdom/local/lib/python3.10/dist-packages:/home/aaron/ur_ws/install/launch_param_builder/lib/python3.10/site-packages:${PYTHONPATH} /usr/bin/cmake --build /home/aaron/ur_ws/build/moveit_resources_prbt_moveit_config -- -j20 -l20
[494.875s] DEBUG:colcon.colcon_core.event_handler.log_command:Invoking command in '/home/aaron/ur_ws/build/moveit_resources_prbt_moveit_config': AMENT_PREFIX_PATH=/home/aaron/ur_ws/install/moveit_ros_move_group:/home/aaron/ur_ws/install/moveit_kinematics:/home/aaron/ur_ws/install/moveit_ros_planning:/home/aaron/ur_ws/install/moveit_ros_occupancy_map_monitor:/home/aaron/ur_ws/install/moveit_resources_prbt_ikfast_manipulator_plugin:/home/aaron/ur_ws/install/moveit_core:/home/aaron/ur_ws/install/moveit_resources_panda_moveit_config:/home/aaron/ur_ws/install/moveit_resources_fanuc_moveit_config:/home/aaron/ur_ws/install/moveit_configs_utils:/home/aaron/ur_ws/install/srdfdom:/home/aaron/ur_ws/install/moveit_resources_prbt_support:/home/aaron/ur_ws/install/moveit_resources_pr2_description:/home/aaron/ur_ws/install/moveit_resources_panda_description:/home/aaron/ur_ws/install/moveit_resources_fanuc_description:/home/aaron/ur_ws/install/moveit_common:/home/aaron/ur_ws/install/launch_param_builder:${AMENT_PREFIX_PATH} CMAKE_PREFIX_PATH=/home/aaron/ur_ws/install/moveit_ros_move_group:/home/aaron/ur_ws/install/moveit_kinematics:/home/aaron/ur_ws/install/moveit_ros_planning:/home/aaron/ur_ws/install/moveit_ros_occupancy_map_monitor:/home/aaron/ur_ws/install/moveit_resources_prbt_ikfast_manipulator_plugin:/home/aaron/ur_ws/install/moveit_core:/home/aaron/ur_ws/install/moveit_resources_panda_moveit_config:/home/aaron/ur_ws/install/moveit_resources_fanuc_moveit_config:/home/aaron/ur_ws/install/srdfdom:/home/aaron/ur_ws/install/moveit_resources_prbt_support:/home/aaron/ur_ws/install/moveit_resources_pr2_description:/home/aaron/ur_ws/install/moveit_resources_panda_description:/home/aaron/ur_ws/install/moveit_resources_fanuc_description:/home/aaron/ur_ws/install/moveit_common:/opt/ros/humble LD_LIBRARY_PATH=/home/aaron/ur_ws/install/moveit_ros_move_group/lib:/home/aaron/ur_ws/install/moveit_kinematics/lib:/home/aaron/ur_ws/install/moveit_ros_planning/lib:/home/aaron/ur_ws/install/moveit_ros_occupancy_map_monitor/lib:/home/aaron/ur_ws/install/moveit_resources_prbt_ikfast_manipulator_plugin/lib:/home/aaron/ur_ws/install/moveit_core/lib:/home/aaron/ur_ws/install/srdfdom/lib:${LD_LIBRARY_PATH} PATH=/home/aaron/ur_ws/install/moveit_core/bin:${PATH} PYTHONPATH=/home/aaron/ur_ws/install/moveit_configs_utils/lib/python3.10/site-packages:/home/aaron/ur_ws/install/srdfdom/local/lib/python3.10/dist-packages:/home/aaron/ur_ws/install/launch_param_builder/lib/python3.10/site-packages:${PYTHONPATH} /usr/bin/cmake --install /home/aaron/ur_ws/build/moveit_resources_prbt_moveit_config
[494.885s] Level 1:colcon.colcon_core.environment:create_environment_scripts_only(moveit_resources_prbt_moveit_config)
[494.885s] Level 1:colcon.colcon_core.environment:checking '/home/aaron/ur_ws/install/moveit_resources_prbt_moveit_config' for CMake module files
[494.886s] DEBUG:colcon.colcon_core.event_handler.log_command:Invoked command in '/home/aaron/ur_ws/build/moveit_resources_prbt_moveit_config' returned '0': AMENT_PREFIX_PATH=/home/aaron/ur_ws/install/moveit_ros_move_group:/home/aaron/ur_ws/install/moveit_kinematics:/home/aaron/ur_ws/install/moveit_ros_planning:/home/aaron/ur_ws/install/moveit_ros_occupancy_map_monitor:/home/aaron/ur_ws/install/moveit_resources_prbt_ikfast_manipulator_plugin:/home/aaron/ur_ws/install/moveit_core:/home/aaron/ur_ws/install/moveit_resources_panda_moveit_config:/home/aaron/ur_ws/install/moveit_resources_fanuc_moveit_config:/home/aaron/ur_ws/install/moveit_configs_utils:/home/aaron/ur_ws/install/srdfdom:/home/aaron/ur_ws/install/moveit_resources_prbt_support:/home/aaron/ur_ws/install/moveit_resources_pr2_description:/home/aaron/ur_ws/install/moveit_resources_panda_description:/home/aaron/ur_ws/install/moveit_resources_fanuc_description:/home/aaron/ur_ws/install/moveit_common:/home/aaron/ur_ws/install/launch_param_builder:${AMENT_PREFIX_PATH} CMAKE_PREFIX_PATH=/home/aaron/ur_ws/install/moveit_ros_move_group:/home/aaron/ur_ws/install/moveit_kinematics:/home/aaron/ur_ws/install/moveit_ros_planning:/home/aaron/ur_ws/install/moveit_ros_occupancy_map_monitor:/home/aaron/ur_ws/install/moveit_resources_prbt_ikfast_manipulator_plugin:/home/aaron/ur_ws/install/moveit_core:/home/aaron/ur_ws/install/moveit_resources_panda_moveit_config:/home/aaron/ur_ws/install/moveit_resources_fanuc_moveit_config:/home/aaron/ur_ws/install/srdfdom:/home/aaron/ur_ws/install/moveit_resources_prbt_support:/home/aaron/ur_ws/install/moveit_resources_pr2_description:/home/aaron/ur_ws/install/moveit_resources_panda_description:/home/aaron/ur_ws/install/moveit_resources_fanuc_description:/home/aaron/ur_ws/install/moveit_common:/opt/ros/humble LD_LIBRARY_PATH=/home/aaron/ur_ws/install/moveit_ros_move_group/lib:/home/aaron/ur_ws/install/moveit_kinematics/lib:/home/aaron/ur_ws/install/moveit_ros_planning/lib:/home/aaron/ur_ws/install/moveit_ros_occupancy_map_monitor/lib:/home/aaron/ur_ws/install/moveit_resources_prbt_ikfast_manipulator_plugin/lib:/home/aaron/ur_ws/install/moveit_core/lib:/home/aaron/ur_ws/install/srdfdom/lib:${LD_LIBRARY_PATH} PATH=/home/aaron/ur_ws/install/moveit_core/bin:${PATH} PYTHONPATH=/home/aaron/ur_ws/install/moveit_configs_utils/lib/python3.10/site-packages:/home/aaron/ur_ws/install/srdfdom/local/lib/python3.10/dist-packages:/home/aaron/ur_ws/install/launch_param_builder/lib/python3.10/site-packages:${PYTHONPATH} /usr/bin/cmake --install /home/aaron/ur_ws/build/moveit_resources_prbt_moveit_config
[494.886s] Level 1:colcon.colcon_core.environment:checking '/home/aaron/ur_ws/install/moveit_resources_prbt_moveit_config' for CMake config files
[494.887s] Level 1:colcon.colcon_core.shell:create_environment_hook('moveit_resources_prbt_moveit_config', 'cmake_prefix_path')
[494.887s] INFO:colcon.colcon_core.shell:Creating environment hook '/home/aaron/ur_ws/install/moveit_resources_prbt_moveit_config/share/moveit_resources_prbt_moveit_config/hook/cmake_prefix_path.ps1'
[494.888s] INFO:colcon.colcon_core.shell:Creating environment descriptor '/home/aaron/ur_ws/install/moveit_resources_prbt_moveit_config/share/moveit_resources_prbt_moveit_config/hook/cmake_prefix_path.dsv'
[494.888s] INFO:colcon.colcon_core.shell:Creating environment hook '/home/aaron/ur_ws/install/moveit_resources_prbt_moveit_config/share/moveit_resources_prbt_moveit_config/hook/cmake_prefix_path.sh'
[494.889s] Level 1:colcon.colcon_core.environment:checking '/home/aaron/ur_ws/install/moveit_resources_prbt_moveit_config/bin'
[494.889s] Level 1:colcon.colcon_core.environment:checking '/home/aaron/ur_ws/install/moveit_resources_prbt_moveit_config/lib/pkgconfig/moveit_resources_prbt_moveit_config.pc'
[494.890s] Level 1:colcon.colcon_core.environment:checking '/home/aaron/ur_ws/install/moveit_resources_prbt_moveit_config/lib/python3.10/site-packages'
[494.890s] Level 1:colcon.colcon_core.environment:checking '/home/aaron/ur_ws/install/moveit_resources_prbt_moveit_config/bin'
[494.891s] INFO:colcon.colcon_core.shell:Creating package script '/home/aaron/ur_ws/install/moveit_resources_prbt_moveit_config/share/moveit_resources_prbt_moveit_config/package.ps1'
[494.891s] INFO:colcon.colcon_core.shell:Creating package descriptor '/home/aaron/ur_ws/install/moveit_resources_prbt_moveit_config/share/moveit_resources_prbt_moveit_config/package.dsv'
[494.892s] INFO:colcon.colcon_core.shell:Creating package script '/home/aaron/ur_ws/install/moveit_resources_prbt_moveit_config/share/moveit_resources_prbt_moveit_config/package.sh'
[494.892s] INFO:colcon.colcon_core.shell:Creating package script '/home/aaron/ur_ws/install/moveit_resources_prbt_moveit_config/share/moveit_resources_prbt_moveit_config/package.bash'
[494.893s] INFO:colcon.colcon_core.shell:Creating package script '/home/aaron/ur_ws/install/moveit_resources_prbt_moveit_config/share/moveit_resources_prbt_moveit_config/package.zsh'
[494.893s] Level 1:colcon.colcon_core.environment:create_file_with_runtime_dependencies(/home/aaron/ur_ws/install/moveit_resources_prbt_moveit_config/share/colcon-core/packages/moveit_resources_prbt_moveit_config)
[494.894s] Level 1:colcon.colcon_core.environment:create_environment_scripts_only(moveit_resources_prbt_moveit_config)
[494.895s] Level 1:colcon.colcon_core.environment:checking '/home/aaron/ur_ws/install/moveit_resources_prbt_moveit_config' for CMake module files
[494.895s] Level 1:colcon.colcon_core.environment:checking '/home/aaron/ur_ws/install/moveit_resources_prbt_moveit_config' for CMake config files
[494.895s] Level 1:colcon.colcon_core.shell:create_environment_hook('moveit_resources_prbt_moveit_config', 'cmake_prefix_path')
[494.896s] INFO:colcon.colcon_core.shell:Creating environment hook '/home/aaron/ur_ws/install/moveit_resources_prbt_moveit_config/share/moveit_resources_prbt_moveit_config/hook/cmake_prefix_path.ps1'
[494.896s] INFO:colcon.colcon_core.shell:Creating environment descriptor '/home/aaron/ur_ws/install/moveit_resources_prbt_moveit_config/share/moveit_resources_prbt_moveit_config/hook/cmake_prefix_path.dsv'
[494.897s] INFO:colcon.colcon_core.shell:Creating environment hook '/home/aaron/ur_ws/install/moveit_resources_prbt_moveit_config/share/moveit_resources_prbt_moveit_config/hook/cmake_prefix_path.sh'
[494.898s] Level 1:colcon.colcon_core.environment:checking '/home/aaron/ur_ws/install/moveit_resources_prbt_moveit_config/bin'
[494.898s] Level 1:colcon.colcon_core.environment:checking '/home/aaron/ur_ws/install/moveit_resources_prbt_moveit_config/lib/pkgconfig/moveit_resources_prbt_moveit_config.pc'
[494.898s] Level 1:colcon.colcon_core.environment:checking '/home/aaron/ur_ws/install/moveit_resources_prbt_moveit_config/lib/python3.10/site-packages'
[494.899s] Level 1:colcon.colcon_core.environment:checking '/home/aaron/ur_ws/install/moveit_resources_prbt_moveit_config/bin'
[494.899s] INFO:colcon.colcon_core.shell:Creating package script '/home/aaron/ur_ws/install/moveit_resources_prbt_moveit_config/share/moveit_resources_prbt_moveit_config/package.ps1'
[494.900s] INFO:colcon.colcon_core.shell:Creating package descriptor '/home/aaron/ur_ws/install/moveit_resources_prbt_moveit_config/share/moveit_resources_prbt_moveit_config/package.dsv'
[494.900s] INFO:colcon.colcon_core.shell:Creating package script '/home/aaron/ur_ws/install/moveit_resources_prbt_moveit_config/share/moveit_resources_prbt_moveit_config/package.sh'
[494.901s] INFO:colcon.colcon_core.shell:Creating package script '/home/aaron/ur_ws/install/moveit_resources_prbt_moveit_config/share/moveit_resources_prbt_moveit_config/package.bash'
[494.902s] INFO:colcon.colcon_core.shell:Creating package script '/home/aaron/ur_ws/install/moveit_resources_prbt_moveit_config/share/moveit_resources_prbt_moveit_config/package.zsh'
[494.902s] Level 1:colcon.colcon_core.environment:create_file_with_runtime_dependencies(/home/aaron/ur_ws/install/moveit_resources_prbt_moveit_config/share/colcon-core/packages/moveit_resources_prbt_moveit_config)
[494.903s] INFO:colcon.colcon_ros.task.ament_cmake.build:Building ROS package in '/home/aaron/ur_ws/src/moveit2/moveit_planners/test_configs/prbt_pg70_support' with build type 'ament_cmake'
[494.903s] INFO:colcon.colcon_cmake.task.cmake.build:Building CMake package in '/home/aaron/ur_ws/src/moveit2/moveit_planners/test_configs/prbt_pg70_support'
[494.903s] INFO:colcon.colcon_core.shell:Skip shell extension 'powershell' for command environment: Not usable outside of PowerShell
[494.903s] DEBUG:colcon.colcon_core.shell:Skip shell extension 'dsv' for command environment
[494.942s] DEBUG:colcon.colcon_core.event_handler.log_command:Invoking command in '/home/aaron/ur_ws/build/moveit_resources_prbt_pg70_support': AMENT_PREFIX_PATH=/home/aaron/ur_ws/install/moveit_resources_prbt_moveit_config:/home/aaron/ur_ws/install/moveit_ros_move_group:/home/aaron/ur_ws/install/moveit_kinematics:/home/aaron/ur_ws/install/moveit_ros_planning:/home/aaron/ur_ws/install/moveit_ros_occupancy_map_monitor:/home/aaron/ur_ws/install/moveit_resources_prbt_ikfast_manipulator_plugin:/home/aaron/ur_ws/install/moveit_core:/home/aaron/ur_ws/install/moveit_resources_panda_moveit_config:/home/aaron/ur_ws/install/moveit_resources_fanuc_moveit_config:/home/aaron/ur_ws/install/moveit_configs_utils:/home/aaron/ur_ws/install/srdfdom:/home/aaron/ur_ws/install/moveit_resources_prbt_support:/home/aaron/ur_ws/install/moveit_resources_pr2_description:/home/aaron/ur_ws/install/moveit_resources_panda_description:/home/aaron/ur_ws/install/moveit_resources_fanuc_description:/home/aaron/ur_ws/install/moveit_common:/home/aaron/ur_ws/install/launch_param_builder:${AMENT_PREFIX_PATH} CMAKE_PREFIX_PATH=/home/aaron/ur_ws/install/moveit_resources_prbt_moveit_config:/home/aaron/ur_ws/install/moveit_ros_move_group:/home/aaron/ur_ws/install/moveit_kinematics:/home/aaron/ur_ws/install/moveit_ros_planning:/home/aaron/ur_ws/install/moveit_ros_occupancy_map_monitor:/home/aaron/ur_ws/install/moveit_resources_prbt_ikfast_manipulator_plugin:/home/aaron/ur_ws/install/moveit_core:/home/aaron/ur_ws/install/moveit_resources_panda_moveit_config:/home/aaron/ur_ws/install/moveit_resources_fanuc_moveit_config:/home/aaron/ur_ws/install/srdfdom:/home/aaron/ur_ws/install/moveit_resources_prbt_support:/home/aaron/ur_ws/install/moveit_resources_pr2_description:/home/aaron/ur_ws/install/moveit_resources_panda_description:/home/aaron/ur_ws/install/moveit_resources_fanuc_description:/home/aaron/ur_ws/install/moveit_common:/opt/ros/humble LD_LIBRARY_PATH=/home/aaron/ur_ws/install/moveit_ros_move_group/lib:/home/aaron/ur_ws/install/moveit_kinematics/lib:/home/aaron/ur_ws/install/moveit_ros_planning/lib:/home/aaron/ur_ws/install/moveit_ros_occupancy_map_monitor/lib:/home/aaron/ur_ws/install/moveit_resources_prbt_ikfast_manipulator_plugin/lib:/home/aaron/ur_ws/install/moveit_core/lib:/home/aaron/ur_ws/install/srdfdom/lib:${LD_LIBRARY_PATH} PATH=/home/aaron/ur_ws/install/moveit_core/bin:${PATH} PYTHONPATH=/home/aaron/ur_ws/install/moveit_configs_utils/lib/python3.10/site-packages:/home/aaron/ur_ws/install/srdfdom/local/lib/python3.10/dist-packages:/home/aaron/ur_ws/install/launch_param_builder/lib/python3.10/site-packages:${PYTHONPATH} /usr/bin/cmake --build /home/aaron/ur_ws/build/moveit_resources_prbt_pg70_support -- -j20 -l20
[494.977s] DEBUG:colcon.colcon_core.event_handler.log_command:Invoked command in '/home/aaron/ur_ws/build/moveit_resources_prbt_pg70_support' returned '0': AMENT_PREFIX_PATH=/home/aaron/ur_ws/install/moveit_resources_prbt_moveit_config:/home/aaron/ur_ws/install/moveit_ros_move_group:/home/aaron/ur_ws/install/moveit_kinematics:/home/aaron/ur_ws/install/moveit_ros_planning:/home/aaron/ur_ws/install/moveit_ros_occupancy_map_monitor:/home/aaron/ur_ws/install/moveit_resources_prbt_ikfast_manipulator_plugin:/home/aaron/ur_ws/install/moveit_core:/home/aaron/ur_ws/install/moveit_resources_panda_moveit_config:/home/aaron/ur_ws/install/moveit_resources_fanuc_moveit_config:/home/aaron/ur_ws/install/moveit_configs_utils:/home/aaron/ur_ws/install/srdfdom:/home/aaron/ur_ws/install/moveit_resources_prbt_support:/home/aaron/ur_ws/install/moveit_resources_pr2_description:/home/aaron/ur_ws/install/moveit_resources_panda_description:/home/aaron/ur_ws/install/moveit_resources_fanuc_description:/home/aaron/ur_ws/install/moveit_common:/home/aaron/ur_ws/install/launch_param_builder:${AMENT_PREFIX_PATH} CMAKE_PREFIX_PATH=/home/aaron/ur_ws/install/moveit_resources_prbt_moveit_config:/home/aaron/ur_ws/install/moveit_ros_move_group:/home/aaron/ur_ws/install/moveit_kinematics:/home/aaron/ur_ws/install/moveit_ros_planning:/home/aaron/ur_ws/install/moveit_ros_occupancy_map_monitor:/home/aaron/ur_ws/install/moveit_resources_prbt_ikfast_manipulator_plugin:/home/aaron/ur_ws/install/moveit_core:/home/aaron/ur_ws/install/moveit_resources_panda_moveit_config:/home/aaron/ur_ws/install/moveit_resources_fanuc_moveit_config:/home/aaron/ur_ws/install/srdfdom:/home/aaron/ur_ws/install/moveit_resources_prbt_support:/home/aaron/ur_ws/install/moveit_resources_pr2_description:/home/aaron/ur_ws/install/moveit_resources_panda_description:/home/aaron/ur_ws/install/moveit_resources_fanuc_description:/home/aaron/ur_ws/install/moveit_common:/opt/ros/humble LD_LIBRARY_PATH=/home/aaron/ur_ws/install/moveit_ros_move_group/lib:/home/aaron/ur_ws/install/moveit_kinematics/lib:/home/aaron/ur_ws/install/moveit_ros_planning/lib:/home/aaron/ur_ws/install/moveit_ros_occupancy_map_monitor/lib:/home/aaron/ur_ws/install/moveit_resources_prbt_ikfast_manipulator_plugin/lib:/home/aaron/ur_ws/install/moveit_core/lib:/home/aaron/ur_ws/install/srdfdom/lib:${LD_LIBRARY_PATH} PATH=/home/aaron/ur_ws/install/moveit_core/bin:${PATH} PYTHONPATH=/home/aaron/ur_ws/install/moveit_configs_utils/lib/python3.10/site-packages:/home/aaron/ur_ws/install/srdfdom/local/lib/python3.10/dist-packages:/home/aaron/ur_ws/install/launch_param_builder/lib/python3.10/site-packages:${PYTHONPATH} /usr/bin/cmake --build /home/aaron/ur_ws/build/moveit_resources_prbt_pg70_support -- -j20 -l20
[494.979s] DEBUG:colcon.colcon_core.event_handler.log_command:Invoking command in '/home/aaron/ur_ws/build/moveit_resources_prbt_pg70_support': AMENT_PREFIX_PATH=/home/aaron/ur_ws/install/moveit_resources_prbt_moveit_config:/home/aaron/ur_ws/install/moveit_ros_move_group:/home/aaron/ur_ws/install/moveit_kinematics:/home/aaron/ur_ws/install/moveit_ros_planning:/home/aaron/ur_ws/install/moveit_ros_occupancy_map_monitor:/home/aaron/ur_ws/install/moveit_resources_prbt_ikfast_manipulator_plugin:/home/aaron/ur_ws/install/moveit_core:/home/aaron/ur_ws/install/moveit_resources_panda_moveit_config:/home/aaron/ur_ws/install/moveit_resources_fanuc_moveit_config:/home/aaron/ur_ws/install/moveit_configs_utils:/home/aaron/ur_ws/install/srdfdom:/home/aaron/ur_ws/install/moveit_resources_prbt_support:/home/aaron/ur_ws/install/moveit_resources_pr2_description:/home/aaron/ur_ws/install/moveit_resources_panda_description:/home/aaron/ur_ws/install/moveit_resources_fanuc_description:/home/aaron/ur_ws/install/moveit_common:/home/aaron/ur_ws/install/launch_param_builder:${AMENT_PREFIX_PATH} CMAKE_PREFIX_PATH=/home/aaron/ur_ws/install/moveit_resources_prbt_moveit_config:/home/aaron/ur_ws/install/moveit_ros_move_group:/home/aaron/ur_ws/install/moveit_kinematics:/home/aaron/ur_ws/install/moveit_ros_planning:/home/aaron/ur_ws/install/moveit_ros_occupancy_map_monitor:/home/aaron/ur_ws/install/moveit_resources_prbt_ikfast_manipulator_plugin:/home/aaron/ur_ws/install/moveit_core:/home/aaron/ur_ws/install/moveit_resources_panda_moveit_config:/home/aaron/ur_ws/install/moveit_resources_fanuc_moveit_config:/home/aaron/ur_ws/install/srdfdom:/home/aaron/ur_ws/install/moveit_resources_prbt_support:/home/aaron/ur_ws/install/moveit_resources_pr2_description:/home/aaron/ur_ws/install/moveit_resources_panda_description:/home/aaron/ur_ws/install/moveit_resources_fanuc_description:/home/aaron/ur_ws/install/moveit_common:/opt/ros/humble LD_LIBRARY_PATH=/home/aaron/ur_ws/install/moveit_ros_move_group/lib:/home/aaron/ur_ws/install/moveit_kinematics/lib:/home/aaron/ur_ws/install/moveit_ros_planning/lib:/home/aaron/ur_ws/install/moveit_ros_occupancy_map_monitor/lib:/home/aaron/ur_ws/install/moveit_resources_prbt_ikfast_manipulator_plugin/lib:/home/aaron/ur_ws/install/moveit_core/lib:/home/aaron/ur_ws/install/srdfdom/lib:${LD_LIBRARY_PATH} PATH=/home/aaron/ur_ws/install/moveit_core/bin:${PATH} PYTHONPATH=/home/aaron/ur_ws/install/moveit_configs_utils/lib/python3.10/site-packages:/home/aaron/ur_ws/install/srdfdom/local/lib/python3.10/dist-packages:/home/aaron/ur_ws/install/launch_param_builder/lib/python3.10/site-packages:${PYTHONPATH} /usr/bin/cmake --install /home/aaron/ur_ws/build/moveit_resources_prbt_pg70_support
[494.991s] Level 1:colcon.colcon_core.environment:create_environment_scripts_only(moveit_resources_prbt_pg70_support)
[494.991s] Level 1:colcon.colcon_core.environment:checking '/home/aaron/ur_ws/install/moveit_resources_prbt_pg70_support' for CMake module files
[494.993s] DEBUG:colcon.colcon_core.event_handler.log_command:Invoked command in '/home/aaron/ur_ws/build/moveit_resources_prbt_pg70_support' returned '0': AMENT_PREFIX_PATH=/home/aaron/ur_ws/install/moveit_resources_prbt_moveit_config:/home/aaron/ur_ws/install/moveit_ros_move_group:/home/aaron/ur_ws/install/moveit_kinematics:/home/aaron/ur_ws/install/moveit_ros_planning:/home/aaron/ur_ws/install/moveit_ros_occupancy_map_monitor:/home/aaron/ur_ws/install/moveit_resources_prbt_ikfast_manipulator_plugin:/home/aaron/ur_ws/install/moveit_core:/home/aaron/ur_ws/install/moveit_resources_panda_moveit_config:/home/aaron/ur_ws/install/moveit_resources_fanuc_moveit_config:/home/aaron/ur_ws/install/moveit_configs_utils:/home/aaron/ur_ws/install/srdfdom:/home/aaron/ur_ws/install/moveit_resources_prbt_support:/home/aaron/ur_ws/install/moveit_resources_pr2_description:/home/aaron/ur_ws/install/moveit_resources_panda_description:/home/aaron/ur_ws/install/moveit_resources_fanuc_description:/home/aaron/ur_ws/install/moveit_common:/home/aaron/ur_ws/install/launch_param_builder:${AMENT_PREFIX_PATH} CMAKE_PREFIX_PATH=/home/aaron/ur_ws/install/moveit_resources_prbt_moveit_config:/home/aaron/ur_ws/install/moveit_ros_move_group:/home/aaron/ur_ws/install/moveit_kinematics:/home/aaron/ur_ws/install/moveit_ros_planning:/home/aaron/ur_ws/install/moveit_ros_occupancy_map_monitor:/home/aaron/ur_ws/install/moveit_resources_prbt_ikfast_manipulator_plugin:/home/aaron/ur_ws/install/moveit_core:/home/aaron/ur_ws/install/moveit_resources_panda_moveit_config:/home/aaron/ur_ws/install/moveit_resources_fanuc_moveit_config:/home/aaron/ur_ws/install/srdfdom:/home/aaron/ur_ws/install/moveit_resources_prbt_support:/home/aaron/ur_ws/install/moveit_resources_pr2_description:/home/aaron/ur_ws/install/moveit_resources_panda_description:/home/aaron/ur_ws/install/moveit_resources_fanuc_description:/home/aaron/ur_ws/install/moveit_common:/opt/ros/humble LD_LIBRARY_PATH=/home/aaron/ur_ws/install/moveit_ros_move_group/lib:/home/aaron/ur_ws/install/moveit_kinematics/lib:/home/aaron/ur_ws/install/moveit_ros_planning/lib:/home/aaron/ur_ws/install/moveit_ros_occupancy_map_monitor/lib:/home/aaron/ur_ws/install/moveit_resources_prbt_ikfast_manipulator_plugin/lib:/home/aaron/ur_ws/install/moveit_core/lib:/home/aaron/ur_ws/install/srdfdom/lib:${LD_LIBRARY_PATH} PATH=/home/aaron/ur_ws/install/moveit_core/bin:${PATH} PYTHONPATH=/home/aaron/ur_ws/install/moveit_configs_utils/lib/python3.10/site-packages:/home/aaron/ur_ws/install/srdfdom/local/lib/python3.10/dist-packages:/home/aaron/ur_ws/install/launch_param_builder/lib/python3.10/site-packages:${PYTHONPATH} /usr/bin/cmake --install /home/aaron/ur_ws/build/moveit_resources_prbt_pg70_support
[494.993s] Level 1:colcon.colcon_core.environment:checking '/home/aaron/ur_ws/install/moveit_resources_prbt_pg70_support' for CMake config files
[494.993s] Level 1:colcon.colcon_core.shell:create_environment_hook('moveit_resources_prbt_pg70_support', 'cmake_prefix_path')
[494.994s] INFO:colcon.colcon_core.shell:Creating environment hook '/home/aaron/ur_ws/install/moveit_resources_prbt_pg70_support/share/moveit_resources_prbt_pg70_support/hook/cmake_prefix_path.ps1'
[494.995s] INFO:colcon.colcon_core.shell:Creating environment descriptor '/home/aaron/ur_ws/install/moveit_resources_prbt_pg70_support/share/moveit_resources_prbt_pg70_support/hook/cmake_prefix_path.dsv'
[494.995s] INFO:colcon.colcon_core.shell:Creating environment hook '/home/aaron/ur_ws/install/moveit_resources_prbt_pg70_support/share/moveit_resources_prbt_pg70_support/hook/cmake_prefix_path.sh'
[494.995s] Level 1:colcon.colcon_core.environment:checking '/home/aaron/ur_ws/install/moveit_resources_prbt_pg70_support/bin'
[494.996s] Level 1:colcon.colcon_core.environment:checking '/home/aaron/ur_ws/install/moveit_resources_prbt_pg70_support/lib/pkgconfig/moveit_resources_prbt_pg70_support.pc'
[494.996s] Level 1:colcon.colcon_core.environment:checking '/home/aaron/ur_ws/install/moveit_resources_prbt_pg70_support/lib/python3.10/site-packages'
[494.996s] Level 1:colcon.colcon_core.environment:checking '/home/aaron/ur_ws/install/moveit_resources_prbt_pg70_support/bin'
[494.997s] INFO:colcon.colcon_core.shell:Creating package script '/home/aaron/ur_ws/install/moveit_resources_prbt_pg70_support/share/moveit_resources_prbt_pg70_support/package.ps1'
[494.997s] INFO:colcon.colcon_core.shell:Creating package descriptor '/home/aaron/ur_ws/install/moveit_resources_prbt_pg70_support/share/moveit_resources_prbt_pg70_support/package.dsv'
[494.997s] INFO:colcon.colcon_core.shell:Creating package script '/home/aaron/ur_ws/install/moveit_resources_prbt_pg70_support/share/moveit_resources_prbt_pg70_support/package.sh'
[494.998s] INFO:colcon.colcon_core.shell:Creating package script '/home/aaron/ur_ws/install/moveit_resources_prbt_pg70_support/share/moveit_resources_prbt_pg70_support/package.bash'
[494.998s] INFO:colcon.colcon_core.shell:Creating package script '/home/aaron/ur_ws/install/moveit_resources_prbt_pg70_support/share/moveit_resources_prbt_pg70_support/package.zsh'
[494.998s] Level 1:colcon.colcon_core.environment:create_file_with_runtime_dependencies(/home/aaron/ur_ws/install/moveit_resources_prbt_pg70_support/share/colcon-core/packages/moveit_resources_prbt_pg70_support)
[494.999s] Level 1:colcon.colcon_core.environment:create_environment_scripts_only(moveit_resources_prbt_pg70_support)
[494.999s] Level 1:colcon.colcon_core.environment:checking '/home/aaron/ur_ws/install/moveit_resources_prbt_pg70_support' for CMake module files
[495.000s] Level 1:colcon.colcon_core.environment:checking '/home/aaron/ur_ws/install/moveit_resources_prbt_pg70_support' for CMake config files
[495.000s] Level 1:colcon.colcon_core.shell:create_environment_hook('moveit_resources_prbt_pg70_support', 'cmake_prefix_path')
[495.000s] INFO:colcon.colcon_core.shell:Creating environment hook '/home/aaron/ur_ws/install/moveit_resources_prbt_pg70_support/share/moveit_resources_prbt_pg70_support/hook/cmake_prefix_path.ps1'
[495.001s] INFO:colcon.colcon_core.shell:Creating environment descriptor '/home/aaron/ur_ws/install/moveit_resources_prbt_pg70_support/share/moveit_resources_prbt_pg70_support/hook/cmake_prefix_path.dsv'
[495.001s] INFO:colcon.colcon_core.shell:Creating environment hook '/home/aaron/ur_ws/install/moveit_resources_prbt_pg70_support/share/moveit_resources_prbt_pg70_support/hook/cmake_prefix_path.sh'
[495.001s] Level 1:colcon.colcon_core.environment:checking '/home/aaron/ur_ws/install/moveit_resources_prbt_pg70_support/bin'
[495.001s] Level 1:colcon.colcon_core.environment:checking '/home/aaron/ur_ws/install/moveit_resources_prbt_pg70_support/lib/pkgconfig/moveit_resources_prbt_pg70_support.pc'
[495.002s] Level 1:colcon.colcon_core.environment:checking '/home/aaron/ur_ws/install/moveit_resources_prbt_pg70_support/lib/python3.10/site-packages'
[495.002s] Level 1:colcon.colcon_core.environment:checking '/home/aaron/ur_ws/install/moveit_resources_prbt_pg70_support/bin'
[495.002s] INFO:colcon.colcon_core.shell:Creating package script '/home/aaron/ur_ws/install/moveit_resources_prbt_pg70_support/share/moveit_resources_prbt_pg70_support/package.ps1'
[495.003s] INFO:colcon.colcon_core.shell:Creating package descriptor '/home/aaron/ur_ws/install/moveit_resources_prbt_pg70_support/share/moveit_resources_prbt_pg70_support/package.dsv'
[495.003s] INFO:colcon.colcon_core.shell:Creating package script '/home/aaron/ur_ws/install/moveit_resources_prbt_pg70_support/share/moveit_resources_prbt_pg70_support/package.sh'
[495.003s] INFO:colcon.colcon_core.shell:Creating package script '/home/aaron/ur_ws/install/moveit_resources_prbt_pg70_support/share/moveit_resources_prbt_pg70_support/package.bash'
[495.004s] INFO:colcon.colcon_core.shell:Creating package script '/home/aaron/ur_ws/install/moveit_resources_prbt_pg70_support/share/moveit_resources_prbt_pg70_support/package.zsh'
[495.004s] Level 1:colcon.colcon_core.environment:create_file_with_runtime_dependencies(/home/aaron/ur_ws/install/moveit_resources_prbt_pg70_support/share/colcon-core/packages/moveit_resources_prbt_pg70_support)
[515.331s] DEBUG:colcon.colcon_core.event_handler.log_command:Invoked command in '/home/aaron/ur_ws/build/moveit_ros_benchmarks' returned '0': AMENT_PREFIX_PATH=/home/aaron/ur_ws/install/moveit_ros_warehouse:/home/aaron/ur_ws/install/moveit_ros_planning:/home/aaron/ur_ws/install/moveit_ros_occupancy_map_monitor:/home/aaron/ur_ws/install/moveit_core:/home/aaron/ur_ws/install/moveit_resources_panda_moveit_config:/home/aaron/ur_ws/install/moveit_configs_utils:/home/aaron/ur_ws/install/srdfdom:/home/aaron/ur_ws/install/moveit_resources_pr2_description:/home/aaron/ur_ws/install/moveit_resources_panda_description:/home/aaron/ur_ws/install/moveit_common:/home/aaron/ur_ws/install/launch_param_builder:${AMENT_PREFIX_PATH} CMAKE_PREFIX_PATH=/home/aaron/ur_ws/install/moveit_ros_warehouse:/home/aaron/ur_ws/install/moveit_ros_planning:/home/aaron/ur_ws/install/moveit_ros_occupancy_map_monitor:/home/aaron/ur_ws/install/moveit_core:/home/aaron/ur_ws/install/moveit_resources_panda_moveit_config:/home/aaron/ur_ws/install/srdfdom:/home/aaron/ur_ws/install/moveit_resources_pr2_description:/home/aaron/ur_ws/install/moveit_resources_panda_description:/home/aaron/ur_ws/install/moveit_common:/opt/ros/humble LD_LIBRARY_PATH=/home/aaron/ur_ws/install/moveit_ros_warehouse/lib:/home/aaron/ur_ws/install/moveit_ros_planning/lib:/home/aaron/ur_ws/install/moveit_ros_occupancy_map_monitor/lib:/home/aaron/ur_ws/install/moveit_core/lib:/home/aaron/ur_ws/install/srdfdom/lib:${LD_LIBRARY_PATH} PATH=/home/aaron/ur_ws/install/moveit_core/bin:${PATH} PYTHONPATH=/home/aaron/ur_ws/install/moveit_configs_utils/lib/python3.10/site-packages:/home/aaron/ur_ws/install/srdfdom/local/lib/python3.10/dist-packages:/home/aaron/ur_ws/install/launch_param_builder/lib/python3.10/site-packages:${PYTHONPATH} /usr/bin/cmake --build /home/aaron/ur_ws/build/moveit_ros_benchmarks -- -j20 -l20
[515.334s] DEBUG:colcon.colcon_core.event_handler.log_command:Invoking command in '/home/aaron/ur_ws/build/moveit_ros_benchmarks': AMENT_PREFIX_PATH=/home/aaron/ur_ws/install/moveit_ros_warehouse:/home/aaron/ur_ws/install/moveit_ros_planning:/home/aaron/ur_ws/install/moveit_ros_occupancy_map_monitor:/home/aaron/ur_ws/install/moveit_core:/home/aaron/ur_ws/install/moveit_resources_panda_moveit_config:/home/aaron/ur_ws/install/moveit_configs_utils:/home/aaron/ur_ws/install/srdfdom:/home/aaron/ur_ws/install/moveit_resources_pr2_description:/home/aaron/ur_ws/install/moveit_resources_panda_description:/home/aaron/ur_ws/install/moveit_common:/home/aaron/ur_ws/install/launch_param_builder:${AMENT_PREFIX_PATH} CMAKE_PREFIX_PATH=/home/aaron/ur_ws/install/moveit_ros_warehouse:/home/aaron/ur_ws/install/moveit_ros_planning:/home/aaron/ur_ws/install/moveit_ros_occupancy_map_monitor:/home/aaron/ur_ws/install/moveit_core:/home/aaron/ur_ws/install/moveit_resources_panda_moveit_config:/home/aaron/ur_ws/install/srdfdom:/home/aaron/ur_ws/install/moveit_resources_pr2_description:/home/aaron/ur_ws/install/moveit_resources_panda_description:/home/aaron/ur_ws/install/moveit_common:/opt/ros/humble LD_LIBRARY_PATH=/home/aaron/ur_ws/install/moveit_ros_warehouse/lib:/home/aaron/ur_ws/install/moveit_ros_planning/lib:/home/aaron/ur_ws/install/moveit_ros_occupancy_map_monitor/lib:/home/aaron/ur_ws/install/moveit_core/lib:/home/aaron/ur_ws/install/srdfdom/lib:${LD_LIBRARY_PATH} PATH=/home/aaron/ur_ws/install/moveit_core/bin:${PATH} PYTHONPATH=/home/aaron/ur_ws/install/moveit_configs_utils/lib/python3.10/site-packages:/home/aaron/ur_ws/install/srdfdom/local/lib/python3.10/dist-packages:/home/aaron/ur_ws/install/launch_param_builder/lib/python3.10/site-packages:${PYTHONPATH} /usr/bin/cmake --install /home/aaron/ur_ws/build/moveit_ros_benchmarks
[515.352s] Level 1:colcon.colcon_core.environment:create_environment_scripts_only(moveit_ros_benchmarks)
[515.352s] DEBUG:colcon.colcon_core.event_handler.log_command:Invoked command in '/home/aaron/ur_ws/build/moveit_ros_benchmarks' returned '0': AMENT_PREFIX_PATH=/home/aaron/ur_ws/install/moveit_ros_warehouse:/home/aaron/ur_ws/install/moveit_ros_planning:/home/aaron/ur_ws/install/moveit_ros_occupancy_map_monitor:/home/aaron/ur_ws/install/moveit_core:/home/aaron/ur_ws/install/moveit_resources_panda_moveit_config:/home/aaron/ur_ws/install/moveit_configs_utils:/home/aaron/ur_ws/install/srdfdom:/home/aaron/ur_ws/install/moveit_resources_pr2_description:/home/aaron/ur_ws/install/moveit_resources_panda_description:/home/aaron/ur_ws/install/moveit_common:/home/aaron/ur_ws/install/launch_param_builder:${AMENT_PREFIX_PATH} CMAKE_PREFIX_PATH=/home/aaron/ur_ws/install/moveit_ros_warehouse:/home/aaron/ur_ws/install/moveit_ros_planning:/home/aaron/ur_ws/install/moveit_ros_occupancy_map_monitor:/home/aaron/ur_ws/install/moveit_core:/home/aaron/ur_ws/install/moveit_resources_panda_moveit_config:/home/aaron/ur_ws/install/srdfdom:/home/aaron/ur_ws/install/moveit_resources_pr2_description:/home/aaron/ur_ws/install/moveit_resources_panda_description:/home/aaron/ur_ws/install/moveit_common:/opt/ros/humble LD_LIBRARY_PATH=/home/aaron/ur_ws/install/moveit_ros_warehouse/lib:/home/aaron/ur_ws/install/moveit_ros_planning/lib:/home/aaron/ur_ws/install/moveit_ros_occupancy_map_monitor/lib:/home/aaron/ur_ws/install/moveit_core/lib:/home/aaron/ur_ws/install/srdfdom/lib:${LD_LIBRARY_PATH} PATH=/home/aaron/ur_ws/install/moveit_core/bin:${PATH} PYTHONPATH=/home/aaron/ur_ws/install/moveit_configs_utils/lib/python3.10/site-packages:/home/aaron/ur_ws/install/srdfdom/local/lib/python3.10/dist-packages:/home/aaron/ur_ws/install/launch_param_builder/lib/python3.10/site-packages:${PYTHONPATH} /usr/bin/cmake --install /home/aaron/ur_ws/build/moveit_ros_benchmarks
[515.352s] Level 1:colcon.colcon_core.environment:checking '/home/aaron/ur_ws/install/moveit_ros_benchmarks' for CMake module files
[515.353s] Level 1:colcon.colcon_core.environment:checking '/home/aaron/ur_ws/install/moveit_ros_benchmarks' for CMake config files
[515.353s] Level 1:colcon.colcon_core.shell:create_environment_hook('moveit_ros_benchmarks', 'cmake_prefix_path')
[515.353s] INFO:colcon.colcon_core.shell:Creating environment hook '/home/aaron/ur_ws/install/moveit_ros_benchmarks/share/moveit_ros_benchmarks/hook/cmake_prefix_path.ps1'
[515.353s] INFO:colcon.colcon_core.shell:Creating environment descriptor '/home/aaron/ur_ws/install/moveit_ros_benchmarks/share/moveit_ros_benchmarks/hook/cmake_prefix_path.dsv'
[515.354s] INFO:colcon.colcon_core.shell:Creating environment hook '/home/aaron/ur_ws/install/moveit_ros_benchmarks/share/moveit_ros_benchmarks/hook/cmake_prefix_path.sh'
[515.354s] Level 1:colcon.colcon_core.environment:checking '/home/aaron/ur_ws/install/moveit_ros_benchmarks/lib'
[515.354s] Level 1:colcon.colcon_core.shell:create_environment_hook('moveit_ros_benchmarks', 'ld_library_path_lib')
[515.355s] INFO:colcon.colcon_core.shell:Creating environment hook '/home/aaron/ur_ws/install/moveit_ros_benchmarks/share/moveit_ros_benchmarks/hook/ld_library_path_lib.ps1'
[515.355s] INFO:colcon.colcon_core.shell:Creating environment descriptor '/home/aaron/ur_ws/install/moveit_ros_benchmarks/share/moveit_ros_benchmarks/hook/ld_library_path_lib.dsv'
[515.355s] INFO:colcon.colcon_core.shell:Creating environment hook '/home/aaron/ur_ws/install/moveit_ros_benchmarks/share/moveit_ros_benchmarks/hook/ld_library_path_lib.sh'
[515.356s] Level 1:colcon.colcon_core.environment:checking '/home/aaron/ur_ws/install/moveit_ros_benchmarks/bin'
[515.356s] Level 1:colcon.colcon_core.environment:checking '/home/aaron/ur_ws/install/moveit_ros_benchmarks/lib/pkgconfig/moveit_ros_benchmarks.pc'
[515.356s] Level 1:colcon.colcon_core.environment:checking '/home/aaron/ur_ws/install/moveit_ros_benchmarks/lib/python3.10/site-packages'
[515.356s] Level 1:colcon.colcon_core.environment:checking '/home/aaron/ur_ws/install/moveit_ros_benchmarks/bin'
[515.357s] INFO:colcon.colcon_core.shell:Creating package script '/home/aaron/ur_ws/install/moveit_ros_benchmarks/share/moveit_ros_benchmarks/package.ps1'
[515.357s] INFO:colcon.colcon_core.shell:Creating package descriptor '/home/aaron/ur_ws/install/moveit_ros_benchmarks/share/moveit_ros_benchmarks/package.dsv'
[515.357s] INFO:colcon.colcon_core.shell:Creating package script '/home/aaron/ur_ws/install/moveit_ros_benchmarks/share/moveit_ros_benchmarks/package.sh'
[515.358s] INFO:colcon.colcon_core.shell:Creating package script '/home/aaron/ur_ws/install/moveit_ros_benchmarks/share/moveit_ros_benchmarks/package.bash'
[515.358s] INFO:colcon.colcon_core.shell:Creating package script '/home/aaron/ur_ws/install/moveit_ros_benchmarks/share/moveit_ros_benchmarks/package.zsh'
[515.358s] Level 1:colcon.colcon_core.environment:create_file_with_runtime_dependencies(/home/aaron/ur_ws/install/moveit_ros_benchmarks/share/colcon-core/packages/moveit_ros_benchmarks)
[515.359s] Level 1:colcon.colcon_core.environment:create_environment_scripts_only(moveit_ros_benchmarks)
[515.359s] Level 1:colcon.colcon_core.environment:checking '/home/aaron/ur_ws/install/moveit_ros_benchmarks' for CMake module files
[515.360s] Level 1:colcon.colcon_core.environment:checking '/home/aaron/ur_ws/install/moveit_ros_benchmarks' for CMake config files
[515.360s] Level 1:colcon.colcon_core.shell:create_environment_hook('moveit_ros_benchmarks', 'cmake_prefix_path')
[515.360s] INFO:colcon.colcon_core.shell:Creating environment hook '/home/aaron/ur_ws/install/moveit_ros_benchmarks/share/moveit_ros_benchmarks/hook/cmake_prefix_path.ps1'
[515.361s] INFO:colcon.colcon_core.shell:Creating environment descriptor '/home/aaron/ur_ws/install/moveit_ros_benchmarks/share/moveit_ros_benchmarks/hook/cmake_prefix_path.dsv'
[515.361s] INFO:colcon.colcon_core.shell:Creating environment hook '/home/aaron/ur_ws/install/moveit_ros_benchmarks/share/moveit_ros_benchmarks/hook/cmake_prefix_path.sh'
[515.361s] Level 1:colcon.colcon_core.environment:checking '/home/aaron/ur_ws/install/moveit_ros_benchmarks/lib'
[515.361s] Level 1:colcon.colcon_core.shell:create_environment_hook('moveit_ros_benchmarks', 'ld_library_path_lib')
[515.362s] INFO:colcon.colcon_core.shell:Creating environment hook '/home/aaron/ur_ws/install/moveit_ros_benchmarks/share/moveit_ros_benchmarks/hook/ld_library_path_lib.ps1'
[515.364s] INFO:colcon.colcon_core.shell:Creating environment descriptor '/home/aaron/ur_ws/install/moveit_ros_benchmarks/share/moveit_ros_benchmarks/hook/ld_library_path_lib.dsv'
[515.365s] INFO:colcon.colcon_core.shell:Creating environment hook '/home/aaron/ur_ws/install/moveit_ros_benchmarks/share/moveit_ros_benchmarks/hook/ld_library_path_lib.sh'
[515.365s] Level 1:colcon.colcon_core.environment:checking '/home/aaron/ur_ws/install/moveit_ros_benchmarks/bin'
[515.365s] Level 1:colcon.colcon_core.environment:checking '/home/aaron/ur_ws/install/moveit_ros_benchmarks/lib/pkgconfig/moveit_ros_benchmarks.pc'
[515.365s] Level 1:colcon.colcon_core.environment:checking '/home/aaron/ur_ws/install/moveit_ros_benchmarks/lib/python3.10/site-packages'
[515.366s] Level 1:colcon.colcon_core.environment:checking '/home/aaron/ur_ws/install/moveit_ros_benchmarks/bin'
[515.366s] INFO:colcon.colcon_core.shell:Creating package script '/home/aaron/ur_ws/install/moveit_ros_benchmarks/share/moveit_ros_benchmarks/package.ps1'
[515.366s] INFO:colcon.colcon_core.shell:Creating package descriptor '/home/aaron/ur_ws/install/moveit_ros_benchmarks/share/moveit_ros_benchmarks/package.dsv'
[515.367s] INFO:colcon.colcon_core.shell:Creating package script '/home/aaron/ur_ws/install/moveit_ros_benchmarks/share/moveit_ros_benchmarks/package.sh'
[515.367s] INFO:colcon.colcon_core.shell:Creating package script '/home/aaron/ur_ws/install/moveit_ros_benchmarks/share/moveit_ros_benchmarks/package.bash'
[515.368s] INFO:colcon.colcon_core.shell:Creating package script '/home/aaron/ur_ws/install/moveit_ros_benchmarks/share/moveit_ros_benchmarks/package.zsh'
[515.368s] Level 1:colcon.colcon_core.environment:create_file_with_runtime_dependencies(/home/aaron/ur_ws/install/moveit_ros_benchmarks/share/colcon-core/packages/moveit_ros_benchmarks)
[523.762s] DEBUG:colcon.colcon_core.event_handler.log_command:Invoked command in '/home/aaron/ur_ws/build/moveit_ros_planning_interface' returned '0': AMENT_PREFIX_PATH=/home/aaron/ur_ws/install/moveit_ros_move_group:/home/aaron/ur_ws/install/moveit_ros_warehouse:/home/aaron/ur_ws/install/moveit_planners_ompl:/home/aaron/ur_ws/install/moveit_kinematics:/home/aaron/ur_ws/install/moveit_ros_planning:/home/aaron/ur_ws/install/moveit_simple_controller_manager:/home/aaron/ur_ws/install/moveit_ros_occupancy_map_monitor:/home/aaron/ur_ws/install/moveit_core:/home/aaron/ur_ws/install/moveit_resources_panda_moveit_config:/home/aaron/ur_ws/install/moveit_resources_fanuc_moveit_config:/home/aaron/ur_ws/install/moveit_configs_utils:/home/aaron/ur_ws/install/srdfdom:/home/aaron/ur_ws/install/moveit_resources_pr2_description:/home/aaron/ur_ws/install/moveit_resources_panda_description:/home/aaron/ur_ws/install/moveit_resources_fanuc_description:/home/aaron/ur_ws/install/moveit_common:/home/aaron/ur_ws/install/launch_param_builder:${AMENT_PREFIX_PATH} CMAKE_PREFIX_PATH=/home/aaron/ur_ws/install/moveit_ros_move_group:/home/aaron/ur_ws/install/moveit_ros_warehouse:/home/aaron/ur_ws/install/moveit_planners_ompl:/home/aaron/ur_ws/install/moveit_kinematics:/home/aaron/ur_ws/install/moveit_ros_planning:/home/aaron/ur_ws/install/moveit_simple_controller_manager:/home/aaron/ur_ws/install/moveit_ros_occupancy_map_monitor:/home/aaron/ur_ws/install/moveit_core:/home/aaron/ur_ws/install/moveit_resources_panda_moveit_config:/home/aaron/ur_ws/install/moveit_resources_fanuc_moveit_config:/home/aaron/ur_ws/install/srdfdom:/home/aaron/ur_ws/install/moveit_resources_pr2_description:/home/aaron/ur_ws/install/moveit_resources_panda_description:/home/aaron/ur_ws/install/moveit_resources_fanuc_description:/home/aaron/ur_ws/install/moveit_common:/opt/ros/humble LD_LIBRARY_PATH=/home/aaron/ur_ws/install/moveit_ros_move_group/lib:/home/aaron/ur_ws/install/moveit_ros_warehouse/lib:/home/aaron/ur_ws/install/moveit_planners_ompl/lib:/home/aaron/ur_ws/install/moveit_kinematics/lib:/home/aaron/ur_ws/install/moveit_ros_planning/lib:/home/aaron/ur_ws/install/moveit_simple_controller_manager/lib:/home/aaron/ur_ws/install/moveit_ros_occupancy_map_monitor/lib:/home/aaron/ur_ws/install/moveit_core/lib:/home/aaron/ur_ws/install/srdfdom/lib:${LD_LIBRARY_PATH} PATH=/home/aaron/ur_ws/install/moveit_core/bin:${PATH} PYTHONPATH=/home/aaron/ur_ws/install/moveit_configs_utils/lib/python3.10/site-packages:/home/aaron/ur_ws/install/srdfdom/local/lib/python3.10/dist-packages:/home/aaron/ur_ws/install/launch_param_builder/lib/python3.10/site-packages:${PYTHONPATH} /usr/bin/cmake --build /home/aaron/ur_ws/build/moveit_ros_planning_interface -- -j20 -l20
[523.766s] DEBUG:colcon.colcon_core.event_handler.log_command:Invoking command in '/home/aaron/ur_ws/build/moveit_ros_planning_interface': AMENT_PREFIX_PATH=/home/aaron/ur_ws/install/moveit_ros_move_group:/home/aaron/ur_ws/install/moveit_ros_warehouse:/home/aaron/ur_ws/install/moveit_planners_ompl:/home/aaron/ur_ws/install/moveit_kinematics:/home/aaron/ur_ws/install/moveit_ros_planning:/home/aaron/ur_ws/install/moveit_simple_controller_manager:/home/aaron/ur_ws/install/moveit_ros_occupancy_map_monitor:/home/aaron/ur_ws/install/moveit_core:/home/aaron/ur_ws/install/moveit_resources_panda_moveit_config:/home/aaron/ur_ws/install/moveit_resources_fanuc_moveit_config:/home/aaron/ur_ws/install/moveit_configs_utils:/home/aaron/ur_ws/install/srdfdom:/home/aaron/ur_ws/install/moveit_resources_pr2_description:/home/aaron/ur_ws/install/moveit_resources_panda_description:/home/aaron/ur_ws/install/moveit_resources_fanuc_description:/home/aaron/ur_ws/install/moveit_common:/home/aaron/ur_ws/install/launch_param_builder:${AMENT_PREFIX_PATH} CMAKE_PREFIX_PATH=/home/aaron/ur_ws/install/moveit_ros_move_group:/home/aaron/ur_ws/install/moveit_ros_warehouse:/home/aaron/ur_ws/install/moveit_planners_ompl:/home/aaron/ur_ws/install/moveit_kinematics:/home/aaron/ur_ws/install/moveit_ros_planning:/home/aaron/ur_ws/install/moveit_simple_controller_manager:/home/aaron/ur_ws/install/moveit_ros_occupancy_map_monitor:/home/aaron/ur_ws/install/moveit_core:/home/aaron/ur_ws/install/moveit_resources_panda_moveit_config:/home/aaron/ur_ws/install/moveit_resources_fanuc_moveit_config:/home/aaron/ur_ws/install/srdfdom:/home/aaron/ur_ws/install/moveit_resources_pr2_description:/home/aaron/ur_ws/install/moveit_resources_panda_description:/home/aaron/ur_ws/install/moveit_resources_fanuc_description:/home/aaron/ur_ws/install/moveit_common:/opt/ros/humble LD_LIBRARY_PATH=/home/aaron/ur_ws/install/moveit_ros_move_group/lib:/home/aaron/ur_ws/install/moveit_ros_warehouse/lib:/home/aaron/ur_ws/install/moveit_planners_ompl/lib:/home/aaron/ur_ws/install/moveit_kinematics/lib:/home/aaron/ur_ws/install/moveit_ros_planning/lib:/home/aaron/ur_ws/install/moveit_simple_controller_manager/lib:/home/aaron/ur_ws/install/moveit_ros_occupancy_map_monitor/lib:/home/aaron/ur_ws/install/moveit_core/lib:/home/aaron/ur_ws/install/srdfdom/lib:${LD_LIBRARY_PATH} PATH=/home/aaron/ur_ws/install/moveit_core/bin:${PATH} PYTHONPATH=/home/aaron/ur_ws/install/moveit_configs_utils/lib/python3.10/site-packages:/home/aaron/ur_ws/install/srdfdom/local/lib/python3.10/dist-packages:/home/aaron/ur_ws/install/launch_param_builder/lib/python3.10/site-packages:${PYTHONPATH} /usr/bin/cmake --install /home/aaron/ur_ws/build/moveit_ros_planning_interface
[523.784s] Level 1:colcon.colcon_core.environment:create_environment_scripts_only(moveit_ros_planning_interface)
[523.784s] Level 1:colcon.colcon_core.environment:checking '/home/aaron/ur_ws/install/moveit_ros_planning_interface' for CMake module files
[523.784s] DEBUG:colcon.colcon_core.event_handler.log_command:Invoked command in '/home/aaron/ur_ws/build/moveit_ros_planning_interface' returned '0': AMENT_PREFIX_PATH=/home/aaron/ur_ws/install/moveit_ros_move_group:/home/aaron/ur_ws/install/moveit_ros_warehouse:/home/aaron/ur_ws/install/moveit_planners_ompl:/home/aaron/ur_ws/install/moveit_kinematics:/home/aaron/ur_ws/install/moveit_ros_planning:/home/aaron/ur_ws/install/moveit_simple_controller_manager:/home/aaron/ur_ws/install/moveit_ros_occupancy_map_monitor:/home/aaron/ur_ws/install/moveit_core:/home/aaron/ur_ws/install/moveit_resources_panda_moveit_config:/home/aaron/ur_ws/install/moveit_resources_fanuc_moveit_config:/home/aaron/ur_ws/install/moveit_configs_utils:/home/aaron/ur_ws/install/srdfdom:/home/aaron/ur_ws/install/moveit_resources_pr2_description:/home/aaron/ur_ws/install/moveit_resources_panda_description:/home/aaron/ur_ws/install/moveit_resources_fanuc_description:/home/aaron/ur_ws/install/moveit_common:/home/aaron/ur_ws/install/launch_param_builder:${AMENT_PREFIX_PATH} CMAKE_PREFIX_PATH=/home/aaron/ur_ws/install/moveit_ros_move_group:/home/aaron/ur_ws/install/moveit_ros_warehouse:/home/aaron/ur_ws/install/moveit_planners_ompl:/home/aaron/ur_ws/install/moveit_kinematics:/home/aaron/ur_ws/install/moveit_ros_planning:/home/aaron/ur_ws/install/moveit_simple_controller_manager:/home/aaron/ur_ws/install/moveit_ros_occupancy_map_monitor:/home/aaron/ur_ws/install/moveit_core:/home/aaron/ur_ws/install/moveit_resources_panda_moveit_config:/home/aaron/ur_ws/install/moveit_resources_fanuc_moveit_config:/home/aaron/ur_ws/install/srdfdom:/home/aaron/ur_ws/install/moveit_resources_pr2_description:/home/aaron/ur_ws/install/moveit_resources_panda_description:/home/aaron/ur_ws/install/moveit_resources_fanuc_description:/home/aaron/ur_ws/install/moveit_common:/opt/ros/humble LD_LIBRARY_PATH=/home/aaron/ur_ws/install/moveit_ros_move_group/lib:/home/aaron/ur_ws/install/moveit_ros_warehouse/lib:/home/aaron/ur_ws/install/moveit_planners_ompl/lib:/home/aaron/ur_ws/install/moveit_kinematics/lib:/home/aaron/ur_ws/install/moveit_ros_planning/lib:/home/aaron/ur_ws/install/moveit_simple_controller_manager/lib:/home/aaron/ur_ws/install/moveit_ros_occupancy_map_monitor/lib:/home/aaron/ur_ws/install/moveit_core/lib:/home/aaron/ur_ws/install/srdfdom/lib:${LD_LIBRARY_PATH} PATH=/home/aaron/ur_ws/install/moveit_core/bin:${PATH} PYTHONPATH=/home/aaron/ur_ws/install/moveit_configs_utils/lib/python3.10/site-packages:/home/aaron/ur_ws/install/srdfdom/local/lib/python3.10/dist-packages:/home/aaron/ur_ws/install/launch_param_builder/lib/python3.10/site-packages:${PYTHONPATH} /usr/bin/cmake --install /home/aaron/ur_ws/build/moveit_ros_planning_interface
[523.784s] Level 1:colcon.colcon_core.environment:checking '/home/aaron/ur_ws/install/moveit_ros_planning_interface' for CMake config files
[523.785s] Level 1:colcon.colcon_core.shell:create_environment_hook('moveit_ros_planning_interface', 'cmake_prefix_path')
[523.785s] INFO:colcon.colcon_core.shell:Creating environment hook '/home/aaron/ur_ws/install/moveit_ros_planning_interface/share/moveit_ros_planning_interface/hook/cmake_prefix_path.ps1'
[523.785s] INFO:colcon.colcon_core.shell:Creating environment descriptor '/home/aaron/ur_ws/install/moveit_ros_planning_interface/share/moveit_ros_planning_interface/hook/cmake_prefix_path.dsv'
[523.785s] INFO:colcon.colcon_core.shell:Creating environment hook '/home/aaron/ur_ws/install/moveit_ros_planning_interface/share/moveit_ros_planning_interface/hook/cmake_prefix_path.sh'
[523.786s] Level 1:colcon.colcon_core.environment:checking '/home/aaron/ur_ws/install/moveit_ros_planning_interface/lib'
[523.786s] Level 1:colcon.colcon_core.shell:create_environment_hook('moveit_ros_planning_interface', 'ld_library_path_lib')
[523.786s] INFO:colcon.colcon_core.shell:Creating environment hook '/home/aaron/ur_ws/install/moveit_ros_planning_interface/share/moveit_ros_planning_interface/hook/ld_library_path_lib.ps1'
[523.786s] INFO:colcon.colcon_core.shell:Creating environment descriptor '/home/aaron/ur_ws/install/moveit_ros_planning_interface/share/moveit_ros_planning_interface/hook/ld_library_path_lib.dsv'
[523.786s] INFO:colcon.colcon_core.shell:Creating environment hook '/home/aaron/ur_ws/install/moveit_ros_planning_interface/share/moveit_ros_planning_interface/hook/ld_library_path_lib.sh'
[523.787s] Level 1:colcon.colcon_core.environment:checking '/home/aaron/ur_ws/install/moveit_ros_planning_interface/bin'
[523.787s] Level 1:colcon.colcon_core.environment:checking '/home/aaron/ur_ws/install/moveit_ros_planning_interface/lib/pkgconfig/moveit_ros_planning_interface.pc'
[523.787s] Level 1:colcon.colcon_core.environment:checking '/home/aaron/ur_ws/install/moveit_ros_planning_interface/lib/python3.10/site-packages'
[523.787s] Level 1:colcon.colcon_core.environment:checking '/home/aaron/ur_ws/install/moveit_ros_planning_interface/bin'
[523.787s] INFO:colcon.colcon_core.shell:Creating package script '/home/aaron/ur_ws/install/moveit_ros_planning_interface/share/moveit_ros_planning_interface/package.ps1'
[523.788s] INFO:colcon.colcon_core.shell:Creating package descriptor '/home/aaron/ur_ws/install/moveit_ros_planning_interface/share/moveit_ros_planning_interface/package.dsv'
[523.788s] INFO:colcon.colcon_core.shell:Creating package script '/home/aaron/ur_ws/install/moveit_ros_planning_interface/share/moveit_ros_planning_interface/package.sh'
[523.788s] INFO:colcon.colcon_core.shell:Creating package script '/home/aaron/ur_ws/install/moveit_ros_planning_interface/share/moveit_ros_planning_interface/package.bash'
[523.788s] INFO:colcon.colcon_core.shell:Creating package script '/home/aaron/ur_ws/install/moveit_ros_planning_interface/share/moveit_ros_planning_interface/package.zsh'
[523.788s] Level 1:colcon.colcon_core.environment:create_file_with_runtime_dependencies(/home/aaron/ur_ws/install/moveit_ros_planning_interface/share/colcon-core/packages/moveit_ros_planning_interface)
[523.789s] Level 1:colcon.colcon_core.environment:create_environment_scripts_only(moveit_ros_planning_interface)
[523.789s] Level 1:colcon.colcon_core.environment:checking '/home/aaron/ur_ws/install/moveit_ros_planning_interface' for CMake module files
[523.790s] Level 1:colcon.colcon_core.environment:checking '/home/aaron/ur_ws/install/moveit_ros_planning_interface' for CMake config files
[523.790s] Level 1:colcon.colcon_core.shell:create_environment_hook('moveit_ros_planning_interface', 'cmake_prefix_path')
[523.790s] INFO:colcon.colcon_core.shell:Creating environment hook '/home/aaron/ur_ws/install/moveit_ros_planning_interface/share/moveit_ros_planning_interface/hook/cmake_prefix_path.ps1'
[523.790s] INFO:colcon.colcon_core.shell:Creating environment descriptor '/home/aaron/ur_ws/install/moveit_ros_planning_interface/share/moveit_ros_planning_interface/hook/cmake_prefix_path.dsv'
[523.790s] INFO:colcon.colcon_core.shell:Creating environment hook '/home/aaron/ur_ws/install/moveit_ros_planning_interface/share/moveit_ros_planning_interface/hook/cmake_prefix_path.sh'
[523.791s] Level 1:colcon.colcon_core.environment:checking '/home/aaron/ur_ws/install/moveit_ros_planning_interface/lib'
[523.791s] Level 1:colcon.colcon_core.shell:create_environment_hook('moveit_ros_planning_interface', 'ld_library_path_lib')
[523.791s] INFO:colcon.colcon_core.shell:Creating environment hook '/home/aaron/ur_ws/install/moveit_ros_planning_interface/share/moveit_ros_planning_interface/hook/ld_library_path_lib.ps1'
[523.791s] INFO:colcon.colcon_core.shell:Creating environment descriptor '/home/aaron/ur_ws/install/moveit_ros_planning_interface/share/moveit_ros_planning_interface/hook/ld_library_path_lib.dsv'
[523.791s] INFO:colcon.colcon_core.shell:Creating environment hook '/home/aaron/ur_ws/install/moveit_ros_planning_interface/share/moveit_ros_planning_interface/hook/ld_library_path_lib.sh'
[523.792s] Level 1:colcon.colcon_core.environment:checking '/home/aaron/ur_ws/install/moveit_ros_planning_interface/bin'
[523.792s] Level 1:colcon.colcon_core.environment:checking '/home/aaron/ur_ws/install/moveit_ros_planning_interface/lib/pkgconfig/moveit_ros_planning_interface.pc'
[523.792s] Level 1:colcon.colcon_core.environment:checking '/home/aaron/ur_ws/install/moveit_ros_planning_interface/lib/python3.10/site-packages'
[523.792s] Level 1:colcon.colcon_core.environment:checking '/home/aaron/ur_ws/install/moveit_ros_planning_interface/bin'
[523.792s] INFO:colcon.colcon_core.shell:Creating package script '/home/aaron/ur_ws/install/moveit_ros_planning_interface/share/moveit_ros_planning_interface/package.ps1'
[523.793s] INFO:colcon.colcon_core.shell:Creating package descriptor '/home/aaron/ur_ws/install/moveit_ros_planning_interface/share/moveit_ros_planning_interface/package.dsv'
[523.793s] INFO:colcon.colcon_core.shell:Creating package script '/home/aaron/ur_ws/install/moveit_ros_planning_interface/share/moveit_ros_planning_interface/package.sh'
[523.794s] INFO:colcon.colcon_core.shell:Creating package script '/home/aaron/ur_ws/install/moveit_ros_planning_interface/share/moveit_ros_planning_interface/package.bash'
[523.794s] INFO:colcon.colcon_core.shell:Creating package script '/home/aaron/ur_ws/install/moveit_ros_planning_interface/share/moveit_ros_planning_interface/package.zsh'
[523.794s] Level 1:colcon.colcon_core.environment:create_file_with_runtime_dependencies(/home/aaron/ur_ws/install/moveit_ros_planning_interface/share/colcon-core/packages/moveit_ros_planning_interface)
[523.794s] INFO:colcon.colcon_ros.task.ament_cmake.build:Building ROS package in '/home/aaron/ur_ws/src/moveit2/moveit_ros/visualization' with build type 'ament_cmake'
[523.795s] INFO:colcon.colcon_cmake.task.cmake.build:Building CMake package in '/home/aaron/ur_ws/src/moveit2/moveit_ros/visualization'
[523.795s] INFO:colcon.colcon_core.shell:Skip shell extension 'powershell' for command environment: Not usable outside of PowerShell
[523.795s] DEBUG:colcon.colcon_core.shell:Skip shell extension 'dsv' for command environment
[523.798s] INFO:colcon.colcon_ros.task.ament_cmake.build:Building ROS package in '/home/aaron/ur_ws/src/moveit2/moveit_planners/pilz_industrial_motion_planner' with build type 'ament_cmake'
[523.798s] INFO:colcon.colcon_cmake.task.cmake.build:Building CMake package in '/home/aaron/ur_ws/src/moveit2/moveit_planners/pilz_industrial_motion_planner'
[523.799s] INFO:colcon.colcon_core.shell:Skip shell extension 'powershell' for command environment: Not usable outside of PowerShell
[523.799s] DEBUG:colcon.colcon_core.shell:Skip shell extension 'dsv' for command environment
[523.803s] INFO:colcon.colcon_ros.task.ament_cmake.build:Building ROS package in '/home/aaron/ur_ws/src/moveit2/moveit_ros/hybrid_planning' with build type 'ament_cmake'
[523.803s] INFO:colcon.colcon_cmake.task.cmake.build:Building CMake package in '/home/aaron/ur_ws/src/moveit2/moveit_ros/hybrid_planning'
[523.803s] INFO:colcon.colcon_core.shell:Skip shell extension 'powershell' for command environment: Not usable outside of PowerShell
[523.803s] DEBUG:colcon.colcon_core.shell:Skip shell extension 'dsv' for command environment
[523.805s] INFO:colcon.colcon_ros.task.ament_cmake.build:Building ROS package in '/home/aaron/ur_ws/src/moveit2/moveit_ros/moveit_servo' with build type 'ament_cmake'
[523.806s] INFO:colcon.colcon_cmake.task.cmake.build:Building CMake package in '/home/aaron/ur_ws/src/moveit2/moveit_ros/moveit_servo'
[523.806s] INFO:colcon.colcon_core.shell:Skip shell extension 'powershell' for command environment: Not usable outside of PowerShell
[523.806s] DEBUG:colcon.colcon_core.shell:Skip shell extension 'dsv' for command environment
[523.809s] INFO:colcon.colcon_ros.task.ament_cmake.build:Building ROS package in '/home/aaron/ur_ws/src/moveit2/moveit_py' with build type 'ament_cmake'
[523.810s] INFO:colcon.colcon_cmake.task.cmake.build:Building CMake package in '/home/aaron/ur_ws/src/moveit2/moveit_py'
[523.810s] INFO:colcon.colcon_core.shell:Skip shell extension 'powershell' for command environment: Not usable outside of PowerShell
[523.810s] DEBUG:colcon.colcon_core.shell:Skip shell extension 'dsv' for command environment
[523.831s] DEBUG:colcon.colcon_core.event_handler.log_command:Invoking command in '/home/aaron/ur_ws/build/moveit_hybrid_planning': AMENT_PREFIX_PATH=/home/aaron/ur_ws/install/moveit_ros_planning_interface:/home/aaron/ur_ws/install/moveit_ros_move_group:/home/aaron/ur_ws/install/moveit_ros_warehouse:/home/aaron/ur_ws/install/moveit_planners_ompl:/home/aaron/ur_ws/install/moveit_kinematics:/home/aaron/ur_ws/install/moveit_ros_planning:/home/aaron/ur_ws/install/moveit_simple_controller_manager:/home/aaron/ur_ws/install/moveit_ros_occupancy_map_monitor:/home/aaron/ur_ws/install/moveit_core:/home/aaron/ur_ws/install/moveit_resources_panda_moveit_config:/home/aaron/ur_ws/install/moveit_resources_fanuc_moveit_config:/home/aaron/ur_ws/install/moveit_configs_utils:/home/aaron/ur_ws/install/srdfdom:/home/aaron/ur_ws/install/moveit_resources_pr2_description:/home/aaron/ur_ws/install/moveit_resources_panda_description:/home/aaron/ur_ws/install/moveit_resources_fanuc_description:/home/aaron/ur_ws/install/moveit_common:/home/aaron/ur_ws/install/launch_param_builder:${AMENT_PREFIX_PATH} CMAKE_PREFIX_PATH=/home/aaron/ur_ws/install/moveit_ros_planning_interface:/home/aaron/ur_ws/install/moveit_ros_move_group:/home/aaron/ur_ws/install/moveit_ros_warehouse:/home/aaron/ur_ws/install/moveit_planners_ompl:/home/aaron/ur_ws/install/moveit_kinematics:/home/aaron/ur_ws/install/moveit_ros_planning:/home/aaron/ur_ws/install/moveit_simple_controller_manager:/home/aaron/ur_ws/install/moveit_ros_occupancy_map_monitor:/home/aaron/ur_ws/install/moveit_core:/home/aaron/ur_ws/install/moveit_resources_panda_moveit_config:/home/aaron/ur_ws/install/moveit_resources_fanuc_moveit_config:/home/aaron/ur_ws/install/srdfdom:/home/aaron/ur_ws/install/moveit_resources_pr2_description:/home/aaron/ur_ws/install/moveit_resources_panda_description:/home/aaron/ur_ws/install/moveit_resources_fanuc_description:/home/aaron/ur_ws/install/moveit_common:/opt/ros/humble LD_LIBRARY_PATH=/home/aaron/ur_ws/install/moveit_ros_planning_interface/lib:/home/aaron/ur_ws/install/moveit_ros_move_group/lib:/home/aaron/ur_ws/install/moveit_ros_warehouse/lib:/home/aaron/ur_ws/install/moveit_planners_ompl/lib:/home/aaron/ur_ws/install/moveit_kinematics/lib:/home/aaron/ur_ws/install/moveit_ros_planning/lib:/home/aaron/ur_ws/install/moveit_simple_controller_manager/lib:/home/aaron/ur_ws/install/moveit_ros_occupancy_map_monitor/lib:/home/aaron/ur_ws/install/moveit_core/lib:/home/aaron/ur_ws/install/srdfdom/lib:${LD_LIBRARY_PATH} PATH=/home/aaron/ur_ws/install/moveit_core/bin:${PATH} PYTHONPATH=/home/aaron/ur_ws/install/moveit_configs_utils/lib/python3.10/site-packages:/home/aaron/ur_ws/install/srdfdom/local/lib/python3.10/dist-packages:/home/aaron/ur_ws/install/launch_param_builder/lib/python3.10/site-packages:${PYTHONPATH} /usr/bin/cmake --build /home/aaron/ur_ws/build/moveit_hybrid_planning -- -j20 -l20
[523.834s] DEBUG:colcon.colcon_core.event_handler.log_command:Invoking command in '/home/aaron/ur_ws/build/moveit_ros_visualization': AMENT_PREFIX_PATH=/home/aaron/ur_ws/install/moveit_ros_planning_interface:/home/aaron/ur_ws/install/moveit_ros_move_group:/home/aaron/ur_ws/install/moveit_ros_warehouse:/home/aaron/ur_ws/install/moveit_ros_robot_interaction:/home/aaron/ur_ws/install/moveit_planners_ompl:/home/aaron/ur_ws/install/moveit_kinematics:/home/aaron/ur_ws/install/moveit_ros_planning:/home/aaron/ur_ws/install/moveit_simple_controller_manager:/home/aaron/ur_ws/install/moveit_ros_occupancy_map_monitor:/home/aaron/ur_ws/install/moveit_core:/home/aaron/ur_ws/install/moveit_resources_panda_moveit_config:/home/aaron/ur_ws/install/moveit_resources_fanuc_moveit_config:/home/aaron/ur_ws/install/moveit_configs_utils:/home/aaron/ur_ws/install/srdfdom:/home/aaron/ur_ws/install/moveit_resources_pr2_description:/home/aaron/ur_ws/install/moveit_resources_panda_description:/home/aaron/ur_ws/install/moveit_resources_fanuc_description:/home/aaron/ur_ws/install/moveit_common:/home/aaron/ur_ws/install/launch_param_builder:${AMENT_PREFIX_PATH} CMAKE_PREFIX_PATH=/home/aaron/ur_ws/install/moveit_ros_planning_interface:/home/aaron/ur_ws/install/moveit_ros_move_group:/home/aaron/ur_ws/install/moveit_ros_warehouse:/home/aaron/ur_ws/install/moveit_ros_robot_interaction:/home/aaron/ur_ws/install/moveit_planners_ompl:/home/aaron/ur_ws/install/moveit_kinematics:/home/aaron/ur_ws/install/moveit_ros_planning:/home/aaron/ur_ws/install/moveit_simple_controller_manager:/home/aaron/ur_ws/install/moveit_ros_occupancy_map_monitor:/home/aaron/ur_ws/install/moveit_core:/home/aaron/ur_ws/install/moveit_resources_panda_moveit_config:/home/aaron/ur_ws/install/moveit_resources_fanuc_moveit_config:/home/aaron/ur_ws/install/srdfdom:/home/aaron/ur_ws/install/moveit_resources_pr2_description:/home/aaron/ur_ws/install/moveit_resources_panda_description:/home/aaron/ur_ws/install/moveit_resources_fanuc_description:/home/aaron/ur_ws/install/moveit_common:/opt/ros/humble LD_LIBRARY_PATH=/home/aaron/ur_ws/install/moveit_ros_planning_interface/lib:/home/aaron/ur_ws/install/moveit_ros_move_group/lib:/home/aaron/ur_ws/install/moveit_ros_warehouse/lib:/home/aaron/ur_ws/install/moveit_ros_robot_interaction/lib:/home/aaron/ur_ws/install/moveit_planners_ompl/lib:/home/aaron/ur_ws/install/moveit_kinematics/lib:/home/aaron/ur_ws/install/moveit_ros_planning/lib:/home/aaron/ur_ws/install/moveit_simple_controller_manager/lib:/home/aaron/ur_ws/install/moveit_ros_occupancy_map_monitor/lib:/home/aaron/ur_ws/install/moveit_core/lib:/home/aaron/ur_ws/install/srdfdom/lib:${LD_LIBRARY_PATH} PATH=/home/aaron/ur_ws/install/moveit_core/bin:${PATH} PYTHONPATH=/home/aaron/ur_ws/install/moveit_configs_utils/lib/python3.10/site-packages:/home/aaron/ur_ws/install/srdfdom/local/lib/python3.10/dist-packages:/home/aaron/ur_ws/install/launch_param_builder/lib/python3.10/site-packages:${PYTHONPATH} /usr/bin/cmake --build /home/aaron/ur_ws/build/moveit_ros_visualization -- -j20 -l20
[523.840s] DEBUG:colcon.colcon_core.event_handler.log_command:Invoking command in '/home/aaron/ur_ws/build/moveit_servo': AMENT_PREFIX_PATH=/home/aaron/ur_ws/install/moveit_ros_planning_interface:/home/aaron/ur_ws/install/moveit_ros_move_group:/home/aaron/ur_ws/install/moveit_ros_warehouse:/home/aaron/ur_ws/install/moveit_planners_ompl:/home/aaron/ur_ws/install/moveit_kinematics:/home/aaron/ur_ws/install/moveit_ros_planning:/home/aaron/ur_ws/install/moveit_simple_controller_manager:/home/aaron/ur_ws/install/moveit_ros_occupancy_map_monitor:/home/aaron/ur_ws/install/moveit_core:/home/aaron/ur_ws/install/moveit_resources_panda_moveit_config:/home/aaron/ur_ws/install/moveit_resources_fanuc_moveit_config:/home/aaron/ur_ws/install/moveit_configs_utils:/home/aaron/ur_ws/install/srdfdom:/home/aaron/ur_ws/install/moveit_resources_pr2_description:/home/aaron/ur_ws/install/moveit_resources_panda_description:/home/aaron/ur_ws/install/moveit_resources_fanuc_description:/home/aaron/ur_ws/install/moveit_common:/home/aaron/ur_ws/install/launch_param_builder:${AMENT_PREFIX_PATH} CMAKE_PREFIX_PATH=/home/aaron/ur_ws/install/moveit_ros_planning_interface:/home/aaron/ur_ws/install/moveit_ros_move_group:/home/aaron/ur_ws/install/moveit_ros_warehouse:/home/aaron/ur_ws/install/moveit_planners_ompl:/home/aaron/ur_ws/install/moveit_kinematics:/home/aaron/ur_ws/install/moveit_ros_planning:/home/aaron/ur_ws/install/moveit_simple_controller_manager:/home/aaron/ur_ws/install/moveit_ros_occupancy_map_monitor:/home/aaron/ur_ws/install/moveit_core:/home/aaron/ur_ws/install/moveit_resources_panda_moveit_config:/home/aaron/ur_ws/install/moveit_resources_fanuc_moveit_config:/home/aaron/ur_ws/install/srdfdom:/home/aaron/ur_ws/install/moveit_resources_pr2_description:/home/aaron/ur_ws/install/moveit_resources_panda_description:/home/aaron/ur_ws/install/moveit_resources_fanuc_description:/home/aaron/ur_ws/install/moveit_common:/opt/ros/humble LD_LIBRARY_PATH=/home/aaron/ur_ws/install/moveit_ros_planning_interface/lib:/home/aaron/ur_ws/install/moveit_ros_move_group/lib:/home/aaron/ur_ws/install/moveit_ros_warehouse/lib:/home/aaron/ur_ws/install/moveit_planners_ompl/lib:/home/aaron/ur_ws/install/moveit_kinematics/lib:/home/aaron/ur_ws/install/moveit_ros_planning/lib:/home/aaron/ur_ws/install/moveit_simple_controller_manager/lib:/home/aaron/ur_ws/install/moveit_ros_occupancy_map_monitor/lib:/home/aaron/ur_ws/install/moveit_core/lib:/home/aaron/ur_ws/install/srdfdom/lib:${LD_LIBRARY_PATH} PATH=/home/aaron/ur_ws/install/moveit_core/bin:${PATH} PYTHONPATH=/home/aaron/ur_ws/install/moveit_configs_utils/lib/python3.10/site-packages:/home/aaron/ur_ws/install/srdfdom/local/lib/python3.10/dist-packages:/home/aaron/ur_ws/install/launch_param_builder/lib/python3.10/site-packages:${PYTHONPATH} /usr/bin/cmake --build /home/aaron/ur_ws/build/moveit_servo -- -j20 -l20
[523.846s] DEBUG:colcon.colcon_core.event_handler.log_command:Invoking command in '/home/aaron/ur_ws/build/moveit_py': AMENT_PREFIX_PATH=/home/aaron/ur_ws/install/moveit_ros_planning_interface:/home/aaron/ur_ws/install/moveit_ros_move_group:/home/aaron/ur_ws/install/moveit_ros_warehouse:/home/aaron/ur_ws/install/moveit_planners_ompl:/home/aaron/ur_ws/install/moveit_kinematics:/home/aaron/ur_ws/install/moveit_ros_planning:/home/aaron/ur_ws/install/moveit_simple_controller_manager:/home/aaron/ur_ws/install/moveit_ros_occupancy_map_monitor:/home/aaron/ur_ws/install/moveit_core:/home/aaron/ur_ws/install/moveit_resources_panda_moveit_config:/home/aaron/ur_ws/install/moveit_resources_fanuc_moveit_config:/home/aaron/ur_ws/install/moveit_configs_utils:/home/aaron/ur_ws/install/srdfdom:/home/aaron/ur_ws/install/moveit_resources_pr2_description:/home/aaron/ur_ws/install/moveit_resources_panda_description:/home/aaron/ur_ws/install/moveit_resources_fanuc_description:/home/aaron/ur_ws/install/moveit_common:/home/aaron/ur_ws/install/launch_param_builder:${AMENT_PREFIX_PATH} CMAKE_PREFIX_PATH=/home/aaron/ur_ws/install/moveit_ros_planning_interface:/home/aaron/ur_ws/install/moveit_ros_move_group:/home/aaron/ur_ws/install/moveit_ros_warehouse:/home/aaron/ur_ws/install/moveit_planners_ompl:/home/aaron/ur_ws/install/moveit_kinematics:/home/aaron/ur_ws/install/moveit_ros_planning:/home/aaron/ur_ws/install/moveit_simple_controller_manager:/home/aaron/ur_ws/install/moveit_ros_occupancy_map_monitor:/home/aaron/ur_ws/install/moveit_core:/home/aaron/ur_ws/install/moveit_resources_panda_moveit_config:/home/aaron/ur_ws/install/moveit_resources_fanuc_moveit_config:/home/aaron/ur_ws/install/srdfdom:/home/aaron/ur_ws/install/moveit_resources_pr2_description:/home/aaron/ur_ws/install/moveit_resources_panda_description:/home/aaron/ur_ws/install/moveit_resources_fanuc_description:/home/aaron/ur_ws/install/moveit_common:/opt/ros/humble LD_LIBRARY_PATH=/home/aaron/ur_ws/install/moveit_ros_planning_interface/lib:/home/aaron/ur_ws/install/moveit_ros_move_group/lib:/home/aaron/ur_ws/install/moveit_ros_warehouse/lib:/home/aaron/ur_ws/install/moveit_planners_ompl/lib:/home/aaron/ur_ws/install/moveit_kinematics/lib:/home/aaron/ur_ws/install/moveit_ros_planning/lib:/home/aaron/ur_ws/install/moveit_simple_controller_manager/lib:/home/aaron/ur_ws/install/moveit_ros_occupancy_map_monitor/lib:/home/aaron/ur_ws/install/moveit_core/lib:/home/aaron/ur_ws/install/srdfdom/lib:${LD_LIBRARY_PATH} PATH=/home/aaron/ur_ws/install/moveit_core/bin:${PATH} PYTHONPATH=/home/aaron/ur_ws/install/moveit_configs_utils/lib/python3.10/site-packages:/home/aaron/ur_ws/install/srdfdom/local/lib/python3.10/dist-packages:/home/aaron/ur_ws/install/launch_param_builder/lib/python3.10/site-packages:${PYTHONPATH} /usr/bin/cmake --build /home/aaron/ur_ws/build/moveit_py -- -j20 -l20
[523.849s] DEBUG:colcon.colcon_core.event_handler.log_command:Invoking command in '/home/aaron/ur_ws/build/pilz_industrial_motion_planner': AMENT_PREFIX_PATH=/home/aaron/ur_ws/install/moveit_resources_prbt_pg70_support:/home/aaron/ur_ws/install/moveit_ros_planning_interface:/home/aaron/ur_ws/install/moveit_resources_prbt_moveit_config:/home/aaron/ur_ws/install/moveit_ros_move_group:/home/aaron/ur_ws/install/moveit_ros_warehouse:/home/aaron/ur_ws/install/moveit_planners_ompl:/home/aaron/ur_ws/install/moveit_kinematics:/home/aaron/ur_ws/install/moveit_ros_planning:/home/aaron/ur_ws/install/pilz_industrial_motion_planner_testutils:/home/aaron/ur_ws/install/moveit_simple_controller_manager:/home/aaron/ur_ws/install/moveit_ros_occupancy_map_monitor:/home/aaron/ur_ws/install/moveit_resources_prbt_ikfast_manipulator_plugin:/home/aaron/ur_ws/install/moveit_core:/home/aaron/ur_ws/install/moveit_resources_panda_moveit_config:/home/aaron/ur_ws/install/moveit_resources_fanuc_moveit_config:/home/aaron/ur_ws/install/moveit_configs_utils:/home/aaron/ur_ws/install/srdfdom:/home/aaron/ur_ws/install/moveit_resources_prbt_support:/home/aaron/ur_ws/install/moveit_resources_pr2_description:/home/aaron/ur_ws/install/moveit_resources_panda_description:/home/aaron/ur_ws/install/moveit_resources_fanuc_description:/home/aaron/ur_ws/install/moveit_common:/home/aaron/ur_ws/install/launch_param_builder:${AMENT_PREFIX_PATH} CMAKE_PREFIX_PATH=/home/aaron/ur_ws/install/moveit_resources_prbt_pg70_support:/home/aaron/ur_ws/install/moveit_ros_planning_interface:/home/aaron/ur_ws/install/moveit_resources_prbt_moveit_config:/home/aaron/ur_ws/install/moveit_ros_move_group:/home/aaron/ur_ws/install/moveit_ros_warehouse:/home/aaron/ur_ws/install/moveit_planners_ompl:/home/aaron/ur_ws/install/moveit_kinematics:/home/aaron/ur_ws/install/moveit_ros_planning:/home/aaron/ur_ws/install/pilz_industrial_motion_planner_testutils:/home/aaron/ur_ws/install/moveit_simple_controller_manager:/home/aaron/ur_ws/install/moveit_ros_occupancy_map_monitor:/home/aaron/ur_ws/install/moveit_resources_prbt_ikfast_manipulator_plugin:/home/aaron/ur_ws/install/moveit_core:/home/aaron/ur_ws/install/moveit_resources_panda_moveit_config:/home/aaron/ur_ws/install/moveit_resources_fanuc_moveit_config:/home/aaron/ur_ws/install/srdfdom:/home/aaron/ur_ws/install/moveit_resources_prbt_support:/home/aaron/ur_ws/install/moveit_resources_pr2_description:/home/aaron/ur_ws/install/moveit_resources_panda_description:/home/aaron/ur_ws/install/moveit_resources_fanuc_description:/home/aaron/ur_ws/install/moveit_common:/opt/ros/humble LD_LIBRARY_PATH=/home/aaron/ur_ws/install/moveit_ros_planning_interface/lib:/home/aaron/ur_ws/install/moveit_ros_move_group/lib:/home/aaron/ur_ws/install/moveit_ros_warehouse/lib:/home/aaron/ur_ws/install/moveit_planners_ompl/lib:/home/aaron/ur_ws/install/moveit_kinematics/lib:/home/aaron/ur_ws/install/moveit_ros_planning/lib:/home/aaron/ur_ws/install/pilz_industrial_motion_planner_testutils/lib:/home/aaron/ur_ws/install/moveit_simple_controller_manager/lib:/home/aaron/ur_ws/install/moveit_ros_occupancy_map_monitor/lib:/home/aaron/ur_ws/install/moveit_resources_prbt_ikfast_manipulator_plugin/lib:/home/aaron/ur_ws/install/moveit_core/lib:/home/aaron/ur_ws/install/srdfdom/lib:${LD_LIBRARY_PATH} PATH=/home/aaron/ur_ws/install/moveit_core/bin:${PATH} PYTHONPATH=/home/aaron/ur_ws/install/moveit_configs_utils/lib/python3.10/site-packages:/home/aaron/ur_ws/install/srdfdom/local/lib/python3.10/dist-packages:/home/aaron/ur_ws/install/launch_param_builder/lib/python3.10/site-packages:${PYTHONPATH} /usr/bin/cmake --build /home/aaron/ur_ws/build/pilz_industrial_motion_planner -- -j20 -l20
[572.966s] DEBUG:colcon.colcon_parallel_executor.executor.parallel:run_until_complete was interrupted
[572.969s] DEBUG:colcon.colcon_parallel_executor.executor.parallel:run_until_complete again
[573.484s] DEBUG:colcon.colcon_core.event_handler.log_command:Invoked command in '/home/aaron/ur_ws/build/moveit_py' returned '-2': AMENT_PREFIX_PATH=/home/aaron/ur_ws/install/moveit_ros_planning_interface:/home/aaron/ur_ws/install/moveit_ros_move_group:/home/aaron/ur_ws/install/moveit_ros_warehouse:/home/aaron/ur_ws/install/moveit_planners_ompl:/home/aaron/ur_ws/install/moveit_kinematics:/home/aaron/ur_ws/install/moveit_ros_planning:/home/aaron/ur_ws/install/moveit_simple_controller_manager:/home/aaron/ur_ws/install/moveit_ros_occupancy_map_monitor:/home/aaron/ur_ws/install/moveit_core:/home/aaron/ur_ws/install/moveit_resources_panda_moveit_config:/home/aaron/ur_ws/install/moveit_resources_fanuc_moveit_config:/home/aaron/ur_ws/install/moveit_configs_utils:/home/aaron/ur_ws/install/srdfdom:/home/aaron/ur_ws/install/moveit_resources_pr2_description:/home/aaron/ur_ws/install/moveit_resources_panda_description:/home/aaron/ur_ws/install/moveit_resources_fanuc_description:/home/aaron/ur_ws/install/moveit_common:/home/aaron/ur_ws/install/launch_param_builder:${AMENT_PREFIX_PATH} CMAKE_PREFIX_PATH=/home/aaron/ur_ws/install/moveit_ros_planning_interface:/home/aaron/ur_ws/install/moveit_ros_move_group:/home/aaron/ur_ws/install/moveit_ros_warehouse:/home/aaron/ur_ws/install/moveit_planners_ompl:/home/aaron/ur_ws/install/moveit_kinematics:/home/aaron/ur_ws/install/moveit_ros_planning:/home/aaron/ur_ws/install/moveit_simple_controller_manager:/home/aaron/ur_ws/install/moveit_ros_occupancy_map_monitor:/home/aaron/ur_ws/install/moveit_core:/home/aaron/ur_ws/install/moveit_resources_panda_moveit_config:/home/aaron/ur_ws/install/moveit_resources_fanuc_moveit_config:/home/aaron/ur_ws/install/srdfdom:/home/aaron/ur_ws/install/moveit_resources_pr2_description:/home/aaron/ur_ws/install/moveit_resources_panda_description:/home/aaron/ur_ws/install/moveit_resources_fanuc_description:/home/aaron/ur_ws/install/moveit_common:/opt/ros/humble LD_LIBRARY_PATH=/home/aaron/ur_ws/install/moveit_ros_planning_interface/lib:/home/aaron/ur_ws/install/moveit_ros_move_group/lib:/home/aaron/ur_ws/install/moveit_ros_warehouse/lib:/home/aaron/ur_ws/install/moveit_planners_ompl/lib:/home/aaron/ur_ws/install/moveit_kinematics/lib:/home/aaron/ur_ws/install/moveit_ros_planning/lib:/home/aaron/ur_ws/install/moveit_simple_controller_manager/lib:/home/aaron/ur_ws/install/moveit_ros_occupancy_map_monitor/lib:/home/aaron/ur_ws/install/moveit_core/lib:/home/aaron/ur_ws/install/srdfdom/lib:${LD_LIBRARY_PATH} PATH=/home/aaron/ur_ws/install/moveit_core/bin:${PATH} PYTHONPATH=/home/aaron/ur_ws/install/moveit_configs_utils/lib/python3.10/site-packages:/home/aaron/ur_ws/install/srdfdom/local/lib/python3.10/dist-packages:/home/aaron/ur_ws/install/launch_param_builder/lib/python3.10/site-packages:${PYTHONPATH} /usr/bin/cmake --build /home/aaron/ur_ws/build/moveit_py -- -j20 -l20
[573.486s] Level 1:colcon.colcon_core.environment:create_environment_scripts_only(moveit_py)
[573.487s] Level 1:colcon.colcon_core.environment:checking '/home/aaron/ur_ws/install/moveit_py' for CMake module files
[573.488s] Level 1:colcon.colcon_core.environment:checking '/home/aaron/ur_ws/install/moveit_py' for CMake config files
[573.489s] Level 1:colcon.colcon_core.shell:create_environment_hook('moveit_py', 'cmake_prefix_path')
[573.489s] INFO:colcon.colcon_core.shell:Creating environment hook '/home/aaron/ur_ws/install/moveit_py/share/moveit_py/hook/cmake_prefix_path.ps1'
[573.490s] INFO:colcon.colcon_core.shell:Creating environment descriptor '/home/aaron/ur_ws/install/moveit_py/share/moveit_py/hook/cmake_prefix_path.dsv'
[573.491s] INFO:colcon.colcon_core.shell:Creating environment hook '/home/aaron/ur_ws/install/moveit_py/share/moveit_py/hook/cmake_prefix_path.sh'
[573.492s] Level 1:colcon.colcon_core.environment:checking '/home/aaron/ur_ws/install/moveit_py/lib'
[573.492s] Level 1:colcon.colcon_core.shell:create_environment_hook('moveit_py', 'ld_library_path_lib')
[573.493s] INFO:colcon.colcon_core.shell:Creating environment hook '/home/aaron/ur_ws/install/moveit_py/share/moveit_py/hook/ld_library_path_lib.ps1'
[573.494s] INFO:colcon.colcon_core.shell:Creating environment descriptor '/home/aaron/ur_ws/install/moveit_py/share/moveit_py/hook/ld_library_path_lib.dsv'
[573.495s] INFO:colcon.colcon_core.shell:Creating environment hook '/home/aaron/ur_ws/install/moveit_py/share/moveit_py/hook/ld_library_path_lib.sh'
[573.495s] Level 1:colcon.colcon_core.environment:checking '/home/aaron/ur_ws/install/moveit_py/bin'
[573.496s] Level 1:colcon.colcon_core.environment:checking '/home/aaron/ur_ws/install/moveit_py/lib/pkgconfig/moveit_py.pc'
[573.496s] Level 1:colcon.colcon_core.environment:checking '/home/aaron/ur_ws/install/moveit_py/lib/python3.10/site-packages'
[573.497s] Level 1:colcon.colcon_core.environment:checking '/home/aaron/ur_ws/install/moveit_py/bin'
[573.498s] INFO:colcon.colcon_core.shell:Creating package script '/home/aaron/ur_ws/install/moveit_py/share/moveit_py/package.ps1'
[573.499s] INFO:colcon.colcon_core.shell:Creating package descriptor '/home/aaron/ur_ws/install/moveit_py/share/moveit_py/package.dsv'
[573.500s] INFO:colcon.colcon_core.shell:Creating package script '/home/aaron/ur_ws/install/moveit_py/share/moveit_py/package.sh'
[573.502s] INFO:colcon.colcon_core.shell:Creating package script '/home/aaron/ur_ws/install/moveit_py/share/moveit_py/package.bash'
[573.503s] INFO:colcon.colcon_core.shell:Creating package script '/home/aaron/ur_ws/install/moveit_py/share/moveit_py/package.zsh'
[573.504s] Level 1:colcon.colcon_core.environment:create_file_with_runtime_dependencies(/home/aaron/ur_ws/install/moveit_py/share/colcon-core/packages/moveit_py)
[573.564s] DEBUG:colcon.colcon_parallel_executor.executor.parallel:run_until_complete finished
[573.564s] DEBUG:colcon.colcon_parallel_executor.executor.parallel:closing loop
[573.565s] DEBUG:colcon.colcon_parallel_executor.executor.parallel:loop closed
[573.566s] DEBUG:colcon.colcon_core.event_reactor:joining thread
[573.598s] INFO:colcon.colcon_core.plugin_system:Skipping extension 'colcon_notification.desktop_notification.terminal_notifier': Not used on non-Darwin systems
[573.598s] INFO:colcon.colcon_core.plugin_system:Skipping extension 'colcon_notification.desktop_notification.win32': Not used on non-Windows systems
[573.598s] INFO:colcon.colcon_notification.desktop_notification:Sending desktop notification using 'notify2'
[573.663s] DEBUG:colcon.colcon_core.event_reactor:joined thread
[573.665s] INFO:colcon.colcon_core.shell:Creating prefix script '/home/aaron/ur_ws/install/local_setup.ps1'
[573.667s] INFO:colcon.colcon_core.shell:Creating prefix util module '/home/aaron/ur_ws/install/_local_setup_util_ps1.py'
[573.669s] INFO:colcon.colcon_core.shell:Creating prefix chain script '/home/aaron/ur_ws/install/setup.ps1'
[573.671s] INFO:colcon.colcon_core.shell:Creating prefix script '/home/aaron/ur_ws/install/local_setup.sh'
[573.672s] INFO:colcon.colcon_core.shell:Creating prefix util module '/home/aaron/ur_ws/install/_local_setup_util_sh.py'
[573.672s] INFO:colcon.colcon_core.shell:Creating prefix chain script '/home/aaron/ur_ws/install/setup.sh'
[573.673s] INFO:colcon.colcon_core.shell:Creating prefix script '/home/aaron/ur_ws/install/local_setup.bash'
[573.674s] INFO:colcon.colcon_core.shell:Creating prefix chain script '/home/aaron/ur_ws/install/setup.bash'
[573.675s] INFO:colcon.colcon_core.shell:Creating prefix script '/home/aaron/ur_ws/install/local_setup.zsh'
[573.676s] INFO:colcon.colcon_core.shell:Creating prefix chain script '/home/aaron/ur_ws/install/setup.zsh'
