[0.134s] DEBUG:colcon:Command line arguments: ['/usr/bin/colcon', 'build']
[0.134s] DEBUG:colcon:Parsed command line arguments: Namespace(log_base=None, log_level=None, verb_name='build', build_base='build', install_base='install', merge_install=False, symlink_install=False, test_result_base=None, continue_on_error=False, executor='parallel', parallel_workers=20, event_handlers=None, ignore_user_meta=False, metas=['./colcon.meta'], base_paths=['.'], packages_ignore=None, packages_ignore_regex=None, paths=None, packages_up_to=None, packages_up_to_regex=None, packages_above=None, packages_above_and_dependencies=None, packages_above_depth=None, packages_select_by_dep=None, packages_skip_by_dep=None, packages_skip_up_to=None, packages_select_build_failed=False, packages_skip_build_finished=False, packages_select_test_failures=False, packages_skip_test_passed=False, packages_select=None, packages_skip=None, packages_select_regex=None, packages_skip_regex=None, packages_start=None, packages_end=None, allow_overriding=[], cmake_args=None, cmake_target=None, cmake_target_skip_unavailable=False, cmake_clean_cache=False, cmake_clean_first=False, cmake_force_configure=False, ament_cmake_args=None, catkin_cmake_args=None, catkin_skip_building_tests=False, verb_parser=<colcon_defaults.argument_parser.defaults.DefaultArgumentsDecorator object at 0x71a709d5a590>, verb_extension=<colcon_core.verb.build.BuildVerb object at 0x71a709d59750>, main=<bound method BuildVerb.main of <colcon_core.verb.build.BuildVerb object at 0x71a709d59750>>)
[0.271s] Level 1:colcon.colcon_core.package_discovery:discover_packages(colcon_meta) check parameters
[0.271s] Level 1:colcon.colcon_core.package_discovery:discover_packages(recursive) check parameters
[0.271s] Level 1:colcon.colcon_core.package_discovery:discover_packages(ignore) check parameters
[0.271s] Level 1:colcon.colcon_core.package_discovery:discover_packages(path) check parameters
[0.271s] Level 1:colcon.colcon_core.package_discovery:discover_packages(colcon_meta) discover
[0.271s] Level 1:colcon.colcon_core.package_discovery:discover_packages(recursive) discover
[0.271s] INFO:colcon.colcon_core.package_discovery:Crawling recursively for packages in '/home/aaron/ur_ws'
[0.271s] Level 1:colcon.colcon_core.package_identification:_identify(.) by extensions ['ignore', 'ignore_ament_install']
[0.271s] Level 1:colcon.colcon_core.package_identification:_identify(.) by extension 'ignore'
[0.271s] Level 1:colcon.colcon_core.package_identification:_identify(.) by extension 'ignore_ament_install'
[0.271s] Level 1:colcon.colcon_core.package_identification:_identify(.) by extensions ['colcon_pkg']
[0.271s] Level 1:colcon.colcon_core.package_identification:_identify(.) by extension 'colcon_pkg'
[0.271s] Level 1:colcon.colcon_core.package_identification:_identify(.) by extensions ['colcon_meta']
[0.271s] Level 1:colcon.colcon_core.package_identification:_identify(.) by extension 'colcon_meta'
[0.271s] Level 1:colcon.colcon_core.package_identification:_identify(.) by extensions ['ros']
[0.271s] Level 1:colcon.colcon_core.package_identification:_identify(.) by extension 'ros'
[0.279s] Level 1:colcon.colcon_core.package_identification:_identify(.) by extensions ['cmake', 'python']
[0.279s] Level 1:colcon.colcon_core.package_identification:_identify(.) by extension 'cmake'
[0.279s] Level 1:colcon.colcon_core.package_identification:_identify(.) by extension 'python'
[0.279s] Level 1:colcon.colcon_core.package_identification:_identify(.) by extensions ['python_setup_py']
[0.279s] Level 1:colcon.colcon_core.package_identification:_identify(.) by extension 'python_setup_py'
[0.279s] Level 1:colcon.colcon_core.package_identification:_identify(build) by extensions ['ignore', 'ignore_ament_install']
[0.279s] Level 1:colcon.colcon_core.package_identification:_identify(build) by extension 'ignore'
[0.279s] Level 1:colcon.colcon_core.package_identification:_identify(build) ignored
[0.279s] Level 1:colcon.colcon_core.package_identification:_identify(install) by extensions ['ignore', 'ignore_ament_install']
[0.279s] Level 1:colcon.colcon_core.package_identification:_identify(install) by extension 'ignore'
[0.279s] Level 1:colcon.colcon_core.package_identification:_identify(install) ignored
[0.279s] Level 1:colcon.colcon_core.package_identification:_identify(log) by extensions ['ignore', 'ignore_ament_install']
[0.279s] Level 1:colcon.colcon_core.package_identification:_identify(log) by extension 'ignore'
[0.279s] Level 1:colcon.colcon_core.package_identification:_identify(log) ignored
[0.279s] Level 1:colcon.colcon_core.package_identification:_identify(src) by extensions ['ignore', 'ignore_ament_install']
[0.280s] Level 1:colcon.colcon_core.package_identification:_identify(src) by extension 'ignore'
[0.280s] Level 1:colcon.colcon_core.package_identification:_identify(src) by extension 'ignore_ament_install'
[0.280s] Level 1:colcon.colcon_core.package_identification:_identify(src) by extensions ['colcon_pkg']
[0.280s] Level 1:colcon.colcon_core.package_identification:_identify(src) by extension 'colcon_pkg'
[0.280s] Level 1:colcon.colcon_core.package_identification:_identify(src) by extensions ['colcon_meta']
[0.280s] Level 1:colcon.colcon_core.package_identification:_identify(src) by extension 'colcon_meta'
[0.280s] Level 1:colcon.colcon_core.package_identification:_identify(src) by extensions ['ros']
[0.280s] Level 1:colcon.colcon_core.package_identification:_identify(src) by extension 'ros'
[0.280s] Level 1:colcon.colcon_core.package_identification:_identify(src) by extensions ['cmake', 'python']
[0.280s] Level 1:colcon.colcon_core.package_identification:_identify(src) by extension 'cmake'
[0.280s] Level 1:colcon.colcon_core.package_identification:_identify(src) by extension 'python'
[0.280s] Level 1:colcon.colcon_core.package_identification:_identify(src) by extensions ['python_setup_py']
[0.280s] Level 1:colcon.colcon_core.package_identification:_identify(src) by extension 'python_setup_py'
[0.280s] Level 1:colcon.colcon_core.package_identification:_identify(src/Open_control) by extensions ['ignore', 'ignore_ament_install']
[0.280s] Level 1:colcon.colcon_core.package_identification:_identify(src/Open_control) by extension 'ignore'
[0.280s] Level 1:colcon.colcon_core.package_identification:_identify(src/Open_control) by extension 'ignore_ament_install'
[0.280s] Level 1:colcon.colcon_core.package_identification:_identify(src/Open_control) by extensions ['colcon_pkg']
[0.280s] Level 1:colcon.colcon_core.package_identification:_identify(src/Open_control) by extension 'colcon_pkg'
[0.280s] Level 1:colcon.colcon_core.package_identification:_identify(src/Open_control) by extensions ['colcon_meta']
[0.280s] Level 1:colcon.colcon_core.package_identification:_identify(src/Open_control) by extension 'colcon_meta'
[0.280s] Level 1:colcon.colcon_core.package_identification:_identify(src/Open_control) by extensions ['ros']
[0.280s] Level 1:colcon.colcon_core.package_identification:_identify(src/Open_control) by extension 'ros'
[0.282s] DEBUG:colcon.colcon_core.package_identification:Package 'src/Open_control' with type 'ros.ament_python' and name 'Open_control'
[0.282s] Level 1:colcon.colcon_core.package_identification:_identify(src/build) by extensions ['ignore', 'ignore_ament_install']
[0.282s] Level 1:colcon.colcon_core.package_identification:_identify(src/build) by extension 'ignore'
[0.282s] Level 1:colcon.colcon_core.package_identification:_identify(src/build) ignored
[0.282s] Level 1:colcon.colcon_core.package_identification:_identify(src/install) by extensions ['ignore', 'ignore_ament_install']
[0.282s] Level 1:colcon.colcon_core.package_identification:_identify(src/install) by extension 'ignore'
[0.282s] Level 1:colcon.colcon_core.package_identification:_identify(src/install) ignored
[0.282s] Level 1:colcon.colcon_core.package_identification:_identify(src/launch_param_builder) by extensions ['ignore', 'ignore_ament_install']
[0.282s] Level 1:colcon.colcon_core.package_identification:_identify(src/launch_param_builder) by extension 'ignore'
[0.282s] Level 1:colcon.colcon_core.package_identification:_identify(src/launch_param_builder) by extension 'ignore_ament_install'
[0.282s] Level 1:colcon.colcon_core.package_identification:_identify(src/launch_param_builder) by extensions ['colcon_pkg']
[0.282s] Level 1:colcon.colcon_core.package_identification:_identify(src/launch_param_builder) by extension 'colcon_pkg'
[0.282s] Level 1:colcon.colcon_core.package_identification:_identify(src/launch_param_builder) by extensions ['colcon_meta']
[0.282s] Level 1:colcon.colcon_core.package_identification:_identify(src/launch_param_builder) by extension 'colcon_meta'
[0.282s] Level 1:colcon.colcon_core.package_identification:_identify(src/launch_param_builder) by extensions ['ros']
[0.282s] Level 1:colcon.colcon_core.package_identification:_identify(src/launch_param_builder) by extension 'ros'
[0.283s] DEBUG:colcon.colcon_core.package_identification:Package 'src/launch_param_builder' with type 'ros.ament_python' and name 'launch_param_builder'
[0.283s] Level 1:colcon.colcon_core.package_identification:_identify(src/log) by extensions ['ignore', 'ignore_ament_install']
[0.283s] Level 1:colcon.colcon_core.package_identification:_identify(src/log) by extension 'ignore'
[0.283s] Level 1:colcon.colcon_core.package_identification:_identify(src/log) ignored
[0.283s] Level 1:colcon.colcon_core.package_identification:_identify(src/moveit2) by extensions ['ignore', 'ignore_ament_install']
[0.283s] Level 1:colcon.colcon_core.package_identification:_identify(src/moveit2) by extension 'ignore'
[0.283s] Level 1:colcon.colcon_core.package_identification:_identify(src/moveit2) by extension 'ignore_ament_install'
[0.283s] Level 1:colcon.colcon_core.package_identification:_identify(src/moveit2) by extensions ['colcon_pkg']
[0.283s] Level 1:colcon.colcon_core.package_identification:_identify(src/moveit2) by extension 'colcon_pkg'
[0.283s] Level 1:colcon.colcon_core.package_identification:_identify(src/moveit2) by extensions ['colcon_meta']
[0.283s] Level 1:colcon.colcon_core.package_identification:_identify(src/moveit2) by extension 'colcon_meta'
[0.283s] Level 1:colcon.colcon_core.package_identification:_identify(src/moveit2) by extensions ['ros']
[0.283s] Level 1:colcon.colcon_core.package_identification:_identify(src/moveit2) by extension 'ros'
[0.283s] Level 1:colcon.colcon_core.package_identification:_identify(src/moveit2) by extensions ['cmake', 'python']
[0.283s] Level 1:colcon.colcon_core.package_identification:_identify(src/moveit2) by extension 'cmake'
[0.283s] Level 1:colcon.colcon_core.package_identification:_identify(src/moveit2) by extension 'python'
[0.283s] Level 1:colcon.colcon_core.package_identification:_identify(src/moveit2) by extensions ['python_setup_py']
[0.283s] Level 1:colcon.colcon_core.package_identification:_identify(src/moveit2) by extension 'python_setup_py'
[0.283s] Level 1:colcon.colcon_core.package_identification:_identify(src/moveit2/doc) by extensions ['ignore', 'ignore_ament_install']
[0.283s] Level 1:colcon.colcon_core.package_identification:_identify(src/moveit2/doc) by extension 'ignore'
[0.283s] Level 1:colcon.colcon_core.package_identification:_identify(src/moveit2/doc) by extension 'ignore_ament_install'
[0.283s] Level 1:colcon.colcon_core.package_identification:_identify(src/moveit2/doc) by extensions ['colcon_pkg']
[0.283s] Level 1:colcon.colcon_core.package_identification:_identify(src/moveit2/doc) by extension 'colcon_pkg'
[0.283s] Level 1:colcon.colcon_core.package_identification:_identify(src/moveit2/doc) by extensions ['colcon_meta']
[0.283s] Level 1:colcon.colcon_core.package_identification:_identify(src/moveit2/doc) by extension 'colcon_meta'
[0.283s] Level 1:colcon.colcon_core.package_identification:_identify(src/moveit2/doc) by extensions ['ros']
[0.283s] Level 1:colcon.colcon_core.package_identification:_identify(src/moveit2/doc) by extension 'ros'
[0.283s] Level 1:colcon.colcon_core.package_identification:_identify(src/moveit2/doc) by extensions ['cmake', 'python']
[0.283s] Level 1:colcon.colcon_core.package_identification:_identify(src/moveit2/doc) by extension 'cmake'
[0.283s] Level 1:colcon.colcon_core.package_identification:_identify(src/moveit2/doc) by extension 'python'
[0.284s] Level 1:colcon.colcon_core.package_identification:_identify(src/moveit2/doc) by extensions ['python_setup_py']
[0.284s] Level 1:colcon.colcon_core.package_identification:_identify(src/moveit2/doc) by extension 'python_setup_py'
[0.284s] Level 1:colcon.colcon_core.package_identification:_identify(src/moveit2/moveit) by extensions ['ignore', 'ignore_ament_install']
[0.284s] Level 1:colcon.colcon_core.package_identification:_identify(src/moveit2/moveit) by extension 'ignore'
[0.284s] Level 1:colcon.colcon_core.package_identification:_identify(src/moveit2/moveit) by extension 'ignore_ament_install'
[0.284s] Level 1:colcon.colcon_core.package_identification:_identify(src/moveit2/moveit) by extensions ['colcon_pkg']
[0.284s] Level 1:colcon.colcon_core.package_identification:_identify(src/moveit2/moveit) by extension 'colcon_pkg'
[0.284s] Level 1:colcon.colcon_core.package_identification:_identify(src/moveit2/moveit) by extensions ['colcon_meta']
[0.284s] Level 1:colcon.colcon_core.package_identification:_identify(src/moveit2/moveit) by extension 'colcon_meta'
[0.284s] Level 1:colcon.colcon_core.package_identification:_identify(src/moveit2/moveit) by extensions ['ros']
[0.284s] Level 1:colcon.colcon_core.package_identification:_identify(src/moveit2/moveit) by extension 'ros'
[0.285s] DEBUG:colcon.colcon_core.package_identification:Package 'src/moveit2/moveit' with type 'ros.ament_cmake' and name 'moveit'
[0.285s] Level 1:colcon.colcon_core.package_identification:_identify(src/moveit2/moveit_common) by extensions ['ignore', 'ignore_ament_install']
[0.285s] Level 1:colcon.colcon_core.package_identification:_identify(src/moveit2/moveit_common) by extension 'ignore'
[0.285s] Level 1:colcon.colcon_core.package_identification:_identify(src/moveit2/moveit_common) by extension 'ignore_ament_install'
[0.285s] Level 1:colcon.colcon_core.package_identification:_identify(src/moveit2/moveit_common) by extensions ['colcon_pkg']
[0.285s] Level 1:colcon.colcon_core.package_identification:_identify(src/moveit2/moveit_common) by extension 'colcon_pkg'
[0.285s] Level 1:colcon.colcon_core.package_identification:_identify(src/moveit2/moveit_common) by extensions ['colcon_meta']
[0.285s] Level 1:colcon.colcon_core.package_identification:_identify(src/moveit2/moveit_common) by extension 'colcon_meta'
[0.285s] Level 1:colcon.colcon_core.package_identification:_identify(src/moveit2/moveit_common) by extensions ['ros']
[0.285s] Level 1:colcon.colcon_core.package_identification:_identify(src/moveit2/moveit_common) by extension 'ros'
[0.286s] DEBUG:colcon.colcon_core.package_identification:Package 'src/moveit2/moveit_common' with type 'ros.ament_cmake' and name 'moveit_common'
[0.286s] Level 1:colcon.colcon_core.package_identification:_identify(src/moveit2/moveit_configs_utils) by extensions ['ignore', 'ignore_ament_install']
[0.286s] Level 1:colcon.colcon_core.package_identification:_identify(src/moveit2/moveit_configs_utils) by extension 'ignore'
[0.286s] Level 1:colcon.colcon_core.package_identification:_identify(src/moveit2/moveit_configs_utils) by extension 'ignore_ament_install'
[0.286s] Level 1:colcon.colcon_core.package_identification:_identify(src/moveit2/moveit_configs_utils) by extensions ['colcon_pkg']
[0.286s] Level 1:colcon.colcon_core.package_identification:_identify(src/moveit2/moveit_configs_utils) by extension 'colcon_pkg'
[0.286s] Level 1:colcon.colcon_core.package_identification:_identify(src/moveit2/moveit_configs_utils) by extensions ['colcon_meta']
[0.286s] Level 1:colcon.colcon_core.package_identification:_identify(src/moveit2/moveit_configs_utils) by extension 'colcon_meta'
[0.286s] Level 1:colcon.colcon_core.package_identification:_identify(src/moveit2/moveit_configs_utils) by extensions ['ros']
[0.286s] Level 1:colcon.colcon_core.package_identification:_identify(src/moveit2/moveit_configs_utils) by extension 'ros'
[0.286s] DEBUG:colcon.colcon_core.package_identification:Package 'src/moveit2/moveit_configs_utils' with type 'ros.ament_python' and name 'moveit_configs_utils'
[0.286s] Level 1:colcon.colcon_core.package_identification:_identify(src/moveit2/moveit_core) by extensions ['ignore', 'ignore_ament_install']
[0.287s] Level 1:colcon.colcon_core.package_identification:_identify(src/moveit2/moveit_core) by extension 'ignore'
[0.287s] Level 1:colcon.colcon_core.package_identification:_identify(src/moveit2/moveit_core) by extension 'ignore_ament_install'
[0.287s] Level 1:colcon.colcon_core.package_identification:_identify(src/moveit2/moveit_core) by extensions ['colcon_pkg']
[0.287s] Level 1:colcon.colcon_core.package_identification:_identify(src/moveit2/moveit_core) by extension 'colcon_pkg'
[0.287s] Level 1:colcon.colcon_core.package_identification:_identify(src/moveit2/moveit_core) by extensions ['colcon_meta']
[0.287s] Level 1:colcon.colcon_core.package_identification:_identify(src/moveit2/moveit_core) by extension 'colcon_meta'
[0.287s] Level 1:colcon.colcon_core.package_identification:_identify(src/moveit2/moveit_core) by extensions ['ros']
[0.287s] Level 1:colcon.colcon_core.package_identification:_identify(src/moveit2/moveit_core) by extension 'ros'
[0.293s] DEBUG:colcon.colcon_core.package_identification:Package 'src/moveit2/moveit_core' with type 'ros.ament_cmake' and name 'moveit_core'
[0.294s] Level 1:colcon.colcon_core.package_identification:_identify(src/moveit2/moveit_experimental) by extensions ['ignore', 'ignore_ament_install']
[0.294s] Level 1:colcon.colcon_core.package_identification:_identify(src/moveit2/moveit_experimental) by extension 'ignore'
[0.294s] Level 1:colcon.colcon_core.package_identification:_identify(src/moveit2/moveit_experimental) ignored
[0.294s] Level 1:colcon.colcon_core.package_identification:_identify(src/moveit2/moveit_kinematics) by extensions ['ignore', 'ignore_ament_install']
[0.294s] Level 1:colcon.colcon_core.package_identification:_identify(src/moveit2/moveit_kinematics) by extension 'ignore'
[0.294s] Level 1:colcon.colcon_core.package_identification:_identify(src/moveit2/moveit_kinematics) by extension 'ignore_ament_install'
[0.294s] Level 1:colcon.colcon_core.package_identification:_identify(src/moveit2/moveit_kinematics) by extensions ['colcon_pkg']
[0.294s] Level 1:colcon.colcon_core.package_identification:_identify(src/moveit2/moveit_kinematics) by extension 'colcon_pkg'
[0.294s] Level 1:colcon.colcon_core.package_identification:_identify(src/moveit2/moveit_kinematics) by extensions ['colcon_meta']
[0.294s] Level 1:colcon.colcon_core.package_identification:_identify(src/moveit2/moveit_kinematics) by extension 'colcon_meta'
[0.294s] Level 1:colcon.colcon_core.package_identification:_identify(src/moveit2/moveit_kinematics) by extensions ['ros']
[0.294s] Level 1:colcon.colcon_core.package_identification:_identify(src/moveit2/moveit_kinematics) by extension 'ros'
[0.295s] DEBUG:colcon.colcon_core.package_identification:Package 'src/moveit2/moveit_kinematics' with type 'ros.ament_cmake' and name 'moveit_kinematics'
[0.295s] Level 1:colcon.colcon_core.package_identification:_identify(src/moveit2/moveit_planners) by extensions ['ignore', 'ignore_ament_install']
[0.295s] Level 1:colcon.colcon_core.package_identification:_identify(src/moveit2/moveit_planners) by extension 'ignore'
[0.295s] Level 1:colcon.colcon_core.package_identification:_identify(src/moveit2/moveit_planners) by extension 'ignore_ament_install'
[0.295s] Level 1:colcon.colcon_core.package_identification:_identify(src/moveit2/moveit_planners) by extensions ['colcon_pkg']
[0.295s] Level 1:colcon.colcon_core.package_identification:_identify(src/moveit2/moveit_planners) by extension 'colcon_pkg'
[0.295s] Level 1:colcon.colcon_core.package_identification:_identify(src/moveit2/moveit_planners) by extensions ['colcon_meta']
[0.295s] Level 1:colcon.colcon_core.package_identification:_identify(src/moveit2/moveit_planners) by extension 'colcon_meta'
[0.295s] Level 1:colcon.colcon_core.package_identification:_identify(src/moveit2/moveit_planners) by extensions ['ros']
[0.295s] Level 1:colcon.colcon_core.package_identification:_identify(src/moveit2/moveit_planners) by extension 'ros'
[0.295s] Level 1:colcon.colcon_core.package_identification:_identify(src/moveit2/moveit_planners) by extensions ['cmake', 'python']
[0.295s] Level 1:colcon.colcon_core.package_identification:_identify(src/moveit2/moveit_planners) by extension 'cmake'
[0.295s] Level 1:colcon.colcon_core.package_identification:_identify(src/moveit2/moveit_planners) by extension 'python'
[0.295s] Level 1:colcon.colcon_core.package_identification:_identify(src/moveit2/moveit_planners) by extensions ['python_setup_py']
[0.295s] Level 1:colcon.colcon_core.package_identification:_identify(src/moveit2/moveit_planners) by extension 'python_setup_py'
[0.295s] Level 1:colcon.colcon_core.package_identification:_identify(src/moveit2/moveit_planners/chomp) by extensions ['ignore', 'ignore_ament_install']
[0.295s] Level 1:colcon.colcon_core.package_identification:_identify(src/moveit2/moveit_planners/chomp) by extension 'ignore'
[0.296s] Level 1:colcon.colcon_core.package_identification:_identify(src/moveit2/moveit_planners/chomp) by extension 'ignore_ament_install'
[0.296s] Level 1:colcon.colcon_core.package_identification:_identify(src/moveit2/moveit_planners/chomp) by extensions ['colcon_pkg']
[0.296s] Level 1:colcon.colcon_core.package_identification:_identify(src/moveit2/moveit_planners/chomp) by extension 'colcon_pkg'
[0.296s] Level 1:colcon.colcon_core.package_identification:_identify(src/moveit2/moveit_planners/chomp) by extensions ['colcon_meta']
[0.296s] Level 1:colcon.colcon_core.package_identification:_identify(src/moveit2/moveit_planners/chomp) by extension 'colcon_meta'
[0.296s] Level 1:colcon.colcon_core.package_identification:_identify(src/moveit2/moveit_planners/chomp) by extensions ['ros']
[0.296s] Level 1:colcon.colcon_core.package_identification:_identify(src/moveit2/moveit_planners/chomp) by extension 'ros'
[0.296s] Level 1:colcon.colcon_core.package_identification:_identify(src/moveit2/moveit_planners/chomp) by extensions ['cmake', 'python']
[0.296s] Level 1:colcon.colcon_core.package_identification:_identify(src/moveit2/moveit_planners/chomp) by extension 'cmake'
[0.296s] Level 1:colcon.colcon_core.package_identification:_identify(src/moveit2/moveit_planners/chomp) by extension 'python'
[0.296s] Level 1:colcon.colcon_core.package_identification:_identify(src/moveit2/moveit_planners/chomp) by extensions ['python_setup_py']
[0.296s] Level 1:colcon.colcon_core.package_identification:_identify(src/moveit2/moveit_planners/chomp) by extension 'python_setup_py'
[0.296s] Level 1:colcon.colcon_core.package_identification:_identify(src/moveit2/moveit_planners/chomp/chomp_interface) by extensions ['ignore', 'ignore_ament_install']
[0.296s] Level 1:colcon.colcon_core.package_identification:_identify(src/moveit2/moveit_planners/chomp/chomp_interface) by extension 'ignore'
[0.296s] Level 1:colcon.colcon_core.package_identification:_identify(src/moveit2/moveit_planners/chomp/chomp_interface) by extension 'ignore_ament_install'
[0.296s] Level 1:colcon.colcon_core.package_identification:_identify(src/moveit2/moveit_planners/chomp/chomp_interface) by extensions ['colcon_pkg']
[0.296s] Level 1:colcon.colcon_core.package_identification:_identify(src/moveit2/moveit_planners/chomp/chomp_interface) by extension 'colcon_pkg'
[0.296s] Level 1:colcon.colcon_core.package_identification:_identify(src/moveit2/moveit_planners/chomp/chomp_interface) by extensions ['colcon_meta']
[0.296s] Level 1:colcon.colcon_core.package_identification:_identify(src/moveit2/moveit_planners/chomp/chomp_interface) by extension 'colcon_meta'
[0.296s] Level 1:colcon.colcon_core.package_identification:_identify(src/moveit2/moveit_planners/chomp/chomp_interface) by extensions ['ros']
[0.296s] Level 1:colcon.colcon_core.package_identification:_identify(src/moveit2/moveit_planners/chomp/chomp_interface) by extension 'ros'
[0.297s] DEBUG:colcon.colcon_core.package_identification:Package 'src/moveit2/moveit_planners/chomp/chomp_interface' with type 'ros.ament_cmake' and name 'moveit_planners_chomp'
[0.297s] Level 1:colcon.colcon_core.package_identification:_identify(src/moveit2/moveit_planners/chomp/chomp_motion_planner) by extensions ['ignore', 'ignore_ament_install']
[0.297s] Level 1:colcon.colcon_core.package_identification:_identify(src/moveit2/moveit_planners/chomp/chomp_motion_planner) by extension 'ignore'
[0.297s] Level 1:colcon.colcon_core.package_identification:_identify(src/moveit2/moveit_planners/chomp/chomp_motion_planner) by extension 'ignore_ament_install'
[0.297s] Level 1:colcon.colcon_core.package_identification:_identify(src/moveit2/moveit_planners/chomp/chomp_motion_planner) by extensions ['colcon_pkg']
[0.297s] Level 1:colcon.colcon_core.package_identification:_identify(src/moveit2/moveit_planners/chomp/chomp_motion_planner) by extension 'colcon_pkg'
[0.297s] Level 1:colcon.colcon_core.package_identification:_identify(src/moveit2/moveit_planners/chomp/chomp_motion_planner) by extensions ['colcon_meta']
[0.297s] Level 1:colcon.colcon_core.package_identification:_identify(src/moveit2/moveit_planners/chomp/chomp_motion_planner) by extension 'colcon_meta'
[0.297s] Level 1:colcon.colcon_core.package_identification:_identify(src/moveit2/moveit_planners/chomp/chomp_motion_planner) by extensions ['ros']
[0.297s] Level 1:colcon.colcon_core.package_identification:_identify(src/moveit2/moveit_planners/chomp/chomp_motion_planner) by extension 'ros'
[0.297s] DEBUG:colcon.colcon_core.package_identification:Package 'src/moveit2/moveit_planners/chomp/chomp_motion_planner' with type 'ros.ament_cmake' and name 'chomp_motion_planner'
[0.298s] Level 1:colcon.colcon_core.package_identification:_identify(src/moveit2/moveit_planners/chomp/chomp_optimizer_adapter) by extensions ['ignore', 'ignore_ament_install']
[0.298s] Level 1:colcon.colcon_core.package_identification:_identify(src/moveit2/moveit_planners/chomp/chomp_optimizer_adapter) by extension 'ignore'
[0.298s] Level 1:colcon.colcon_core.package_identification:_identify(src/moveit2/moveit_planners/chomp/chomp_optimizer_adapter) by extension 'ignore_ament_install'
[0.298s] Level 1:colcon.colcon_core.package_identification:_identify(src/moveit2/moveit_planners/chomp/chomp_optimizer_adapter) by extensions ['colcon_pkg']
[0.298s] Level 1:colcon.colcon_core.package_identification:_identify(src/moveit2/moveit_planners/chomp/chomp_optimizer_adapter) by extension 'colcon_pkg'
[0.298s] Level 1:colcon.colcon_core.package_identification:_identify(src/moveit2/moveit_planners/chomp/chomp_optimizer_adapter) by extensions ['colcon_meta']
[0.298s] Level 1:colcon.colcon_core.package_identification:_identify(src/moveit2/moveit_planners/chomp/chomp_optimizer_adapter) by extension 'colcon_meta'
[0.298s] Level 1:colcon.colcon_core.package_identification:_identify(src/moveit2/moveit_planners/chomp/chomp_optimizer_adapter) by extensions ['ros']
[0.298s] Level 1:colcon.colcon_core.package_identification:_identify(src/moveit2/moveit_planners/chomp/chomp_optimizer_adapter) by extension 'ros'
[0.298s] DEBUG:colcon.colcon_core.package_identification:Package 'src/moveit2/moveit_planners/chomp/chomp_optimizer_adapter' with type 'ros.ament_cmake' and name 'moveit_chomp_optimizer_adapter'
[0.298s] Level 1:colcon.colcon_core.package_identification:_identify(src/moveit2/moveit_planners/moveit_planners) by extensions ['ignore', 'ignore_ament_install']
[0.298s] Level 1:colcon.colcon_core.package_identification:_identify(src/moveit2/moveit_planners/moveit_planners) by extension 'ignore'
[0.298s] Level 1:colcon.colcon_core.package_identification:_identify(src/moveit2/moveit_planners/moveit_planners) by extension 'ignore_ament_install'
[0.298s] Level 1:colcon.colcon_core.package_identification:_identify(src/moveit2/moveit_planners/moveit_planners) by extensions ['colcon_pkg']
[0.298s] Level 1:colcon.colcon_core.package_identification:_identify(src/moveit2/moveit_planners/moveit_planners) by extension 'colcon_pkg'
[0.299s] Level 1:colcon.colcon_core.package_identification:_identify(src/moveit2/moveit_planners/moveit_planners) by extensions ['colcon_meta']
[0.299s] Level 1:colcon.colcon_core.package_identification:_identify(src/moveit2/moveit_planners/moveit_planners) by extension 'colcon_meta'
[0.299s] Level 1:colcon.colcon_core.package_identification:_identify(src/moveit2/moveit_planners/moveit_planners) by extensions ['ros']
[0.299s] Level 1:colcon.colcon_core.package_identification:_identify(src/moveit2/moveit_planners/moveit_planners) by extension 'ros'
[0.299s] DEBUG:colcon.colcon_core.package_identification:Package 'src/moveit2/moveit_planners/moveit_planners' with type 'ros.ament_cmake' and name 'moveit_planners'
[0.299s] Level 1:colcon.colcon_core.package_identification:_identify(src/moveit2/moveit_planners/ompl) by extensions ['ignore', 'ignore_ament_install']
[0.299s] Level 1:colcon.colcon_core.package_identification:_identify(src/moveit2/moveit_planners/ompl) by extension 'ignore'
[0.299s] Level 1:colcon.colcon_core.package_identification:_identify(src/moveit2/moveit_planners/ompl) by extension 'ignore_ament_install'
[0.299s] Level 1:colcon.colcon_core.package_identification:_identify(src/moveit2/moveit_planners/ompl) by extensions ['colcon_pkg']
[0.299s] Level 1:colcon.colcon_core.package_identification:_identify(src/moveit2/moveit_planners/ompl) by extension 'colcon_pkg'
[0.299s] Level 1:colcon.colcon_core.package_identification:_identify(src/moveit2/moveit_planners/ompl) by extensions ['colcon_meta']
[0.299s] Level 1:colcon.colcon_core.package_identification:_identify(src/moveit2/moveit_planners/ompl) by extension 'colcon_meta'
[0.299s] Level 1:colcon.colcon_core.package_identification:_identify(src/moveit2/moveit_planners/ompl) by extensions ['ros']
[0.299s] Level 1:colcon.colcon_core.package_identification:_identify(src/moveit2/moveit_planners/ompl) by extension 'ros'
[0.300s] DEBUG:colcon.colcon_core.package_identification:Package 'src/moveit2/moveit_planners/ompl' with type 'ros.ament_cmake' and name 'moveit_planners_ompl'
[0.300s] Level 1:colcon.colcon_core.package_identification:_identify(src/moveit2/moveit_planners/pilz_industrial_motion_planner) by extensions ['ignore', 'ignore_ament_install']
[0.300s] Level 1:colcon.colcon_core.package_identification:_identify(src/moveit2/moveit_planners/pilz_industrial_motion_planner) by extension 'ignore'
[0.300s] Level 1:colcon.colcon_core.package_identification:_identify(src/moveit2/moveit_planners/pilz_industrial_motion_planner) by extension 'ignore_ament_install'
[0.300s] Level 1:colcon.colcon_core.package_identification:_identify(src/moveit2/moveit_planners/pilz_industrial_motion_planner) by extensions ['colcon_pkg']
[0.300s] Level 1:colcon.colcon_core.package_identification:_identify(src/moveit2/moveit_planners/pilz_industrial_motion_planner) by extension 'colcon_pkg'
[0.300s] Level 1:colcon.colcon_core.package_identification:_identify(src/moveit2/moveit_planners/pilz_industrial_motion_planner) by extensions ['colcon_meta']
[0.300s] Level 1:colcon.colcon_core.package_identification:_identify(src/moveit2/moveit_planners/pilz_industrial_motion_planner) by extension 'colcon_meta'
[0.301s] Level 1:colcon.colcon_core.package_identification:_identify(src/moveit2/moveit_planners/pilz_industrial_motion_planner) by extensions ['ros']
[0.301s] Level 1:colcon.colcon_core.package_identification:_identify(src/moveit2/moveit_planners/pilz_industrial_motion_planner) by extension 'ros'
[0.302s] DEBUG:colcon.colcon_core.package_identification:Package 'src/moveit2/moveit_planners/pilz_industrial_motion_planner' with type 'ros.ament_cmake' and name 'pilz_industrial_motion_planner'
[0.302s] Level 1:colcon.colcon_core.package_identification:_identify(src/moveit2/moveit_planners/pilz_industrial_motion_planner_testutils) by extensions ['ignore', 'ignore_ament_install']
[0.302s] Level 1:colcon.colcon_core.package_identification:_identify(src/moveit2/moveit_planners/pilz_industrial_motion_planner_testutils) by extension 'ignore'
[0.302s] Level 1:colcon.colcon_core.package_identification:_identify(src/moveit2/moveit_planners/pilz_industrial_motion_planner_testutils) by extension 'ignore_ament_install'
[0.302s] Level 1:colcon.colcon_core.package_identification:_identify(src/moveit2/moveit_planners/pilz_industrial_motion_planner_testutils) by extensions ['colcon_pkg']
[0.302s] Level 1:colcon.colcon_core.package_identification:_identify(src/moveit2/moveit_planners/pilz_industrial_motion_planner_testutils) by extension 'colcon_pkg'
[0.302s] Level 1:colcon.colcon_core.package_identification:_identify(src/moveit2/moveit_planners/pilz_industrial_motion_planner_testutils) by extensions ['colcon_meta']
[0.302s] Level 1:colcon.colcon_core.package_identification:_identify(src/moveit2/moveit_planners/pilz_industrial_motion_planner_testutils) by extension 'colcon_meta'
[0.302s] Level 1:colcon.colcon_core.package_identification:_identify(src/moveit2/moveit_planners/pilz_industrial_motion_planner_testutils) by extensions ['ros']
[0.302s] Level 1:colcon.colcon_core.package_identification:_identify(src/moveit2/moveit_planners/pilz_industrial_motion_planner_testutils) by extension 'ros'
[0.303s] DEBUG:colcon.colcon_core.package_identification:Package 'src/moveit2/moveit_planners/pilz_industrial_motion_planner_testutils' with type 'ros.ament_cmake' and name 'pilz_industrial_motion_planner_testutils'
[0.303s] Level 1:colcon.colcon_core.package_identification:_identify(src/moveit2/moveit_planners/test_configs) by extensions ['ignore', 'ignore_ament_install']
[0.303s] Level 1:colcon.colcon_core.package_identification:_identify(src/moveit2/moveit_planners/test_configs) by extension 'ignore'
[0.303s] Level 1:colcon.colcon_core.package_identification:_identify(src/moveit2/moveit_planners/test_configs) by extension 'ignore_ament_install'
[0.303s] Level 1:colcon.colcon_core.package_identification:_identify(src/moveit2/moveit_planners/test_configs) by extensions ['colcon_pkg']
[0.303s] Level 1:colcon.colcon_core.package_identification:_identify(src/moveit2/moveit_planners/test_configs) by extension 'colcon_pkg'
[0.303s] Level 1:colcon.colcon_core.package_identification:_identify(src/moveit2/moveit_planners/test_configs) by extensions ['colcon_meta']
[0.303s] Level 1:colcon.colcon_core.package_identification:_identify(src/moveit2/moveit_planners/test_configs) by extension 'colcon_meta'
[0.303s] Level 1:colcon.colcon_core.package_identification:_identify(src/moveit2/moveit_planners/test_configs) by extensions ['ros']
[0.303s] Level 1:colcon.colcon_core.package_identification:_identify(src/moveit2/moveit_planners/test_configs) by extension 'ros'
[0.303s] Level 1:colcon.colcon_core.package_identification:_identify(src/moveit2/moveit_planners/test_configs) by extensions ['cmake', 'python']
[0.303s] Level 1:colcon.colcon_core.package_identification:_identify(src/moveit2/moveit_planners/test_configs) by extension 'cmake'
[0.303s] Level 1:colcon.colcon_core.package_identification:_identify(src/moveit2/moveit_planners/test_configs) by extension 'python'
[0.303s] Level 1:colcon.colcon_core.package_identification:_identify(src/moveit2/moveit_planners/test_configs) by extensions ['python_setup_py']
[0.303s] Level 1:colcon.colcon_core.package_identification:_identify(src/moveit2/moveit_planners/test_configs) by extension 'python_setup_py'
[0.303s] Level 1:colcon.colcon_core.package_identification:_identify(src/moveit2/moveit_planners/test_configs/prbt_ikfast_manipulator_plugin) by extensions ['ignore', 'ignore_ament_install']
[0.303s] Level 1:colcon.colcon_core.package_identification:_identify(src/moveit2/moveit_planners/test_configs/prbt_ikfast_manipulator_plugin) by extension 'ignore'
[0.303s] Level 1:colcon.colcon_core.package_identification:_identify(src/moveit2/moveit_planners/test_configs/prbt_ikfast_manipulator_plugin) by extension 'ignore_ament_install'
[0.303s] Level 1:colcon.colcon_core.package_identification:_identify(src/moveit2/moveit_planners/test_configs/prbt_ikfast_manipulator_plugin) by extensions ['colcon_pkg']
[0.303s] Level 1:colcon.colcon_core.package_identification:_identify(src/moveit2/moveit_planners/test_configs/prbt_ikfast_manipulator_plugin) by extension 'colcon_pkg'
[0.303s] Level 1:colcon.colcon_core.package_identification:_identify(src/moveit2/moveit_planners/test_configs/prbt_ikfast_manipulator_plugin) by extensions ['colcon_meta']
[0.303s] Level 1:colcon.colcon_core.package_identification:_identify(src/moveit2/moveit_planners/test_configs/prbt_ikfast_manipulator_plugin) by extension 'colcon_meta'
[0.303s] Level 1:colcon.colcon_core.package_identification:_identify(src/moveit2/moveit_planners/test_configs/prbt_ikfast_manipulator_plugin) by extensions ['ros']
[0.303s] Level 1:colcon.colcon_core.package_identification:_identify(src/moveit2/moveit_planners/test_configs/prbt_ikfast_manipulator_plugin) by extension 'ros'
[0.304s] DEBUG:colcon.colcon_core.package_identification:Package 'src/moveit2/moveit_planners/test_configs/prbt_ikfast_manipulator_plugin' with type 'ros.ament_cmake' and name 'moveit_resources_prbt_ikfast_manipulator_plugin'
[0.304s] Level 1:colcon.colcon_core.package_identification:_identify(src/moveit2/moveit_planners/test_configs/prbt_moveit_config) by extensions ['ignore', 'ignore_ament_install']
[0.304s] Level 1:colcon.colcon_core.package_identification:_identify(src/moveit2/moveit_planners/test_configs/prbt_moveit_config) by extension 'ignore'
[0.304s] Level 1:colcon.colcon_core.package_identification:_identify(src/moveit2/moveit_planners/test_configs/prbt_moveit_config) by extension 'ignore_ament_install'
[0.304s] Level 1:colcon.colcon_core.package_identification:_identify(src/moveit2/moveit_planners/test_configs/prbt_moveit_config) by extensions ['colcon_pkg']
[0.304s] Level 1:colcon.colcon_core.package_identification:_identify(src/moveit2/moveit_planners/test_configs/prbt_moveit_config) by extension 'colcon_pkg'
[0.304s] Level 1:colcon.colcon_core.package_identification:_identify(src/moveit2/moveit_planners/test_configs/prbt_moveit_config) by extensions ['colcon_meta']
[0.304s] Level 1:colcon.colcon_core.package_identification:_identify(src/moveit2/moveit_planners/test_configs/prbt_moveit_config) by extension 'colcon_meta'
[0.304s] Level 1:colcon.colcon_core.package_identification:_identify(src/moveit2/moveit_planners/test_configs/prbt_moveit_config) by extensions ['ros']
[0.304s] Level 1:colcon.colcon_core.package_identification:_identify(src/moveit2/moveit_planners/test_configs/prbt_moveit_config) by extension 'ros'
[0.304s] DEBUG:colcon.colcon_core.package_identification:Package 'src/moveit2/moveit_planners/test_configs/prbt_moveit_config' with type 'ros.ament_cmake' and name 'moveit_resources_prbt_moveit_config'
[0.305s] Level 1:colcon.colcon_core.package_identification:_identify(src/moveit2/moveit_planners/test_configs/prbt_pg70_support) by extensions ['ignore', 'ignore_ament_install']
[0.305s] Level 1:colcon.colcon_core.package_identification:_identify(src/moveit2/moveit_planners/test_configs/prbt_pg70_support) by extension 'ignore'
[0.305s] Level 1:colcon.colcon_core.package_identification:_identify(src/moveit2/moveit_planners/test_configs/prbt_pg70_support) by extension 'ignore_ament_install'
[0.305s] Level 1:colcon.colcon_core.package_identification:_identify(src/moveit2/moveit_planners/test_configs/prbt_pg70_support) by extensions ['colcon_pkg']
[0.305s] Level 1:colcon.colcon_core.package_identification:_identify(src/moveit2/moveit_planners/test_configs/prbt_pg70_support) by extension 'colcon_pkg'
[0.305s] Level 1:colcon.colcon_core.package_identification:_identify(src/moveit2/moveit_planners/test_configs/prbt_pg70_support) by extensions ['colcon_meta']
[0.305s] Level 1:colcon.colcon_core.package_identification:_identify(src/moveit2/moveit_planners/test_configs/prbt_pg70_support) by extension 'colcon_meta'
[0.305s] Level 1:colcon.colcon_core.package_identification:_identify(src/moveit2/moveit_planners/test_configs/prbt_pg70_support) by extensions ['ros']
[0.305s] Level 1:colcon.colcon_core.package_identification:_identify(src/moveit2/moveit_planners/test_configs/prbt_pg70_support) by extension 'ros'
[0.305s] DEBUG:colcon.colcon_core.package_identification:Package 'src/moveit2/moveit_planners/test_configs/prbt_pg70_support' with type 'ros.ament_cmake' and name 'moveit_resources_prbt_pg70_support'
[0.305s] Level 1:colcon.colcon_core.package_identification:_identify(src/moveit2/moveit_planners/test_configs/prbt_support) by extensions ['ignore', 'ignore_ament_install']
[0.305s] Level 1:colcon.colcon_core.package_identification:_identify(src/moveit2/moveit_planners/test_configs/prbt_support) by extension 'ignore'
[0.305s] Level 1:colcon.colcon_core.package_identification:_identify(src/moveit2/moveit_planners/test_configs/prbt_support) by extension 'ignore_ament_install'
[0.305s] Level 1:colcon.colcon_core.package_identification:_identify(src/moveit2/moveit_planners/test_configs/prbt_support) by extensions ['colcon_pkg']
[0.305s] Level 1:colcon.colcon_core.package_identification:_identify(src/moveit2/moveit_planners/test_configs/prbt_support) by extension 'colcon_pkg'
[0.305s] Level 1:colcon.colcon_core.package_identification:_identify(src/moveit2/moveit_planners/test_configs/prbt_support) by extensions ['colcon_meta']
[0.305s] Level 1:colcon.colcon_core.package_identification:_identify(src/moveit2/moveit_planners/test_configs/prbt_support) by extension 'colcon_meta'
[0.305s] Level 1:colcon.colcon_core.package_identification:_identify(src/moveit2/moveit_planners/test_configs/prbt_support) by extensions ['ros']
[0.305s] Level 1:colcon.colcon_core.package_identification:_identify(src/moveit2/moveit_planners/test_configs/prbt_support) by extension 'ros'
[0.306s] DEBUG:colcon.colcon_core.package_identification:Package 'src/moveit2/moveit_planners/test_configs/prbt_support' with type 'ros.ament_cmake' and name 'moveit_resources_prbt_support'
[0.306s] Level 1:colcon.colcon_core.package_identification:_identify(src/moveit2/moveit_planners/trajopt) by extensions ['ignore', 'ignore_ament_install']
[0.306s] Level 1:colcon.colcon_core.package_identification:_identify(src/moveit2/moveit_planners/trajopt) by extension 'ignore'
[0.306s] Level 1:colcon.colcon_core.package_identification:_identify(src/moveit2/moveit_planners/trajopt) ignored
[0.306s] Level 1:colcon.colcon_core.package_identification:_identify(src/moveit2/moveit_plugins) by extensions ['ignore', 'ignore_ament_install']
[0.306s] Level 1:colcon.colcon_core.package_identification:_identify(src/moveit2/moveit_plugins) by extension 'ignore'
[0.306s] Level 1:colcon.colcon_core.package_identification:_identify(src/moveit2/moveit_plugins) by extension 'ignore_ament_install'
[0.306s] Level 1:colcon.colcon_core.package_identification:_identify(src/moveit2/moveit_plugins) by extensions ['colcon_pkg']
[0.306s] Level 1:colcon.colcon_core.package_identification:_identify(src/moveit2/moveit_plugins) by extension 'colcon_pkg'
[0.306s] Level 1:colcon.colcon_core.package_identification:_identify(src/moveit2/moveit_plugins) by extensions ['colcon_meta']
[0.306s] Level 1:colcon.colcon_core.package_identification:_identify(src/moveit2/moveit_plugins) by extension 'colcon_meta'
[0.306s] Level 1:colcon.colcon_core.package_identification:_identify(src/moveit2/moveit_plugins) by extensions ['ros']
[0.306s] Level 1:colcon.colcon_core.package_identification:_identify(src/moveit2/moveit_plugins) by extension 'ros'
[0.306s] Level 1:colcon.colcon_core.package_identification:_identify(src/moveit2/moveit_plugins) by extensions ['cmake', 'python']
[0.306s] Level 1:colcon.colcon_core.package_identification:_identify(src/moveit2/moveit_plugins) by extension 'cmake'
[0.306s] Level 1:colcon.colcon_core.package_identification:_identify(src/moveit2/moveit_plugins) by extension 'python'
[0.306s] Level 1:colcon.colcon_core.package_identification:_identify(src/moveit2/moveit_plugins) by extensions ['python_setup_py']
[0.306s] Level 1:colcon.colcon_core.package_identification:_identify(src/moveit2/moveit_plugins) by extension 'python_setup_py'
[0.306s] Level 1:colcon.colcon_core.package_identification:_identify(src/moveit2/moveit_plugins/moveit_plugins) by extensions ['ignore', 'ignore_ament_install']
[0.306s] Level 1:colcon.colcon_core.package_identification:_identify(src/moveit2/moveit_plugins/moveit_plugins) by extension 'ignore'
[0.306s] Level 1:colcon.colcon_core.package_identification:_identify(src/moveit2/moveit_plugins/moveit_plugins) by extension 'ignore_ament_install'
[0.306s] Level 1:colcon.colcon_core.package_identification:_identify(src/moveit2/moveit_plugins/moveit_plugins) by extensions ['colcon_pkg']
[0.306s] Level 1:colcon.colcon_core.package_identification:_identify(src/moveit2/moveit_plugins/moveit_plugins) by extension 'colcon_pkg'
[0.306s] Level 1:colcon.colcon_core.package_identification:_identify(src/moveit2/moveit_plugins/moveit_plugins) by extensions ['colcon_meta']
[0.306s] Level 1:colcon.colcon_core.package_identification:_identify(src/moveit2/moveit_plugins/moveit_plugins) by extension 'colcon_meta'
[0.307s] Level 1:colcon.colcon_core.package_identification:_identify(src/moveit2/moveit_plugins/moveit_plugins) by extensions ['ros']
[0.307s] Level 1:colcon.colcon_core.package_identification:_identify(src/moveit2/moveit_plugins/moveit_plugins) by extension 'ros'
[0.307s] DEBUG:colcon.colcon_core.package_identification:Package 'src/moveit2/moveit_plugins/moveit_plugins' with type 'ros.ament_cmake' and name 'moveit_plugins'
[0.307s] Level 1:colcon.colcon_core.package_identification:_identify(src/moveit2/moveit_plugins/moveit_ros_control_interface) by extensions ['ignore', 'ignore_ament_install']
[0.307s] Level 1:colcon.colcon_core.package_identification:_identify(src/moveit2/moveit_plugins/moveit_ros_control_interface) by extension 'ignore'
[0.307s] Level 1:colcon.colcon_core.package_identification:_identify(src/moveit2/moveit_plugins/moveit_ros_control_interface) by extension 'ignore_ament_install'
[0.307s] Level 1:colcon.colcon_core.package_identification:_identify(src/moveit2/moveit_plugins/moveit_ros_control_interface) by extensions ['colcon_pkg']
[0.307s] Level 1:colcon.colcon_core.package_identification:_identify(src/moveit2/moveit_plugins/moveit_ros_control_interface) by extension 'colcon_pkg'
[0.307s] Level 1:colcon.colcon_core.package_identification:_identify(src/moveit2/moveit_plugins/moveit_ros_control_interface) by extensions ['colcon_meta']
[0.307s] Level 1:colcon.colcon_core.package_identification:_identify(src/moveit2/moveit_plugins/moveit_ros_control_interface) by extension 'colcon_meta'
[0.307s] Level 1:colcon.colcon_core.package_identification:_identify(src/moveit2/moveit_plugins/moveit_ros_control_interface) by extensions ['ros']
[0.307s] Level 1:colcon.colcon_core.package_identification:_identify(src/moveit2/moveit_plugins/moveit_ros_control_interface) by extension 'ros'
[0.308s] DEBUG:colcon.colcon_core.package_identification:Package 'src/moveit2/moveit_plugins/moveit_ros_control_interface' with type 'ros.ament_cmake' and name 'moveit_ros_control_interface'
[0.308s] Level 1:colcon.colcon_core.package_identification:_identify(src/moveit2/moveit_plugins/moveit_simple_controller_manager) by extensions ['ignore', 'ignore_ament_install']
[0.308s] Level 1:colcon.colcon_core.package_identification:_identify(src/moveit2/moveit_plugins/moveit_simple_controller_manager) by extension 'ignore'
[0.308s] Level 1:colcon.colcon_core.package_identification:_identify(src/moveit2/moveit_plugins/moveit_simple_controller_manager) by extension 'ignore_ament_install'
[0.308s] Level 1:colcon.colcon_core.package_identification:_identify(src/moveit2/moveit_plugins/moveit_simple_controller_manager) by extensions ['colcon_pkg']
[0.308s] Level 1:colcon.colcon_core.package_identification:_identify(src/moveit2/moveit_plugins/moveit_simple_controller_manager) by extension 'colcon_pkg'
[0.308s] Level 1:colcon.colcon_core.package_identification:_identify(src/moveit2/moveit_plugins/moveit_simple_controller_manager) by extensions ['colcon_meta']
[0.308s] Level 1:colcon.colcon_core.package_identification:_identify(src/moveit2/moveit_plugins/moveit_simple_controller_manager) by extension 'colcon_meta'
[0.308s] Level 1:colcon.colcon_core.package_identification:_identify(src/moveit2/moveit_plugins/moveit_simple_controller_manager) by extensions ['ros']
[0.308s] Level 1:colcon.colcon_core.package_identification:_identify(src/moveit2/moveit_plugins/moveit_simple_controller_manager) by extension 'ros'
[0.309s] DEBUG:colcon.colcon_core.package_identification:Package 'src/moveit2/moveit_plugins/moveit_simple_controller_manager' with type 'ros.ament_cmake' and name 'moveit_simple_controller_manager'
[0.309s] Level 1:colcon.colcon_core.package_identification:_identify(src/moveit2/moveit_py) by extensions ['ignore', 'ignore_ament_install']
[0.309s] Level 1:colcon.colcon_core.package_identification:_identify(src/moveit2/moveit_py) by extension 'ignore'
[0.309s] Level 1:colcon.colcon_core.package_identification:_identify(src/moveit2/moveit_py) by extension 'ignore_ament_install'
[0.309s] Level 1:colcon.colcon_core.package_identification:_identify(src/moveit2/moveit_py) by extensions ['colcon_pkg']
[0.309s] Level 1:colcon.colcon_core.package_identification:_identify(src/moveit2/moveit_py) by extension 'colcon_pkg'
[0.309s] Level 1:colcon.colcon_core.package_identification:_identify(src/moveit2/moveit_py) by extensions ['colcon_meta']
[0.309s] Level 1:colcon.colcon_core.package_identification:_identify(src/moveit2/moveit_py) by extension 'colcon_meta'
[0.309s] Level 1:colcon.colcon_core.package_identification:_identify(src/moveit2/moveit_py) by extensions ['ros']
[0.309s] Level 1:colcon.colcon_core.package_identification:_identify(src/moveit2/moveit_py) by extension 'ros'
[0.310s] DEBUG:colcon.colcon_core.package_identification:Package 'src/moveit2/moveit_py' with type 'ros.ament_cmake' and name 'moveit_py'
[0.310s] Level 1:colcon.colcon_core.package_identification:_identify(src/moveit2/moveit_ros) by extensions ['ignore', 'ignore_ament_install']
[0.310s] Level 1:colcon.colcon_core.package_identification:_identify(src/moveit2/moveit_ros) by extension 'ignore'
[0.310s] Level 1:colcon.colcon_core.package_identification:_identify(src/moveit2/moveit_ros) by extension 'ignore_ament_install'
[0.310s] Level 1:colcon.colcon_core.package_identification:_identify(src/moveit2/moveit_ros) by extensions ['colcon_pkg']
[0.310s] Level 1:colcon.colcon_core.package_identification:_identify(src/moveit2/moveit_ros) by extension 'colcon_pkg'
[0.310s] Level 1:colcon.colcon_core.package_identification:_identify(src/moveit2/moveit_ros) by extensions ['colcon_meta']
[0.310s] Level 1:colcon.colcon_core.package_identification:_identify(src/moveit2/moveit_ros) by extension 'colcon_meta'
[0.310s] Level 1:colcon.colcon_core.package_identification:_identify(src/moveit2/moveit_ros) by extensions ['ros']
[0.310s] Level 1:colcon.colcon_core.package_identification:_identify(src/moveit2/moveit_ros) by extension 'ros'
[0.310s] Level 1:colcon.colcon_core.package_identification:_identify(src/moveit2/moveit_ros) by extensions ['cmake', 'python']
[0.310s] Level 1:colcon.colcon_core.package_identification:_identify(src/moveit2/moveit_ros) by extension 'cmake'
[0.310s] Level 1:colcon.colcon_core.package_identification:_identify(src/moveit2/moveit_ros) by extension 'python'
[0.310s] Level 1:colcon.colcon_core.package_identification:_identify(src/moveit2/moveit_ros) by extensions ['python_setup_py']
[0.310s] Level 1:colcon.colcon_core.package_identification:_identify(src/moveit2/moveit_ros) by extension 'python_setup_py'
[0.310s] Level 1:colcon.colcon_core.package_identification:_identify(src/moveit2/moveit_ros/benchmarks) by extensions ['ignore', 'ignore_ament_install']
[0.310s] Level 1:colcon.colcon_core.package_identification:_identify(src/moveit2/moveit_ros/benchmarks) by extension 'ignore'
[0.310s] Level 1:colcon.colcon_core.package_identification:_identify(src/moveit2/moveit_ros/benchmarks) by extension 'ignore_ament_install'
[0.310s] Level 1:colcon.colcon_core.package_identification:_identify(src/moveit2/moveit_ros/benchmarks) by extensions ['colcon_pkg']
[0.310s] Level 1:colcon.colcon_core.package_identification:_identify(src/moveit2/moveit_ros/benchmarks) by extension 'colcon_pkg'
[0.310s] Level 1:colcon.colcon_core.package_identification:_identify(src/moveit2/moveit_ros/benchmarks) by extensions ['colcon_meta']
[0.310s] Level 1:colcon.colcon_core.package_identification:_identify(src/moveit2/moveit_ros/benchmarks) by extension 'colcon_meta'
[0.310s] Level 1:colcon.colcon_core.package_identification:_identify(src/moveit2/moveit_ros/benchmarks) by extensions ['ros']
[0.310s] Level 1:colcon.colcon_core.package_identification:_identify(src/moveit2/moveit_ros/benchmarks) by extension 'ros'
[0.311s] DEBUG:colcon.colcon_core.package_identification:Package 'src/moveit2/moveit_ros/benchmarks' with type 'ros.ament_cmake' and name 'moveit_ros_benchmarks'
[0.311s] Level 1:colcon.colcon_core.package_identification:_identify(src/moveit2/moveit_ros/hybrid_planning) by extensions ['ignore', 'ignore_ament_install']
[0.311s] Level 1:colcon.colcon_core.package_identification:_identify(src/moveit2/moveit_ros/hybrid_planning) by extension 'ignore'
[0.311s] Level 1:colcon.colcon_core.package_identification:_identify(src/moveit2/moveit_ros/hybrid_planning) by extension 'ignore_ament_install'
[0.311s] Level 1:colcon.colcon_core.package_identification:_identify(src/moveit2/moveit_ros/hybrid_planning) by extensions ['colcon_pkg']
[0.311s] Level 1:colcon.colcon_core.package_identification:_identify(src/moveit2/moveit_ros/hybrid_planning) by extension 'colcon_pkg'
[0.311s] Level 1:colcon.colcon_core.package_identification:_identify(src/moveit2/moveit_ros/hybrid_planning) by extensions ['colcon_meta']
[0.311s] Level 1:colcon.colcon_core.package_identification:_identify(src/moveit2/moveit_ros/hybrid_planning) by extension 'colcon_meta'
[0.311s] Level 1:colcon.colcon_core.package_identification:_identify(src/moveit2/moveit_ros/hybrid_planning) by extensions ['ros']
[0.311s] Level 1:colcon.colcon_core.package_identification:_identify(src/moveit2/moveit_ros/hybrid_planning) by extension 'ros'
[0.312s] DEBUG:colcon.colcon_core.package_identification:Package 'src/moveit2/moveit_ros/hybrid_planning' with type 'ros.ament_cmake' and name 'moveit_hybrid_planning'
[0.312s] Level 1:colcon.colcon_core.package_identification:_identify(src/moveit2/moveit_ros/move_group) by extensions ['ignore', 'ignore_ament_install']
[0.312s] Level 1:colcon.colcon_core.package_identification:_identify(src/moveit2/moveit_ros/move_group) by extension 'ignore'
[0.312s] Level 1:colcon.colcon_core.package_identification:_identify(src/moveit2/moveit_ros/move_group) by extension 'ignore_ament_install'
[0.312s] Level 1:colcon.colcon_core.package_identification:_identify(src/moveit2/moveit_ros/move_group) by extensions ['colcon_pkg']
[0.313s] Level 1:colcon.colcon_core.package_identification:_identify(src/moveit2/moveit_ros/move_group) by extension 'colcon_pkg'
[0.313s] Level 1:colcon.colcon_core.package_identification:_identify(src/moveit2/moveit_ros/move_group) by extensions ['colcon_meta']
[0.313s] Level 1:colcon.colcon_core.package_identification:_identify(src/moveit2/moveit_ros/move_group) by extension 'colcon_meta'
[0.313s] Level 1:colcon.colcon_core.package_identification:_identify(src/moveit2/moveit_ros/move_group) by extensions ['ros']
[0.313s] Level 1:colcon.colcon_core.package_identification:_identify(src/moveit2/moveit_ros/move_group) by extension 'ros'
[0.313s] DEBUG:colcon.colcon_core.package_identification:Package 'src/moveit2/moveit_ros/move_group' with type 'ros.ament_cmake' and name 'moveit_ros_move_group'
[0.313s] Level 1:colcon.colcon_core.package_identification:_identify(src/moveit2/moveit_ros/moveit_ros) by extensions ['ignore', 'ignore_ament_install']
[0.314s] Level 1:colcon.colcon_core.package_identification:_identify(src/moveit2/moveit_ros/moveit_ros) by extension 'ignore'
[0.314s] Level 1:colcon.colcon_core.package_identification:_identify(src/moveit2/moveit_ros/moveit_ros) by extension 'ignore_ament_install'
[0.314s] Level 1:colcon.colcon_core.package_identification:_identify(src/moveit2/moveit_ros/moveit_ros) by extensions ['colcon_pkg']
[0.314s] Level 1:colcon.colcon_core.package_identification:_identify(src/moveit2/moveit_ros/moveit_ros) by extension 'colcon_pkg'
[0.314s] Level 1:colcon.colcon_core.package_identification:_identify(src/moveit2/moveit_ros/moveit_ros) by extensions ['colcon_meta']
[0.314s] Level 1:colcon.colcon_core.package_identification:_identify(src/moveit2/moveit_ros/moveit_ros) by extension 'colcon_meta'
[0.314s] Level 1:colcon.colcon_core.package_identification:_identify(src/moveit2/moveit_ros/moveit_ros) by extensions ['ros']
[0.314s] Level 1:colcon.colcon_core.package_identification:_identify(src/moveit2/moveit_ros/moveit_ros) by extension 'ros'
[0.314s] DEBUG:colcon.colcon_core.package_identification:Package 'src/moveit2/moveit_ros/moveit_ros' with type 'ros.ament_cmake' and name 'moveit_ros'
[0.314s] Level 1:colcon.colcon_core.package_identification:_identify(src/moveit2/moveit_ros/moveit_servo) by extensions ['ignore', 'ignore_ament_install']
[0.314s] Level 1:colcon.colcon_core.package_identification:_identify(src/moveit2/moveit_ros/moveit_servo) by extension 'ignore'
[0.314s] Level 1:colcon.colcon_core.package_identification:_identify(src/moveit2/moveit_ros/moveit_servo) by extension 'ignore_ament_install'
[0.314s] Level 1:colcon.colcon_core.package_identification:_identify(src/moveit2/moveit_ros/moveit_servo) by extensions ['colcon_pkg']
[0.314s] Level 1:colcon.colcon_core.package_identification:_identify(src/moveit2/moveit_ros/moveit_servo) by extension 'colcon_pkg'
[0.314s] Level 1:colcon.colcon_core.package_identification:_identify(src/moveit2/moveit_ros/moveit_servo) by extensions ['colcon_meta']
[0.315s] Level 1:colcon.colcon_core.package_identification:_identify(src/moveit2/moveit_ros/moveit_servo) by extension 'colcon_meta'
[0.315s] Level 1:colcon.colcon_core.package_identification:_identify(src/moveit2/moveit_ros/moveit_servo) by extensions ['ros']
[0.315s] Level 1:colcon.colcon_core.package_identification:_identify(src/moveit2/moveit_ros/moveit_servo) by extension 'ros'
[0.316s] DEBUG:colcon.colcon_core.package_identification:Package 'src/moveit2/moveit_ros/moveit_servo' with type 'ros.ament_cmake' and name 'moveit_servo'
[0.316s] Level 1:colcon.colcon_core.package_identification:_identify(src/moveit2/moveit_ros/occupancy_map_monitor) by extensions ['ignore', 'ignore_ament_install']
[0.316s] Level 1:colcon.colcon_core.package_identification:_identify(src/moveit2/moveit_ros/occupancy_map_monitor) by extension 'ignore'
[0.316s] Level 1:colcon.colcon_core.package_identification:_identify(src/moveit2/moveit_ros/occupancy_map_monitor) by extension 'ignore_ament_install'
[0.316s] Level 1:colcon.colcon_core.package_identification:_identify(src/moveit2/moveit_ros/occupancy_map_monitor) by extensions ['colcon_pkg']
[0.316s] Level 1:colcon.colcon_core.package_identification:_identify(src/moveit2/moveit_ros/occupancy_map_monitor) by extension 'colcon_pkg'
[0.316s] Level 1:colcon.colcon_core.package_identification:_identify(src/moveit2/moveit_ros/occupancy_map_monitor) by extensions ['colcon_meta']
[0.316s] Level 1:colcon.colcon_core.package_identification:_identify(src/moveit2/moveit_ros/occupancy_map_monitor) by extension 'colcon_meta'
[0.316s] Level 1:colcon.colcon_core.package_identification:_identify(src/moveit2/moveit_ros/occupancy_map_monitor) by extensions ['ros']
[0.316s] Level 1:colcon.colcon_core.package_identification:_identify(src/moveit2/moveit_ros/occupancy_map_monitor) by extension 'ros'
[0.317s] DEBUG:colcon.colcon_core.package_identification:Package 'src/moveit2/moveit_ros/occupancy_map_monitor' with type 'ros.ament_cmake' and name 'moveit_ros_occupancy_map_monitor'
[0.317s] Level 1:colcon.colcon_core.package_identification:_identify(src/moveit2/moveit_ros/perception) by extensions ['ignore', 'ignore_ament_install']
[0.317s] Level 1:colcon.colcon_core.package_identification:_identify(src/moveit2/moveit_ros/perception) by extension 'ignore'
[0.317s] Level 1:colcon.colcon_core.package_identification:_identify(src/moveit2/moveit_ros/perception) by extension 'ignore_ament_install'
[0.317s] Level 1:colcon.colcon_core.package_identification:_identify(src/moveit2/moveit_ros/perception) by extensions ['colcon_pkg']
[0.317s] Level 1:colcon.colcon_core.package_identification:_identify(src/moveit2/moveit_ros/perception) by extension 'colcon_pkg'
[0.317s] Level 1:colcon.colcon_core.package_identification:_identify(src/moveit2/moveit_ros/perception) by extensions ['colcon_meta']
[0.317s] Level 1:colcon.colcon_core.package_identification:_identify(src/moveit2/moveit_ros/perception) by extension 'colcon_meta'
[0.317s] Level 1:colcon.colcon_core.package_identification:_identify(src/moveit2/moveit_ros/perception) by extensions ['ros']
[0.317s] Level 1:colcon.colcon_core.package_identification:_identify(src/moveit2/moveit_ros/perception) by extension 'ros'
[0.318s] DEBUG:colcon.colcon_core.package_identification:Package 'src/moveit2/moveit_ros/perception' with type 'ros.ament_cmake' and name 'moveit_ros_perception'
[0.318s] Level 1:colcon.colcon_core.package_identification:_identify(src/moveit2/moveit_ros/planning) by extensions ['ignore', 'ignore_ament_install']
[0.318s] Level 1:colcon.colcon_core.package_identification:_identify(src/moveit2/moveit_ros/planning) by extension 'ignore'
[0.318s] Level 1:colcon.colcon_core.package_identification:_identify(src/moveit2/moveit_ros/planning) by extension 'ignore_ament_install'
[0.318s] Level 1:colcon.colcon_core.package_identification:_identify(src/moveit2/moveit_ros/planning) by extensions ['colcon_pkg']
[0.318s] Level 1:colcon.colcon_core.package_identification:_identify(src/moveit2/moveit_ros/planning) by extension 'colcon_pkg'
[0.318s] Level 1:colcon.colcon_core.package_identification:_identify(src/moveit2/moveit_ros/planning) by extensions ['colcon_meta']
[0.318s] Level 1:colcon.colcon_core.package_identification:_identify(src/moveit2/moveit_ros/planning) by extension 'colcon_meta'
[0.319s] Level 1:colcon.colcon_core.package_identification:_identify(src/moveit2/moveit_ros/planning) by extensions ['ros']
[0.319s] Level 1:colcon.colcon_core.package_identification:_identify(src/moveit2/moveit_ros/planning) by extension 'ros'
[0.320s] DEBUG:colcon.colcon_core.package_identification:Package 'src/moveit2/moveit_ros/planning' with type 'ros.ament_cmake' and name 'moveit_ros_planning'
[0.320s] Level 1:colcon.colcon_core.package_identification:_identify(src/moveit2/moveit_ros/planning_interface) by extensions ['ignore', 'ignore_ament_install']
[0.320s] Level 1:colcon.colcon_core.package_identification:_identify(src/moveit2/moveit_ros/planning_interface) by extension 'ignore'
[0.320s] Level 1:colcon.colcon_core.package_identification:_identify(src/moveit2/moveit_ros/planning_interface) by extension 'ignore_ament_install'
[0.320s] Level 1:colcon.colcon_core.package_identification:_identify(src/moveit2/moveit_ros/planning_interface) by extensions ['colcon_pkg']
[0.320s] Level 1:colcon.colcon_core.package_identification:_identify(src/moveit2/moveit_ros/planning_interface) by extension 'colcon_pkg'
[0.320s] Level 1:colcon.colcon_core.package_identification:_identify(src/moveit2/moveit_ros/planning_interface) by extensions ['colcon_meta']
[0.320s] Level 1:colcon.colcon_core.package_identification:_identify(src/moveit2/moveit_ros/planning_interface) by extension 'colcon_meta'
[0.320s] Level 1:colcon.colcon_core.package_identification:_identify(src/moveit2/moveit_ros/planning_interface) by extensions ['ros']
[0.320s] Level 1:colcon.colcon_core.package_identification:_identify(src/moveit2/moveit_ros/planning_interface) by extension 'ros'
[0.321s] DEBUG:colcon.colcon_core.package_identification:Package 'src/moveit2/moveit_ros/planning_interface' with type 'ros.ament_cmake' and name 'moveit_ros_planning_interface'
[0.321s] Level 1:colcon.colcon_core.package_identification:_identify(src/moveit2/moveit_ros/robot_interaction) by extensions ['ignore', 'ignore_ament_install']
[0.321s] Level 1:colcon.colcon_core.package_identification:_identify(src/moveit2/moveit_ros/robot_interaction) by extension 'ignore'
[0.321s] Level 1:colcon.colcon_core.package_identification:_identify(src/moveit2/moveit_ros/robot_interaction) by extension 'ignore_ament_install'
[0.321s] Level 1:colcon.colcon_core.package_identification:_identify(src/moveit2/moveit_ros/robot_interaction) by extensions ['colcon_pkg']
[0.321s] Level 1:colcon.colcon_core.package_identification:_identify(src/moveit2/moveit_ros/robot_interaction) by extension 'colcon_pkg'
[0.321s] Level 1:colcon.colcon_core.package_identification:_identify(src/moveit2/moveit_ros/robot_interaction) by extensions ['colcon_meta']
[0.321s] Level 1:colcon.colcon_core.package_identification:_identify(src/moveit2/moveit_ros/robot_interaction) by extension 'colcon_meta'
[0.321s] Level 1:colcon.colcon_core.package_identification:_identify(src/moveit2/moveit_ros/robot_interaction) by extensions ['ros']
[0.321s] Level 1:colcon.colcon_core.package_identification:_identify(src/moveit2/moveit_ros/robot_interaction) by extension 'ros'
[0.322s] DEBUG:colcon.colcon_core.package_identification:Package 'src/moveit2/moveit_ros/robot_interaction' with type 'ros.ament_cmake' and name 'moveit_ros_robot_interaction'
[0.322s] Level 1:colcon.colcon_core.package_identification:_identify(src/moveit2/moveit_ros/visualization) by extensions ['ignore', 'ignore_ament_install']
[0.322s] Level 1:colcon.colcon_core.package_identification:_identify(src/moveit2/moveit_ros/visualization) by extension 'ignore'
[0.322s] Level 1:colcon.colcon_core.package_identification:_identify(src/moveit2/moveit_ros/visualization) by extension 'ignore_ament_install'
[0.322s] Level 1:colcon.colcon_core.package_identification:_identify(src/moveit2/moveit_ros/visualization) by extensions ['colcon_pkg']
[0.322s] Level 1:colcon.colcon_core.package_identification:_identify(src/moveit2/moveit_ros/visualization) by extension 'colcon_pkg'
[0.322s] Level 1:colcon.colcon_core.package_identification:_identify(src/moveit2/moveit_ros/visualization) by extensions ['colcon_meta']
[0.322s] Level 1:colcon.colcon_core.package_identification:_identify(src/moveit2/moveit_ros/visualization) by extension 'colcon_meta'
[0.322s] Level 1:colcon.colcon_core.package_identification:_identify(src/moveit2/moveit_ros/visualization) by extensions ['ros']
[0.322s] Level 1:colcon.colcon_core.package_identification:_identify(src/moveit2/moveit_ros/visualization) by extension 'ros'
[0.323s] DEBUG:colcon.colcon_core.package_identification:Package 'src/moveit2/moveit_ros/visualization' with type 'ros.ament_cmake' and name 'moveit_ros_visualization'
[0.323s] Level 1:colcon.colcon_core.package_identification:_identify(src/moveit2/moveit_ros/warehouse) by extensions ['ignore', 'ignore_ament_install']
[0.323s] Level 1:colcon.colcon_core.package_identification:_identify(src/moveit2/moveit_ros/warehouse) by extension 'ignore'
[0.323s] Level 1:colcon.colcon_core.package_identification:_identify(src/moveit2/moveit_ros/warehouse) by extension 'ignore_ament_install'
[0.324s] Level 1:colcon.colcon_core.package_identification:_identify(src/moveit2/moveit_ros/warehouse) by extensions ['colcon_pkg']
[0.324s] Level 1:colcon.colcon_core.package_identification:_identify(src/moveit2/moveit_ros/warehouse) by extension 'colcon_pkg'
[0.324s] Level 1:colcon.colcon_core.package_identification:_identify(src/moveit2/moveit_ros/warehouse) by extensions ['colcon_meta']
[0.324s] Level 1:colcon.colcon_core.package_identification:_identify(src/moveit2/moveit_ros/warehouse) by extension 'colcon_meta'
[0.324s] Level 1:colcon.colcon_core.package_identification:_identify(src/moveit2/moveit_ros/warehouse) by extensions ['ros']
[0.324s] Level 1:colcon.colcon_core.package_identification:_identify(src/moveit2/moveit_ros/warehouse) by extension 'ros'
[0.324s] DEBUG:colcon.colcon_core.package_identification:Package 'src/moveit2/moveit_ros/warehouse' with type 'ros.ament_cmake' and name 'moveit_ros_warehouse'
[0.324s] Level 1:colcon.colcon_core.package_identification:_identify(src/moveit2/moveit_runtime) by extensions ['ignore', 'ignore_ament_install']
[0.324s] Level 1:colcon.colcon_core.package_identification:_identify(src/moveit2/moveit_runtime) by extension 'ignore'
[0.324s] Level 1:colcon.colcon_core.package_identification:_identify(src/moveit2/moveit_runtime) by extension 'ignore_ament_install'
[0.324s] Level 1:colcon.colcon_core.package_identification:_identify(src/moveit2/moveit_runtime) by extensions ['colcon_pkg']
[0.324s] Level 1:colcon.colcon_core.package_identification:_identify(src/moveit2/moveit_runtime) by extension 'colcon_pkg'
[0.324s] Level 1:colcon.colcon_core.package_identification:_identify(src/moveit2/moveit_runtime) by extensions ['colcon_meta']
[0.324s] Level 1:colcon.colcon_core.package_identification:_identify(src/moveit2/moveit_runtime) by extension 'colcon_meta'
[0.324s] Level 1:colcon.colcon_core.package_identification:_identify(src/moveit2/moveit_runtime) by extensions ['ros']
[0.324s] Level 1:colcon.colcon_core.package_identification:_identify(src/moveit2/moveit_runtime) by extension 'ros'
[0.325s] DEBUG:colcon.colcon_core.package_identification:Package 'src/moveit2/moveit_runtime' with type 'ros.ament_cmake' and name 'moveit_runtime'
[0.325s] Level 1:colcon.colcon_core.package_identification:_identify(src/moveit2/moveit_setup_assistant) by extensions ['ignore', 'ignore_ament_install']
[0.325s] Level 1:colcon.colcon_core.package_identification:_identify(src/moveit2/moveit_setup_assistant) by extension 'ignore'
[0.325s] Level 1:colcon.colcon_core.package_identification:_identify(src/moveit2/moveit_setup_assistant) by extension 'ignore_ament_install'
[0.325s] Level 1:colcon.colcon_core.package_identification:_identify(src/moveit2/moveit_setup_assistant) by extensions ['colcon_pkg']
[0.325s] Level 1:colcon.colcon_core.package_identification:_identify(src/moveit2/moveit_setup_assistant) by extension 'colcon_pkg'
[0.325s] Level 1:colcon.colcon_core.package_identification:_identify(src/moveit2/moveit_setup_assistant) by extensions ['colcon_meta']
[0.325s] Level 1:colcon.colcon_core.package_identification:_identify(src/moveit2/moveit_setup_assistant) by extension 'colcon_meta'
[0.325s] Level 1:colcon.colcon_core.package_identification:_identify(src/moveit2/moveit_setup_assistant) by extensions ['ros']
[0.325s] Level 1:colcon.colcon_core.package_identification:_identify(src/moveit2/moveit_setup_assistant) by extension 'ros'
[0.325s] Level 1:colcon.colcon_core.package_identification:_identify(src/moveit2/moveit_setup_assistant) by extensions ['cmake', 'python']
[0.325s] Level 1:colcon.colcon_core.package_identification:_identify(src/moveit2/moveit_setup_assistant) by extension 'cmake'
[0.325s] Level 1:colcon.colcon_core.package_identification:_identify(src/moveit2/moveit_setup_assistant) by extension 'python'
[0.325s] Level 1:colcon.colcon_core.package_identification:_identify(src/moveit2/moveit_setup_assistant) by extensions ['python_setup_py']
[0.325s] Level 1:colcon.colcon_core.package_identification:_identify(src/moveit2/moveit_setup_assistant) by extension 'python_setup_py'
[0.325s] Level 1:colcon.colcon_core.package_identification:_identify(src/moveit2/moveit_setup_assistant/graphics) by extensions ['ignore', 'ignore_ament_install']
[0.325s] Level 1:colcon.colcon_core.package_identification:_identify(src/moveit2/moveit_setup_assistant/graphics) by extension 'ignore'
[0.325s] Level 1:colcon.colcon_core.package_identification:_identify(src/moveit2/moveit_setup_assistant/graphics) by extension 'ignore_ament_install'
[0.325s] Level 1:colcon.colcon_core.package_identification:_identify(src/moveit2/moveit_setup_assistant/graphics) by extensions ['colcon_pkg']
[0.325s] Level 1:colcon.colcon_core.package_identification:_identify(src/moveit2/moveit_setup_assistant/graphics) by extension 'colcon_pkg'
[0.326s] Level 1:colcon.colcon_core.package_identification:_identify(src/moveit2/moveit_setup_assistant/graphics) by extensions ['colcon_meta']
[0.326s] Level 1:colcon.colcon_core.package_identification:_identify(src/moveit2/moveit_setup_assistant/graphics) by extension 'colcon_meta'
[0.326s] Level 1:colcon.colcon_core.package_identification:_identify(src/moveit2/moveit_setup_assistant/graphics) by extensions ['ros']
[0.326s] Level 1:colcon.colcon_core.package_identification:_identify(src/moveit2/moveit_setup_assistant/graphics) by extension 'ros'
[0.326s] Level 1:colcon.colcon_core.package_identification:_identify(src/moveit2/moveit_setup_assistant/graphics) by extensions ['cmake', 'python']
[0.326s] Level 1:colcon.colcon_core.package_identification:_identify(src/moveit2/moveit_setup_assistant/graphics) by extension 'cmake'
[0.326s] Level 1:colcon.colcon_core.package_identification:_identify(src/moveit2/moveit_setup_assistant/graphics) by extension 'python'
[0.326s] Level 1:colcon.colcon_core.package_identification:_identify(src/moveit2/moveit_setup_assistant/graphics) by extensions ['python_setup_py']
[0.326s] Level 1:colcon.colcon_core.package_identification:_identify(src/moveit2/moveit_setup_assistant/graphics) by extension 'python_setup_py'
[0.326s] Level 1:colcon.colcon_core.package_identification:_identify(src/moveit2/moveit_setup_assistant/graphics/source) by extensions ['ignore', 'ignore_ament_install']
[0.326s] Level 1:colcon.colcon_core.package_identification:_identify(src/moveit2/moveit_setup_assistant/graphics/source) by extension 'ignore'
[0.326s] Level 1:colcon.colcon_core.package_identification:_identify(src/moveit2/moveit_setup_assistant/graphics/source) by extension 'ignore_ament_install'
[0.326s] Level 1:colcon.colcon_core.package_identification:_identify(src/moveit2/moveit_setup_assistant/graphics/source) by extensions ['colcon_pkg']
[0.326s] Level 1:colcon.colcon_core.package_identification:_identify(src/moveit2/moveit_setup_assistant/graphics/source) by extension 'colcon_pkg'
[0.326s] Level 1:colcon.colcon_core.package_identification:_identify(src/moveit2/moveit_setup_assistant/graphics/source) by extensions ['colcon_meta']
[0.326s] Level 1:colcon.colcon_core.package_identification:_identify(src/moveit2/moveit_setup_assistant/graphics/source) by extension 'colcon_meta'
[0.326s] Level 1:colcon.colcon_core.package_identification:_identify(src/moveit2/moveit_setup_assistant/graphics/source) by extensions ['ros']
[0.326s] Level 1:colcon.colcon_core.package_identification:_identify(src/moveit2/moveit_setup_assistant/graphics/source) by extension 'ros'
[0.326s] Level 1:colcon.colcon_core.package_identification:_identify(src/moveit2/moveit_setup_assistant/graphics/source) by extensions ['cmake', 'python']
[0.326s] Level 1:colcon.colcon_core.package_identification:_identify(src/moveit2/moveit_setup_assistant/graphics/source) by extension 'cmake'
[0.326s] Level 1:colcon.colcon_core.package_identification:_identify(src/moveit2/moveit_setup_assistant/graphics/source) by extension 'python'
[0.326s] Level 1:colcon.colcon_core.package_identification:_identify(src/moveit2/moveit_setup_assistant/graphics/source) by extensions ['python_setup_py']
[0.326s] Level 1:colcon.colcon_core.package_identification:_identify(src/moveit2/moveit_setup_assistant/graphics/source) by extension 'python_setup_py'
[0.326s] Level 1:colcon.colcon_core.package_identification:_identify(src/moveit2/moveit_setup_assistant/moveit_setup_app_plugins) by extensions ['ignore', 'ignore_ament_install']
[0.326s] Level 1:colcon.colcon_core.package_identification:_identify(src/moveit2/moveit_setup_assistant/moveit_setup_app_plugins) by extension 'ignore'
[0.326s] Level 1:colcon.colcon_core.package_identification:_identify(src/moveit2/moveit_setup_assistant/moveit_setup_app_plugins) by extension 'ignore_ament_install'
[0.326s] Level 1:colcon.colcon_core.package_identification:_identify(src/moveit2/moveit_setup_assistant/moveit_setup_app_plugins) by extensions ['colcon_pkg']
[0.326s] Level 1:colcon.colcon_core.package_identification:_identify(src/moveit2/moveit_setup_assistant/moveit_setup_app_plugins) by extension 'colcon_pkg'
[0.326s] Level 1:colcon.colcon_core.package_identification:_identify(src/moveit2/moveit_setup_assistant/moveit_setup_app_plugins) by extensions ['colcon_meta']
[0.326s] Level 1:colcon.colcon_core.package_identification:_identify(src/moveit2/moveit_setup_assistant/moveit_setup_app_plugins) by extension 'colcon_meta'
[0.326s] Level 1:colcon.colcon_core.package_identification:_identify(src/moveit2/moveit_setup_assistant/moveit_setup_app_plugins) by extensions ['ros']
[0.326s] Level 1:colcon.colcon_core.package_identification:_identify(src/moveit2/moveit_setup_assistant/moveit_setup_app_plugins) by extension 'ros'
[0.327s] DEBUG:colcon.colcon_core.package_identification:Package 'src/moveit2/moveit_setup_assistant/moveit_setup_app_plugins' with type 'ros.ament_cmake' and name 'moveit_setup_app_plugins'
[0.327s] Level 1:colcon.colcon_core.package_identification:_identify(src/moveit2/moveit_setup_assistant/moveit_setup_assistant) by extensions ['ignore', 'ignore_ament_install']
[0.327s] Level 1:colcon.colcon_core.package_identification:_identify(src/moveit2/moveit_setup_assistant/moveit_setup_assistant) by extension 'ignore'
[0.327s] Level 1:colcon.colcon_core.package_identification:_identify(src/moveit2/moveit_setup_assistant/moveit_setup_assistant) by extension 'ignore_ament_install'
[0.327s] Level 1:colcon.colcon_core.package_identification:_identify(src/moveit2/moveit_setup_assistant/moveit_setup_assistant) by extensions ['colcon_pkg']
[0.327s] Level 1:colcon.colcon_core.package_identification:_identify(src/moveit2/moveit_setup_assistant/moveit_setup_assistant) by extension 'colcon_pkg'
[0.327s] Level 1:colcon.colcon_core.package_identification:_identify(src/moveit2/moveit_setup_assistant/moveit_setup_assistant) by extensions ['colcon_meta']
[0.327s] Level 1:colcon.colcon_core.package_identification:_identify(src/moveit2/moveit_setup_assistant/moveit_setup_assistant) by extension 'colcon_meta'
[0.327s] Level 1:colcon.colcon_core.package_identification:_identify(src/moveit2/moveit_setup_assistant/moveit_setup_assistant) by extensions ['ros']
[0.327s] Level 1:colcon.colcon_core.package_identification:_identify(src/moveit2/moveit_setup_assistant/moveit_setup_assistant) by extension 'ros'
[0.328s] DEBUG:colcon.colcon_core.package_identification:Package 'src/moveit2/moveit_setup_assistant/moveit_setup_assistant' with type 'ros.ament_cmake' and name 'moveit_setup_assistant'
[0.328s] Level 1:colcon.colcon_core.package_identification:_identify(src/moveit2/moveit_setup_assistant/moveit_setup_controllers) by extensions ['ignore', 'ignore_ament_install']
[0.328s] Level 1:colcon.colcon_core.package_identification:_identify(src/moveit2/moveit_setup_assistant/moveit_setup_controllers) by extension 'ignore'
[0.328s] Level 1:colcon.colcon_core.package_identification:_identify(src/moveit2/moveit_setup_assistant/moveit_setup_controllers) by extension 'ignore_ament_install'
[0.328s] Level 1:colcon.colcon_core.package_identification:_identify(src/moveit2/moveit_setup_assistant/moveit_setup_controllers) by extensions ['colcon_pkg']
[0.328s] Level 1:colcon.colcon_core.package_identification:_identify(src/moveit2/moveit_setup_assistant/moveit_setup_controllers) by extension 'colcon_pkg'
[0.328s] Level 1:colcon.colcon_core.package_identification:_identify(src/moveit2/moveit_setup_assistant/moveit_setup_controllers) by extensions ['colcon_meta']
[0.328s] Level 1:colcon.colcon_core.package_identification:_identify(src/moveit2/moveit_setup_assistant/moveit_setup_controllers) by extension 'colcon_meta'
[0.328s] Level 1:colcon.colcon_core.package_identification:_identify(src/moveit2/moveit_setup_assistant/moveit_setup_controllers) by extensions ['ros']
[0.328s] Level 1:colcon.colcon_core.package_identification:_identify(src/moveit2/moveit_setup_assistant/moveit_setup_controllers) by extension 'ros'
[0.329s] DEBUG:colcon.colcon_core.package_identification:Package 'src/moveit2/moveit_setup_assistant/moveit_setup_controllers' with type 'ros.ament_cmake' and name 'moveit_setup_controllers'
[0.329s] Level 1:colcon.colcon_core.package_identification:_identify(src/moveit2/moveit_setup_assistant/moveit_setup_core_plugins) by extensions ['ignore', 'ignore_ament_install']
[0.329s] Level 1:colcon.colcon_core.package_identification:_identify(src/moveit2/moveit_setup_assistant/moveit_setup_core_plugins) by extension 'ignore'
[0.329s] Level 1:colcon.colcon_core.package_identification:_identify(src/moveit2/moveit_setup_assistant/moveit_setup_core_plugins) by extension 'ignore_ament_install'
[0.329s] Level 1:colcon.colcon_core.package_identification:_identify(src/moveit2/moveit_setup_assistant/moveit_setup_core_plugins) by extensions ['colcon_pkg']
[0.329s] Level 1:colcon.colcon_core.package_identification:_identify(src/moveit2/moveit_setup_assistant/moveit_setup_core_plugins) by extension 'colcon_pkg'
[0.329s] Level 1:colcon.colcon_core.package_identification:_identify(src/moveit2/moveit_setup_assistant/moveit_setup_core_plugins) by extensions ['colcon_meta']
[0.329s] Level 1:colcon.colcon_core.package_identification:_identify(src/moveit2/moveit_setup_assistant/moveit_setup_core_plugins) by extension 'colcon_meta'
[0.329s] Level 1:colcon.colcon_core.package_identification:_identify(src/moveit2/moveit_setup_assistant/moveit_setup_core_plugins) by extensions ['ros']
[0.329s] Level 1:colcon.colcon_core.package_identification:_identify(src/moveit2/moveit_setup_assistant/moveit_setup_core_plugins) by extension 'ros'
[0.330s] DEBUG:colcon.colcon_core.package_identification:Package 'src/moveit2/moveit_setup_assistant/moveit_setup_core_plugins' with type 'ros.ament_cmake' and name 'moveit_setup_core_plugins'
[0.330s] Level 1:colcon.colcon_core.package_identification:_identify(src/moveit2/moveit_setup_assistant/moveit_setup_framework) by extensions ['ignore', 'ignore_ament_install']
[0.330s] Level 1:colcon.colcon_core.package_identification:_identify(src/moveit2/moveit_setup_assistant/moveit_setup_framework) by extension 'ignore'
[0.330s] Level 1:colcon.colcon_core.package_identification:_identify(src/moveit2/moveit_setup_assistant/moveit_setup_framework) by extension 'ignore_ament_install'
[0.330s] Level 1:colcon.colcon_core.package_identification:_identify(src/moveit2/moveit_setup_assistant/moveit_setup_framework) by extensions ['colcon_pkg']
[0.330s] Level 1:colcon.colcon_core.package_identification:_identify(src/moveit2/moveit_setup_assistant/moveit_setup_framework) by extension 'colcon_pkg'
[0.330s] Level 1:colcon.colcon_core.package_identification:_identify(src/moveit2/moveit_setup_assistant/moveit_setup_framework) by extensions ['colcon_meta']
[0.330s] Level 1:colcon.colcon_core.package_identification:_identify(src/moveit2/moveit_setup_assistant/moveit_setup_framework) by extension 'colcon_meta'
[0.330s] Level 1:colcon.colcon_core.package_identification:_identify(src/moveit2/moveit_setup_assistant/moveit_setup_framework) by extensions ['ros']
[0.330s] Level 1:colcon.colcon_core.package_identification:_identify(src/moveit2/moveit_setup_assistant/moveit_setup_framework) by extension 'ros'
[0.331s] DEBUG:colcon.colcon_core.package_identification:Package 'src/moveit2/moveit_setup_assistant/moveit_setup_framework' with type 'ros.ament_cmake' and name 'moveit_setup_framework'
[0.331s] Level 1:colcon.colcon_core.package_identification:_identify(src/moveit2/moveit_setup_assistant/moveit_setup_simulation) by extensions ['ignore', 'ignore_ament_install']
[0.331s] Level 1:colcon.colcon_core.package_identification:_identify(src/moveit2/moveit_setup_assistant/moveit_setup_simulation) by extension 'ignore'
[0.331s] Level 1:colcon.colcon_core.package_identification:_identify(src/moveit2/moveit_setup_assistant/moveit_setup_simulation) ignored
[0.331s] Level 1:colcon.colcon_core.package_identification:_identify(src/moveit2/moveit_setup_assistant/moveit_setup_srdf_plugins) by extensions ['ignore', 'ignore_ament_install']
[0.331s] Level 1:colcon.colcon_core.package_identification:_identify(src/moveit2/moveit_setup_assistant/moveit_setup_srdf_plugins) by extension 'ignore'
[0.331s] Level 1:colcon.colcon_core.package_identification:_identify(src/moveit2/moveit_setup_assistant/moveit_setup_srdf_plugins) by extension 'ignore_ament_install'
[0.331s] Level 1:colcon.colcon_core.package_identification:_identify(src/moveit2/moveit_setup_assistant/moveit_setup_srdf_plugins) by extensions ['colcon_pkg']
[0.331s] Level 1:colcon.colcon_core.package_identification:_identify(src/moveit2/moveit_setup_assistant/moveit_setup_srdf_plugins) by extension 'colcon_pkg'
[0.331s] Level 1:colcon.colcon_core.package_identification:_identify(src/moveit2/moveit_setup_assistant/moveit_setup_srdf_plugins) by extensions ['colcon_meta']
[0.331s] Level 1:colcon.colcon_core.package_identification:_identify(src/moveit2/moveit_setup_assistant/moveit_setup_srdf_plugins) by extension 'colcon_meta'
[0.331s] Level 1:colcon.colcon_core.package_identification:_identify(src/moveit2/moveit_setup_assistant/moveit_setup_srdf_plugins) by extensions ['ros']
[0.331s] Level 1:colcon.colcon_core.package_identification:_identify(src/moveit2/moveit_setup_assistant/moveit_setup_srdf_plugins) by extension 'ros'
[0.332s] DEBUG:colcon.colcon_core.package_identification:Package 'src/moveit2/moveit_setup_assistant/moveit_setup_srdf_plugins' with type 'ros.ament_cmake' and name 'moveit_setup_srdf_plugins'
[0.332s] Level 1:colcon.colcon_core.package_identification:_identify(src/moveit2/moveit_setup_assistant/unported_templates) by extensions ['ignore', 'ignore_ament_install']
[0.332s] Level 1:colcon.colcon_core.package_identification:_identify(src/moveit2/moveit_setup_assistant/unported_templates) by extension 'ignore'
[0.332s] Level 1:colcon.colcon_core.package_identification:_identify(src/moveit2/moveit_setup_assistant/unported_templates) by extension 'ignore_ament_install'
[0.332s] Level 1:colcon.colcon_core.package_identification:_identify(src/moveit2/moveit_setup_assistant/unported_templates) by extensions ['colcon_pkg']
[0.332s] Level 1:colcon.colcon_core.package_identification:_identify(src/moveit2/moveit_setup_assistant/unported_templates) by extension 'colcon_pkg'
[0.332s] Level 1:colcon.colcon_core.package_identification:_identify(src/moveit2/moveit_setup_assistant/unported_templates) by extensions ['colcon_meta']
[0.332s] Level 1:colcon.colcon_core.package_identification:_identify(src/moveit2/moveit_setup_assistant/unported_templates) by extension 'colcon_meta'
[0.332s] Level 1:colcon.colcon_core.package_identification:_identify(src/moveit2/moveit_setup_assistant/unported_templates) by extensions ['ros']
[0.332s] Level 1:colcon.colcon_core.package_identification:_identify(src/moveit2/moveit_setup_assistant/unported_templates) by extension 'ros'
[0.332s] Level 1:colcon.colcon_core.package_identification:_identify(src/moveit2/moveit_setup_assistant/unported_templates) by extensions ['cmake', 'python']
[0.332s] Level 1:colcon.colcon_core.package_identification:_identify(src/moveit2/moveit_setup_assistant/unported_templates) by extension 'cmake'
[0.332s] Level 1:colcon.colcon_core.package_identification:_identify(src/moveit2/moveit_setup_assistant/unported_templates) by extension 'python'
[0.332s] Level 1:colcon.colcon_core.package_identification:_identify(src/moveit2/moveit_setup_assistant/unported_templates) by extensions ['python_setup_py']
[0.332s] Level 1:colcon.colcon_core.package_identification:_identify(src/moveit2/moveit_setup_assistant/unported_templates) by extension 'python_setup_py'
[0.332s] Level 1:colcon.colcon_core.package_identification:_identify(src/moveit2_tutorials) by extensions ['ignore', 'ignore_ament_install']
[0.332s] Level 1:colcon.colcon_core.package_identification:_identify(src/moveit2_tutorials) by extension 'ignore'
[0.332s] Level 1:colcon.colcon_core.package_identification:_identify(src/moveit2_tutorials) by extension 'ignore_ament_install'
[0.332s] Level 1:colcon.colcon_core.package_identification:_identify(src/moveit2_tutorials) by extensions ['colcon_pkg']
[0.332s] Level 1:colcon.colcon_core.package_identification:_identify(src/moveit2_tutorials) by extension 'colcon_pkg'
[0.332s] Level 1:colcon.colcon_core.package_identification:_identify(src/moveit2_tutorials) by extensions ['colcon_meta']
[0.332s] Level 1:colcon.colcon_core.package_identification:_identify(src/moveit2_tutorials) by extension 'colcon_meta'
[0.332s] Level 1:colcon.colcon_core.package_identification:_identify(src/moveit2_tutorials) by extensions ['ros']
[0.332s] Level 1:colcon.colcon_core.package_identification:_identify(src/moveit2_tutorials) by extension 'ros'
[0.334s] DEBUG:colcon.colcon_core.package_identification:Package 'src/moveit2_tutorials' with type 'ros.ament_cmake' and name 'moveit2_tutorials'
[0.334s] Level 1:colcon.colcon_core.package_identification:_identify(src/moveit_control) by extensions ['ignore', 'ignore_ament_install']
[0.334s] Level 1:colcon.colcon_core.package_identification:_identify(src/moveit_control) by extension 'ignore'
[0.334s] Level 1:colcon.colcon_core.package_identification:_identify(src/moveit_control) by extension 'ignore_ament_install'
[0.334s] Level 1:colcon.colcon_core.package_identification:_identify(src/moveit_control) by extensions ['colcon_pkg']
[0.334s] Level 1:colcon.colcon_core.package_identification:_identify(src/moveit_control) by extension 'colcon_pkg'
[0.334s] Level 1:colcon.colcon_core.package_identification:_identify(src/moveit_control) by extensions ['colcon_meta']
[0.334s] Level 1:colcon.colcon_core.package_identification:_identify(src/moveit_control) by extension 'colcon_meta'
[0.334s] Level 1:colcon.colcon_core.package_identification:_identify(src/moveit_control) by extensions ['ros']
[0.334s] Level 1:colcon.colcon_core.package_identification:_identify(src/moveit_control) by extension 'ros'
[0.335s] DEBUG:colcon.colcon_core.package_identification:Package 'src/moveit_control' with type 'ros.ament_cmake' and name 'moveit_control'
[0.335s] Level 1:colcon.colcon_core.package_identification:_identify(src/moveit_resources) by extensions ['ignore', 'ignore_ament_install']
[0.335s] Level 1:colcon.colcon_core.package_identification:_identify(src/moveit_resources) by extension 'ignore'
[0.335s] Level 1:colcon.colcon_core.package_identification:_identify(src/moveit_resources) by extension 'ignore_ament_install'
[0.335s] Level 1:colcon.colcon_core.package_identification:_identify(src/moveit_resources) by extensions ['colcon_pkg']
[0.335s] Level 1:colcon.colcon_core.package_identification:_identify(src/moveit_resources) by extension 'colcon_pkg'
[0.335s] Level 1:colcon.colcon_core.package_identification:_identify(src/moveit_resources) by extensions ['colcon_meta']
[0.335s] Level 1:colcon.colcon_core.package_identification:_identify(src/moveit_resources) by extension 'colcon_meta'
[0.335s] Level 1:colcon.colcon_core.package_identification:_identify(src/moveit_resources) by extensions ['ros']
[0.335s] Level 1:colcon.colcon_core.package_identification:_identify(src/moveit_resources) by extension 'ros'
[0.335s] Level 1:colcon.colcon_core.package_identification:_identify(src/moveit_resources) by extensions ['cmake', 'python']
[0.335s] Level 1:colcon.colcon_core.package_identification:_identify(src/moveit_resources) by extension 'cmake'
[0.335s] Level 1:colcon.colcon_core.package_identification:_identify(src/moveit_resources) by extension 'python'
[0.335s] Level 1:colcon.colcon_core.package_identification:_identify(src/moveit_resources) by extensions ['python_setup_py']
[0.335s] Level 1:colcon.colcon_core.package_identification:_identify(src/moveit_resources) by extension 'python_setup_py'
[0.335s] Level 1:colcon.colcon_core.package_identification:_identify(src/moveit_resources/fanuc_description) by extensions ['ignore', 'ignore_ament_install']
[0.335s] Level 1:colcon.colcon_core.package_identification:_identify(src/moveit_resources/fanuc_description) by extension 'ignore'
[0.335s] Level 1:colcon.colcon_core.package_identification:_identify(src/moveit_resources/fanuc_description) by extension 'ignore_ament_install'
[0.335s] Level 1:colcon.colcon_core.package_identification:_identify(src/moveit_resources/fanuc_description) by extensions ['colcon_pkg']
[0.335s] Level 1:colcon.colcon_core.package_identification:_identify(src/moveit_resources/fanuc_description) by extension 'colcon_pkg'
[0.335s] Level 1:colcon.colcon_core.package_identification:_identify(src/moveit_resources/fanuc_description) by extensions ['colcon_meta']
[0.335s] Level 1:colcon.colcon_core.package_identification:_identify(src/moveit_resources/fanuc_description) by extension 'colcon_meta'
[0.335s] Level 1:colcon.colcon_core.package_identification:_identify(src/moveit_resources/fanuc_description) by extensions ['ros']
[0.335s] Level 1:colcon.colcon_core.package_identification:_identify(src/moveit_resources/fanuc_description) by extension 'ros'
[0.336s] DEBUG:colcon.colcon_core.package_identification:Package 'src/moveit_resources/fanuc_description' with type 'ros.ament_cmake' and name 'moveit_resources_fanuc_description'
[0.336s] Level 1:colcon.colcon_core.package_identification:_identify(src/moveit_resources/fanuc_moveit_config) by extensions ['ignore', 'ignore_ament_install']
[0.336s] Level 1:colcon.colcon_core.package_identification:_identify(src/moveit_resources/fanuc_moveit_config) by extension 'ignore'
[0.336s] Level 1:colcon.colcon_core.package_identification:_identify(src/moveit_resources/fanuc_moveit_config) by extension 'ignore_ament_install'
[0.336s] Level 1:colcon.colcon_core.package_identification:_identify(src/moveit_resources/fanuc_moveit_config) by extensions ['colcon_pkg']
[0.336s] Level 1:colcon.colcon_core.package_identification:_identify(src/moveit_resources/fanuc_moveit_config) by extension 'colcon_pkg'
[0.336s] Level 1:colcon.colcon_core.package_identification:_identify(src/moveit_resources/fanuc_moveit_config) by extensions ['colcon_meta']
[0.336s] Level 1:colcon.colcon_core.package_identification:_identify(src/moveit_resources/fanuc_moveit_config) by extension 'colcon_meta'
[0.336s] Level 1:colcon.colcon_core.package_identification:_identify(src/moveit_resources/fanuc_moveit_config) by extensions ['ros']
[0.336s] Level 1:colcon.colcon_core.package_identification:_identify(src/moveit_resources/fanuc_moveit_config) by extension 'ros'
[0.336s] DEBUG:colcon.colcon_core.package_identification:Package 'src/moveit_resources/fanuc_moveit_config' with type 'ros.ament_cmake' and name 'moveit_resources_fanuc_moveit_config'
[0.336s] Level 1:colcon.colcon_core.package_identification:_identify(src/moveit_resources/moveit_resources) by extensions ['ignore', 'ignore_ament_install']
[0.336s] Level 1:colcon.colcon_core.package_identification:_identify(src/moveit_resources/moveit_resources) by extension 'ignore'
[0.336s] Level 1:colcon.colcon_core.package_identification:_identify(src/moveit_resources/moveit_resources) by extension 'ignore_ament_install'
[0.336s] Level 1:colcon.colcon_core.package_identification:_identify(src/moveit_resources/moveit_resources) by extensions ['colcon_pkg']
[0.336s] Level 1:colcon.colcon_core.package_identification:_identify(src/moveit_resources/moveit_resources) by extension 'colcon_pkg'
[0.336s] Level 1:colcon.colcon_core.package_identification:_identify(src/moveit_resources/moveit_resources) by extensions ['colcon_meta']
[0.336s] Level 1:colcon.colcon_core.package_identification:_identify(src/moveit_resources/moveit_resources) by extension 'colcon_meta'
[0.336s] Level 1:colcon.colcon_core.package_identification:_identify(src/moveit_resources/moveit_resources) by extensions ['ros']
[0.336s] Level 1:colcon.colcon_core.package_identification:_identify(src/moveit_resources/moveit_resources) by extension 'ros'
[0.337s] DEBUG:colcon.colcon_core.package_identification:Package 'src/moveit_resources/moveit_resources' with type 'ros.ament_cmake' and name 'moveit_resources'
[0.337s] Level 1:colcon.colcon_core.package_identification:_identify(src/moveit_resources/panda_description) by extensions ['ignore', 'ignore_ament_install']
[0.337s] Level 1:colcon.colcon_core.package_identification:_identify(src/moveit_resources/panda_description) by extension 'ignore'
[0.337s] Level 1:colcon.colcon_core.package_identification:_identify(src/moveit_resources/panda_description) by extension 'ignore_ament_install'
[0.337s] Level 1:colcon.colcon_core.package_identification:_identify(src/moveit_resources/panda_description) by extensions ['colcon_pkg']
[0.337s] Level 1:colcon.colcon_core.package_identification:_identify(src/moveit_resources/panda_description) by extension 'colcon_pkg'
[0.337s] Level 1:colcon.colcon_core.package_identification:_identify(src/moveit_resources/panda_description) by extensions ['colcon_meta']
[0.337s] Level 1:colcon.colcon_core.package_identification:_identify(src/moveit_resources/panda_description) by extension 'colcon_meta'
[0.337s] Level 1:colcon.colcon_core.package_identification:_identify(src/moveit_resources/panda_description) by extensions ['ros']
[0.337s] Level 1:colcon.colcon_core.package_identification:_identify(src/moveit_resources/panda_description) by extension 'ros'
[0.337s] DEBUG:colcon.colcon_core.package_identification:Package 'src/moveit_resources/panda_description' with type 'ros.ament_cmake' and name 'moveit_resources_panda_description'
[0.338s] Level 1:colcon.colcon_core.package_identification:_identify(src/moveit_resources/panda_moveit_config) by extensions ['ignore', 'ignore_ament_install']
[0.338s] Level 1:colcon.colcon_core.package_identification:_identify(src/moveit_resources/panda_moveit_config) by extension 'ignore'
[0.338s] Level 1:colcon.colcon_core.package_identification:_identify(src/moveit_resources/panda_moveit_config) by extension 'ignore_ament_install'
[0.338s] Level 1:colcon.colcon_core.package_identification:_identify(src/moveit_resources/panda_moveit_config) by extensions ['colcon_pkg']
[0.338s] Level 1:colcon.colcon_core.package_identification:_identify(src/moveit_resources/panda_moveit_config) by extension 'colcon_pkg'
[0.338s] Level 1:colcon.colcon_core.package_identification:_identify(src/moveit_resources/panda_moveit_config) by extensions ['colcon_meta']
[0.338s] Level 1:colcon.colcon_core.package_identification:_identify(src/moveit_resources/panda_moveit_config) by extension 'colcon_meta'
[0.338s] Level 1:colcon.colcon_core.package_identification:_identify(src/moveit_resources/panda_moveit_config) by extensions ['ros']
[0.338s] Level 1:colcon.colcon_core.package_identification:_identify(src/moveit_resources/panda_moveit_config) by extension 'ros'
[0.338s] DEBUG:colcon.colcon_core.package_identification:Package 'src/moveit_resources/panda_moveit_config' with type 'ros.ament_cmake' and name 'moveit_resources_panda_moveit_config'
[0.338s] Level 1:colcon.colcon_core.package_identification:_identify(src/moveit_resources/pr2_description) by extensions ['ignore', 'ignore_ament_install']
[0.338s] Level 1:colcon.colcon_core.package_identification:_identify(src/moveit_resources/pr2_description) by extension 'ignore'
[0.338s] Level 1:colcon.colcon_core.package_identification:_identify(src/moveit_resources/pr2_description) by extension 'ignore_ament_install'
[0.338s] Level 1:colcon.colcon_core.package_identification:_identify(src/moveit_resources/pr2_description) by extensions ['colcon_pkg']
[0.338s] Level 1:colcon.colcon_core.package_identification:_identify(src/moveit_resources/pr2_description) by extension 'colcon_pkg'
[0.338s] Level 1:colcon.colcon_core.package_identification:_identify(src/moveit_resources/pr2_description) by extensions ['colcon_meta']
[0.338s] Level 1:colcon.colcon_core.package_identification:_identify(src/moveit_resources/pr2_description) by extension 'colcon_meta'
[0.338s] Level 1:colcon.colcon_core.package_identification:_identify(src/moveit_resources/pr2_description) by extensions ['ros']
[0.338s] Level 1:colcon.colcon_core.package_identification:_identify(src/moveit_resources/pr2_description) by extension 'ros'
[0.339s] DEBUG:colcon.colcon_core.package_identification:Package 'src/moveit_resources/pr2_description' with type 'ros.ament_cmake' and name 'moveit_resources_pr2_description'
[0.339s] Level 1:colcon.colcon_core.package_identification:_identify(src/moveit_task_constructor) by extensions ['ignore', 'ignore_ament_install']
[0.339s] Level 1:colcon.colcon_core.package_identification:_identify(src/moveit_task_constructor) by extension 'ignore'
[0.339s] Level 1:colcon.colcon_core.package_identification:_identify(src/moveit_task_constructor) by extension 'ignore_ament_install'
[0.339s] Level 1:colcon.colcon_core.package_identification:_identify(src/moveit_task_constructor) by extensions ['colcon_pkg']
[0.339s] Level 1:colcon.colcon_core.package_identification:_identify(src/moveit_task_constructor) by extension 'colcon_pkg'
[0.339s] Level 1:colcon.colcon_core.package_identification:_identify(src/moveit_task_constructor) by extensions ['colcon_meta']
[0.339s] Level 1:colcon.colcon_core.package_identification:_identify(src/moveit_task_constructor) by extension 'colcon_meta'
[0.339s] Level 1:colcon.colcon_core.package_identification:_identify(src/moveit_task_constructor) by extensions ['ros']
[0.339s] Level 1:colcon.colcon_core.package_identification:_identify(src/moveit_task_constructor) by extension 'ros'
[0.339s] Level 1:colcon.colcon_core.package_identification:_identify(src/moveit_task_constructor) by extensions ['cmake', 'python']
[0.339s] Level 1:colcon.colcon_core.package_identification:_identify(src/moveit_task_constructor) by extension 'cmake'
[0.339s] Level 1:colcon.colcon_core.package_identification:_identify(src/moveit_task_constructor) by extension 'python'
[0.339s] Level 1:colcon.colcon_core.package_identification:_identify(src/moveit_task_constructor) by extensions ['python_setup_py']
[0.339s] Level 1:colcon.colcon_core.package_identification:_identify(src/moveit_task_constructor) by extension 'python_setup_py'
[0.339s] Level 1:colcon.colcon_core.package_identification:_identify(src/moveit_task_constructor/capabilities) by extensions ['ignore', 'ignore_ament_install']
[0.339s] Level 1:colcon.colcon_core.package_identification:_identify(src/moveit_task_constructor/capabilities) by extension 'ignore'
[0.339s] Level 1:colcon.colcon_core.package_identification:_identify(src/moveit_task_constructor/capabilities) by extension 'ignore_ament_install'
[0.339s] Level 1:colcon.colcon_core.package_identification:_identify(src/moveit_task_constructor/capabilities) by extensions ['colcon_pkg']
[0.339s] Level 1:colcon.colcon_core.package_identification:_identify(src/moveit_task_constructor/capabilities) by extension 'colcon_pkg'
[0.339s] Level 1:colcon.colcon_core.package_identification:_identify(src/moveit_task_constructor/capabilities) by extensions ['colcon_meta']
[0.339s] Level 1:colcon.colcon_core.package_identification:_identify(src/moveit_task_constructor/capabilities) by extension 'colcon_meta'
[0.339s] Level 1:colcon.colcon_core.package_identification:_identify(src/moveit_task_constructor/capabilities) by extensions ['ros']
[0.339s] Level 1:colcon.colcon_core.package_identification:_identify(src/moveit_task_constructor/capabilities) by extension 'ros'
[0.340s] DEBUG:colcon.colcon_core.package_identification:Package 'src/moveit_task_constructor/capabilities' with type 'ros.ament_cmake' and name 'moveit_task_constructor_capabilities'
[0.340s] Level 1:colcon.colcon_core.package_identification:_identify(src/moveit_task_constructor/core) by extensions ['ignore', 'ignore_ament_install']
[0.340s] Level 1:colcon.colcon_core.package_identification:_identify(src/moveit_task_constructor/core) by extension 'ignore'
[0.340s] Level 1:colcon.colcon_core.package_identification:_identify(src/moveit_task_constructor/core) by extension 'ignore_ament_install'
[0.340s] Level 1:colcon.colcon_core.package_identification:_identify(src/moveit_task_constructor/core) by extensions ['colcon_pkg']
[0.340s] Level 1:colcon.colcon_core.package_identification:_identify(src/moveit_task_constructor/core) by extension 'colcon_pkg'
[0.340s] Level 1:colcon.colcon_core.package_identification:_identify(src/moveit_task_constructor/core) by extensions ['colcon_meta']
[0.340s] Level 1:colcon.colcon_core.package_identification:_identify(src/moveit_task_constructor/core) by extension 'colcon_meta'
[0.340s] Level 1:colcon.colcon_core.package_identification:_identify(src/moveit_task_constructor/core) by extensions ['ros']
[0.340s] Level 1:colcon.colcon_core.package_identification:_identify(src/moveit_task_constructor/core) by extension 'ros'
[0.341s] DEBUG:colcon.colcon_core.package_identification:Package 'src/moveit_task_constructor/core' with type 'ros.ament_cmake' and name 'moveit_task_constructor_core'
[0.341s] Level 1:colcon.colcon_core.package_identification:_identify(src/moveit_task_constructor/demo) by extensions ['ignore', 'ignore_ament_install']
[0.341s] Level 1:colcon.colcon_core.package_identification:_identify(src/moveit_task_constructor/demo) by extension 'ignore'
[0.341s] Level 1:colcon.colcon_core.package_identification:_identify(src/moveit_task_constructor/demo) by extension 'ignore_ament_install'
[0.341s] Level 1:colcon.colcon_core.package_identification:_identify(src/moveit_task_constructor/demo) by extensions ['colcon_pkg']
[0.341s] Level 1:colcon.colcon_core.package_identification:_identify(src/moveit_task_constructor/demo) by extension 'colcon_pkg'
[0.341s] Level 1:colcon.colcon_core.package_identification:_identify(src/moveit_task_constructor/demo) by extensions ['colcon_meta']
[0.341s] Level 1:colcon.colcon_core.package_identification:_identify(src/moveit_task_constructor/demo) by extension 'colcon_meta'
[0.341s] Level 1:colcon.colcon_core.package_identification:_identify(src/moveit_task_constructor/demo) by extensions ['ros']
[0.341s] Level 1:colcon.colcon_core.package_identification:_identify(src/moveit_task_constructor/demo) by extension 'ros'
[0.342s] DEBUG:colcon.colcon_core.package_identification:Package 'src/moveit_task_constructor/demo' with type 'ros.ament_cmake' and name 'moveit_task_constructor_demo'
[0.342s] Level 1:colcon.colcon_core.package_identification:_identify(src/moveit_task_constructor/msgs) by extensions ['ignore', 'ignore_ament_install']
[0.342s] Level 1:colcon.colcon_core.package_identification:_identify(src/moveit_task_constructor/msgs) by extension 'ignore'
[0.342s] Level 1:colcon.colcon_core.package_identification:_identify(src/moveit_task_constructor/msgs) by extension 'ignore_ament_install'
[0.342s] Level 1:colcon.colcon_core.package_identification:_identify(src/moveit_task_constructor/msgs) by extensions ['colcon_pkg']
[0.342s] Level 1:colcon.colcon_core.package_identification:_identify(src/moveit_task_constructor/msgs) by extension 'colcon_pkg'
[0.342s] Level 1:colcon.colcon_core.package_identification:_identify(src/moveit_task_constructor/msgs) by extensions ['colcon_meta']
[0.342s] Level 1:colcon.colcon_core.package_identification:_identify(src/moveit_task_constructor/msgs) by extension 'colcon_meta'
[0.342s] Level 1:colcon.colcon_core.package_identification:_identify(src/moveit_task_constructor/msgs) by extensions ['ros']
[0.342s] Level 1:colcon.colcon_core.package_identification:_identify(src/moveit_task_constructor/msgs) by extension 'ros'
[0.343s] DEBUG:colcon.colcon_core.package_identification:Package 'src/moveit_task_constructor/msgs' with type 'ros.ament_cmake' and name 'moveit_task_constructor_msgs'
[0.343s] Level 1:colcon.colcon_core.package_identification:_identify(src/moveit_task_constructor/rviz_marker_tools) by extensions ['ignore', 'ignore_ament_install']
[0.343s] Level 1:colcon.colcon_core.package_identification:_identify(src/moveit_task_constructor/rviz_marker_tools) by extension 'ignore'
[0.343s] Level 1:colcon.colcon_core.package_identification:_identify(src/moveit_task_constructor/rviz_marker_tools) by extension 'ignore_ament_install'
[0.343s] Level 1:colcon.colcon_core.package_identification:_identify(src/moveit_task_constructor/rviz_marker_tools) by extensions ['colcon_pkg']
[0.343s] Level 1:colcon.colcon_core.package_identification:_identify(src/moveit_task_constructor/rviz_marker_tools) by extension 'colcon_pkg'
[0.343s] Level 1:colcon.colcon_core.package_identification:_identify(src/moveit_task_constructor/rviz_marker_tools) by extensions ['colcon_meta']
[0.343s] Level 1:colcon.colcon_core.package_identification:_identify(src/moveit_task_constructor/rviz_marker_tools) by extension 'colcon_meta'
[0.343s] Level 1:colcon.colcon_core.package_identification:_identify(src/moveit_task_constructor/rviz_marker_tools) by extensions ['ros']
[0.343s] Level 1:colcon.colcon_core.package_identification:_identify(src/moveit_task_constructor/rviz_marker_tools) by extension 'ros'
[0.343s] DEBUG:colcon.colcon_core.package_identification:Package 'src/moveit_task_constructor/rviz_marker_tools' with type 'ros.ament_cmake' and name 'rviz_marker_tools'
[0.343s] Level 1:colcon.colcon_core.package_identification:_identify(src/moveit_task_constructor/visualization) by extensions ['ignore', 'ignore_ament_install']
[0.343s] Level 1:colcon.colcon_core.package_identification:_identify(src/moveit_task_constructor/visualization) by extension 'ignore'
[0.344s] Level 1:colcon.colcon_core.package_identification:_identify(src/moveit_task_constructor/visualization) by extension 'ignore_ament_install'
[0.344s] Level 1:colcon.colcon_core.package_identification:_identify(src/moveit_task_constructor/visualization) by extensions ['colcon_pkg']
[0.344s] Level 1:colcon.colcon_core.package_identification:_identify(src/moveit_task_constructor/visualization) by extension 'colcon_pkg'
[0.344s] Level 1:colcon.colcon_core.package_identification:_identify(src/moveit_task_constructor/visualization) by extensions ['colcon_meta']
[0.344s] Level 1:colcon.colcon_core.package_identification:_identify(src/moveit_task_constructor/visualization) by extension 'colcon_meta'
[0.344s] Level 1:colcon.colcon_core.package_identification:_identify(src/moveit_task_constructor/visualization) by extensions ['ros']
[0.344s] Level 1:colcon.colcon_core.package_identification:_identify(src/moveit_task_constructor/visualization) by extension 'ros'
[0.344s] DEBUG:colcon.colcon_core.package_identification:Package 'src/moveit_task_constructor/visualization' with type 'ros.ament_cmake' and name 'moveit_task_constructor_visualization'
[0.344s] Level 1:colcon.colcon_core.package_identification:_identify(src/moveit_visual_tools) by extensions ['ignore', 'ignore_ament_install']
[0.344s] Level 1:colcon.colcon_core.package_identification:_identify(src/moveit_visual_tools) by extension 'ignore'
[0.344s] Level 1:colcon.colcon_core.package_identification:_identify(src/moveit_visual_tools) by extension 'ignore_ament_install'
[0.344s] Level 1:colcon.colcon_core.package_identification:_identify(src/moveit_visual_tools) by extensions ['colcon_pkg']
[0.345s] Level 1:colcon.colcon_core.package_identification:_identify(src/moveit_visual_tools) by extension 'colcon_pkg'
[0.345s] Level 1:colcon.colcon_core.package_identification:_identify(src/moveit_visual_tools) by extensions ['colcon_meta']
[0.345s] Level 1:colcon.colcon_core.package_identification:_identify(src/moveit_visual_tools) by extension 'colcon_meta'
[0.345s] Level 1:colcon.colcon_core.package_identification:_identify(src/moveit_visual_tools) by extensions ['ros']
[0.345s] Level 1:colcon.colcon_core.package_identification:_identify(src/moveit_visual_tools) by extension 'ros'
[0.345s] DEBUG:colcon.colcon_core.package_identification:Package 'src/moveit_visual_tools' with type 'ros.ament_cmake' and name 'moveit_visual_tools'
[0.345s] Level 1:colcon.colcon_core.package_identification:_identify(src/rosparam_shortcuts) by extensions ['ignore', 'ignore_ament_install']
[0.345s] Level 1:colcon.colcon_core.package_identification:_identify(src/rosparam_shortcuts) by extension 'ignore'
[0.346s] Level 1:colcon.colcon_core.package_identification:_identify(src/rosparam_shortcuts) by extension 'ignore_ament_install'
[0.346s] Level 1:colcon.colcon_core.package_identification:_identify(src/rosparam_shortcuts) by extensions ['colcon_pkg']
[0.346s] Level 1:colcon.colcon_core.package_identification:_identify(src/rosparam_shortcuts) by extension 'colcon_pkg'
[0.346s] Level 1:colcon.colcon_core.package_identification:_identify(src/rosparam_shortcuts) by extensions ['colcon_meta']
[0.346s] Level 1:colcon.colcon_core.package_identification:_identify(src/rosparam_shortcuts) by extension 'colcon_meta'
[0.346s] Level 1:colcon.colcon_core.package_identification:_identify(src/rosparam_shortcuts) by extensions ['ros']
[0.346s] Level 1:colcon.colcon_core.package_identification:_identify(src/rosparam_shortcuts) by extension 'ros'
[0.346s] DEBUG:colcon.colcon_core.package_identification:Package 'src/rosparam_shortcuts' with type 'ros.ament_cmake' and name 'rosparam_shortcuts'
[0.346s] Level 1:colcon.colcon_core.package_identification:_identify(src/srdfdom) by extensions ['ignore', 'ignore_ament_install']
[0.346s] Level 1:colcon.colcon_core.package_identification:_identify(src/srdfdom) by extension 'ignore'
[0.346s] Level 1:colcon.colcon_core.package_identification:_identify(src/srdfdom) by extension 'ignore_ament_install'
[0.346s] Level 1:colcon.colcon_core.package_identification:_identify(src/srdfdom) by extensions ['colcon_pkg']
[0.346s] Level 1:colcon.colcon_core.package_identification:_identify(src/srdfdom) by extension 'colcon_pkg'
[0.346s] Level 1:colcon.colcon_core.package_identification:_identify(src/srdfdom) by extensions ['colcon_meta']
[0.346s] Level 1:colcon.colcon_core.package_identification:_identify(src/srdfdom) by extension 'colcon_meta'
[0.346s] Level 1:colcon.colcon_core.package_identification:_identify(src/srdfdom) by extensions ['ros']
[0.346s] Level 1:colcon.colcon_core.package_identification:_identify(src/srdfdom) by extension 'ros'
[0.347s] DEBUG:colcon.colcon_core.package_identification:Package 'src/srdfdom' with type 'ros.ament_cmake' and name 'srdfdom'
[0.347s] Level 1:colcon.colcon_core.package_identification:_identify(src/waypoint_pub) by extensions ['ignore', 'ignore_ament_install']
[0.347s] Level 1:colcon.colcon_core.package_identification:_identify(src/waypoint_pub) by extension 'ignore'
[0.347s] Level 1:colcon.colcon_core.package_identification:_identify(src/waypoint_pub) by extension 'ignore_ament_install'
[0.347s] Level 1:colcon.colcon_core.package_identification:_identify(src/waypoint_pub) by extensions ['colcon_pkg']
[0.347s] Level 1:colcon.colcon_core.package_identification:_identify(src/waypoint_pub) by extension 'colcon_pkg'
[0.347s] Level 1:colcon.colcon_core.package_identification:_identify(src/waypoint_pub) by extensions ['colcon_meta']
[0.347s] Level 1:colcon.colcon_core.package_identification:_identify(src/waypoint_pub) by extension 'colcon_meta'
[0.347s] Level 1:colcon.colcon_core.package_identification:_identify(src/waypoint_pub) by extensions ['ros']
[0.347s] Level 1:colcon.colcon_core.package_identification:_identify(src/waypoint_pub) by extension 'ros'
[0.348s] DEBUG:colcon.colcon_core.package_identification:Package 'src/waypoint_pub' with type 'ros.ament_python' and name 'waypoint_pub'
[0.348s] Level 1:colcon.colcon_core.package_discovery:discover_packages(recursive) using defaults
[0.348s] Level 1:colcon.colcon_core.package_discovery:discover_packages(ignore) discover
[0.348s] Level 1:colcon.colcon_core.package_discovery:discover_packages(ignore) using defaults
[0.348s] Level 1:colcon.colcon_core.package_discovery:discover_packages(path) discover
[0.348s] Level 1:colcon.colcon_core.package_discovery:discover_packages(path) using defaults
[0.400s] Level 1:colcon.colcon_core.package_discovery:discover_packages(prefix_path) check parameters
[0.400s] Level 1:colcon.colcon_core.package_discovery:discover_packages(prefix_path) discover
[0.403s] DEBUG:colcon.colcon_installed_package_information.package_discovery:Found 481 installed packages in /opt/ros/humble
[0.404s] Level 1:colcon.colcon_core.package_discovery:discover_packages(prefix_path) using defaults
[0.438s] WARNING:colcon.colcon_core.package_selection:Some selected packages are already built in one or more underlay workspaces:
	'moveit_planners' is in: /opt/ros/humble
	'moveit_ros_planning_interface' is in: /opt/ros/humble
	'moveit_ros_visualization' is in: /opt/ros/humble
	'moveit_ros_move_group' is in: /opt/ros/humble
	'moveit_ros_warehouse' is in: /opt/ros/humble
	'moveit_kinematics' is in: /opt/ros/humble
	'srdfdom' is in: /opt/ros/humble
	'moveit_simple_controller_manager' is in: /opt/ros/humble
If a package in a merged underlay workspace is overridden and it installs headers, then all packages in the overlay must sort their include directories by workspace order. Failure to do so may result in build failures or undefined behavior at run time.
If the overridden package is used by another package in any underlay, then the overriding package in the overlay must be API and ABI compatible or undefined behavior at run time may occur.

If you understand the risks and want to override a package anyways, add the following to the command line:
	--allow-overriding moveit_kinematics moveit_planners moveit_ros_move_group moveit_ros_planning_interface moveit_ros_visualization moveit_ros_warehouse moveit_simple_controller_manager srdfdom

This may be promoted to an error in a future release of colcon-override-check.
[0.439s] Level 5:colcon.colcon_core.verb:set package 'Open_control' build argument 'cmake_args' from command line to 'None'
[0.439s] Level 5:colcon.colcon_core.verb:set package 'Open_control' build argument 'cmake_target' from command line to 'None'
[0.439s] Level 5:colcon.colcon_core.verb:set package 'Open_control' build argument 'cmake_target_skip_unavailable' from command line to 'False'
[0.439s] Level 5:colcon.colcon_core.verb:set package 'Open_control' build argument 'cmake_clean_cache' from command line to 'False'
[0.439s] Level 5:colcon.colcon_core.verb:set package 'Open_control' build argument 'cmake_clean_first' from command line to 'False'
[0.439s] Level 5:colcon.colcon_core.verb:set package 'Open_control' build argument 'cmake_force_configure' from command line to 'False'
[0.439s] Level 5:colcon.colcon_core.verb:set package 'Open_control' build argument 'ament_cmake_args' from command line to 'None'
[0.439s] Level 5:colcon.colcon_core.verb:set package 'Open_control' build argument 'catkin_cmake_args' from command line to 'None'
[0.439s] Level 5:colcon.colcon_core.verb:set package 'Open_control' build argument 'catkin_skip_building_tests' from command line to 'False'
[0.439s] DEBUG:colcon.colcon_core.verb:Building package 'Open_control' with the following arguments: {'ament_cmake_args': None, 'build_base': '/home/aaron/ur_ws/build/Open_control', 'catkin_cmake_args': None, 'catkin_skip_building_tests': False, 'cmake_args': None, 'cmake_clean_cache': False, 'cmake_clean_first': False, 'cmake_force_configure': False, 'cmake_target': None, 'cmake_target_skip_unavailable': False, 'install_base': '/home/aaron/ur_ws/install/Open_control', 'merge_install': False, 'path': '/home/aaron/ur_ws/src/Open_control', 'symlink_install': False, 'test_result_base': None}
[0.439s] Level 5:colcon.colcon_core.verb:set package 'launch_param_builder' build argument 'cmake_args' from command line to 'None'
[0.439s] Level 5:colcon.colcon_core.verb:set package 'launch_param_builder' build argument 'cmake_target' from command line to 'None'
[0.439s] Level 5:colcon.colcon_core.verb:set package 'launch_param_builder' build argument 'cmake_target_skip_unavailable' from command line to 'False'
[0.439s] Level 5:colcon.colcon_core.verb:set package 'launch_param_builder' build argument 'cmake_clean_cache' from command line to 'False'
[0.439s] Level 5:colcon.colcon_core.verb:set package 'launch_param_builder' build argument 'cmake_clean_first' from command line to 'False'
[0.439s] Level 5:colcon.colcon_core.verb:set package 'launch_param_builder' build argument 'cmake_force_configure' from command line to 'False'
[0.439s] Level 5:colcon.colcon_core.verb:set package 'launch_param_builder' build argument 'ament_cmake_args' from command line to 'None'
[0.439s] Level 5:colcon.colcon_core.verb:set package 'launch_param_builder' build argument 'catkin_cmake_args' from command line to 'None'
[0.439s] Level 5:colcon.colcon_core.verb:set package 'launch_param_builder' build argument 'catkin_skip_building_tests' from command line to 'False'
[0.439s] DEBUG:colcon.colcon_core.verb:Building package 'launch_param_builder' with the following arguments: {'ament_cmake_args': None, 'build_base': '/home/aaron/ur_ws/build/launch_param_builder', 'catkin_cmake_args': None, 'catkin_skip_building_tests': False, 'cmake_args': None, 'cmake_clean_cache': False, 'cmake_clean_first': False, 'cmake_force_configure': False, 'cmake_target': None, 'cmake_target_skip_unavailable': False, 'install_base': '/home/aaron/ur_ws/install/launch_param_builder', 'merge_install': False, 'path': '/home/aaron/ur_ws/src/launch_param_builder', 'symlink_install': False, 'test_result_base': None}
[0.439s] Level 5:colcon.colcon_core.verb:set package 'moveit_common' build argument 'cmake_args' from command line to 'None'
[0.439s] Level 5:colcon.colcon_core.verb:set package 'moveit_common' build argument 'cmake_target' from command line to 'None'
[0.439s] Level 5:colcon.colcon_core.verb:set package 'moveit_common' build argument 'cmake_target_skip_unavailable' from command line to 'False'
[0.439s] Level 5:colcon.colcon_core.verb:set package 'moveit_common' build argument 'cmake_clean_cache' from command line to 'False'
[0.439s] Level 5:colcon.colcon_core.verb:set package 'moveit_common' build argument 'cmake_clean_first' from command line to 'False'
[0.440s] Level 5:colcon.colcon_core.verb:set package 'moveit_common' build argument 'cmake_force_configure' from command line to 'False'
[0.440s] Level 5:colcon.colcon_core.verb:set package 'moveit_common' build argument 'ament_cmake_args' from command line to 'None'
[0.440s] Level 5:colcon.colcon_core.verb:set package 'moveit_common' build argument 'catkin_cmake_args' from command line to 'None'
[0.440s] Level 5:colcon.colcon_core.verb:set package 'moveit_common' build argument 'catkin_skip_building_tests' from command line to 'False'
[0.440s] DEBUG:colcon.colcon_core.verb:Building package 'moveit_common' with the following arguments: {'ament_cmake_args': None, 'build_base': '/home/aaron/ur_ws/build/moveit_common', 'catkin_cmake_args': None, 'catkin_skip_building_tests': False, 'cmake_args': None, 'cmake_clean_cache': False, 'cmake_clean_first': False, 'cmake_force_configure': False, 'cmake_target': None, 'cmake_target_skip_unavailable': False, 'install_base': '/home/aaron/ur_ws/install/moveit_common', 'merge_install': False, 'path': '/home/aaron/ur_ws/src/moveit2/moveit_common', 'symlink_install': False, 'test_result_base': None}
[0.440s] Level 5:colcon.colcon_core.verb:set package 'moveit_resources_fanuc_description' build argument 'cmake_args' from command line to 'None'
[0.440s] Level 5:colcon.colcon_core.verb:set package 'moveit_resources_fanuc_description' build argument 'cmake_target' from command line to 'None'
[0.440s] Level 5:colcon.colcon_core.verb:set package 'moveit_resources_fanuc_description' build argument 'cmake_target_skip_unavailable' from command line to 'False'
[0.440s] Level 5:colcon.colcon_core.verb:set package 'moveit_resources_fanuc_description' build argument 'cmake_clean_cache' from command line to 'False'
[0.440s] Level 5:colcon.colcon_core.verb:set package 'moveit_resources_fanuc_description' build argument 'cmake_clean_first' from command line to 'False'
[0.440s] Level 5:colcon.colcon_core.verb:set package 'moveit_resources_fanuc_description' build argument 'cmake_force_configure' from command line to 'False'
[0.440s] Level 5:colcon.colcon_core.verb:set package 'moveit_resources_fanuc_description' build argument 'ament_cmake_args' from command line to 'None'
[0.440s] Level 5:colcon.colcon_core.verb:set package 'moveit_resources_fanuc_description' build argument 'catkin_cmake_args' from command line to 'None'
[0.440s] Level 5:colcon.colcon_core.verb:set package 'moveit_resources_fanuc_description' build argument 'catkin_skip_building_tests' from command line to 'False'
[0.440s] DEBUG:colcon.colcon_core.verb:Building package 'moveit_resources_fanuc_description' with the following arguments: {'ament_cmake_args': None, 'build_base': '/home/aaron/ur_ws/build/moveit_resources_fanuc_description', 'catkin_cmake_args': None, 'catkin_skip_building_tests': False, 'cmake_args': None, 'cmake_clean_cache': False, 'cmake_clean_first': False, 'cmake_force_configure': False, 'cmake_target': None, 'cmake_target_skip_unavailable': False, 'install_base': '/home/aaron/ur_ws/install/moveit_resources_fanuc_description', 'merge_install': False, 'path': '/home/aaron/ur_ws/src/moveit_resources/fanuc_description', 'symlink_install': False, 'test_result_base': None}
[0.440s] Level 5:colcon.colcon_core.verb:set package 'moveit_resources_panda_description' build argument 'cmake_args' from command line to 'None'
[0.440s] Level 5:colcon.colcon_core.verb:set package 'moveit_resources_panda_description' build argument 'cmake_target' from command line to 'None'
[0.440s] Level 5:colcon.colcon_core.verb:set package 'moveit_resources_panda_description' build argument 'cmake_target_skip_unavailable' from command line to 'False'
[0.440s] Level 5:colcon.colcon_core.verb:set package 'moveit_resources_panda_description' build argument 'cmake_clean_cache' from command line to 'False'
[0.440s] Level 5:colcon.colcon_core.verb:set package 'moveit_resources_panda_description' build argument 'cmake_clean_first' from command line to 'False'
[0.440s] Level 5:colcon.colcon_core.verb:set package 'moveit_resources_panda_description' build argument 'cmake_force_configure' from command line to 'False'
[0.440s] Level 5:colcon.colcon_core.verb:set package 'moveit_resources_panda_description' build argument 'ament_cmake_args' from command line to 'None'
[0.440s] Level 5:colcon.colcon_core.verb:set package 'moveit_resources_panda_description' build argument 'catkin_cmake_args' from command line to 'None'
[0.440s] Level 5:colcon.colcon_core.verb:set package 'moveit_resources_panda_description' build argument 'catkin_skip_building_tests' from command line to 'False'
[0.440s] DEBUG:colcon.colcon_core.verb:Building package 'moveit_resources_panda_description' with the following arguments: {'ament_cmake_args': None, 'build_base': '/home/aaron/ur_ws/build/moveit_resources_panda_description', 'catkin_cmake_args': None, 'catkin_skip_building_tests': False, 'cmake_args': None, 'cmake_clean_cache': False, 'cmake_clean_first': False, 'cmake_force_configure': False, 'cmake_target': None, 'cmake_target_skip_unavailable': False, 'install_base': '/home/aaron/ur_ws/install/moveit_resources_panda_description', 'merge_install': False, 'path': '/home/aaron/ur_ws/src/moveit_resources/panda_description', 'symlink_install': False, 'test_result_base': None}
[0.440s] Level 5:colcon.colcon_core.verb:set package 'moveit_resources_pr2_description' build argument 'cmake_args' from command line to 'None'
[0.440s] Level 5:colcon.colcon_core.verb:set package 'moveit_resources_pr2_description' build argument 'cmake_target' from command line to 'None'
[0.440s] Level 5:colcon.colcon_core.verb:set package 'moveit_resources_pr2_description' build argument 'cmake_target_skip_unavailable' from command line to 'False'
[0.440s] Level 5:colcon.colcon_core.verb:set package 'moveit_resources_pr2_description' build argument 'cmake_clean_cache' from command line to 'False'
[0.440s] Level 5:colcon.colcon_core.verb:set package 'moveit_resources_pr2_description' build argument 'cmake_clean_first' from command line to 'False'
[0.440s] Level 5:colcon.colcon_core.verb:set package 'moveit_resources_pr2_description' build argument 'cmake_force_configure' from command line to 'False'
[0.440s] Level 5:colcon.colcon_core.verb:set package 'moveit_resources_pr2_description' build argument 'ament_cmake_args' from command line to 'None'
[0.440s] Level 5:colcon.colcon_core.verb:set package 'moveit_resources_pr2_description' build argument 'catkin_cmake_args' from command line to 'None'
[0.440s] Level 5:colcon.colcon_core.verb:set package 'moveit_resources_pr2_description' build argument 'catkin_skip_building_tests' from command line to 'False'
[0.440s] DEBUG:colcon.colcon_core.verb:Building package 'moveit_resources_pr2_description' with the following arguments: {'ament_cmake_args': None, 'build_base': '/home/aaron/ur_ws/build/moveit_resources_pr2_description', 'catkin_cmake_args': None, 'catkin_skip_building_tests': False, 'cmake_args': None, 'cmake_clean_cache': False, 'cmake_clean_first': False, 'cmake_force_configure': False, 'cmake_target': None, 'cmake_target_skip_unavailable': False, 'install_base': '/home/aaron/ur_ws/install/moveit_resources_pr2_description', 'merge_install': False, 'path': '/home/aaron/ur_ws/src/moveit_resources/pr2_description', 'symlink_install': False, 'test_result_base': None}
[0.441s] Level 5:colcon.colcon_core.verb:set package 'moveit_resources_prbt_support' build argument 'cmake_args' from command line to 'None'
[0.441s] Level 5:colcon.colcon_core.verb:set package 'moveit_resources_prbt_support' build argument 'cmake_target' from command line to 'None'
[0.441s] Level 5:colcon.colcon_core.verb:set package 'moveit_resources_prbt_support' build argument 'cmake_target_skip_unavailable' from command line to 'False'
[0.441s] Level 5:colcon.colcon_core.verb:set package 'moveit_resources_prbt_support' build argument 'cmake_clean_cache' from command line to 'False'
[0.441s] Level 5:colcon.colcon_core.verb:set package 'moveit_resources_prbt_support' build argument 'cmake_clean_first' from command line to 'False'
[0.441s] Level 5:colcon.colcon_core.verb:set package 'moveit_resources_prbt_support' build argument 'cmake_force_configure' from command line to 'False'
[0.441s] Level 5:colcon.colcon_core.verb:set package 'moveit_resources_prbt_support' build argument 'ament_cmake_args' from command line to 'None'
[0.441s] Level 5:colcon.colcon_core.verb:set package 'moveit_resources_prbt_support' build argument 'catkin_cmake_args' from command line to 'None'
[0.441s] Level 5:colcon.colcon_core.verb:set package 'moveit_resources_prbt_support' build argument 'catkin_skip_building_tests' from command line to 'False'
[0.441s] DEBUG:colcon.colcon_core.verb:Building package 'moveit_resources_prbt_support' with the following arguments: {'ament_cmake_args': None, 'build_base': '/home/aaron/ur_ws/build/moveit_resources_prbt_support', 'catkin_cmake_args': None, 'catkin_skip_building_tests': False, 'cmake_args': None, 'cmake_clean_cache': False, 'cmake_clean_first': False, 'cmake_force_configure': False, 'cmake_target': None, 'cmake_target_skip_unavailable': False, 'install_base': '/home/aaron/ur_ws/install/moveit_resources_prbt_support', 'merge_install': False, 'path': '/home/aaron/ur_ws/src/moveit2/moveit_planners/test_configs/prbt_support', 'symlink_install': False, 'test_result_base': None}
[0.441s] Level 5:colcon.colcon_core.verb:set package 'moveit_task_constructor_msgs' build argument 'cmake_args' from command line to 'None'
[0.441s] Level 5:colcon.colcon_core.verb:set package 'moveit_task_constructor_msgs' build argument 'cmake_target' from command line to 'None'
[0.441s] Level 5:colcon.colcon_core.verb:set package 'moveit_task_constructor_msgs' build argument 'cmake_target_skip_unavailable' from command line to 'False'
[0.441s] Level 5:colcon.colcon_core.verb:set package 'moveit_task_constructor_msgs' build argument 'cmake_clean_cache' from command line to 'False'
[0.441s] Level 5:colcon.colcon_core.verb:set package 'moveit_task_constructor_msgs' build argument 'cmake_clean_first' from command line to 'False'
[0.441s] Level 5:colcon.colcon_core.verb:set package 'moveit_task_constructor_msgs' build argument 'cmake_force_configure' from command line to 'False'
[0.441s] Level 5:colcon.colcon_core.verb:set package 'moveit_task_constructor_msgs' build argument 'ament_cmake_args' from command line to 'None'
[0.441s] Level 5:colcon.colcon_core.verb:set package 'moveit_task_constructor_msgs' build argument 'catkin_cmake_args' from command line to 'None'
[0.441s] Level 5:colcon.colcon_core.verb:set package 'moveit_task_constructor_msgs' build argument 'catkin_skip_building_tests' from command line to 'False'
[0.441s] DEBUG:colcon.colcon_core.verb:Building package 'moveit_task_constructor_msgs' with the following arguments: {'ament_cmake_args': None, 'build_base': '/home/aaron/ur_ws/build/moveit_task_constructor_msgs', 'catkin_cmake_args': None, 'catkin_skip_building_tests': False, 'cmake_args': None, 'cmake_clean_cache': False, 'cmake_clean_first': False, 'cmake_force_configure': False, 'cmake_target': None, 'cmake_target_skip_unavailable': False, 'install_base': '/home/aaron/ur_ws/install/moveit_task_constructor_msgs', 'merge_install': False, 'path': '/home/aaron/ur_ws/src/moveit_task_constructor/msgs', 'symlink_install': False, 'test_result_base': None}
[0.441s] Level 5:colcon.colcon_core.verb:set package 'rosparam_shortcuts' build argument 'cmake_args' from command line to 'None'
[0.441s] Level 5:colcon.colcon_core.verb:set package 'rosparam_shortcuts' build argument 'cmake_target' from command line to 'None'
[0.441s] Level 5:colcon.colcon_core.verb:set package 'rosparam_shortcuts' build argument 'cmake_target_skip_unavailable' from command line to 'False'
[0.441s] Level 5:colcon.colcon_core.verb:set package 'rosparam_shortcuts' build argument 'cmake_clean_cache' from command line to 'False'
[0.441s] Level 5:colcon.colcon_core.verb:set package 'rosparam_shortcuts' build argument 'cmake_clean_first' from command line to 'False'
[0.441s] Level 5:colcon.colcon_core.verb:set package 'rosparam_shortcuts' build argument 'cmake_force_configure' from command line to 'False'
[0.441s] Level 5:colcon.colcon_core.verb:set package 'rosparam_shortcuts' build argument 'ament_cmake_args' from command line to 'None'
[0.441s] Level 5:colcon.colcon_core.verb:set package 'rosparam_shortcuts' build argument 'catkin_cmake_args' from command line to 'None'
[0.441s] Level 5:colcon.colcon_core.verb:set package 'rosparam_shortcuts' build argument 'catkin_skip_building_tests' from command line to 'False'
[0.441s] DEBUG:colcon.colcon_core.verb:Building package 'rosparam_shortcuts' with the following arguments: {'ament_cmake_args': None, 'build_base': '/home/aaron/ur_ws/build/rosparam_shortcuts', 'catkin_cmake_args': None, 'catkin_skip_building_tests': False, 'cmake_args': None, 'cmake_clean_cache': False, 'cmake_clean_first': False, 'cmake_force_configure': False, 'cmake_target': None, 'cmake_target_skip_unavailable': False, 'install_base': '/home/aaron/ur_ws/install/rosparam_shortcuts', 'merge_install': False, 'path': '/home/aaron/ur_ws/src/rosparam_shortcuts', 'symlink_install': False, 'test_result_base': None}
[0.442s] Level 5:colcon.colcon_core.verb:set package 'srdfdom' build argument 'cmake_args' from command line to 'None'
[0.442s] Level 5:colcon.colcon_core.verb:set package 'srdfdom' build argument 'cmake_target' from command line to 'None'
[0.442s] Level 5:colcon.colcon_core.verb:set package 'srdfdom' build argument 'cmake_target_skip_unavailable' from command line to 'False'
[0.442s] Level 5:colcon.colcon_core.verb:set package 'srdfdom' build argument 'cmake_clean_cache' from command line to 'False'
[0.442s] Level 5:colcon.colcon_core.verb:set package 'srdfdom' build argument 'cmake_clean_first' from command line to 'False'
[0.442s] Level 5:colcon.colcon_core.verb:set package 'srdfdom' build argument 'cmake_force_configure' from command line to 'False'
[0.442s] Level 5:colcon.colcon_core.verb:set package 'srdfdom' build argument 'ament_cmake_args' from command line to 'None'
[0.442s] Level 5:colcon.colcon_core.verb:set package 'srdfdom' build argument 'catkin_cmake_args' from command line to 'None'
[0.442s] Level 5:colcon.colcon_core.verb:set package 'srdfdom' build argument 'catkin_skip_building_tests' from command line to 'False'
[0.442s] DEBUG:colcon.colcon_core.verb:Building package 'srdfdom' with the following arguments: {'ament_cmake_args': None, 'build_base': '/home/aaron/ur_ws/build/srdfdom', 'catkin_cmake_args': None, 'catkin_skip_building_tests': False, 'cmake_args': None, 'cmake_clean_cache': False, 'cmake_clean_first': False, 'cmake_force_configure': False, 'cmake_target': None, 'cmake_target_skip_unavailable': False, 'install_base': '/home/aaron/ur_ws/install/srdfdom', 'merge_install': False, 'path': '/home/aaron/ur_ws/src/srdfdom', 'symlink_install': False, 'test_result_base': None}
[0.442s] Level 5:colcon.colcon_core.verb:set package 'waypoint_pub' build argument 'cmake_args' from command line to 'None'
[0.442s] Level 5:colcon.colcon_core.verb:set package 'waypoint_pub' build argument 'cmake_target' from command line to 'None'
[0.442s] Level 5:colcon.colcon_core.verb:set package 'waypoint_pub' build argument 'cmake_target_skip_unavailable' from command line to 'False'
[0.442s] Level 5:colcon.colcon_core.verb:set package 'waypoint_pub' build argument 'cmake_clean_cache' from command line to 'False'
[0.442s] Level 5:colcon.colcon_core.verb:set package 'waypoint_pub' build argument 'cmake_clean_first' from command line to 'False'
[0.442s] Level 5:colcon.colcon_core.verb:set package 'waypoint_pub' build argument 'cmake_force_configure' from command line to 'False'
[0.442s] Level 5:colcon.colcon_core.verb:set package 'waypoint_pub' build argument 'ament_cmake_args' from command line to 'None'
[0.442s] Level 5:colcon.colcon_core.verb:set package 'waypoint_pub' build argument 'catkin_cmake_args' from command line to 'None'
[0.442s] Level 5:colcon.colcon_core.verb:set package 'waypoint_pub' build argument 'catkin_skip_building_tests' from command line to 'False'
[0.442s] DEBUG:colcon.colcon_core.verb:Building package 'waypoint_pub' with the following arguments: {'ament_cmake_args': None, 'build_base': '/home/aaron/ur_ws/build/waypoint_pub', 'catkin_cmake_args': None, 'catkin_skip_building_tests': False, 'cmake_args': None, 'cmake_clean_cache': False, 'cmake_clean_first': False, 'cmake_force_configure': False, 'cmake_target': None, 'cmake_target_skip_unavailable': False, 'install_base': '/home/aaron/ur_ws/install/waypoint_pub', 'merge_install': False, 'path': '/home/aaron/ur_ws/src/waypoint_pub', 'symlink_install': False, 'test_result_base': None}
[0.442s] Level 5:colcon.colcon_core.verb:set package 'moveit_configs_utils' build argument 'cmake_args' from command line to 'None'
[0.442s] Level 5:colcon.colcon_core.verb:set package 'moveit_configs_utils' build argument 'cmake_target' from command line to 'None'
[0.442s] Level 5:colcon.colcon_core.verb:set package 'moveit_configs_utils' build argument 'cmake_target_skip_unavailable' from command line to 'False'
[0.442s] Level 5:colcon.colcon_core.verb:set package 'moveit_configs_utils' build argument 'cmake_clean_cache' from command line to 'False'
[0.442s] Level 5:colcon.colcon_core.verb:set package 'moveit_configs_utils' build argument 'cmake_clean_first' from command line to 'False'
[0.442s] Level 5:colcon.colcon_core.verb:set package 'moveit_configs_utils' build argument 'cmake_force_configure' from command line to 'False'
[0.442s] Level 5:colcon.colcon_core.verb:set package 'moveit_configs_utils' build argument 'ament_cmake_args' from command line to 'None'
[0.442s] Level 5:colcon.colcon_core.verb:set package 'moveit_configs_utils' build argument 'catkin_cmake_args' from command line to 'None'
[0.442s] Level 5:colcon.colcon_core.verb:set package 'moveit_configs_utils' build argument 'catkin_skip_building_tests' from command line to 'False'
[0.442s] DEBUG:colcon.colcon_core.verb:Building package 'moveit_configs_utils' with the following arguments: {'ament_cmake_args': None, 'build_base': '/home/aaron/ur_ws/build/moveit_configs_utils', 'catkin_cmake_args': None, 'catkin_skip_building_tests': False, 'cmake_args': None, 'cmake_clean_cache': False, 'cmake_clean_first': False, 'cmake_force_configure': False, 'cmake_target': None, 'cmake_target_skip_unavailable': False, 'install_base': '/home/aaron/ur_ws/install/moveit_configs_utils', 'merge_install': False, 'path': '/home/aaron/ur_ws/src/moveit2/moveit_configs_utils', 'symlink_install': False, 'test_result_base': None}
[0.443s] Level 5:colcon.colcon_core.verb:set package 'moveit_resources_fanuc_moveit_config' build argument 'cmake_args' from command line to 'None'
[0.443s] Level 5:colcon.colcon_core.verb:set package 'moveit_resources_fanuc_moveit_config' build argument 'cmake_target' from command line to 'None'
[0.443s] Level 5:colcon.colcon_core.verb:set package 'moveit_resources_fanuc_moveit_config' build argument 'cmake_target_skip_unavailable' from command line to 'False'
[0.443s] Level 5:colcon.colcon_core.verb:set package 'moveit_resources_fanuc_moveit_config' build argument 'cmake_clean_cache' from command line to 'False'
[0.443s] Level 5:colcon.colcon_core.verb:set package 'moveit_resources_fanuc_moveit_config' build argument 'cmake_clean_first' from command line to 'False'
[0.443s] Level 5:colcon.colcon_core.verb:set package 'moveit_resources_fanuc_moveit_config' build argument 'cmake_force_configure' from command line to 'False'
[0.443s] Level 5:colcon.colcon_core.verb:set package 'moveit_resources_fanuc_moveit_config' build argument 'ament_cmake_args' from command line to 'None'
[0.443s] Level 5:colcon.colcon_core.verb:set package 'moveit_resources_fanuc_moveit_config' build argument 'catkin_cmake_args' from command line to 'None'
[0.443s] Level 5:colcon.colcon_core.verb:set package 'moveit_resources_fanuc_moveit_config' build argument 'catkin_skip_building_tests' from command line to 'False'
[0.443s] DEBUG:colcon.colcon_core.verb:Building package 'moveit_resources_fanuc_moveit_config' with the following arguments: {'ament_cmake_args': None, 'build_base': '/home/aaron/ur_ws/build/moveit_resources_fanuc_moveit_config', 'catkin_cmake_args': None, 'catkin_skip_building_tests': False, 'cmake_args': None, 'cmake_clean_cache': False, 'cmake_clean_first': False, 'cmake_force_configure': False, 'cmake_target': None, 'cmake_target_skip_unavailable': False, 'install_base': '/home/aaron/ur_ws/install/moveit_resources_fanuc_moveit_config', 'merge_install': False, 'path': '/home/aaron/ur_ws/src/moveit_resources/fanuc_moveit_config', 'symlink_install': False, 'test_result_base': None}
[0.443s] Level 5:colcon.colcon_core.verb:set package 'moveit_resources_panda_moveit_config' build argument 'cmake_args' from command line to 'None'
[0.443s] Level 5:colcon.colcon_core.verb:set package 'moveit_resources_panda_moveit_config' build argument 'cmake_target' from command line to 'None'
[0.443s] Level 5:colcon.colcon_core.verb:set package 'moveit_resources_panda_moveit_config' build argument 'cmake_target_skip_unavailable' from command line to 'False'
[0.443s] Level 5:colcon.colcon_core.verb:set package 'moveit_resources_panda_moveit_config' build argument 'cmake_clean_cache' from command line to 'False'
[0.443s] Level 5:colcon.colcon_core.verb:set package 'moveit_resources_panda_moveit_config' build argument 'cmake_clean_first' from command line to 'False'
[0.443s] Level 5:colcon.colcon_core.verb:set package 'moveit_resources_panda_moveit_config' build argument 'cmake_force_configure' from command line to 'False'
[0.443s] Level 5:colcon.colcon_core.verb:set package 'moveit_resources_panda_moveit_config' build argument 'ament_cmake_args' from command line to 'None'
[0.443s] Level 5:colcon.colcon_core.verb:set package 'moveit_resources_panda_moveit_config' build argument 'catkin_cmake_args' from command line to 'None'
[0.443s] Level 5:colcon.colcon_core.verb:set package 'moveit_resources_panda_moveit_config' build argument 'catkin_skip_building_tests' from command line to 'False'
[0.443s] DEBUG:colcon.colcon_core.verb:Building package 'moveit_resources_panda_moveit_config' with the following arguments: {'ament_cmake_args': None, 'build_base': '/home/aaron/ur_ws/build/moveit_resources_panda_moveit_config', 'catkin_cmake_args': None, 'catkin_skip_building_tests': False, 'cmake_args': None, 'cmake_clean_cache': False, 'cmake_clean_first': False, 'cmake_force_configure': False, 'cmake_target': None, 'cmake_target_skip_unavailable': False, 'install_base': '/home/aaron/ur_ws/install/moveit_resources_panda_moveit_config', 'merge_install': False, 'path': '/home/aaron/ur_ws/src/moveit_resources/panda_moveit_config', 'symlink_install': False, 'test_result_base': None}
[0.443s] Level 5:colcon.colcon_core.verb:set package 'rviz_marker_tools' build argument 'cmake_args' from command line to 'None'
[0.443s] Level 5:colcon.colcon_core.verb:set package 'rviz_marker_tools' build argument 'cmake_target' from command line to 'None'
[0.443s] Level 5:colcon.colcon_core.verb:set package 'rviz_marker_tools' build argument 'cmake_target_skip_unavailable' from command line to 'False'
[0.443s] Level 5:colcon.colcon_core.verb:set package 'rviz_marker_tools' build argument 'cmake_clean_cache' from command line to 'False'
[0.443s] Level 5:colcon.colcon_core.verb:set package 'rviz_marker_tools' build argument 'cmake_clean_first' from command line to 'False'
[0.443s] Level 5:colcon.colcon_core.verb:set package 'rviz_marker_tools' build argument 'cmake_force_configure' from command line to 'False'
[0.443s] Level 5:colcon.colcon_core.verb:set package 'rviz_marker_tools' build argument 'ament_cmake_args' from command line to 'None'
[0.443s] Level 5:colcon.colcon_core.verb:set package 'rviz_marker_tools' build argument 'catkin_cmake_args' from command line to 'None'
[0.443s] Level 5:colcon.colcon_core.verb:set package 'rviz_marker_tools' build argument 'catkin_skip_building_tests' from command line to 'False'
[0.443s] DEBUG:colcon.colcon_core.verb:Building package 'rviz_marker_tools' with the following arguments: {'ament_cmake_args': None, 'build_base': '/home/aaron/ur_ws/build/rviz_marker_tools', 'catkin_cmake_args': None, 'catkin_skip_building_tests': False, 'cmake_args': None, 'cmake_clean_cache': False, 'cmake_clean_first': False, 'cmake_force_configure': False, 'cmake_target': None, 'cmake_target_skip_unavailable': False, 'install_base': '/home/aaron/ur_ws/install/rviz_marker_tools', 'merge_install': False, 'path': '/home/aaron/ur_ws/src/moveit_task_constructor/rviz_marker_tools', 'symlink_install': False, 'test_result_base': None}
[0.443s] Level 5:colcon.colcon_core.verb:set package 'moveit_core' build argument 'cmake_args' from command line to 'None'
[0.443s] Level 5:colcon.colcon_core.verb:set package 'moveit_core' build argument 'cmake_target' from command line to 'None'
[0.444s] Level 5:colcon.colcon_core.verb:set package 'moveit_core' build argument 'cmake_target_skip_unavailable' from command line to 'False'
[0.444s] Level 5:colcon.colcon_core.verb:set package 'moveit_core' build argument 'cmake_clean_cache' from command line to 'False'
[0.444s] Level 5:colcon.colcon_core.verb:set package 'moveit_core' build argument 'cmake_clean_first' from command line to 'False'
[0.444s] Level 5:colcon.colcon_core.verb:set package 'moveit_core' build argument 'cmake_force_configure' from command line to 'False'
[0.444s] Level 5:colcon.colcon_core.verb:set package 'moveit_core' build argument 'ament_cmake_args' from command line to 'None'
[0.444s] Level 5:colcon.colcon_core.verb:set package 'moveit_core' build argument 'catkin_cmake_args' from command line to 'None'
[0.444s] Level 5:colcon.colcon_core.verb:set package 'moveit_core' build argument 'catkin_skip_building_tests' from command line to 'False'
[0.444s] DEBUG:colcon.colcon_core.verb:Building package 'moveit_core' with the following arguments: {'ament_cmake_args': None, 'build_base': '/home/aaron/ur_ws/build/moveit_core', 'catkin_cmake_args': None, 'catkin_skip_building_tests': False, 'cmake_args': None, 'cmake_clean_cache': False, 'cmake_clean_first': False, 'cmake_force_configure': False, 'cmake_target': None, 'cmake_target_skip_unavailable': False, 'install_base': '/home/aaron/ur_ws/install/moveit_core', 'merge_install': False, 'path': '/home/aaron/ur_ws/src/moveit2/moveit_core', 'symlink_install': False, 'test_result_base': None}
[0.444s] Level 5:colcon.colcon_core.verb:set package 'moveit_resources' build argument 'cmake_args' from command line to 'None'
[0.444s] Level 5:colcon.colcon_core.verb:set package 'moveit_resources' build argument 'cmake_target' from command line to 'None'
[0.444s] Level 5:colcon.colcon_core.verb:set package 'moveit_resources' build argument 'cmake_target_skip_unavailable' from command line to 'False'
[0.444s] Level 5:colcon.colcon_core.verb:set package 'moveit_resources' build argument 'cmake_clean_cache' from command line to 'False'
[0.444s] Level 5:colcon.colcon_core.verb:set package 'moveit_resources' build argument 'cmake_clean_first' from command line to 'False'
[0.444s] Level 5:colcon.colcon_core.verb:set package 'moveit_resources' build argument 'cmake_force_configure' from command line to 'False'
[0.444s] Level 5:colcon.colcon_core.verb:set package 'moveit_resources' build argument 'ament_cmake_args' from command line to 'None'
[0.444s] Level 5:colcon.colcon_core.verb:set package 'moveit_resources' build argument 'catkin_cmake_args' from command line to 'None'
[0.444s] Level 5:colcon.colcon_core.verb:set package 'moveit_resources' build argument 'catkin_skip_building_tests' from command line to 'False'
[0.444s] DEBUG:colcon.colcon_core.verb:Building package 'moveit_resources' with the following arguments: {'ament_cmake_args': None, 'build_base': '/home/aaron/ur_ws/build/moveit_resources', 'catkin_cmake_args': None, 'catkin_skip_building_tests': False, 'cmake_args': None, 'cmake_clean_cache': False, 'cmake_clean_first': False, 'cmake_force_configure': False, 'cmake_target': None, 'cmake_target_skip_unavailable': False, 'install_base': '/home/aaron/ur_ws/install/moveit_resources', 'merge_install': False, 'path': '/home/aaron/ur_ws/src/moveit_resources/moveit_resources', 'symlink_install': False, 'test_result_base': None}
[0.444s] Level 5:colcon.colcon_core.verb:set package 'chomp_motion_planner' build argument 'cmake_args' from command line to 'None'
[0.444s] Level 5:colcon.colcon_core.verb:set package 'chomp_motion_planner' build argument 'cmake_target' from command line to 'None'
[0.444s] Level 5:colcon.colcon_core.verb:set package 'chomp_motion_planner' build argument 'cmake_target_skip_unavailable' from command line to 'False'
[0.444s] Level 5:colcon.colcon_core.verb:set package 'chomp_motion_planner' build argument 'cmake_clean_cache' from command line to 'False'
[0.444s] Level 5:colcon.colcon_core.verb:set package 'chomp_motion_planner' build argument 'cmake_clean_first' from command line to 'False'
[0.444s] Level 5:colcon.colcon_core.verb:set package 'chomp_motion_planner' build argument 'cmake_force_configure' from command line to 'False'
[0.444s] Level 5:colcon.colcon_core.verb:set package 'chomp_motion_planner' build argument 'ament_cmake_args' from command line to 'None'
[0.444s] Level 5:colcon.colcon_core.verb:set package 'chomp_motion_planner' build argument 'catkin_cmake_args' from command line to 'None'
[0.444s] Level 5:colcon.colcon_core.verb:set package 'chomp_motion_planner' build argument 'catkin_skip_building_tests' from command line to 'False'
[0.444s] DEBUG:colcon.colcon_core.verb:Building package 'chomp_motion_planner' with the following arguments: {'ament_cmake_args': None, 'build_base': '/home/aaron/ur_ws/build/chomp_motion_planner', 'catkin_cmake_args': None, 'catkin_skip_building_tests': False, 'cmake_args': None, 'cmake_clean_cache': False, 'cmake_clean_first': False, 'cmake_force_configure': False, 'cmake_target': None, 'cmake_target_skip_unavailable': False, 'install_base': '/home/aaron/ur_ws/install/chomp_motion_planner', 'merge_install': False, 'path': '/home/aaron/ur_ws/src/moveit2/moveit_planners/chomp/chomp_motion_planner', 'symlink_install': False, 'test_result_base': None}
[0.444s] Level 5:colcon.colcon_core.verb:set package 'moveit_resources_prbt_ikfast_manipulator_plugin' build argument 'cmake_args' from command line to 'None'
[0.444s] Level 5:colcon.colcon_core.verb:set package 'moveit_resources_prbt_ikfast_manipulator_plugin' build argument 'cmake_target' from command line to 'None'
[0.444s] Level 5:colcon.colcon_core.verb:set package 'moveit_resources_prbt_ikfast_manipulator_plugin' build argument 'cmake_target_skip_unavailable' from command line to 'False'
[0.444s] Level 5:colcon.colcon_core.verb:set package 'moveit_resources_prbt_ikfast_manipulator_plugin' build argument 'cmake_clean_cache' from command line to 'False'
[0.444s] Level 5:colcon.colcon_core.verb:set package 'moveit_resources_prbt_ikfast_manipulator_plugin' build argument 'cmake_clean_first' from command line to 'False'
[0.444s] Level 5:colcon.colcon_core.verb:set package 'moveit_resources_prbt_ikfast_manipulator_plugin' build argument 'cmake_force_configure' from command line to 'False'
[0.445s] Level 5:colcon.colcon_core.verb:set package 'moveit_resources_prbt_ikfast_manipulator_plugin' build argument 'ament_cmake_args' from command line to 'None'
[0.445s] Level 5:colcon.colcon_core.verb:set package 'moveit_resources_prbt_ikfast_manipulator_plugin' build argument 'catkin_cmake_args' from command line to 'None'
[0.445s] Level 5:colcon.colcon_core.verb:set package 'moveit_resources_prbt_ikfast_manipulator_plugin' build argument 'catkin_skip_building_tests' from command line to 'False'
[0.445s] DEBUG:colcon.colcon_core.verb:Building package 'moveit_resources_prbt_ikfast_manipulator_plugin' with the following arguments: {'ament_cmake_args': None, 'build_base': '/home/aaron/ur_ws/build/moveit_resources_prbt_ikfast_manipulator_plugin', 'catkin_cmake_args': None, 'catkin_skip_building_tests': False, 'cmake_args': None, 'cmake_clean_cache': False, 'cmake_clean_first': False, 'cmake_force_configure': False, 'cmake_target': None, 'cmake_target_skip_unavailable': False, 'install_base': '/home/aaron/ur_ws/install/moveit_resources_prbt_ikfast_manipulator_plugin', 'merge_install': False, 'path': '/home/aaron/ur_ws/src/moveit2/moveit_planners/test_configs/prbt_ikfast_manipulator_plugin', 'symlink_install': False, 'test_result_base': None}
[0.445s] Level 5:colcon.colcon_core.verb:set package 'moveit_ros_occupancy_map_monitor' build argument 'cmake_args' from command line to 'None'
[0.445s] Level 5:colcon.colcon_core.verb:set package 'moveit_ros_occupancy_map_monitor' build argument 'cmake_target' from command line to 'None'
[0.445s] Level 5:colcon.colcon_core.verb:set package 'moveit_ros_occupancy_map_monitor' build argument 'cmake_target_skip_unavailable' from command line to 'False'
[0.445s] Level 5:colcon.colcon_core.verb:set package 'moveit_ros_occupancy_map_monitor' build argument 'cmake_clean_cache' from command line to 'False'
[0.445s] Level 5:colcon.colcon_core.verb:set package 'moveit_ros_occupancy_map_monitor' build argument 'cmake_clean_first' from command line to 'False'
[0.445s] Level 5:colcon.colcon_core.verb:set package 'moveit_ros_occupancy_map_monitor' build argument 'cmake_force_configure' from command line to 'False'
[0.445s] Level 5:colcon.colcon_core.verb:set package 'moveit_ros_occupancy_map_monitor' build argument 'ament_cmake_args' from command line to 'None'
[0.445s] Level 5:colcon.colcon_core.verb:set package 'moveit_ros_occupancy_map_monitor' build argument 'catkin_cmake_args' from command line to 'None'
[0.445s] Level 5:colcon.colcon_core.verb:set package 'moveit_ros_occupancy_map_monitor' build argument 'catkin_skip_building_tests' from command line to 'False'
[0.445s] DEBUG:colcon.colcon_core.verb:Building package 'moveit_ros_occupancy_map_monitor' with the following arguments: {'ament_cmake_args': None, 'build_base': '/home/aaron/ur_ws/build/moveit_ros_occupancy_map_monitor', 'catkin_cmake_args': None, 'catkin_skip_building_tests': False, 'cmake_args': None, 'cmake_clean_cache': False, 'cmake_clean_first': False, 'cmake_force_configure': False, 'cmake_target': None, 'cmake_target_skip_unavailable': False, 'install_base': '/home/aaron/ur_ws/install/moveit_ros_occupancy_map_monitor', 'merge_install': False, 'path': '/home/aaron/ur_ws/src/moveit2/moveit_ros/occupancy_map_monitor', 'symlink_install': False, 'test_result_base': None}
[0.445s] Level 5:colcon.colcon_core.verb:set package 'moveit_simple_controller_manager' build argument 'cmake_args' from command line to 'None'
[0.445s] Level 5:colcon.colcon_core.verb:set package 'moveit_simple_controller_manager' build argument 'cmake_target' from command line to 'None'
[0.445s] Level 5:colcon.colcon_core.verb:set package 'moveit_simple_controller_manager' build argument 'cmake_target_skip_unavailable' from command line to 'False'
[0.445s] Level 5:colcon.colcon_core.verb:set package 'moveit_simple_controller_manager' build argument 'cmake_clean_cache' from command line to 'False'
[0.445s] Level 5:colcon.colcon_core.verb:set package 'moveit_simple_controller_manager' build argument 'cmake_clean_first' from command line to 'False'
[0.445s] Level 5:colcon.colcon_core.verb:set package 'moveit_simple_controller_manager' build argument 'cmake_force_configure' from command line to 'False'
[0.445s] Level 5:colcon.colcon_core.verb:set package 'moveit_simple_controller_manager' build argument 'ament_cmake_args' from command line to 'None'
[0.445s] Level 5:colcon.colcon_core.verb:set package 'moveit_simple_controller_manager' build argument 'catkin_cmake_args' from command line to 'None'
[0.445s] Level 5:colcon.colcon_core.verb:set package 'moveit_simple_controller_manager' build argument 'catkin_skip_building_tests' from command line to 'False'
[0.445s] DEBUG:colcon.colcon_core.verb:Building package 'moveit_simple_controller_manager' with the following arguments: {'ament_cmake_args': None, 'build_base': '/home/aaron/ur_ws/build/moveit_simple_controller_manager', 'catkin_cmake_args': None, 'catkin_skip_building_tests': False, 'cmake_args': None, 'cmake_clean_cache': False, 'cmake_clean_first': False, 'cmake_force_configure': False, 'cmake_target': None, 'cmake_target_skip_unavailable': False, 'install_base': '/home/aaron/ur_ws/install/moveit_simple_controller_manager', 'merge_install': False, 'path': '/home/aaron/ur_ws/src/moveit2/moveit_plugins/moveit_simple_controller_manager', 'symlink_install': False, 'test_result_base': None}
[0.445s] Level 5:colcon.colcon_core.verb:set package 'pilz_industrial_motion_planner_testutils' build argument 'cmake_args' from command line to 'None'
[0.445s] Level 5:colcon.colcon_core.verb:set package 'pilz_industrial_motion_planner_testutils' build argument 'cmake_target' from command line to 'None'
[0.445s] Level 5:colcon.colcon_core.verb:set package 'pilz_industrial_motion_planner_testutils' build argument 'cmake_target_skip_unavailable' from command line to 'False'
[0.445s] Level 5:colcon.colcon_core.verb:set package 'pilz_industrial_motion_planner_testutils' build argument 'cmake_clean_cache' from command line to 'False'
[0.445s] Level 5:colcon.colcon_core.verb:set package 'pilz_industrial_motion_planner_testutils' build argument 'cmake_clean_first' from command line to 'False'
[0.445s] Level 5:colcon.colcon_core.verb:set package 'pilz_industrial_motion_planner_testutils' build argument 'cmake_force_configure' from command line to 'False'
[0.445s] Level 5:colcon.colcon_core.verb:set package 'pilz_industrial_motion_planner_testutils' build argument 'ament_cmake_args' from command line to 'None'
[0.445s] Level 5:colcon.colcon_core.verb:set package 'pilz_industrial_motion_planner_testutils' build argument 'catkin_cmake_args' from command line to 'None'
[0.445s] Level 5:colcon.colcon_core.verb:set package 'pilz_industrial_motion_planner_testutils' build argument 'catkin_skip_building_tests' from command line to 'False'
[0.445s] DEBUG:colcon.colcon_core.verb:Building package 'pilz_industrial_motion_planner_testutils' with the following arguments: {'ament_cmake_args': None, 'build_base': '/home/aaron/ur_ws/build/pilz_industrial_motion_planner_testutils', 'catkin_cmake_args': None, 'catkin_skip_building_tests': False, 'cmake_args': None, 'cmake_clean_cache': False, 'cmake_clean_first': False, 'cmake_force_configure': False, 'cmake_target': None, 'cmake_target_skip_unavailable': False, 'install_base': '/home/aaron/ur_ws/install/pilz_industrial_motion_planner_testutils', 'merge_install': False, 'path': '/home/aaron/ur_ws/src/moveit2/moveit_planners/pilz_industrial_motion_planner_testutils', 'symlink_install': False, 'test_result_base': None}
[0.446s] Level 5:colcon.colcon_core.verb:set package 'moveit_chomp_optimizer_adapter' build argument 'cmake_args' from command line to 'None'
[0.446s] Level 5:colcon.colcon_core.verb:set package 'moveit_chomp_optimizer_adapter' build argument 'cmake_target' from command line to 'None'
[0.446s] Level 5:colcon.colcon_core.verb:set package 'moveit_chomp_optimizer_adapter' build argument 'cmake_target_skip_unavailable' from command line to 'False'
[0.446s] Level 5:colcon.colcon_core.verb:set package 'moveit_chomp_optimizer_adapter' build argument 'cmake_clean_cache' from command line to 'False'
[0.446s] Level 5:colcon.colcon_core.verb:set package 'moveit_chomp_optimizer_adapter' build argument 'cmake_clean_first' from command line to 'False'
[0.446s] Level 5:colcon.colcon_core.verb:set package 'moveit_chomp_optimizer_adapter' build argument 'cmake_force_configure' from command line to 'False'
[0.446s] Level 5:colcon.colcon_core.verb:set package 'moveit_chomp_optimizer_adapter' build argument 'ament_cmake_args' from command line to 'None'
[0.446s] Level 5:colcon.colcon_core.verb:set package 'moveit_chomp_optimizer_adapter' build argument 'catkin_cmake_args' from command line to 'None'
[0.446s] Level 5:colcon.colcon_core.verb:set package 'moveit_chomp_optimizer_adapter' build argument 'catkin_skip_building_tests' from command line to 'False'
[0.446s] DEBUG:colcon.colcon_core.verb:Building package 'moveit_chomp_optimizer_adapter' with the following arguments: {'ament_cmake_args': None, 'build_base': '/home/aaron/ur_ws/build/moveit_chomp_optimizer_adapter', 'catkin_cmake_args': None, 'catkin_skip_building_tests': False, 'cmake_args': None, 'cmake_clean_cache': False, 'cmake_clean_first': False, 'cmake_force_configure': False, 'cmake_target': None, 'cmake_target_skip_unavailable': False, 'install_base': '/home/aaron/ur_ws/install/moveit_chomp_optimizer_adapter', 'merge_install': False, 'path': '/home/aaron/ur_ws/src/moveit2/moveit_planners/chomp/chomp_optimizer_adapter', 'symlink_install': False, 'test_result_base': None}
[0.446s] Level 5:colcon.colcon_core.verb:set package 'moveit_planners_chomp' build argument 'cmake_args' from command line to 'None'
[0.446s] Level 5:colcon.colcon_core.verb:set package 'moveit_planners_chomp' build argument 'cmake_target' from command line to 'None'
[0.446s] Level 5:colcon.colcon_core.verb:set package 'moveit_planners_chomp' build argument 'cmake_target_skip_unavailable' from command line to 'False'
[0.446s] Level 5:colcon.colcon_core.verb:set package 'moveit_planners_chomp' build argument 'cmake_clean_cache' from command line to 'False'
[0.446s] Level 5:colcon.colcon_core.verb:set package 'moveit_planners_chomp' build argument 'cmake_clean_first' from command line to 'False'
[0.446s] Level 5:colcon.colcon_core.verb:set package 'moveit_planners_chomp' build argument 'cmake_force_configure' from command line to 'False'
[0.446s] Level 5:colcon.colcon_core.verb:set package 'moveit_planners_chomp' build argument 'ament_cmake_args' from command line to 'None'
[0.446s] Level 5:colcon.colcon_core.verb:set package 'moveit_planners_chomp' build argument 'catkin_cmake_args' from command line to 'None'
[0.446s] Level 5:colcon.colcon_core.verb:set package 'moveit_planners_chomp' build argument 'catkin_skip_building_tests' from command line to 'False'
[0.446s] DEBUG:colcon.colcon_core.verb:Building package 'moveit_planners_chomp' with the following arguments: {'ament_cmake_args': None, 'build_base': '/home/aaron/ur_ws/build/moveit_planners_chomp', 'catkin_cmake_args': None, 'catkin_skip_building_tests': False, 'cmake_args': None, 'cmake_clean_cache': False, 'cmake_clean_first': False, 'cmake_force_configure': False, 'cmake_target': None, 'cmake_target_skip_unavailable': False, 'install_base': '/home/aaron/ur_ws/install/moveit_planners_chomp', 'merge_install': False, 'path': '/home/aaron/ur_ws/src/moveit2/moveit_planners/chomp/chomp_interface', 'symlink_install': False, 'test_result_base': None}
[0.446s] Level 5:colcon.colcon_core.verb:set package 'moveit_plugins' build argument 'cmake_args' from command line to 'None'
[0.446s] Level 5:colcon.colcon_core.verb:set package 'moveit_plugins' build argument 'cmake_target' from command line to 'None'
[0.446s] Level 5:colcon.colcon_core.verb:set package 'moveit_plugins' build argument 'cmake_target_skip_unavailable' from command line to 'False'
[0.446s] Level 5:colcon.colcon_core.verb:set package 'moveit_plugins' build argument 'cmake_clean_cache' from command line to 'False'
[0.446s] Level 5:colcon.colcon_core.verb:set package 'moveit_plugins' build argument 'cmake_clean_first' from command line to 'False'
[0.446s] Level 5:colcon.colcon_core.verb:set package 'moveit_plugins' build argument 'cmake_force_configure' from command line to 'False'
[0.446s] Level 5:colcon.colcon_core.verb:set package 'moveit_plugins' build argument 'ament_cmake_args' from command line to 'None'
[0.446s] Level 5:colcon.colcon_core.verb:set package 'moveit_plugins' build argument 'catkin_cmake_args' from command line to 'None'
[0.446s] Level 5:colcon.colcon_core.verb:set package 'moveit_plugins' build argument 'catkin_skip_building_tests' from command line to 'False'
[0.446s] DEBUG:colcon.colcon_core.verb:Building package 'moveit_plugins' with the following arguments: {'ament_cmake_args': None, 'build_base': '/home/aaron/ur_ws/build/moveit_plugins', 'catkin_cmake_args': None, 'catkin_skip_building_tests': False, 'cmake_args': None, 'cmake_clean_cache': False, 'cmake_clean_first': False, 'cmake_force_configure': False, 'cmake_target': None, 'cmake_target_skip_unavailable': False, 'install_base': '/home/aaron/ur_ws/install/moveit_plugins', 'merge_install': False, 'path': '/home/aaron/ur_ws/src/moveit2/moveit_plugins/moveit_plugins', 'symlink_install': False, 'test_result_base': None}
[0.447s] Level 5:colcon.colcon_core.verb:set package 'moveit_ros_control_interface' build argument 'cmake_args' from command line to 'None'
[0.447s] Level 5:colcon.colcon_core.verb:set package 'moveit_ros_control_interface' build argument 'cmake_target' from command line to 'None'
[0.447s] Level 5:colcon.colcon_core.verb:set package 'moveit_ros_control_interface' build argument 'cmake_target_skip_unavailable' from command line to 'False'
[0.447s] Level 5:colcon.colcon_core.verb:set package 'moveit_ros_control_interface' build argument 'cmake_clean_cache' from command line to 'False'
[0.447s] Level 5:colcon.colcon_core.verb:set package 'moveit_ros_control_interface' build argument 'cmake_clean_first' from command line to 'False'
[0.447s] Level 5:colcon.colcon_core.verb:set package 'moveit_ros_control_interface' build argument 'cmake_force_configure' from command line to 'False'
[0.447s] Level 5:colcon.colcon_core.verb:set package 'moveit_ros_control_interface' build argument 'ament_cmake_args' from command line to 'None'
[0.447s] Level 5:colcon.colcon_core.verb:set package 'moveit_ros_control_interface' build argument 'catkin_cmake_args' from command line to 'None'
[0.447s] Level 5:colcon.colcon_core.verb:set package 'moveit_ros_control_interface' build argument 'catkin_skip_building_tests' from command line to 'False'
[0.447s] DEBUG:colcon.colcon_core.verb:Building package 'moveit_ros_control_interface' with the following arguments: {'ament_cmake_args': None, 'build_base': '/home/aaron/ur_ws/build/moveit_ros_control_interface', 'catkin_cmake_args': None, 'catkin_skip_building_tests': False, 'cmake_args': None, 'cmake_clean_cache': False, 'cmake_clean_first': False, 'cmake_force_configure': False, 'cmake_target': None, 'cmake_target_skip_unavailable': False, 'install_base': '/home/aaron/ur_ws/install/moveit_ros_control_interface', 'merge_install': False, 'path': '/home/aaron/ur_ws/src/moveit2/moveit_plugins/moveit_ros_control_interface', 'symlink_install': False, 'test_result_base': None}
[0.447s] Level 5:colcon.colcon_core.verb:set package 'moveit_ros_planning' build argument 'cmake_args' from command line to 'None'
[0.447s] Level 5:colcon.colcon_core.verb:set package 'moveit_ros_planning' build argument 'cmake_target' from command line to 'None'
[0.447s] Level 5:colcon.colcon_core.verb:set package 'moveit_ros_planning' build argument 'cmake_target_skip_unavailable' from command line to 'False'
[0.447s] Level 5:colcon.colcon_core.verb:set package 'moveit_ros_planning' build argument 'cmake_clean_cache' from command line to 'False'
[0.447s] Level 5:colcon.colcon_core.verb:set package 'moveit_ros_planning' build argument 'cmake_clean_first' from command line to 'False'
[0.447s] Level 5:colcon.colcon_core.verb:set package 'moveit_ros_planning' build argument 'cmake_force_configure' from command line to 'False'
[0.447s] Level 5:colcon.colcon_core.verb:set package 'moveit_ros_planning' build argument 'ament_cmake_args' from command line to 'None'
[0.447s] Level 5:colcon.colcon_core.verb:set package 'moveit_ros_planning' build argument 'catkin_cmake_args' from command line to 'None'
[0.447s] Level 5:colcon.colcon_core.verb:set package 'moveit_ros_planning' build argument 'catkin_skip_building_tests' from command line to 'False'
[0.447s] DEBUG:colcon.colcon_core.verb:Building package 'moveit_ros_planning' with the following arguments: {'ament_cmake_args': None, 'build_base': '/home/aaron/ur_ws/build/moveit_ros_planning', 'catkin_cmake_args': None, 'catkin_skip_building_tests': False, 'cmake_args': None, 'cmake_clean_cache': False, 'cmake_clean_first': False, 'cmake_force_configure': False, 'cmake_target': None, 'cmake_target_skip_unavailable': False, 'install_base': '/home/aaron/ur_ws/install/moveit_ros_planning', 'merge_install': False, 'path': '/home/aaron/ur_ws/src/moveit2/moveit_ros/planning', 'symlink_install': False, 'test_result_base': None}
[0.447s] Level 5:colcon.colcon_core.verb:set package 'moveit_kinematics' build argument 'cmake_args' from command line to 'None'
[0.447s] Level 5:colcon.colcon_core.verb:set package 'moveit_kinematics' build argument 'cmake_target' from command line to 'None'
[0.447s] Level 5:colcon.colcon_core.verb:set package 'moveit_kinematics' build argument 'cmake_target_skip_unavailable' from command line to 'False'
[0.447s] Level 5:colcon.colcon_core.verb:set package 'moveit_kinematics' build argument 'cmake_clean_cache' from command line to 'False'
[0.447s] Level 5:colcon.colcon_core.verb:set package 'moveit_kinematics' build argument 'cmake_clean_first' from command line to 'False'
[0.447s] Level 5:colcon.colcon_core.verb:set package 'moveit_kinematics' build argument 'cmake_force_configure' from command line to 'False'
[0.447s] Level 5:colcon.colcon_core.verb:set package 'moveit_kinematics' build argument 'ament_cmake_args' from command line to 'None'
[0.447s] Level 5:colcon.colcon_core.verb:set package 'moveit_kinematics' build argument 'catkin_cmake_args' from command line to 'None'
[0.447s] Level 5:colcon.colcon_core.verb:set package 'moveit_kinematics' build argument 'catkin_skip_building_tests' from command line to 'False'
[0.447s] DEBUG:colcon.colcon_core.verb:Building package 'moveit_kinematics' with the following arguments: {'ament_cmake_args': None, 'build_base': '/home/aaron/ur_ws/build/moveit_kinematics', 'catkin_cmake_args': None, 'catkin_skip_building_tests': False, 'cmake_args': None, 'cmake_clean_cache': False, 'cmake_clean_first': False, 'cmake_force_configure': False, 'cmake_target': None, 'cmake_target_skip_unavailable': False, 'install_base': '/home/aaron/ur_ws/install/moveit_kinematics', 'merge_install': False, 'path': '/home/aaron/ur_ws/src/moveit2/moveit_kinematics', 'symlink_install': False, 'test_result_base': None}
[0.448s] Level 5:colcon.colcon_core.verb:set package 'moveit_planners_ompl' build argument 'cmake_args' from command line to 'None'
[0.448s] Level 5:colcon.colcon_core.verb:set package 'moveit_planners_ompl' build argument 'cmake_target' from command line to 'None'
[0.448s] Level 5:colcon.colcon_core.verb:set package 'moveit_planners_ompl' build argument 'cmake_target_skip_unavailable' from command line to 'False'
[0.448s] Level 5:colcon.colcon_core.verb:set package 'moveit_planners_ompl' build argument 'cmake_clean_cache' from command line to 'False'
[0.448s] Level 5:colcon.colcon_core.verb:set package 'moveit_planners_ompl' build argument 'cmake_clean_first' from command line to 'False'
[0.448s] Level 5:colcon.colcon_core.verb:set package 'moveit_planners_ompl' build argument 'cmake_force_configure' from command line to 'False'
[0.448s] Level 5:colcon.colcon_core.verb:set package 'moveit_planners_ompl' build argument 'ament_cmake_args' from command line to 'None'
[0.448s] Level 5:colcon.colcon_core.verb:set package 'moveit_planners_ompl' build argument 'catkin_cmake_args' from command line to 'None'
[0.448s] Level 5:colcon.colcon_core.verb:set package 'moveit_planners_ompl' build argument 'catkin_skip_building_tests' from command line to 'False'
[0.448s] DEBUG:colcon.colcon_core.verb:Building package 'moveit_planners_ompl' with the following arguments: {'ament_cmake_args': None, 'build_base': '/home/aaron/ur_ws/build/moveit_planners_ompl', 'catkin_cmake_args': None, 'catkin_skip_building_tests': False, 'cmake_args': None, 'cmake_clean_cache': False, 'cmake_clean_first': False, 'cmake_force_configure': False, 'cmake_target': None, 'cmake_target_skip_unavailable': False, 'install_base': '/home/aaron/ur_ws/install/moveit_planners_ompl', 'merge_install': False, 'path': '/home/aaron/ur_ws/src/moveit2/moveit_planners/ompl', 'symlink_install': False, 'test_result_base': None}
[0.448s] Level 5:colcon.colcon_core.verb:set package 'moveit_ros_perception' build argument 'cmake_args' from command line to 'None'
[0.448s] Level 5:colcon.colcon_core.verb:set package 'moveit_ros_perception' build argument 'cmake_target' from command line to 'None'
[0.448s] Level 5:colcon.colcon_core.verb:set package 'moveit_ros_perception' build argument 'cmake_target_skip_unavailable' from command line to 'False'
[0.448s] Level 5:colcon.colcon_core.verb:set package 'moveit_ros_perception' build argument 'cmake_clean_cache' from command line to 'False'
[0.448s] Level 5:colcon.colcon_core.verb:set package 'moveit_ros_perception' build argument 'cmake_clean_first' from command line to 'False'
[0.448s] Level 5:colcon.colcon_core.verb:set package 'moveit_ros_perception' build argument 'cmake_force_configure' from command line to 'False'
[0.448s] Level 5:colcon.colcon_core.verb:set package 'moveit_ros_perception' build argument 'ament_cmake_args' from command line to 'None'
[0.448s] Level 5:colcon.colcon_core.verb:set package 'moveit_ros_perception' build argument 'catkin_cmake_args' from command line to 'None'
[0.448s] Level 5:colcon.colcon_core.verb:set package 'moveit_ros_perception' build argument 'catkin_skip_building_tests' from command line to 'False'
[0.448s] DEBUG:colcon.colcon_core.verb:Building package 'moveit_ros_perception' with the following arguments: {'ament_cmake_args': None, 'build_base': '/home/aaron/ur_ws/build/moveit_ros_perception', 'catkin_cmake_args': None, 'catkin_skip_building_tests': False, 'cmake_args': None, 'cmake_clean_cache': False, 'cmake_clean_first': False, 'cmake_force_configure': False, 'cmake_target': None, 'cmake_target_skip_unavailable': False, 'install_base': '/home/aaron/ur_ws/install/moveit_ros_perception', 'merge_install': False, 'path': '/home/aaron/ur_ws/src/moveit2/moveit_ros/perception', 'symlink_install': False, 'test_result_base': None}
[0.448s] Level 5:colcon.colcon_core.verb:set package 'moveit_ros_robot_interaction' build argument 'cmake_args' from command line to 'None'
[0.448s] Level 5:colcon.colcon_core.verb:set package 'moveit_ros_robot_interaction' build argument 'cmake_target' from command line to 'None'
[0.448s] Level 5:colcon.colcon_core.verb:set package 'moveit_ros_robot_interaction' build argument 'cmake_target_skip_unavailable' from command line to 'False'
[0.448s] Level 5:colcon.colcon_core.verb:set package 'moveit_ros_robot_interaction' build argument 'cmake_clean_cache' from command line to 'False'
[0.448s] Level 5:colcon.colcon_core.verb:set package 'moveit_ros_robot_interaction' build argument 'cmake_clean_first' from command line to 'False'
[0.448s] Level 5:colcon.colcon_core.verb:set package 'moveit_ros_robot_interaction' build argument 'cmake_force_configure' from command line to 'False'
[0.448s] Level 5:colcon.colcon_core.verb:set package 'moveit_ros_robot_interaction' build argument 'ament_cmake_args' from command line to 'None'
[0.448s] Level 5:colcon.colcon_core.verb:set package 'moveit_ros_robot_interaction' build argument 'catkin_cmake_args' from command line to 'None'
[0.448s] Level 5:colcon.colcon_core.verb:set package 'moveit_ros_robot_interaction' build argument 'catkin_skip_building_tests' from command line to 'False'
[0.448s] DEBUG:colcon.colcon_core.verb:Building package 'moveit_ros_robot_interaction' with the following arguments: {'ament_cmake_args': None, 'build_base': '/home/aaron/ur_ws/build/moveit_ros_robot_interaction', 'catkin_cmake_args': None, 'catkin_skip_building_tests': False, 'cmake_args': None, 'cmake_clean_cache': False, 'cmake_clean_first': False, 'cmake_force_configure': False, 'cmake_target': None, 'cmake_target_skip_unavailable': False, 'install_base': '/home/aaron/ur_ws/install/moveit_ros_robot_interaction', 'merge_install': False, 'path': '/home/aaron/ur_ws/src/moveit2/moveit_ros/robot_interaction', 'symlink_install': False, 'test_result_base': None}
[0.448s] Level 5:colcon.colcon_core.verb:set package 'moveit_ros_warehouse' build argument 'cmake_args' from command line to 'None'
[0.449s] Level 5:colcon.colcon_core.verb:set package 'moveit_ros_warehouse' build argument 'cmake_target' from command line to 'None'
[0.449s] Level 5:colcon.colcon_core.verb:set package 'moveit_ros_warehouse' build argument 'cmake_target_skip_unavailable' from command line to 'False'
[0.449s] Level 5:colcon.colcon_core.verb:set package 'moveit_ros_warehouse' build argument 'cmake_clean_cache' from command line to 'False'
[0.449s] Level 5:colcon.colcon_core.verb:set package 'moveit_ros_warehouse' build argument 'cmake_clean_first' from command line to 'False'
[0.449s] Level 5:colcon.colcon_core.verb:set package 'moveit_ros_warehouse' build argument 'cmake_force_configure' from command line to 'False'
[0.449s] Level 5:colcon.colcon_core.verb:set package 'moveit_ros_warehouse' build argument 'ament_cmake_args' from command line to 'None'
[0.449s] Level 5:colcon.colcon_core.verb:set package 'moveit_ros_warehouse' build argument 'catkin_cmake_args' from command line to 'None'
[0.449s] Level 5:colcon.colcon_core.verb:set package 'moveit_ros_warehouse' build argument 'catkin_skip_building_tests' from command line to 'False'
[0.449s] DEBUG:colcon.colcon_core.verb:Building package 'moveit_ros_warehouse' with the following arguments: {'ament_cmake_args': None, 'build_base': '/home/aaron/ur_ws/build/moveit_ros_warehouse', 'catkin_cmake_args': None, 'catkin_skip_building_tests': False, 'cmake_args': None, 'cmake_clean_cache': False, 'cmake_clean_first': False, 'cmake_force_configure': False, 'cmake_target': None, 'cmake_target_skip_unavailable': False, 'install_base': '/home/aaron/ur_ws/install/moveit_ros_warehouse', 'merge_install': False, 'path': '/home/aaron/ur_ws/src/moveit2/moveit_ros/warehouse', 'symlink_install': False, 'test_result_base': None}
[0.449s] Level 5:colcon.colcon_core.verb:set package 'moveit_visual_tools' build argument 'cmake_args' from command line to 'None'
[0.449s] Level 5:colcon.colcon_core.verb:set package 'moveit_visual_tools' build argument 'cmake_target' from command line to 'None'
[0.449s] Level 5:colcon.colcon_core.verb:set package 'moveit_visual_tools' build argument 'cmake_target_skip_unavailable' from command line to 'False'
[0.449s] Level 5:colcon.colcon_core.verb:set package 'moveit_visual_tools' build argument 'cmake_clean_cache' from command line to 'False'
[0.449s] Level 5:colcon.colcon_core.verb:set package 'moveit_visual_tools' build argument 'cmake_clean_first' from command line to 'False'
[0.449s] Level 5:colcon.colcon_core.verb:set package 'moveit_visual_tools' build argument 'cmake_force_configure' from command line to 'False'
[0.449s] Level 5:colcon.colcon_core.verb:set package 'moveit_visual_tools' build argument 'ament_cmake_args' from command line to 'None'
[0.449s] Level 5:colcon.colcon_core.verb:set package 'moveit_visual_tools' build argument 'catkin_cmake_args' from command line to 'None'
[0.449s] Level 5:colcon.colcon_core.verb:set package 'moveit_visual_tools' build argument 'catkin_skip_building_tests' from command line to 'False'
[0.449s] DEBUG:colcon.colcon_core.verb:Building package 'moveit_visual_tools' with the following arguments: {'ament_cmake_args': None, 'build_base': '/home/aaron/ur_ws/build/moveit_visual_tools', 'catkin_cmake_args': None, 'catkin_skip_building_tests': False, 'cmake_args': None, 'cmake_clean_cache': False, 'cmake_clean_first': False, 'cmake_force_configure': False, 'cmake_target': None, 'cmake_target_skip_unavailable': False, 'install_base': '/home/aaron/ur_ws/install/moveit_visual_tools', 'merge_install': False, 'path': '/home/aaron/ur_ws/src/moveit_visual_tools', 'symlink_install': False, 'test_result_base': None}
[0.449s] Level 5:colcon.colcon_core.verb:set package 'moveit_ros_benchmarks' build argument 'cmake_args' from command line to 'None'
[0.449s] Level 5:colcon.colcon_core.verb:set package 'moveit_ros_benchmarks' build argument 'cmake_target' from command line to 'None'
[0.449s] Level 5:colcon.colcon_core.verb:set package 'moveit_ros_benchmarks' build argument 'cmake_target_skip_unavailable' from command line to 'False'
[0.449s] Level 5:colcon.colcon_core.verb:set package 'moveit_ros_benchmarks' build argument 'cmake_clean_cache' from command line to 'False'
[0.449s] Level 5:colcon.colcon_core.verb:set package 'moveit_ros_benchmarks' build argument 'cmake_clean_first' from command line to 'False'
[0.449s] Level 5:colcon.colcon_core.verb:set package 'moveit_ros_benchmarks' build argument 'cmake_force_configure' from command line to 'False'
[0.449s] Level 5:colcon.colcon_core.verb:set package 'moveit_ros_benchmarks' build argument 'ament_cmake_args' from command line to 'None'
[0.449s] Level 5:colcon.colcon_core.verb:set package 'moveit_ros_benchmarks' build argument 'catkin_cmake_args' from command line to 'None'
[0.449s] Level 5:colcon.colcon_core.verb:set package 'moveit_ros_benchmarks' build argument 'catkin_skip_building_tests' from command line to 'False'
[0.449s] DEBUG:colcon.colcon_core.verb:Building package 'moveit_ros_benchmarks' with the following arguments: {'ament_cmake_args': None, 'build_base': '/home/aaron/ur_ws/build/moveit_ros_benchmarks', 'catkin_cmake_args': None, 'catkin_skip_building_tests': False, 'cmake_args': None, 'cmake_clean_cache': False, 'cmake_clean_first': False, 'cmake_force_configure': False, 'cmake_target': None, 'cmake_target_skip_unavailable': False, 'install_base': '/home/aaron/ur_ws/install/moveit_ros_benchmarks', 'merge_install': False, 'path': '/home/aaron/ur_ws/src/moveit2/moveit_ros/benchmarks', 'symlink_install': False, 'test_result_base': None}
[0.450s] Level 5:colcon.colcon_core.verb:set package 'moveit_ros_move_group' build argument 'cmake_args' from command line to 'None'
[0.450s] Level 5:colcon.colcon_core.verb:set package 'moveit_ros_move_group' build argument 'cmake_target' from command line to 'None'
[0.450s] Level 5:colcon.colcon_core.verb:set package 'moveit_ros_move_group' build argument 'cmake_target_skip_unavailable' from command line to 'False'
[0.450s] Level 5:colcon.colcon_core.verb:set package 'moveit_ros_move_group' build argument 'cmake_clean_cache' from command line to 'False'
[0.450s] Level 5:colcon.colcon_core.verb:set package 'moveit_ros_move_group' build argument 'cmake_clean_first' from command line to 'False'
[0.450s] Level 5:colcon.colcon_core.verb:set package 'moveit_ros_move_group' build argument 'cmake_force_configure' from command line to 'False'
[0.450s] Level 5:colcon.colcon_core.verb:set package 'moveit_ros_move_group' build argument 'ament_cmake_args' from command line to 'None'
[0.450s] Level 5:colcon.colcon_core.verb:set package 'moveit_ros_move_group' build argument 'catkin_cmake_args' from command line to 'None'
[0.450s] Level 5:colcon.colcon_core.verb:set package 'moveit_ros_move_group' build argument 'catkin_skip_building_tests' from command line to 'False'
[0.450s] DEBUG:colcon.colcon_core.verb:Building package 'moveit_ros_move_group' with the following arguments: {'ament_cmake_args': None, 'build_base': '/home/aaron/ur_ws/build/moveit_ros_move_group', 'catkin_cmake_args': None, 'catkin_skip_building_tests': False, 'cmake_args': None, 'cmake_clean_cache': False, 'cmake_clean_first': False, 'cmake_force_configure': False, 'cmake_target': None, 'cmake_target_skip_unavailable': False, 'install_base': '/home/aaron/ur_ws/install/moveit_ros_move_group', 'merge_install': False, 'path': '/home/aaron/ur_ws/src/moveit2/moveit_ros/move_group', 'symlink_install': False, 'test_result_base': None}
[0.450s] Level 5:colcon.colcon_core.verb:set package 'moveit_resources_prbt_moveit_config' build argument 'cmake_args' from command line to 'None'
[0.450s] Level 5:colcon.colcon_core.verb:set package 'moveit_resources_prbt_moveit_config' build argument 'cmake_target' from command line to 'None'
[0.450s] Level 5:colcon.colcon_core.verb:set package 'moveit_resources_prbt_moveit_config' build argument 'cmake_target_skip_unavailable' from command line to 'False'
[0.450s] Level 5:colcon.colcon_core.verb:set package 'moveit_resources_prbt_moveit_config' build argument 'cmake_clean_cache' from command line to 'False'
[0.450s] Level 5:colcon.colcon_core.verb:set package 'moveit_resources_prbt_moveit_config' build argument 'cmake_clean_first' from command line to 'False'
[0.450s] Level 5:colcon.colcon_core.verb:set package 'moveit_resources_prbt_moveit_config' build argument 'cmake_force_configure' from command line to 'False'
[0.450s] Level 5:colcon.colcon_core.verb:set package 'moveit_resources_prbt_moveit_config' build argument 'ament_cmake_args' from command line to 'None'
[0.450s] Level 5:colcon.colcon_core.verb:set package 'moveit_resources_prbt_moveit_config' build argument 'catkin_cmake_args' from command line to 'None'
[0.450s] Level 5:colcon.colcon_core.verb:set package 'moveit_resources_prbt_moveit_config' build argument 'catkin_skip_building_tests' from command line to 'False'
[0.450s] DEBUG:colcon.colcon_core.verb:Building package 'moveit_resources_prbt_moveit_config' with the following arguments: {'ament_cmake_args': None, 'build_base': '/home/aaron/ur_ws/build/moveit_resources_prbt_moveit_config', 'catkin_cmake_args': None, 'catkin_skip_building_tests': False, 'cmake_args': None, 'cmake_clean_cache': False, 'cmake_clean_first': False, 'cmake_force_configure': False, 'cmake_target': None, 'cmake_target_skip_unavailable': False, 'install_base': '/home/aaron/ur_ws/install/moveit_resources_prbt_moveit_config', 'merge_install': False, 'path': '/home/aaron/ur_ws/src/moveit2/moveit_planners/test_configs/prbt_moveit_config', 'symlink_install': False, 'test_result_base': None}
[0.450s] Level 5:colcon.colcon_core.verb:set package 'moveit_ros_planning_interface' build argument 'cmake_args' from command line to 'None'
[0.450s] Level 5:colcon.colcon_core.verb:set package 'moveit_ros_planning_interface' build argument 'cmake_target' from command line to 'None'
[0.450s] Level 5:colcon.colcon_core.verb:set package 'moveit_ros_planning_interface' build argument 'cmake_target_skip_unavailable' from command line to 'False'
[0.450s] Level 5:colcon.colcon_core.verb:set package 'moveit_ros_planning_interface' build argument 'cmake_clean_cache' from command line to 'False'
[0.450s] Level 5:colcon.colcon_core.verb:set package 'moveit_ros_planning_interface' build argument 'cmake_clean_first' from command line to 'False'
[0.450s] Level 5:colcon.colcon_core.verb:set package 'moveit_ros_planning_interface' build argument 'cmake_force_configure' from command line to 'False'
[0.450s] Level 5:colcon.colcon_core.verb:set package 'moveit_ros_planning_interface' build argument 'ament_cmake_args' from command line to 'None'
[0.450s] Level 5:colcon.colcon_core.verb:set package 'moveit_ros_planning_interface' build argument 'catkin_cmake_args' from command line to 'None'
[0.450s] Level 5:colcon.colcon_core.verb:set package 'moveit_ros_planning_interface' build argument 'catkin_skip_building_tests' from command line to 'False'
[0.450s] DEBUG:colcon.colcon_core.verb:Building package 'moveit_ros_planning_interface' with the following arguments: {'ament_cmake_args': None, 'build_base': '/home/aaron/ur_ws/build/moveit_ros_planning_interface', 'catkin_cmake_args': None, 'catkin_skip_building_tests': False, 'cmake_args': None, 'cmake_clean_cache': False, 'cmake_clean_first': False, 'cmake_force_configure': False, 'cmake_target': None, 'cmake_target_skip_unavailable': False, 'install_base': '/home/aaron/ur_ws/install/moveit_ros_planning_interface', 'merge_install': False, 'path': '/home/aaron/ur_ws/src/moveit2/moveit_ros/planning_interface', 'symlink_install': False, 'test_result_base': None}
[0.450s] Level 5:colcon.colcon_core.verb:set package 'moveit_hybrid_planning' build argument 'cmake_args' from command line to 'None'
[0.451s] Level 5:colcon.colcon_core.verb:set package 'moveit_hybrid_planning' build argument 'cmake_target' from command line to 'None'
[0.451s] Level 5:colcon.colcon_core.verb:set package 'moveit_hybrid_planning' build argument 'cmake_target_skip_unavailable' from command line to 'False'
[0.451s] Level 5:colcon.colcon_core.verb:set package 'moveit_hybrid_planning' build argument 'cmake_clean_cache' from command line to 'False'
[0.451s] Level 5:colcon.colcon_core.verb:set package 'moveit_hybrid_planning' build argument 'cmake_clean_first' from command line to 'False'
[0.451s] Level 5:colcon.colcon_core.verb:set package 'moveit_hybrid_planning' build argument 'cmake_force_configure' from command line to 'False'
[0.451s] Level 5:colcon.colcon_core.verb:set package 'moveit_hybrid_planning' build argument 'ament_cmake_args' from command line to 'None'
[0.451s] Level 5:colcon.colcon_core.verb:set package 'moveit_hybrid_planning' build argument 'catkin_cmake_args' from command line to 'None'
[0.451s] Level 5:colcon.colcon_core.verb:set package 'moveit_hybrid_planning' build argument 'catkin_skip_building_tests' from command line to 'False'
[0.451s] DEBUG:colcon.colcon_core.verb:Building package 'moveit_hybrid_planning' with the following arguments: {'ament_cmake_args': None, 'build_base': '/home/aaron/ur_ws/build/moveit_hybrid_planning', 'catkin_cmake_args': None, 'catkin_skip_building_tests': False, 'cmake_args': None, 'cmake_clean_cache': False, 'cmake_clean_first': False, 'cmake_force_configure': False, 'cmake_target': None, 'cmake_target_skip_unavailable': False, 'install_base': '/home/aaron/ur_ws/install/moveit_hybrid_planning', 'merge_install': False, 'path': '/home/aaron/ur_ws/src/moveit2/moveit_ros/hybrid_planning', 'symlink_install': False, 'test_result_base': None}
[0.451s] Level 5:colcon.colcon_core.verb:set package 'moveit_py' build argument 'cmake_args' from command line to 'None'
[0.451s] Level 5:colcon.colcon_core.verb:set package 'moveit_py' build argument 'cmake_target' from command line to 'None'
[0.451s] Level 5:colcon.colcon_core.verb:set package 'moveit_py' build argument 'cmake_target_skip_unavailable' from command line to 'False'
[0.451s] Level 5:colcon.colcon_core.verb:set package 'moveit_py' build argument 'cmake_clean_cache' from command line to 'False'
[0.451s] Level 5:colcon.colcon_core.verb:set package 'moveit_py' build argument 'cmake_clean_first' from command line to 'False'
[0.451s] Level 5:colcon.colcon_core.verb:set package 'moveit_py' build argument 'cmake_force_configure' from command line to 'False'
[0.451s] Level 5:colcon.colcon_core.verb:set package 'moveit_py' build argument 'ament_cmake_args' from command line to 'None'
[0.451s] Level 5:colcon.colcon_core.verb:set package 'moveit_py' build argument 'catkin_cmake_args' from command line to 'None'
[0.451s] Level 5:colcon.colcon_core.verb:set package 'moveit_py' build argument 'catkin_skip_building_tests' from command line to 'False'
[0.451s] DEBUG:colcon.colcon_core.verb:Building package 'moveit_py' with the following arguments: {'ament_cmake_args': None, 'build_base': '/home/aaron/ur_ws/build/moveit_py', 'catkin_cmake_args': None, 'catkin_skip_building_tests': False, 'cmake_args': None, 'cmake_clean_cache': False, 'cmake_clean_first': False, 'cmake_force_configure': False, 'cmake_target': None, 'cmake_target_skip_unavailable': False, 'install_base': '/home/aaron/ur_ws/install/moveit_py', 'merge_install': False, 'path': '/home/aaron/ur_ws/src/moveit2/moveit_py', 'symlink_install': False, 'test_result_base': None}
[0.451s] Level 5:colcon.colcon_core.verb:set package 'moveit_resources_prbt_pg70_support' build argument 'cmake_args' from command line to 'None'
[0.451s] Level 5:colcon.colcon_core.verb:set package 'moveit_resources_prbt_pg70_support' build argument 'cmake_target' from command line to 'None'
[0.451s] Level 5:colcon.colcon_core.verb:set package 'moveit_resources_prbt_pg70_support' build argument 'cmake_target_skip_unavailable' from command line to 'False'
[0.451s] Level 5:colcon.colcon_core.verb:set package 'moveit_resources_prbt_pg70_support' build argument 'cmake_clean_cache' from command line to 'False'
[0.451s] Level 5:colcon.colcon_core.verb:set package 'moveit_resources_prbt_pg70_support' build argument 'cmake_clean_first' from command line to 'False'
[0.451s] Level 5:colcon.colcon_core.verb:set package 'moveit_resources_prbt_pg70_support' build argument 'cmake_force_configure' from command line to 'False'
[0.451s] Level 5:colcon.colcon_core.verb:set package 'moveit_resources_prbt_pg70_support' build argument 'ament_cmake_args' from command line to 'None'
[0.451s] Level 5:colcon.colcon_core.verb:set package 'moveit_resources_prbt_pg70_support' build argument 'catkin_cmake_args' from command line to 'None'
[0.451s] Level 5:colcon.colcon_core.verb:set package 'moveit_resources_prbt_pg70_support' build argument 'catkin_skip_building_tests' from command line to 'False'
[0.451s] DEBUG:colcon.colcon_core.verb:Building package 'moveit_resources_prbt_pg70_support' with the following arguments: {'ament_cmake_args': None, 'build_base': '/home/aaron/ur_ws/build/moveit_resources_prbt_pg70_support', 'catkin_cmake_args': None, 'catkin_skip_building_tests': False, 'cmake_args': None, 'cmake_clean_cache': False, 'cmake_clean_first': False, 'cmake_force_configure': False, 'cmake_target': None, 'cmake_target_skip_unavailable': False, 'install_base': '/home/aaron/ur_ws/install/moveit_resources_prbt_pg70_support', 'merge_install': False, 'path': '/home/aaron/ur_ws/src/moveit2/moveit_planners/test_configs/prbt_pg70_support', 'symlink_install': False, 'test_result_base': None}
[0.451s] Level 5:colcon.colcon_core.verb:set package 'moveit_ros_visualization' build argument 'cmake_args' from command line to 'None'
[0.451s] Level 5:colcon.colcon_core.verb:set package 'moveit_ros_visualization' build argument 'cmake_target' from command line to 'None'
[0.451s] Level 5:colcon.colcon_core.verb:set package 'moveit_ros_visualization' build argument 'cmake_target_skip_unavailable' from command line to 'False'
[0.451s] Level 5:colcon.colcon_core.verb:set package 'moveit_ros_visualization' build argument 'cmake_clean_cache' from command line to 'False'
[0.452s] Level 5:colcon.colcon_core.verb:set package 'moveit_ros_visualization' build argument 'cmake_clean_first' from command line to 'False'
[0.452s] Level 5:colcon.colcon_core.verb:set package 'moveit_ros_visualization' build argument 'cmake_force_configure' from command line to 'False'
[0.452s] Level 5:colcon.colcon_core.verb:set package 'moveit_ros_visualization' build argument 'ament_cmake_args' from command line to 'None'
[0.452s] Level 5:colcon.colcon_core.verb:set package 'moveit_ros_visualization' build argument 'catkin_cmake_args' from command line to 'None'
[0.452s] Level 5:colcon.colcon_core.verb:set package 'moveit_ros_visualization' build argument 'catkin_skip_building_tests' from command line to 'False'
[0.452s] DEBUG:colcon.colcon_core.verb:Building package 'moveit_ros_visualization' with the following arguments: {'ament_cmake_args': None, 'build_base': '/home/aaron/ur_ws/build/moveit_ros_visualization', 'catkin_cmake_args': None, 'catkin_skip_building_tests': False, 'cmake_args': None, 'cmake_clean_cache': False, 'cmake_clean_first': False, 'cmake_force_configure': False, 'cmake_target': None, 'cmake_target_skip_unavailable': False, 'install_base': '/home/aaron/ur_ws/install/moveit_ros_visualization', 'merge_install': False, 'path': '/home/aaron/ur_ws/src/moveit2/moveit_ros/visualization', 'symlink_install': False, 'test_result_base': None}
[0.452s] Level 5:colcon.colcon_core.verb:set package 'moveit_servo' build argument 'cmake_args' from command line to 'None'
[0.452s] Level 5:colcon.colcon_core.verb:set package 'moveit_servo' build argument 'cmake_target' from command line to 'None'
[0.452s] Level 5:colcon.colcon_core.verb:set package 'moveit_servo' build argument 'cmake_target_skip_unavailable' from command line to 'False'
[0.452s] Level 5:colcon.colcon_core.verb:set package 'moveit_servo' build argument 'cmake_clean_cache' from command line to 'False'
[0.452s] Level 5:colcon.colcon_core.verb:set package 'moveit_servo' build argument 'cmake_clean_first' from command line to 'False'
[0.452s] Level 5:colcon.colcon_core.verb:set package 'moveit_servo' build argument 'cmake_force_configure' from command line to 'False'
[0.452s] Level 5:colcon.colcon_core.verb:set package 'moveit_servo' build argument 'ament_cmake_args' from command line to 'None'
[0.452s] Level 5:colcon.colcon_core.verb:set package 'moveit_servo' build argument 'catkin_cmake_args' from command line to 'None'
[0.452s] Level 5:colcon.colcon_core.verb:set package 'moveit_servo' build argument 'catkin_skip_building_tests' from command line to 'False'
[0.452s] DEBUG:colcon.colcon_core.verb:Building package 'moveit_servo' with the following arguments: {'ament_cmake_args': None, 'build_base': '/home/aaron/ur_ws/build/moveit_servo', 'catkin_cmake_args': None, 'catkin_skip_building_tests': False, 'cmake_args': None, 'cmake_clean_cache': False, 'cmake_clean_first': False, 'cmake_force_configure': False, 'cmake_target': None, 'cmake_target_skip_unavailable': False, 'install_base': '/home/aaron/ur_ws/install/moveit_servo', 'merge_install': False, 'path': '/home/aaron/ur_ws/src/moveit2/moveit_ros/moveit_servo', 'symlink_install': False, 'test_result_base': None}
[0.452s] Level 5:colcon.colcon_core.verb:set package 'moveit_ros' build argument 'cmake_args' from command line to 'None'
[0.452s] Level 5:colcon.colcon_core.verb:set package 'moveit_ros' build argument 'cmake_target' from command line to 'None'
[0.452s] Level 5:colcon.colcon_core.verb:set package 'moveit_ros' build argument 'cmake_target_skip_unavailable' from command line to 'False'
[0.452s] Level 5:colcon.colcon_core.verb:set package 'moveit_ros' build argument 'cmake_clean_cache' from command line to 'False'
[0.452s] Level 5:colcon.colcon_core.verb:set package 'moveit_ros' build argument 'cmake_clean_first' from command line to 'False'
[0.452s] Level 5:colcon.colcon_core.verb:set package 'moveit_ros' build argument 'cmake_force_configure' from command line to 'False'
[0.452s] Level 5:colcon.colcon_core.verb:set package 'moveit_ros' build argument 'ament_cmake_args' from command line to 'None'
[0.452s] Level 5:colcon.colcon_core.verb:set package 'moveit_ros' build argument 'catkin_cmake_args' from command line to 'None'
[0.452s] Level 5:colcon.colcon_core.verb:set package 'moveit_ros' build argument 'catkin_skip_building_tests' from command line to 'False'
[0.452s] DEBUG:colcon.colcon_core.verb:Building package 'moveit_ros' with the following arguments: {'ament_cmake_args': None, 'build_base': '/home/aaron/ur_ws/build/moveit_ros', 'catkin_cmake_args': None, 'catkin_skip_building_tests': False, 'cmake_args': None, 'cmake_clean_cache': False, 'cmake_clean_first': False, 'cmake_force_configure': False, 'cmake_target': None, 'cmake_target_skip_unavailable': False, 'install_base': '/home/aaron/ur_ws/install/moveit_ros', 'merge_install': False, 'path': '/home/aaron/ur_ws/src/moveit2/moveit_ros/moveit_ros', 'symlink_install': False, 'test_result_base': None}
[0.452s] Level 5:colcon.colcon_core.verb:set package 'moveit_setup_framework' build argument 'cmake_args' from command line to 'None'
[0.452s] Level 5:colcon.colcon_core.verb:set package 'moveit_setup_framework' build argument 'cmake_target' from command line to 'None'
[0.452s] Level 5:colcon.colcon_core.verb:set package 'moveit_setup_framework' build argument 'cmake_target_skip_unavailable' from command line to 'False'
[0.452s] Level 5:colcon.colcon_core.verb:set package 'moveit_setup_framework' build argument 'cmake_clean_cache' from command line to 'False'
[0.452s] Level 5:colcon.colcon_core.verb:set package 'moveit_setup_framework' build argument 'cmake_clean_first' from command line to 'False'
[0.452s] Level 5:colcon.colcon_core.verb:set package 'moveit_setup_framework' build argument 'cmake_force_configure' from command line to 'False'
[0.452s] Level 5:colcon.colcon_core.verb:set package 'moveit_setup_framework' build argument 'ament_cmake_args' from command line to 'None'
[0.452s] Level 5:colcon.colcon_core.verb:set package 'moveit_setup_framework' build argument 'catkin_cmake_args' from command line to 'None'
[0.452s] Level 5:colcon.colcon_core.verb:set package 'moveit_setup_framework' build argument 'catkin_skip_building_tests' from command line to 'False'
[0.453s] DEBUG:colcon.colcon_core.verb:Building package 'moveit_setup_framework' with the following arguments: {'ament_cmake_args': None, 'build_base': '/home/aaron/ur_ws/build/moveit_setup_framework', 'catkin_cmake_args': None, 'catkin_skip_building_tests': False, 'cmake_args': None, 'cmake_clean_cache': False, 'cmake_clean_first': False, 'cmake_force_configure': False, 'cmake_target': None, 'cmake_target_skip_unavailable': False, 'install_base': '/home/aaron/ur_ws/install/moveit_setup_framework', 'merge_install': False, 'path': '/home/aaron/ur_ws/src/moveit2/moveit_setup_assistant/moveit_setup_framework', 'symlink_install': False, 'test_result_base': None}
[0.453s] Level 5:colcon.colcon_core.verb:set package 'pilz_industrial_motion_planner' build argument 'cmake_args' from command line to 'None'
[0.453s] Level 5:colcon.colcon_core.verb:set package 'pilz_industrial_motion_planner' build argument 'cmake_target' from command line to 'None'
[0.453s] Level 5:colcon.colcon_core.verb:set package 'pilz_industrial_motion_planner' build argument 'cmake_target_skip_unavailable' from command line to 'False'
[0.453s] Level 5:colcon.colcon_core.verb:set package 'pilz_industrial_motion_planner' build argument 'cmake_clean_cache' from command line to 'False'
[0.453s] Level 5:colcon.colcon_core.verb:set package 'pilz_industrial_motion_planner' build argument 'cmake_clean_first' from command line to 'False'
[0.453s] Level 5:colcon.colcon_core.verb:set package 'pilz_industrial_motion_planner' build argument 'cmake_force_configure' from command line to 'False'
[0.453s] Level 5:colcon.colcon_core.verb:set package 'pilz_industrial_motion_planner' build argument 'ament_cmake_args' from command line to 'None'
[0.453s] Level 5:colcon.colcon_core.verb:set package 'pilz_industrial_motion_planner' build argument 'catkin_cmake_args' from command line to 'None'
[0.453s] Level 5:colcon.colcon_core.verb:set package 'pilz_industrial_motion_planner' build argument 'catkin_skip_building_tests' from command line to 'False'
[0.453s] DEBUG:colcon.colcon_core.verb:Building package 'pilz_industrial_motion_planner' with the following arguments: {'ament_cmake_args': None, 'build_base': '/home/aaron/ur_ws/build/pilz_industrial_motion_planner', 'catkin_cmake_args': None, 'catkin_skip_building_tests': False, 'cmake_args': None, 'cmake_clean_cache': False, 'cmake_clean_first': False, 'cmake_force_configure': False, 'cmake_target': None, 'cmake_target_skip_unavailable': False, 'install_base': '/home/aaron/ur_ws/install/pilz_industrial_motion_planner', 'merge_install': False, 'path': '/home/aaron/ur_ws/src/moveit2/moveit_planners/pilz_industrial_motion_planner', 'symlink_install': False, 'test_result_base': None}
[0.453s] Level 5:colcon.colcon_core.verb:set package 'moveit_planners' build argument 'cmake_args' from command line to 'None'
[0.453s] Level 5:colcon.colcon_core.verb:set package 'moveit_planners' build argument 'cmake_target' from command line to 'None'
[0.453s] Level 5:colcon.colcon_core.verb:set package 'moveit_planners' build argument 'cmake_target_skip_unavailable' from command line to 'False'
[0.453s] Level 5:colcon.colcon_core.verb:set package 'moveit_planners' build argument 'cmake_clean_cache' from command line to 'False'
[0.453s] Level 5:colcon.colcon_core.verb:set package 'moveit_planners' build argument 'cmake_clean_first' from command line to 'False'
[0.453s] Level 5:colcon.colcon_core.verb:set package 'moveit_planners' build argument 'cmake_force_configure' from command line to 'False'
[0.453s] Level 5:colcon.colcon_core.verb:set package 'moveit_planners' build argument 'ament_cmake_args' from command line to 'None'
[0.453s] Level 5:colcon.colcon_core.verb:set package 'moveit_planners' build argument 'catkin_cmake_args' from command line to 'None'
[0.453s] Level 5:colcon.colcon_core.verb:set package 'moveit_planners' build argument 'catkin_skip_building_tests' from command line to 'False'
[0.453s] DEBUG:colcon.colcon_core.verb:Building package 'moveit_planners' with the following arguments: {'ament_cmake_args': None, 'build_base': '/home/aaron/ur_ws/build/moveit_planners', 'catkin_cmake_args': None, 'catkin_skip_building_tests': False, 'cmake_args': None, 'cmake_clean_cache': False, 'cmake_clean_first': False, 'cmake_force_configure': False, 'cmake_target': None, 'cmake_target_skip_unavailable': False, 'install_base': '/home/aaron/ur_ws/install/moveit_planners', 'merge_install': False, 'path': '/home/aaron/ur_ws/src/moveit2/moveit_planners/moveit_planners', 'symlink_install': False, 'test_result_base': None}
[0.453s] Level 5:colcon.colcon_core.verb:set package 'moveit_setup_app_plugins' build argument 'cmake_args' from command line to 'None'
[0.453s] Level 5:colcon.colcon_core.verb:set package 'moveit_setup_app_plugins' build argument 'cmake_target' from command line to 'None'
[0.453s] Level 5:colcon.colcon_core.verb:set package 'moveit_setup_app_plugins' build argument 'cmake_target_skip_unavailable' from command line to 'False'
[0.453s] Level 5:colcon.colcon_core.verb:set package 'moveit_setup_app_plugins' build argument 'cmake_clean_cache' from command line to 'False'
[0.453s] Level 5:colcon.colcon_core.verb:set package 'moveit_setup_app_plugins' build argument 'cmake_clean_first' from command line to 'False'
[0.453s] Level 5:colcon.colcon_core.verb:set package 'moveit_setup_app_plugins' build argument 'cmake_force_configure' from command line to 'False'
[0.453s] Level 5:colcon.colcon_core.verb:set package 'moveit_setup_app_plugins' build argument 'ament_cmake_args' from command line to 'None'
[0.453s] Level 5:colcon.colcon_core.verb:set package 'moveit_setup_app_plugins' build argument 'catkin_cmake_args' from command line to 'None'
[0.453s] Level 5:colcon.colcon_core.verb:set package 'moveit_setup_app_plugins' build argument 'catkin_skip_building_tests' from command line to 'False'
[0.453s] DEBUG:colcon.colcon_core.verb:Building package 'moveit_setup_app_plugins' with the following arguments: {'ament_cmake_args': None, 'build_base': '/home/aaron/ur_ws/build/moveit_setup_app_plugins', 'catkin_cmake_args': None, 'catkin_skip_building_tests': False, 'cmake_args': None, 'cmake_clean_cache': False, 'cmake_clean_first': False, 'cmake_force_configure': False, 'cmake_target': None, 'cmake_target_skip_unavailable': False, 'install_base': '/home/aaron/ur_ws/install/moveit_setup_app_plugins', 'merge_install': False, 'path': '/home/aaron/ur_ws/src/moveit2/moveit_setup_assistant/moveit_setup_app_plugins', 'symlink_install': False, 'test_result_base': None}
[0.454s] Level 5:colcon.colcon_core.verb:set package 'moveit_setup_controllers' build argument 'cmake_args' from command line to 'None'
[0.454s] Level 5:colcon.colcon_core.verb:set package 'moveit_setup_controllers' build argument 'cmake_target' from command line to 'None'
[0.454s] Level 5:colcon.colcon_core.verb:set package 'moveit_setup_controllers' build argument 'cmake_target_skip_unavailable' from command line to 'False'
[0.454s] Level 5:colcon.colcon_core.verb:set package 'moveit_setup_controllers' build argument 'cmake_clean_cache' from command line to 'False'
[0.454s] Level 5:colcon.colcon_core.verb:set package 'moveit_setup_controllers' build argument 'cmake_clean_first' from command line to 'False'
[0.454s] Level 5:colcon.colcon_core.verb:set package 'moveit_setup_controllers' build argument 'cmake_force_configure' from command line to 'False'
[0.454s] Level 5:colcon.colcon_core.verb:set package 'moveit_setup_controllers' build argument 'ament_cmake_args' from command line to 'None'
[0.454s] Level 5:colcon.colcon_core.verb:set package 'moveit_setup_controllers' build argument 'catkin_cmake_args' from command line to 'None'
[0.454s] Level 5:colcon.colcon_core.verb:set package 'moveit_setup_controllers' build argument 'catkin_skip_building_tests' from command line to 'False'
[0.454s] DEBUG:colcon.colcon_core.verb:Building package 'moveit_setup_controllers' with the following arguments: {'ament_cmake_args': None, 'build_base': '/home/aaron/ur_ws/build/moveit_setup_controllers', 'catkin_cmake_args': None, 'catkin_skip_building_tests': False, 'cmake_args': None, 'cmake_clean_cache': False, 'cmake_clean_first': False, 'cmake_force_configure': False, 'cmake_target': None, 'cmake_target_skip_unavailable': False, 'install_base': '/home/aaron/ur_ws/install/moveit_setup_controllers', 'merge_install': False, 'path': '/home/aaron/ur_ws/src/moveit2/moveit_setup_assistant/moveit_setup_controllers', 'symlink_install': False, 'test_result_base': None}
[0.454s] Level 5:colcon.colcon_core.verb:set package 'moveit_setup_core_plugins' build argument 'cmake_args' from command line to 'None'
[0.454s] Level 5:colcon.colcon_core.verb:set package 'moveit_setup_core_plugins' build argument 'cmake_target' from command line to 'None'
[0.454s] Level 5:colcon.colcon_core.verb:set package 'moveit_setup_core_plugins' build argument 'cmake_target_skip_unavailable' from command line to 'False'
[0.454s] Level 5:colcon.colcon_core.verb:set package 'moveit_setup_core_plugins' build argument 'cmake_clean_cache' from command line to 'False'
[0.454s] Level 5:colcon.colcon_core.verb:set package 'moveit_setup_core_plugins' build argument 'cmake_clean_first' from command line to 'False'
[0.454s] Level 5:colcon.colcon_core.verb:set package 'moveit_setup_core_plugins' build argument 'cmake_force_configure' from command line to 'False'
[0.454s] Level 5:colcon.colcon_core.verb:set package 'moveit_setup_core_plugins' build argument 'ament_cmake_args' from command line to 'None'
[0.454s] Level 5:colcon.colcon_core.verb:set package 'moveit_setup_core_plugins' build argument 'catkin_cmake_args' from command line to 'None'
[0.454s] Level 5:colcon.colcon_core.verb:set package 'moveit_setup_core_plugins' build argument 'catkin_skip_building_tests' from command line to 'False'
[0.454s] DEBUG:colcon.colcon_core.verb:Building package 'moveit_setup_core_plugins' with the following arguments: {'ament_cmake_args': None, 'build_base': '/home/aaron/ur_ws/build/moveit_setup_core_plugins', 'catkin_cmake_args': None, 'catkin_skip_building_tests': False, 'cmake_args': None, 'cmake_clean_cache': False, 'cmake_clean_first': False, 'cmake_force_configure': False, 'cmake_target': None, 'cmake_target_skip_unavailable': False, 'install_base': '/home/aaron/ur_ws/install/moveit_setup_core_plugins', 'merge_install': False, 'path': '/home/aaron/ur_ws/src/moveit2/moveit_setup_assistant/moveit_setup_core_plugins', 'symlink_install': False, 'test_result_base': None}
[0.454s] Level 5:colcon.colcon_core.verb:set package 'moveit_setup_srdf_plugins' build argument 'cmake_args' from command line to 'None'
[0.454s] Level 5:colcon.colcon_core.verb:set package 'moveit_setup_srdf_plugins' build argument 'cmake_target' from command line to 'None'
[0.454s] Level 5:colcon.colcon_core.verb:set package 'moveit_setup_srdf_plugins' build argument 'cmake_target_skip_unavailable' from command line to 'False'
[0.454s] Level 5:colcon.colcon_core.verb:set package 'moveit_setup_srdf_plugins' build argument 'cmake_clean_cache' from command line to 'False'
[0.454s] Level 5:colcon.colcon_core.verb:set package 'moveit_setup_srdf_plugins' build argument 'cmake_clean_first' from command line to 'False'
[0.454s] Level 5:colcon.colcon_core.verb:set package 'moveit_setup_srdf_plugins' build argument 'cmake_force_configure' from command line to 'False'
[0.454s] Level 5:colcon.colcon_core.verb:set package 'moveit_setup_srdf_plugins' build argument 'ament_cmake_args' from command line to 'None'
[0.454s] Level 5:colcon.colcon_core.verb:set package 'moveit_setup_srdf_plugins' build argument 'catkin_cmake_args' from command line to 'None'
[0.454s] Level 5:colcon.colcon_core.verb:set package 'moveit_setup_srdf_plugins' build argument 'catkin_skip_building_tests' from command line to 'False'
[0.454s] DEBUG:colcon.colcon_core.verb:Building package 'moveit_setup_srdf_plugins' with the following arguments: {'ament_cmake_args': None, 'build_base': '/home/aaron/ur_ws/build/moveit_setup_srdf_plugins', 'catkin_cmake_args': None, 'catkin_skip_building_tests': False, 'cmake_args': None, 'cmake_clean_cache': False, 'cmake_clean_first': False, 'cmake_force_configure': False, 'cmake_target': None, 'cmake_target_skip_unavailable': False, 'install_base': '/home/aaron/ur_ws/install/moveit_setup_srdf_plugins', 'merge_install': False, 'path': '/home/aaron/ur_ws/src/moveit2/moveit_setup_assistant/moveit_setup_srdf_plugins', 'symlink_install': False, 'test_result_base': None}
[0.455s] Level 5:colcon.colcon_core.verb:set package 'moveit_runtime' build argument 'cmake_args' from command line to 'None'
[0.455s] Level 5:colcon.colcon_core.verb:set package 'moveit_runtime' build argument 'cmake_target' from command line to 'None'
[0.455s] Level 5:colcon.colcon_core.verb:set package 'moveit_runtime' build argument 'cmake_target_skip_unavailable' from command line to 'False'
[0.455s] Level 5:colcon.colcon_core.verb:set package 'moveit_runtime' build argument 'cmake_clean_cache' from command line to 'False'
[0.455s] Level 5:colcon.colcon_core.verb:set package 'moveit_runtime' build argument 'cmake_clean_first' from command line to 'False'
[0.455s] Level 5:colcon.colcon_core.verb:set package 'moveit_runtime' build argument 'cmake_force_configure' from command line to 'False'
[0.455s] Level 5:colcon.colcon_core.verb:set package 'moveit_runtime' build argument 'ament_cmake_args' from command line to 'None'
[0.455s] Level 5:colcon.colcon_core.verb:set package 'moveit_runtime' build argument 'catkin_cmake_args' from command line to 'None'
[0.455s] Level 5:colcon.colcon_core.verb:set package 'moveit_runtime' build argument 'catkin_skip_building_tests' from command line to 'False'
[0.455s] DEBUG:colcon.colcon_core.verb:Building package 'moveit_runtime' with the following arguments: {'ament_cmake_args': None, 'build_base': '/home/aaron/ur_ws/build/moveit_runtime', 'catkin_cmake_args': None, 'catkin_skip_building_tests': False, 'cmake_args': None, 'cmake_clean_cache': False, 'cmake_clean_first': False, 'cmake_force_configure': False, 'cmake_target': None, 'cmake_target_skip_unavailable': False, 'install_base': '/home/aaron/ur_ws/install/moveit_runtime', 'merge_install': False, 'path': '/home/aaron/ur_ws/src/moveit2/moveit_runtime', 'symlink_install': False, 'test_result_base': None}
[0.455s] Level 5:colcon.colcon_core.verb:set package 'moveit_setup_assistant' build argument 'cmake_args' from command line to 'None'
[0.455s] Level 5:colcon.colcon_core.verb:set package 'moveit_setup_assistant' build argument 'cmake_target' from command line to 'None'
[0.455s] Level 5:colcon.colcon_core.verb:set package 'moveit_setup_assistant' build argument 'cmake_target_skip_unavailable' from command line to 'False'
[0.455s] Level 5:colcon.colcon_core.verb:set package 'moveit_setup_assistant' build argument 'cmake_clean_cache' from command line to 'False'
[0.455s] Level 5:colcon.colcon_core.verb:set package 'moveit_setup_assistant' build argument 'cmake_clean_first' from command line to 'False'
[0.455s] Level 5:colcon.colcon_core.verb:set package 'moveit_setup_assistant' build argument 'cmake_force_configure' from command line to 'False'
[0.455s] Level 5:colcon.colcon_core.verb:set package 'moveit_setup_assistant' build argument 'ament_cmake_args' from command line to 'None'
[0.455s] Level 5:colcon.colcon_core.verb:set package 'moveit_setup_assistant' build argument 'catkin_cmake_args' from command line to 'None'
[0.455s] Level 5:colcon.colcon_core.verb:set package 'moveit_setup_assistant' build argument 'catkin_skip_building_tests' from command line to 'False'
[0.455s] DEBUG:colcon.colcon_core.verb:Building package 'moveit_setup_assistant' with the following arguments: {'ament_cmake_args': None, 'build_base': '/home/aaron/ur_ws/build/moveit_setup_assistant', 'catkin_cmake_args': None, 'catkin_skip_building_tests': False, 'cmake_args': None, 'cmake_clean_cache': False, 'cmake_clean_first': False, 'cmake_force_configure': False, 'cmake_target': None, 'cmake_target_skip_unavailable': False, 'install_base': '/home/aaron/ur_ws/install/moveit_setup_assistant', 'merge_install': False, 'path': '/home/aaron/ur_ws/src/moveit2/moveit_setup_assistant/moveit_setup_assistant', 'symlink_install': False, 'test_result_base': None}
[0.455s] Level 5:colcon.colcon_core.verb:set package 'moveit_task_constructor_core' build argument 'cmake_args' from command line to 'None'
[0.455s] Level 5:colcon.colcon_core.verb:set package 'moveit_task_constructor_core' build argument 'cmake_target' from command line to 'None'
[0.455s] Level 5:colcon.colcon_core.verb:set package 'moveit_task_constructor_core' build argument 'cmake_target_skip_unavailable' from command line to 'False'
[0.455s] Level 5:colcon.colcon_core.verb:set package 'moveit_task_constructor_core' build argument 'cmake_clean_cache' from command line to 'False'
[0.455s] Level 5:colcon.colcon_core.verb:set package 'moveit_task_constructor_core' build argument 'cmake_clean_first' from command line to 'False'
[0.455s] Level 5:colcon.colcon_core.verb:set package 'moveit_task_constructor_core' build argument 'cmake_force_configure' from command line to 'False'
[0.455s] Level 5:colcon.colcon_core.verb:set package 'moveit_task_constructor_core' build argument 'ament_cmake_args' from command line to 'None'
[0.455s] Level 5:colcon.colcon_core.verb:set package 'moveit_task_constructor_core' build argument 'catkin_cmake_args' from command line to 'None'
[0.455s] Level 5:colcon.colcon_core.verb:set package 'moveit_task_constructor_core' build argument 'catkin_skip_building_tests' from command line to 'False'
[0.455s] DEBUG:colcon.colcon_core.verb:Building package 'moveit_task_constructor_core' with the following arguments: {'ament_cmake_args': None, 'build_base': '/home/aaron/ur_ws/build/moveit_task_constructor_core', 'catkin_cmake_args': None, 'catkin_skip_building_tests': False, 'cmake_args': None, 'cmake_clean_cache': False, 'cmake_clean_first': False, 'cmake_force_configure': False, 'cmake_target': None, 'cmake_target_skip_unavailable': False, 'install_base': '/home/aaron/ur_ws/install/moveit_task_constructor_core', 'merge_install': False, 'path': '/home/aaron/ur_ws/src/moveit_task_constructor/core', 'symlink_install': False, 'test_result_base': None}
[0.456s] Level 5:colcon.colcon_core.verb:set package 'moveit' build argument 'cmake_args' from command line to 'None'
[0.456s] Level 5:colcon.colcon_core.verb:set package 'moveit' build argument 'cmake_target' from command line to 'None'
[0.456s] Level 5:colcon.colcon_core.verb:set package 'moveit' build argument 'cmake_target_skip_unavailable' from command line to 'False'
[0.456s] Level 5:colcon.colcon_core.verb:set package 'moveit' build argument 'cmake_clean_cache' from command line to 'False'
[0.456s] Level 5:colcon.colcon_core.verb:set package 'moveit' build argument 'cmake_clean_first' from command line to 'False'
[0.456s] Level 5:colcon.colcon_core.verb:set package 'moveit' build argument 'cmake_force_configure' from command line to 'False'
[0.456s] Level 5:colcon.colcon_core.verb:set package 'moveit' build argument 'ament_cmake_args' from command line to 'None'
[0.456s] Level 5:colcon.colcon_core.verb:set package 'moveit' build argument 'catkin_cmake_args' from command line to 'None'
[0.456s] Level 5:colcon.colcon_core.verb:set package 'moveit' build argument 'catkin_skip_building_tests' from command line to 'False'
[0.456s] DEBUG:colcon.colcon_core.verb:Building package 'moveit' with the following arguments: {'ament_cmake_args': None, 'build_base': '/home/aaron/ur_ws/build/moveit', 'catkin_cmake_args': None, 'catkin_skip_building_tests': False, 'cmake_args': None, 'cmake_clean_cache': False, 'cmake_clean_first': False, 'cmake_force_configure': False, 'cmake_target': None, 'cmake_target_skip_unavailable': False, 'install_base': '/home/aaron/ur_ws/install/moveit', 'merge_install': False, 'path': '/home/aaron/ur_ws/src/moveit2/moveit', 'symlink_install': False, 'test_result_base': None}
[0.456s] Level 5:colcon.colcon_core.verb:set package 'moveit_control' build argument 'cmake_args' from command line to 'None'
[0.456s] Level 5:colcon.colcon_core.verb:set package 'moveit_control' build argument 'cmake_target' from command line to 'None'
[0.456s] Level 5:colcon.colcon_core.verb:set package 'moveit_control' build argument 'cmake_target_skip_unavailable' from command line to 'False'
[0.456s] Level 5:colcon.colcon_core.verb:set package 'moveit_control' build argument 'cmake_clean_cache' from command line to 'False'
[0.456s] Level 5:colcon.colcon_core.verb:set package 'moveit_control' build argument 'cmake_clean_first' from command line to 'False'
[0.456s] Level 5:colcon.colcon_core.verb:set package 'moveit_control' build argument 'cmake_force_configure' from command line to 'False'
[0.456s] Level 5:colcon.colcon_core.verb:set package 'moveit_control' build argument 'ament_cmake_args' from command line to 'None'
[0.456s] Level 5:colcon.colcon_core.verb:set package 'moveit_control' build argument 'catkin_cmake_args' from command line to 'None'
[0.456s] Level 5:colcon.colcon_core.verb:set package 'moveit_control' build argument 'catkin_skip_building_tests' from command line to 'False'
[0.456s] DEBUG:colcon.colcon_core.verb:Building package 'moveit_control' with the following arguments: {'ament_cmake_args': None, 'build_base': '/home/aaron/ur_ws/build/moveit_control', 'catkin_cmake_args': None, 'catkin_skip_building_tests': False, 'cmake_args': None, 'cmake_clean_cache': False, 'cmake_clean_first': False, 'cmake_force_configure': False, 'cmake_target': None, 'cmake_target_skip_unavailable': False, 'install_base': '/home/aaron/ur_ws/install/moveit_control', 'merge_install': False, 'path': '/home/aaron/ur_ws/src/moveit_control', 'symlink_install': False, 'test_result_base': None}
[0.456s] Level 5:colcon.colcon_core.verb:set package 'moveit_task_constructor_capabilities' build argument 'cmake_args' from command line to 'None'
[0.456s] Level 5:colcon.colcon_core.verb:set package 'moveit_task_constructor_capabilities' build argument 'cmake_target' from command line to 'None'
[0.456s] Level 5:colcon.colcon_core.verb:set package 'moveit_task_constructor_capabilities' build argument 'cmake_target_skip_unavailable' from command line to 'False'
[0.456s] Level 5:colcon.colcon_core.verb:set package 'moveit_task_constructor_capabilities' build argument 'cmake_clean_cache' from command line to 'False'
[0.456s] Level 5:colcon.colcon_core.verb:set package 'moveit_task_constructor_capabilities' build argument 'cmake_clean_first' from command line to 'False'
[0.456s] Level 5:colcon.colcon_core.verb:set package 'moveit_task_constructor_capabilities' build argument 'cmake_force_configure' from command line to 'False'
[0.456s] Level 5:colcon.colcon_core.verb:set package 'moveit_task_constructor_capabilities' build argument 'ament_cmake_args' from command line to 'None'
[0.456s] Level 5:colcon.colcon_core.verb:set package 'moveit_task_constructor_capabilities' build argument 'catkin_cmake_args' from command line to 'None'
[0.456s] Level 5:colcon.colcon_core.verb:set package 'moveit_task_constructor_capabilities' build argument 'catkin_skip_building_tests' from command line to 'False'
[0.456s] DEBUG:colcon.colcon_core.verb:Building package 'moveit_task_constructor_capabilities' with the following arguments: {'ament_cmake_args': None, 'build_base': '/home/aaron/ur_ws/build/moveit_task_constructor_capabilities', 'catkin_cmake_args': None, 'catkin_skip_building_tests': False, 'cmake_args': None, 'cmake_clean_cache': False, 'cmake_clean_first': False, 'cmake_force_configure': False, 'cmake_target': None, 'cmake_target_skip_unavailable': False, 'install_base': '/home/aaron/ur_ws/install/moveit_task_constructor_capabilities', 'merge_install': False, 'path': '/home/aaron/ur_ws/src/moveit_task_constructor/capabilities', 'symlink_install': False, 'test_result_base': None}
[0.457s] Level 5:colcon.colcon_core.verb:set package 'moveit_task_constructor_visualization' build argument 'cmake_args' from command line to 'None'
[0.457s] Level 5:colcon.colcon_core.verb:set package 'moveit_task_constructor_visualization' build argument 'cmake_target' from command line to 'None'
[0.457s] Level 5:colcon.colcon_core.verb:set package 'moveit_task_constructor_visualization' build argument 'cmake_target_skip_unavailable' from command line to 'False'
[0.457s] Level 5:colcon.colcon_core.verb:set package 'moveit_task_constructor_visualization' build argument 'cmake_clean_cache' from command line to 'False'
[0.457s] Level 5:colcon.colcon_core.verb:set package 'moveit_task_constructor_visualization' build argument 'cmake_clean_first' from command line to 'False'
[0.457s] Level 5:colcon.colcon_core.verb:set package 'moveit_task_constructor_visualization' build argument 'cmake_force_configure' from command line to 'False'
[0.457s] Level 5:colcon.colcon_core.verb:set package 'moveit_task_constructor_visualization' build argument 'ament_cmake_args' from command line to 'None'
[0.457s] Level 5:colcon.colcon_core.verb:set package 'moveit_task_constructor_visualization' build argument 'catkin_cmake_args' from command line to 'None'
[0.457s] Level 5:colcon.colcon_core.verb:set package 'moveit_task_constructor_visualization' build argument 'catkin_skip_building_tests' from command line to 'False'
[0.457s] DEBUG:colcon.colcon_core.verb:Building package 'moveit_task_constructor_visualization' with the following arguments: {'ament_cmake_args': None, 'build_base': '/home/aaron/ur_ws/build/moveit_task_constructor_visualization', 'catkin_cmake_args': None, 'catkin_skip_building_tests': False, 'cmake_args': None, 'cmake_clean_cache': False, 'cmake_clean_first': False, 'cmake_force_configure': False, 'cmake_target': None, 'cmake_target_skip_unavailable': False, 'install_base': '/home/aaron/ur_ws/install/moveit_task_constructor_visualization', 'merge_install': False, 'path': '/home/aaron/ur_ws/src/moveit_task_constructor/visualization', 'symlink_install': False, 'test_result_base': None}
[0.457s] Level 5:colcon.colcon_core.verb:set package 'moveit2_tutorials' build argument 'cmake_args' from command line to 'None'
[0.457s] Level 5:colcon.colcon_core.verb:set package 'moveit2_tutorials' build argument 'cmake_target' from command line to 'None'
[0.457s] Level 5:colcon.colcon_core.verb:set package 'moveit2_tutorials' build argument 'cmake_target_skip_unavailable' from command line to 'False'
[0.457s] Level 5:colcon.colcon_core.verb:set package 'moveit2_tutorials' build argument 'cmake_clean_cache' from command line to 'False'
[0.457s] Level 5:colcon.colcon_core.verb:set package 'moveit2_tutorials' build argument 'cmake_clean_first' from command line to 'False'
[0.457s] Level 5:colcon.colcon_core.verb:set package 'moveit2_tutorials' build argument 'cmake_force_configure' from command line to 'False'
[0.457s] Level 5:colcon.colcon_core.verb:set package 'moveit2_tutorials' build argument 'ament_cmake_args' from command line to 'None'
[0.457s] Level 5:colcon.colcon_core.verb:set package 'moveit2_tutorials' build argument 'catkin_cmake_args' from command line to 'None'
[0.457s] Level 5:colcon.colcon_core.verb:set package 'moveit2_tutorials' build argument 'catkin_skip_building_tests' from command line to 'False'
[0.457s] DEBUG:colcon.colcon_core.verb:Building package 'moveit2_tutorials' with the following arguments: {'ament_cmake_args': None, 'build_base': '/home/aaron/ur_ws/build/moveit2_tutorials', 'catkin_cmake_args': None, 'catkin_skip_building_tests': False, 'cmake_args': None, 'cmake_clean_cache': False, 'cmake_clean_first': False, 'cmake_force_configure': False, 'cmake_target': None, 'cmake_target_skip_unavailable': False, 'install_base': '/home/aaron/ur_ws/install/moveit2_tutorials', 'merge_install': False, 'path': '/home/aaron/ur_ws/src/moveit2_tutorials', 'symlink_install': False, 'test_result_base': None}
[0.457s] Level 5:colcon.colcon_core.verb:set package 'moveit_task_constructor_demo' build argument 'cmake_args' from command line to 'None'
[0.457s] Level 5:colcon.colcon_core.verb:set package 'moveit_task_constructor_demo' build argument 'cmake_target' from command line to 'None'
[0.457s] Level 5:colcon.colcon_core.verb:set package 'moveit_task_constructor_demo' build argument 'cmake_target_skip_unavailable' from command line to 'False'
[0.457s] Level 5:colcon.colcon_core.verb:set package 'moveit_task_constructor_demo' build argument 'cmake_clean_cache' from command line to 'False'
[0.457s] Level 5:colcon.colcon_core.verb:set package 'moveit_task_constructor_demo' build argument 'cmake_clean_first' from command line to 'False'
[0.457s] Level 5:colcon.colcon_core.verb:set package 'moveit_task_constructor_demo' build argument 'cmake_force_configure' from command line to 'False'
[0.457s] Level 5:colcon.colcon_core.verb:set package 'moveit_task_constructor_demo' build argument 'ament_cmake_args' from command line to 'None'
[0.457s] Level 5:colcon.colcon_core.verb:set package 'moveit_task_constructor_demo' build argument 'catkin_cmake_args' from command line to 'None'
[0.457s] Level 5:colcon.colcon_core.verb:set package 'moveit_task_constructor_demo' build argument 'catkin_skip_building_tests' from command line to 'False'
[0.457s] DEBUG:colcon.colcon_core.verb:Building package 'moveit_task_constructor_demo' with the following arguments: {'ament_cmake_args': None, 'build_base': '/home/aaron/ur_ws/build/moveit_task_constructor_demo', 'catkin_cmake_args': None, 'catkin_skip_building_tests': False, 'cmake_args': None, 'cmake_clean_cache': False, 'cmake_clean_first': False, 'cmake_force_configure': False, 'cmake_target': None, 'cmake_target_skip_unavailable': False, 'install_base': '/home/aaron/ur_ws/install/moveit_task_constructor_demo', 'merge_install': False, 'path': '/home/aaron/ur_ws/src/moveit_task_constructor/demo', 'symlink_install': False, 'test_result_base': None}
[0.457s] INFO:colcon.colcon_core.executor:Executing jobs using 'parallel' executor
[0.458s] DEBUG:colcon.colcon_parallel_executor.executor.parallel:run_until_complete
[0.459s] INFO:colcon.colcon_ros.task.ament_cmake.build:Building ROS package in '/home/aaron/ur_ws/src/moveit_resources/panda_description' with build type 'ament_cmake'
[0.459s] INFO:colcon.colcon_cmake.task.cmake.build:Building CMake package in '/home/aaron/ur_ws/src/moveit_resources/panda_description'
[0.462s] INFO:colcon.colcon_core.plugin_system:Skipping extension 'colcon_core.shell.bat': Not used on non-Windows systems
[0.462s] INFO:colcon.colcon_core.shell:Skip shell extension 'powershell' for command environment: Not usable outside of PowerShell
[0.462s] DEBUG:colcon.colcon_core.shell:Skip shell extension 'dsv' for command environment
[0.464s] INFO:colcon.colcon_ros.task.ament_cmake.build:Building ROS package in '/home/aaron/ur_ws/src/moveit2/moveit_common' with build type 'ament_cmake'
[0.464s] INFO:colcon.colcon_cmake.task.cmake.build:Building CMake package in '/home/aaron/ur_ws/src/moveit2/moveit_common'
[0.465s] INFO:colcon.colcon_core.shell:Skip shell extension 'powershell' for command environment: Not usable outside of PowerShell
[0.465s] DEBUG:colcon.colcon_core.shell:Skip shell extension 'dsv' for command environment
[0.467s] INFO:colcon.colcon_ros.task.ament_cmake.build:Building ROS package in '/home/aaron/ur_ws/src/moveit_resources/pr2_description' with build type 'ament_cmake'
[0.467s] INFO:colcon.colcon_cmake.task.cmake.build:Building CMake package in '/home/aaron/ur_ws/src/moveit_resources/pr2_description'
[0.467s] INFO:colcon.colcon_core.shell:Skip shell extension 'powershell' for command environment: Not usable outside of PowerShell
[0.467s] DEBUG:colcon.colcon_core.shell:Skip shell extension 'dsv' for command environment
[0.469s] INFO:colcon.colcon_ros.task.ament_cmake.build:Building ROS package in '/home/aaron/ur_ws/src/srdfdom' with build type 'ament_cmake'
[0.469s] INFO:colcon.colcon_cmake.task.cmake.build:Building CMake package in '/home/aaron/ur_ws/src/srdfdom'
[0.469s] INFO:colcon.colcon_core.shell:Skip shell extension 'powershell' for command environment: Not usable outside of PowerShell
[0.469s] DEBUG:colcon.colcon_core.shell:Skip shell extension 'dsv' for command environment
[0.471s] INFO:colcon.colcon_ros.task.ament_python.build:Building ROS package in '/home/aaron/ur_ws/src/launch_param_builder' with build type 'ament_python'
[0.471s] Level 1:colcon.colcon_core.shell:create_environment_hook('launch_param_builder', 'ament_prefix_path')
[0.471s] INFO:colcon.colcon_core.shell:Creating environment hook '/home/aaron/ur_ws/install/launch_param_builder/share/launch_param_builder/hook/ament_prefix_path.ps1'
[0.472s] INFO:colcon.colcon_core.shell:Creating environment descriptor '/home/aaron/ur_ws/install/launch_param_builder/share/launch_param_builder/hook/ament_prefix_path.dsv'
[0.472s] INFO:colcon.colcon_core.shell:Creating environment hook '/home/aaron/ur_ws/install/launch_param_builder/share/launch_param_builder/hook/ament_prefix_path.sh'
[0.473s] INFO:colcon.colcon_core.shell:Skip shell extension 'powershell' for command environment: Not usable outside of PowerShell
[0.473s] DEBUG:colcon.colcon_core.shell:Skip shell extension 'dsv' for command environment
[0.474s] INFO:colcon.colcon_ros.task.ament_cmake.build:Building ROS package in '/home/aaron/ur_ws/src/moveit_resources/fanuc_description' with build type 'ament_cmake'
[0.475s] INFO:colcon.colcon_cmake.task.cmake.build:Building CMake package in '/home/aaron/ur_ws/src/moveit_resources/fanuc_description'
[0.475s] INFO:colcon.colcon_core.shell:Skip shell extension 'powershell' for command environment: Not usable outside of PowerShell
[0.475s] DEBUG:colcon.colcon_core.shell:Skip shell extension 'dsv' for command environment
[0.477s] INFO:colcon.colcon_ros.task.ament_cmake.build:Building ROS package in '/home/aaron/ur_ws/src/moveit2/moveit_planners/test_configs/prbt_support' with build type 'ament_cmake'
[0.477s] INFO:colcon.colcon_cmake.task.cmake.build:Building CMake package in '/home/aaron/ur_ws/src/moveit2/moveit_planners/test_configs/prbt_support'
[0.477s] INFO:colcon.colcon_core.shell:Skip shell extension 'powershell' for command environment: Not usable outside of PowerShell
[0.477s] DEBUG:colcon.colcon_core.shell:Skip shell extension 'dsv' for command environment
[0.479s] INFO:colcon.colcon_ros.task.ament_cmake.build:Building ROS package in '/home/aaron/ur_ws/src/moveit_task_constructor/msgs' with build type 'ament_cmake'
[0.479s] INFO:colcon.colcon_cmake.task.cmake.build:Building CMake package in '/home/aaron/ur_ws/src/moveit_task_constructor/msgs'
[0.479s] INFO:colcon.colcon_core.shell:Skip shell extension 'powershell' for command environment: Not usable outside of PowerShell
[0.479s] DEBUG:colcon.colcon_core.shell:Skip shell extension 'dsv' for command environment
[0.481s] INFO:colcon.colcon_ros.task.ament_python.build:Building ROS package in '/home/aaron/ur_ws/src/Open_control' with build type 'ament_python'
[0.481s] Level 1:colcon.colcon_core.shell:create_environment_hook('Open_control', 'ament_prefix_path')
[0.481s] INFO:colcon.colcon_core.shell:Creating environment hook '/home/aaron/ur_ws/install/Open_control/share/Open_control/hook/ament_prefix_path.ps1'
[0.481s] INFO:colcon.colcon_core.shell:Creating environment descriptor '/home/aaron/ur_ws/install/Open_control/share/Open_control/hook/ament_prefix_path.dsv'
[0.481s] INFO:colcon.colcon_core.shell:Creating environment hook '/home/aaron/ur_ws/install/Open_control/share/Open_control/hook/ament_prefix_path.sh'
[0.482s] INFO:colcon.colcon_core.shell:Skip shell extension 'powershell' for command environment: Not usable outside of PowerShell
[0.482s] DEBUG:colcon.colcon_core.shell:Skip shell extension 'dsv' for command environment
[0.484s] INFO:colcon.colcon_ros.task.ament_cmake.build:Building ROS package in '/home/aaron/ur_ws/src/rosparam_shortcuts' with build type 'ament_cmake'
[0.484s] INFO:colcon.colcon_cmake.task.cmake.build:Building CMake package in '/home/aaron/ur_ws/src/rosparam_shortcuts'
[0.484s] INFO:colcon.colcon_core.shell:Skip shell extension 'powershell' for command environment: Not usable outside of PowerShell
[0.484s] DEBUG:colcon.colcon_core.shell:Skip shell extension 'dsv' for command environment
[0.486s] INFO:colcon.colcon_ros.task.ament_python.build:Building ROS package in '/home/aaron/ur_ws/src/waypoint_pub' with build type 'ament_python'
[0.486s] Level 1:colcon.colcon_core.shell:create_environment_hook('waypoint_pub', 'ament_prefix_path')
[0.486s] INFO:colcon.colcon_core.shell:Creating environment hook '/home/aaron/ur_ws/install/waypoint_pub/share/waypoint_pub/hook/ament_prefix_path.ps1'
[0.486s] INFO:colcon.colcon_core.shell:Creating environment descriptor '/home/aaron/ur_ws/install/waypoint_pub/share/waypoint_pub/hook/ament_prefix_path.dsv'
[0.486s] INFO:colcon.colcon_core.shell:Creating environment hook '/home/aaron/ur_ws/install/waypoint_pub/share/waypoint_pub/hook/ament_prefix_path.sh'
[0.487s] INFO:colcon.colcon_core.shell:Skip shell extension 'powershell' for command environment: Not usable outside of PowerShell
[0.487s] DEBUG:colcon.colcon_core.shell:Skip shell extension 'dsv' for command environment
[0.492s] DEBUG:colcon.colcon_core.event_handler.log_command:Invoking command in '/home/aaron/ur_ws/build/moveit_resources_panda_description': CMAKE_PREFIX_PATH=/opt/ros/humble /usr/bin/cmake --build /home/aaron/ur_ws/build/moveit_resources_panda_description -- -j20 -l20
[0.494s] DEBUG:colcon.colcon_core.event_handler.log_command:Invoking command in '/home/aaron/ur_ws/build/moveit_common': CMAKE_PREFIX_PATH=/opt/ros/humble /usr/bin/cmake --build /home/aaron/ur_ws/build/moveit_common -- -j20 -l20
[0.495s] DEBUG:colcon.colcon_core.event_handler.log_command:Invoking command in '/home/aaron/ur_ws/build/moveit_resources_pr2_description': CMAKE_PREFIX_PATH=/opt/ros/humble /usr/bin/cmake --build /home/aaron/ur_ws/build/moveit_resources_pr2_description -- -j20 -l20
[0.497s] DEBUG:colcon.colcon_core.event_handler.log_command:Invoking command in '/home/aaron/ur_ws/build/srdfdom': CMAKE_PREFIX_PATH=/opt/ros/humble /usr/bin/cmake --build /home/aaron/ur_ws/build/srdfdom -- -j20 -l20
[0.658s] INFO:colcon.colcon_core.task.python.build:Building Python package in '/home/aaron/ur_ws/src/launch_param_builder'
[0.658s] INFO:colcon.colcon_core.shell:Skip shell extension 'powershell' for command environment: Not usable outside of PowerShell
[0.658s] DEBUG:colcon.colcon_core.shell:Skip shell extension 'dsv' for command environment
[0.665s] DEBUG:colcon.colcon_core.event_handler.log_command:Invoking command in '/home/aaron/ur_ws/build/moveit_resources_fanuc_description': CMAKE_PREFIX_PATH=/opt/ros/humble /usr/bin/cmake --build /home/aaron/ur_ws/build/moveit_resources_fanuc_description -- -j20 -l20
[0.667s] DEBUG:colcon.colcon_core.event_handler.log_command:Invoking command in '/home/aaron/ur_ws/build/moveit_resources_prbt_support': CMAKE_PREFIX_PATH=/opt/ros/humble /usr/bin/cmake --build /home/aaron/ur_ws/build/moveit_resources_prbt_support -- -j20 -l20
[0.668s] DEBUG:colcon.colcon_core.event_handler.log_command:Invoking command in '/home/aaron/ur_ws/build/moveit_task_constructor_msgs': CMAKE_PREFIX_PATH=/opt/ros/humble /usr/bin/cmake --build /home/aaron/ur_ws/build/moveit_task_constructor_msgs -- -j20 -l20
[0.843s] INFO:colcon.colcon_core.task.python.build:Building Python package in '/home/aaron/ur_ws/src/Open_control'
[0.844s] INFO:colcon.colcon_core.shell:Skip shell extension 'powershell' for command environment: Not usable outside of PowerShell
[0.844s] DEBUG:colcon.colcon_core.shell:Skip shell extension 'dsv' for command environment
[0.852s] DEBUG:colcon.colcon_core.event_handler.log_command:Invoking command in '/home/aaron/ur_ws/build/rosparam_shortcuts': CMAKE_PREFIX_PATH=/opt/ros/humble /usr/bin/cmake --build /home/aaron/ur_ws/build/rosparam_shortcuts -- -j20 -l20
[1.014s] INFO:colcon.colcon_core.task.python.build:Building Python package in '/home/aaron/ur_ws/src/waypoint_pub'
[1.014s] INFO:colcon.colcon_core.shell:Skip shell extension 'powershell' for command environment: Not usable outside of PowerShell
[1.014s] DEBUG:colcon.colcon_core.shell:Skip shell extension 'dsv' for command environment
[1.017s] DEBUG:colcon.colcon_core.event_handler.log_command:Invoked command in '/home/aaron/ur_ws/build/moveit_resources_panda_description' returned '0': CMAKE_PREFIX_PATH=/opt/ros/humble /usr/bin/cmake --build /home/aaron/ur_ws/build/moveit_resources_panda_description -- -j20 -l20
[1.027s] DEBUG:colcon.colcon_core.event_handler.log_command:Invoking command in '/home/aaron/ur_ws/build/moveit_resources_panda_description': CMAKE_PREFIX_PATH=/opt/ros/humble /usr/bin/cmake --install /home/aaron/ur_ws/build/moveit_resources_panda_description
[1.027s] DEBUG:colcon.colcon_core.event_handler.log_command:Invoked command in '/home/aaron/ur_ws/build/moveit_common' returned '0': CMAKE_PREFIX_PATH=/opt/ros/humble /usr/bin/cmake --build /home/aaron/ur_ws/build/moveit_common -- -j20 -l20
[1.028s] DEBUG:colcon.colcon_core.event_handler.log_command:Invoking command in '/home/aaron/ur_ws/build/moveit_common': CMAKE_PREFIX_PATH=/opt/ros/humble /usr/bin/cmake --install /home/aaron/ur_ws/build/moveit_common
[1.029s] DEBUG:colcon.colcon_core.event_handler.log_command:Invoked command in '/home/aaron/ur_ws/build/moveit_resources_pr2_description' returned '0': CMAKE_PREFIX_PATH=/opt/ros/humble /usr/bin/cmake --build /home/aaron/ur_ws/build/moveit_resources_pr2_description -- -j20 -l20
[1.030s] DEBUG:colcon.colcon_core.event_handler.log_command:Invoking command in '/home/aaron/ur_ws/build/moveit_resources_pr2_description': CMAKE_PREFIX_PATH=/opt/ros/humble /usr/bin/cmake --install /home/aaron/ur_ws/build/moveit_resources_pr2_description
[1.031s] DEBUG:colcon.colcon_core.event_handler.log_command:Invoked command in '/home/aaron/ur_ws/build/moveit_resources_prbt_support' returned '0': CMAKE_PREFIX_PATH=/opt/ros/humble /usr/bin/cmake --build /home/aaron/ur_ws/build/moveit_resources_prbt_support -- -j20 -l20
[1.032s] DEBUG:colcon.colcon_core.event_handler.log_command:Invoking command in '/home/aaron/ur_ws/build/moveit_resources_prbt_support': CMAKE_PREFIX_PATH=/opt/ros/humble /usr/bin/cmake --install /home/aaron/ur_ws/build/moveit_resources_prbt_support
[1.033s] DEBUG:colcon.colcon_core.event_handler.log_command:Invoked command in '/home/aaron/ur_ws/build/srdfdom' returned '0': CMAKE_PREFIX_PATH=/opt/ros/humble /usr/bin/cmake --build /home/aaron/ur_ws/build/srdfdom -- -j20 -l20
[1.034s] DEBUG:colcon.colcon_core.event_handler.log_command:Invoking command in '/home/aaron/ur_ws/build/srdfdom': CMAKE_PREFIX_PATH=/opt/ros/humble /usr/bin/cmake --install /home/aaron/ur_ws/build/srdfdom
[1.035s] DEBUG:colcon.colcon_core.event_handler.log_command:Invoked command in '/home/aaron/ur_ws/build/moveit_resources_fanuc_description' returned '0': CMAKE_PREFIX_PATH=/opt/ros/humble /usr/bin/cmake --build /home/aaron/ur_ws/build/moveit_resources_fanuc_description -- -j20 -l20
[1.036s] DEBUG:colcon.colcon_core.event_handler.log_command:Invoking command in '/home/aaron/ur_ws/build/moveit_resources_fanuc_description': CMAKE_PREFIX_PATH=/opt/ros/humble /usr/bin/cmake --install /home/aaron/ur_ws/build/moveit_resources_fanuc_description
[1.066s] DEBUG:colcon.colcon_core.event_handler.log_command:Invoked command in '/home/aaron/ur_ws/build/moveit_task_constructor_msgs' returned '0': CMAKE_PREFIX_PATH=/opt/ros/humble /usr/bin/cmake --build /home/aaron/ur_ws/build/moveit_task_constructor_msgs -- -j20 -l20
[1.066s] DEBUG:colcon.colcon_core.event_handler.log_command:Invoking command in '/home/aaron/ur_ws/build/moveit_task_constructor_msgs': CMAKE_PREFIX_PATH=/opt/ros/humble /usr/bin/cmake --install /home/aaron/ur_ws/build/moveit_task_constructor_msgs
[1.066s] DEBUG:colcon.colcon_core.event_handler.log_command:Invoked command in '/home/aaron/ur_ws/build/rosparam_shortcuts' returned '0': CMAKE_PREFIX_PATH=/opt/ros/humble /usr/bin/cmake --build /home/aaron/ur_ws/build/rosparam_shortcuts -- -j20 -l20
[1.067s] DEBUG:colcon.colcon_core.event_handler.log_command:Invoking command in '/home/aaron/ur_ws/build/rosparam_shortcuts': CMAKE_PREFIX_PATH=/opt/ros/humble /usr/bin/cmake --install /home/aaron/ur_ws/build/rosparam_shortcuts
[1.069s] Level 1:colcon.colcon_core.environment:create_environment_scripts_only(moveit_resources_panda_description)
[1.069s] DEBUG:colcon.colcon_core.event_handler.log_command:Invoked command in '/home/aaron/ur_ws/build/moveit_resources_panda_description' returned '0': CMAKE_PREFIX_PATH=/opt/ros/humble /usr/bin/cmake --install /home/aaron/ur_ws/build/moveit_resources_panda_description
[1.086s] Level 1:colcon.colcon_core.environment:checking '/home/aaron/ur_ws/install/moveit_resources_panda_description' for CMake module files
[1.087s] Level 1:colcon.colcon_core.environment:checking '/home/aaron/ur_ws/install/moveit_resources_panda_description' for CMake config files
[1.087s] Level 1:colcon.colcon_core.shell:create_environment_hook('moveit_resources_panda_description', 'cmake_prefix_path')
[1.087s] INFO:colcon.colcon_core.shell:Creating environment hook '/home/aaron/ur_ws/install/moveit_resources_panda_description/share/moveit_resources_panda_description/hook/cmake_prefix_path.ps1'
[1.088s] INFO:colcon.colcon_core.shell:Creating environment descriptor '/home/aaron/ur_ws/install/moveit_resources_panda_description/share/moveit_resources_panda_description/hook/cmake_prefix_path.dsv'
[1.089s] INFO:colcon.colcon_core.shell:Creating environment hook '/home/aaron/ur_ws/install/moveit_resources_panda_description/share/moveit_resources_panda_description/hook/cmake_prefix_path.sh'
[1.089s] Level 1:colcon.colcon_core.environment:checking '/home/aaron/ur_ws/install/moveit_resources_panda_description/bin'
[1.090s] Level 1:colcon.colcon_core.environment:checking '/home/aaron/ur_ws/install/moveit_resources_panda_description/lib/pkgconfig/moveit_resources_panda_description.pc'
[1.090s] Level 1:colcon.colcon_core.environment:checking '/home/aaron/ur_ws/install/moveit_resources_panda_description/lib/python3.10/site-packages'
[1.090s] Level 1:colcon.colcon_core.environment:checking '/home/aaron/ur_ws/install/moveit_resources_panda_description/bin'
[1.091s] INFO:colcon.colcon_core.shell:Creating package script '/home/aaron/ur_ws/install/moveit_resources_panda_description/share/moveit_resources_panda_description/package.ps1'
[1.092s] INFO:colcon.colcon_core.shell:Creating package descriptor '/home/aaron/ur_ws/install/moveit_resources_panda_description/share/moveit_resources_panda_description/package.dsv'
[1.092s] INFO:colcon.colcon_core.shell:Creating package script '/home/aaron/ur_ws/install/moveit_resources_panda_description/share/moveit_resources_panda_description/package.sh'
[1.093s] INFO:colcon.colcon_core.shell:Creating package script '/home/aaron/ur_ws/install/moveit_resources_panda_description/share/moveit_resources_panda_description/package.bash'
[1.094s] INFO:colcon.colcon_core.shell:Creating package script '/home/aaron/ur_ws/install/moveit_resources_panda_description/share/moveit_resources_panda_description/package.zsh'
[1.094s] Level 1:colcon.colcon_core.environment:create_file_with_runtime_dependencies(/home/aaron/ur_ws/install/moveit_resources_panda_description/share/colcon-core/packages/moveit_resources_panda_description)
[1.095s] Level 1:colcon.colcon_core.environment:create_environment_scripts_only(moveit_resources_panda_description)
[1.095s] Level 1:colcon.colcon_core.environment:checking '/home/aaron/ur_ws/install/moveit_resources_panda_description' for CMake module files
[1.095s] Level 1:colcon.colcon_core.environment:checking '/home/aaron/ur_ws/install/moveit_resources_panda_description' for CMake config files
[1.095s] Level 1:colcon.colcon_core.shell:create_environment_hook('moveit_resources_panda_description', 'cmake_prefix_path')
[1.095s] INFO:colcon.colcon_core.shell:Creating environment hook '/home/aaron/ur_ws/install/moveit_resources_panda_description/share/moveit_resources_panda_description/hook/cmake_prefix_path.ps1'
[1.095s] INFO:colcon.colcon_core.shell:Creating environment descriptor '/home/aaron/ur_ws/install/moveit_resources_panda_description/share/moveit_resources_panda_description/hook/cmake_prefix_path.dsv'
[1.096s] INFO:colcon.colcon_core.shell:Creating environment hook '/home/aaron/ur_ws/install/moveit_resources_panda_description/share/moveit_resources_panda_description/hook/cmake_prefix_path.sh'
[1.096s] Level 1:colcon.colcon_core.environment:checking '/home/aaron/ur_ws/install/moveit_resources_panda_description/bin'
[1.096s] Level 1:colcon.colcon_core.environment:checking '/home/aaron/ur_ws/install/moveit_resources_panda_description/lib/pkgconfig/moveit_resources_panda_description.pc'
[1.096s] Level 1:colcon.colcon_core.environment:checking '/home/aaron/ur_ws/install/moveit_resources_panda_description/lib/python3.10/site-packages'
[1.096s] Level 1:colcon.colcon_core.environment:checking '/home/aaron/ur_ws/install/moveit_resources_panda_description/bin'
[1.096s] INFO:colcon.colcon_core.shell:Creating package script '/home/aaron/ur_ws/install/moveit_resources_panda_description/share/moveit_resources_panda_description/package.ps1'
[1.097s] INFO:colcon.colcon_core.shell:Creating package descriptor '/home/aaron/ur_ws/install/moveit_resources_panda_description/share/moveit_resources_panda_description/package.dsv'
[1.097s] INFO:colcon.colcon_core.shell:Creating package script '/home/aaron/ur_ws/install/moveit_resources_panda_description/share/moveit_resources_panda_description/package.sh'
[1.098s] INFO:colcon.colcon_core.shell:Creating package script '/home/aaron/ur_ws/install/moveit_resources_panda_description/share/moveit_resources_panda_description/package.bash'
[1.098s] INFO:colcon.colcon_core.shell:Creating package script '/home/aaron/ur_ws/install/moveit_resources_panda_description/share/moveit_resources_panda_description/package.zsh'
[1.098s] Level 1:colcon.colcon_core.environment:create_file_with_runtime_dependencies(/home/aaron/ur_ws/install/moveit_resources_panda_description/share/colcon-core/packages/moveit_resources_panda_description)
[1.098s] Level 1:colcon.colcon_core.environment:create_environment_scripts_only(moveit_common)
[1.098s] Level 1:colcon.colcon_core.environment:checking '/home/aaron/ur_ws/install/moveit_common' for CMake module files
[1.099s] Level 1:colcon.colcon_core.environment:checking '/home/aaron/ur_ws/install/moveit_common' for CMake config files
[1.099s] DEBUG:colcon.colcon_core.event_handler.log_command:Invoked command in '/home/aaron/ur_ws/build/moveit_common' returned '0': CMAKE_PREFIX_PATH=/opt/ros/humble /usr/bin/cmake --install /home/aaron/ur_ws/build/moveit_common
[1.099s] Level 1:colcon.colcon_core.shell:create_environment_hook('moveit_common', 'cmake_prefix_path')
[1.099s] INFO:colcon.colcon_core.shell:Creating environment hook '/home/aaron/ur_ws/install/moveit_common/share/moveit_common/hook/cmake_prefix_path.ps1'
[1.099s] INFO:colcon.colcon_core.shell:Creating environment descriptor '/home/aaron/ur_ws/install/moveit_common/share/moveit_common/hook/cmake_prefix_path.dsv'
[1.100s] INFO:colcon.colcon_core.shell:Creating environment hook '/home/aaron/ur_ws/install/moveit_common/share/moveit_common/hook/cmake_prefix_path.sh'
[1.100s] Level 1:colcon.colcon_core.environment:checking '/home/aaron/ur_ws/install/moveit_common/bin'
[1.100s] Level 1:colcon.colcon_core.environment:checking '/home/aaron/ur_ws/install/moveit_common/lib/pkgconfig/moveit_common.pc'
[1.100s] Level 1:colcon.colcon_core.environment:checking '/home/aaron/ur_ws/install/moveit_common/lib/python3.10/site-packages'
[1.100s] Level 1:colcon.colcon_core.environment:checking '/home/aaron/ur_ws/install/moveit_common/bin'
[1.100s] INFO:colcon.colcon_core.shell:Creating package script '/home/aaron/ur_ws/install/moveit_common/share/moveit_common/package.ps1'
[1.101s] INFO:colcon.colcon_core.shell:Creating package descriptor '/home/aaron/ur_ws/install/moveit_common/share/moveit_common/package.dsv'
[1.101s] INFO:colcon.colcon_core.shell:Creating package script '/home/aaron/ur_ws/install/moveit_common/share/moveit_common/package.sh'
[1.101s] INFO:colcon.colcon_core.shell:Creating package script '/home/aaron/ur_ws/install/moveit_common/share/moveit_common/package.bash'
[1.101s] INFO:colcon.colcon_core.shell:Creating package script '/home/aaron/ur_ws/install/moveit_common/share/moveit_common/package.zsh'
[1.101s] Level 1:colcon.colcon_core.environment:create_file_with_runtime_dependencies(/home/aaron/ur_ws/install/moveit_common/share/colcon-core/packages/moveit_common)
[1.102s] Level 1:colcon.colcon_core.environment:create_environment_scripts_only(moveit_common)
[1.102s] Level 1:colcon.colcon_core.environment:checking '/home/aaron/ur_ws/install/moveit_common' for CMake module files
[1.102s] Level 1:colcon.colcon_core.environment:checking '/home/aaron/ur_ws/install/moveit_common' for CMake config files
[1.102s] Level 1:colcon.colcon_core.shell:create_environment_hook('moveit_common', 'cmake_prefix_path')
[1.102s] INFO:colcon.colcon_core.shell:Creating environment hook '/home/aaron/ur_ws/install/moveit_common/share/moveit_common/hook/cmake_prefix_path.ps1'
[1.103s] INFO:colcon.colcon_core.shell:Creating environment descriptor '/home/aaron/ur_ws/install/moveit_common/share/moveit_common/hook/cmake_prefix_path.dsv'
[1.103s] INFO:colcon.colcon_core.shell:Creating environment hook '/home/aaron/ur_ws/install/moveit_common/share/moveit_common/hook/cmake_prefix_path.sh'
[1.103s] Level 1:colcon.colcon_core.environment:checking '/home/aaron/ur_ws/install/moveit_common/bin'
[1.103s] Level 1:colcon.colcon_core.environment:checking '/home/aaron/ur_ws/install/moveit_common/lib/pkgconfig/moveit_common.pc'
[1.104s] Level 1:colcon.colcon_core.environment:checking '/home/aaron/ur_ws/install/moveit_common/lib/python3.10/site-packages'
[1.104s] Level 1:colcon.colcon_core.environment:checking '/home/aaron/ur_ws/install/moveit_common/bin'
[1.104s] INFO:colcon.colcon_core.shell:Creating package script '/home/aaron/ur_ws/install/moveit_common/share/moveit_common/package.ps1'
[1.104s] INFO:colcon.colcon_core.shell:Creating package descriptor '/home/aaron/ur_ws/install/moveit_common/share/moveit_common/package.dsv'
[1.104s] INFO:colcon.colcon_core.shell:Creating package script '/home/aaron/ur_ws/install/moveit_common/share/moveit_common/package.sh'
[1.105s] INFO:colcon.colcon_core.shell:Creating package script '/home/aaron/ur_ws/install/moveit_common/share/moveit_common/package.bash'
[1.105s] INFO:colcon.colcon_core.shell:Creating package script '/home/aaron/ur_ws/install/moveit_common/share/moveit_common/package.zsh'
[1.105s] Level 1:colcon.colcon_core.environment:create_file_with_runtime_dependencies(/home/aaron/ur_ws/install/moveit_common/share/colcon-core/packages/moveit_common)
[1.105s] Level 1:colcon.colcon_core.environment:create_environment_scripts_only(moveit_resources_pr2_description)
[1.106s] Level 1:colcon.colcon_core.environment:checking '/home/aaron/ur_ws/install/moveit_resources_pr2_description' for CMake module files
[1.106s] DEBUG:colcon.colcon_core.event_handler.log_command:Invoked command in '/home/aaron/ur_ws/build/moveit_resources_pr2_description' returned '0': CMAKE_PREFIX_PATH=/opt/ros/humble /usr/bin/cmake --install /home/aaron/ur_ws/build/moveit_resources_pr2_description
[1.106s] Level 1:colcon.colcon_core.environment:checking '/home/aaron/ur_ws/install/moveit_resources_pr2_description' for CMake config files
[1.108s] Level 1:colcon.colcon_core.shell:create_environment_hook('moveit_resources_pr2_description', 'cmake_prefix_path')
[1.108s] INFO:colcon.colcon_core.shell:Creating environment hook '/home/aaron/ur_ws/install/moveit_resources_pr2_description/share/moveit_resources_pr2_description/hook/cmake_prefix_path.ps1'
[1.108s] INFO:colcon.colcon_core.shell:Creating environment descriptor '/home/aaron/ur_ws/install/moveit_resources_pr2_description/share/moveit_resources_pr2_description/hook/cmake_prefix_path.dsv'
[1.109s] INFO:colcon.colcon_core.shell:Creating environment hook '/home/aaron/ur_ws/install/moveit_resources_pr2_description/share/moveit_resources_pr2_description/hook/cmake_prefix_path.sh'
[1.110s] Level 1:colcon.colcon_core.environment:checking '/home/aaron/ur_ws/install/moveit_resources_pr2_description/bin'
[1.110s] Level 1:colcon.colcon_core.environment:checking '/home/aaron/ur_ws/install/moveit_resources_pr2_description/lib/pkgconfig/moveit_resources_pr2_description.pc'
[1.110s] Level 1:colcon.colcon_core.environment:checking '/home/aaron/ur_ws/install/moveit_resources_pr2_description/lib/python3.10/site-packages'
[1.110s] Level 1:colcon.colcon_core.environment:checking '/home/aaron/ur_ws/install/moveit_resources_pr2_description/bin'
[1.111s] INFO:colcon.colcon_core.shell:Creating package script '/home/aaron/ur_ws/install/moveit_resources_pr2_description/share/moveit_resources_pr2_description/package.ps1'
[1.111s] INFO:colcon.colcon_core.shell:Creating package descriptor '/home/aaron/ur_ws/install/moveit_resources_pr2_description/share/moveit_resources_pr2_description/package.dsv'
[1.111s] INFO:colcon.colcon_core.shell:Creating package script '/home/aaron/ur_ws/install/moveit_resources_pr2_description/share/moveit_resources_pr2_description/package.sh'
[1.111s] INFO:colcon.colcon_core.shell:Creating package script '/home/aaron/ur_ws/install/moveit_resources_pr2_description/share/moveit_resources_pr2_description/package.bash'
[1.112s] INFO:colcon.colcon_core.shell:Creating package script '/home/aaron/ur_ws/install/moveit_resources_pr2_description/share/moveit_resources_pr2_description/package.zsh'
[1.112s] Level 1:colcon.colcon_core.environment:create_file_with_runtime_dependencies(/home/aaron/ur_ws/install/moveit_resources_pr2_description/share/colcon-core/packages/moveit_resources_pr2_description)
[1.112s] Level 1:colcon.colcon_core.environment:create_environment_scripts_only(moveit_resources_pr2_description)
[1.112s] Level 1:colcon.colcon_core.environment:checking '/home/aaron/ur_ws/install/moveit_resources_pr2_description' for CMake module files
[1.112s] Level 1:colcon.colcon_core.environment:checking '/home/aaron/ur_ws/install/moveit_resources_pr2_description' for CMake config files
[1.112s] Level 1:colcon.colcon_core.shell:create_environment_hook('moveit_resources_pr2_description', 'cmake_prefix_path')
[1.113s] INFO:colcon.colcon_core.shell:Creating environment hook '/home/aaron/ur_ws/install/moveit_resources_pr2_description/share/moveit_resources_pr2_description/hook/cmake_prefix_path.ps1'
[1.113s] INFO:colcon.colcon_core.shell:Creating environment descriptor '/home/aaron/ur_ws/install/moveit_resources_pr2_description/share/moveit_resources_pr2_description/hook/cmake_prefix_path.dsv'
[1.113s] INFO:colcon.colcon_core.shell:Creating environment hook '/home/aaron/ur_ws/install/moveit_resources_pr2_description/share/moveit_resources_pr2_description/hook/cmake_prefix_path.sh'
[1.113s] Level 1:colcon.colcon_core.environment:checking '/home/aaron/ur_ws/install/moveit_resources_pr2_description/bin'
[1.113s] Level 1:colcon.colcon_core.environment:checking '/home/aaron/ur_ws/install/moveit_resources_pr2_description/lib/pkgconfig/moveit_resources_pr2_description.pc'
[1.113s] Level 1:colcon.colcon_core.environment:checking '/home/aaron/ur_ws/install/moveit_resources_pr2_description/lib/python3.10/site-packages'
[1.114s] Level 1:colcon.colcon_core.environment:checking '/home/aaron/ur_ws/install/moveit_resources_pr2_description/bin'
[1.114s] INFO:colcon.colcon_core.shell:Creating package script '/home/aaron/ur_ws/install/moveit_resources_pr2_description/share/moveit_resources_pr2_description/package.ps1'
[1.114s] INFO:colcon.colcon_core.shell:Creating package descriptor '/home/aaron/ur_ws/install/moveit_resources_pr2_description/share/moveit_resources_pr2_description/package.dsv'
[1.114s] INFO:colcon.colcon_core.shell:Creating package script '/home/aaron/ur_ws/install/moveit_resources_pr2_description/share/moveit_resources_pr2_description/package.sh'
[1.115s] INFO:colcon.colcon_core.shell:Creating package script '/home/aaron/ur_ws/install/moveit_resources_pr2_description/share/moveit_resources_pr2_description/package.bash'
[1.115s] INFO:colcon.colcon_core.shell:Creating package script '/home/aaron/ur_ws/install/moveit_resources_pr2_description/share/moveit_resources_pr2_description/package.zsh'
[1.115s] Level 1:colcon.colcon_core.environment:create_file_with_runtime_dependencies(/home/aaron/ur_ws/install/moveit_resources_pr2_description/share/colcon-core/packages/moveit_resources_pr2_description)
[1.115s] Level 1:colcon.colcon_core.environment:create_environment_scripts_only(moveit_resources_fanuc_description)
[1.115s] Level 1:colcon.colcon_core.environment:checking '/home/aaron/ur_ws/install/moveit_resources_fanuc_description' for CMake module files
[1.116s] DEBUG:colcon.colcon_core.event_handler.log_command:Invoked command in '/home/aaron/ur_ws/build/moveit_resources_fanuc_description' returned '0': CMAKE_PREFIX_PATH=/opt/ros/humble /usr/bin/cmake --install /home/aaron/ur_ws/build/moveit_resources_fanuc_description
[1.116s] Level 1:colcon.colcon_core.environment:checking '/home/aaron/ur_ws/install/moveit_resources_fanuc_description' for CMake config files
[1.116s] Level 1:colcon.colcon_core.shell:create_environment_hook('moveit_resources_fanuc_description', 'cmake_prefix_path')
[1.116s] INFO:colcon.colcon_core.shell:Creating environment hook '/home/aaron/ur_ws/install/moveit_resources_fanuc_description/share/moveit_resources_fanuc_description/hook/cmake_prefix_path.ps1'
[1.116s] INFO:colcon.colcon_core.shell:Creating environment descriptor '/home/aaron/ur_ws/install/moveit_resources_fanuc_description/share/moveit_resources_fanuc_description/hook/cmake_prefix_path.dsv'
[1.117s] INFO:colcon.colcon_core.shell:Creating environment hook '/home/aaron/ur_ws/install/moveit_resources_fanuc_description/share/moveit_resources_fanuc_description/hook/cmake_prefix_path.sh'
[1.117s] Level 1:colcon.colcon_core.environment:checking '/home/aaron/ur_ws/install/moveit_resources_fanuc_description/bin'
[1.117s] Level 1:colcon.colcon_core.environment:checking '/home/aaron/ur_ws/install/moveit_resources_fanuc_description/lib/pkgconfig/moveit_resources_fanuc_description.pc'
[1.117s] Level 1:colcon.colcon_core.environment:checking '/home/aaron/ur_ws/install/moveit_resources_fanuc_description/lib/python3.10/site-packages'
[1.117s] Level 1:colcon.colcon_core.environment:checking '/home/aaron/ur_ws/install/moveit_resources_fanuc_description/bin'
[1.117s] INFO:colcon.colcon_core.shell:Creating package script '/home/aaron/ur_ws/install/moveit_resources_fanuc_description/share/moveit_resources_fanuc_description/package.ps1'
[1.118s] INFO:colcon.colcon_core.shell:Creating package descriptor '/home/aaron/ur_ws/install/moveit_resources_fanuc_description/share/moveit_resources_fanuc_description/package.dsv'
[1.118s] INFO:colcon.colcon_core.shell:Creating package script '/home/aaron/ur_ws/install/moveit_resources_fanuc_description/share/moveit_resources_fanuc_description/package.sh'
[1.118s] INFO:colcon.colcon_core.shell:Creating package script '/home/aaron/ur_ws/install/moveit_resources_fanuc_description/share/moveit_resources_fanuc_description/package.bash'
[1.118s] INFO:colcon.colcon_core.shell:Creating package script '/home/aaron/ur_ws/install/moveit_resources_fanuc_description/share/moveit_resources_fanuc_description/package.zsh'
[1.118s] Level 1:colcon.colcon_core.environment:create_file_with_runtime_dependencies(/home/aaron/ur_ws/install/moveit_resources_fanuc_description/share/colcon-core/packages/moveit_resources_fanuc_description)
[1.119s] Level 1:colcon.colcon_core.environment:create_environment_scripts_only(moveit_resources_fanuc_description)
[1.119s] Level 1:colcon.colcon_core.environment:checking '/home/aaron/ur_ws/install/moveit_resources_fanuc_description' for CMake module files
[1.119s] Level 1:colcon.colcon_core.environment:checking '/home/aaron/ur_ws/install/moveit_resources_fanuc_description' for CMake config files
[1.119s] Level 1:colcon.colcon_core.shell:create_environment_hook('moveit_resources_fanuc_description', 'cmake_prefix_path')
[1.119s] INFO:colcon.colcon_core.shell:Creating environment hook '/home/aaron/ur_ws/install/moveit_resources_fanuc_description/share/moveit_resources_fanuc_description/hook/cmake_prefix_path.ps1'
[1.120s] INFO:colcon.colcon_core.shell:Creating environment descriptor '/home/aaron/ur_ws/install/moveit_resources_fanuc_description/share/moveit_resources_fanuc_description/hook/cmake_prefix_path.dsv'
[1.120s] INFO:colcon.colcon_core.shell:Creating environment hook '/home/aaron/ur_ws/install/moveit_resources_fanuc_description/share/moveit_resources_fanuc_description/hook/cmake_prefix_path.sh'
[1.120s] Level 1:colcon.colcon_core.environment:checking '/home/aaron/ur_ws/install/moveit_resources_fanuc_description/bin'
[1.120s] Level 1:colcon.colcon_core.environment:checking '/home/aaron/ur_ws/install/moveit_resources_fanuc_description/lib/pkgconfig/moveit_resources_fanuc_description.pc'
[1.120s] Level 1:colcon.colcon_core.environment:checking '/home/aaron/ur_ws/install/moveit_resources_fanuc_description/lib/python3.10/site-packages'
[1.121s] Level 1:colcon.colcon_core.environment:checking '/home/aaron/ur_ws/install/moveit_resources_fanuc_description/bin'
[1.121s] INFO:colcon.colcon_core.shell:Creating package script '/home/aaron/ur_ws/install/moveit_resources_fanuc_description/share/moveit_resources_fanuc_description/package.ps1'
[1.121s] INFO:colcon.colcon_core.shell:Creating package descriptor '/home/aaron/ur_ws/install/moveit_resources_fanuc_description/share/moveit_resources_fanuc_description/package.dsv'
[1.121s] INFO:colcon.colcon_core.shell:Creating package script '/home/aaron/ur_ws/install/moveit_resources_fanuc_description/share/moveit_resources_fanuc_description/package.sh'
[1.122s] INFO:colcon.colcon_core.shell:Creating package script '/home/aaron/ur_ws/install/moveit_resources_fanuc_description/share/moveit_resources_fanuc_description/package.bash'
[1.122s] INFO:colcon.colcon_core.shell:Creating package script '/home/aaron/ur_ws/install/moveit_resources_fanuc_description/share/moveit_resources_fanuc_description/package.zsh'
[1.122s] Level 1:colcon.colcon_core.environment:create_file_with_runtime_dependencies(/home/aaron/ur_ws/install/moveit_resources_fanuc_description/share/colcon-core/packages/moveit_resources_fanuc_description)
[1.122s] Level 1:colcon.colcon_core.environment:create_environment_scripts_only(moveit_resources_prbt_support)
[1.122s] Level 1:colcon.colcon_core.environment:checking '/home/aaron/ur_ws/install/moveit_resources_prbt_support' for CMake module files
[1.123s] Level 1:colcon.colcon_core.environment:checking '/home/aaron/ur_ws/install/moveit_resources_prbt_support' for CMake config files
[1.123s] DEBUG:colcon.colcon_core.event_handler.log_command:Invoked command in '/home/aaron/ur_ws/build/moveit_resources_prbt_support' returned '0': CMAKE_PREFIX_PATH=/opt/ros/humble /usr/bin/cmake --install /home/aaron/ur_ws/build/moveit_resources_prbt_support
[1.123s] Level 1:colcon.colcon_core.shell:create_environment_hook('moveit_resources_prbt_support', 'cmake_prefix_path')
[1.123s] INFO:colcon.colcon_core.shell:Creating environment hook '/home/aaron/ur_ws/install/moveit_resources_prbt_support/share/moveit_resources_prbt_support/hook/cmake_prefix_path.ps1'
[1.124s] INFO:colcon.colcon_core.shell:Creating environment descriptor '/home/aaron/ur_ws/install/moveit_resources_prbt_support/share/moveit_resources_prbt_support/hook/cmake_prefix_path.dsv'
[1.124s] INFO:colcon.colcon_core.shell:Creating environment hook '/home/aaron/ur_ws/install/moveit_resources_prbt_support/share/moveit_resources_prbt_support/hook/cmake_prefix_path.sh'
[1.124s] Level 1:colcon.colcon_core.environment:checking '/home/aaron/ur_ws/install/moveit_resources_prbt_support/bin'
[1.124s] Level 1:colcon.colcon_core.environment:checking '/home/aaron/ur_ws/install/moveit_resources_prbt_support/lib/pkgconfig/moveit_resources_prbt_support.pc'
[1.124s] Level 1:colcon.colcon_core.environment:checking '/home/aaron/ur_ws/install/moveit_resources_prbt_support/lib/python3.10/site-packages'
[1.125s] Level 1:colcon.colcon_core.environment:checking '/home/aaron/ur_ws/install/moveit_resources_prbt_support/bin'
[1.125s] INFO:colcon.colcon_core.shell:Creating package script '/home/aaron/ur_ws/install/moveit_resources_prbt_support/share/moveit_resources_prbt_support/package.ps1'
[1.125s] INFO:colcon.colcon_core.shell:Creating package descriptor '/home/aaron/ur_ws/install/moveit_resources_prbt_support/share/moveit_resources_prbt_support/package.dsv'
[1.125s] INFO:colcon.colcon_core.shell:Creating package script '/home/aaron/ur_ws/install/moveit_resources_prbt_support/share/moveit_resources_prbt_support/package.sh'
[1.126s] INFO:colcon.colcon_core.shell:Creating package script '/home/aaron/ur_ws/install/moveit_resources_prbt_support/share/moveit_resources_prbt_support/package.bash'
[1.126s] INFO:colcon.colcon_core.shell:Creating package script '/home/aaron/ur_ws/install/moveit_resources_prbt_support/share/moveit_resources_prbt_support/package.zsh'
[1.126s] Level 1:colcon.colcon_core.environment:create_file_with_runtime_dependencies(/home/aaron/ur_ws/install/moveit_resources_prbt_support/share/colcon-core/packages/moveit_resources_prbt_support)
[1.126s] Level 1:colcon.colcon_core.environment:create_environment_scripts_only(moveit_resources_prbt_support)
[1.126s] Level 1:colcon.colcon_core.environment:checking '/home/aaron/ur_ws/install/moveit_resources_prbt_support' for CMake module files
[1.127s] Level 1:colcon.colcon_core.environment:checking '/home/aaron/ur_ws/install/moveit_resources_prbt_support' for CMake config files
[1.127s] Level 1:colcon.colcon_core.shell:create_environment_hook('moveit_resources_prbt_support', 'cmake_prefix_path')
[1.127s] INFO:colcon.colcon_core.shell:Creating environment hook '/home/aaron/ur_ws/install/moveit_resources_prbt_support/share/moveit_resources_prbt_support/hook/cmake_prefix_path.ps1'
[1.127s] INFO:colcon.colcon_core.shell:Creating environment descriptor '/home/aaron/ur_ws/install/moveit_resources_prbt_support/share/moveit_resources_prbt_support/hook/cmake_prefix_path.dsv'
[1.127s] INFO:colcon.colcon_core.shell:Creating environment hook '/home/aaron/ur_ws/install/moveit_resources_prbt_support/share/moveit_resources_prbt_support/hook/cmake_prefix_path.sh'
[1.127s] Level 1:colcon.colcon_core.environment:checking '/home/aaron/ur_ws/install/moveit_resources_prbt_support/bin'
[1.128s] Level 1:colcon.colcon_core.environment:checking '/home/aaron/ur_ws/install/moveit_resources_prbt_support/lib/pkgconfig/moveit_resources_prbt_support.pc'
[1.128s] Level 1:colcon.colcon_core.environment:checking '/home/aaron/ur_ws/install/moveit_resources_prbt_support/lib/python3.10/site-packages'
[1.128s] Level 1:colcon.colcon_core.environment:checking '/home/aaron/ur_ws/install/moveit_resources_prbt_support/bin'
[1.128s] INFO:colcon.colcon_core.shell:Creating package script '/home/aaron/ur_ws/install/moveit_resources_prbt_support/share/moveit_resources_prbt_support/package.ps1'
[1.128s] INFO:colcon.colcon_core.shell:Creating package descriptor '/home/aaron/ur_ws/install/moveit_resources_prbt_support/share/moveit_resources_prbt_support/package.dsv'
[1.129s] INFO:colcon.colcon_core.shell:Creating package script '/home/aaron/ur_ws/install/moveit_resources_prbt_support/share/moveit_resources_prbt_support/package.sh'
[1.129s] INFO:colcon.colcon_core.shell:Creating package script '/home/aaron/ur_ws/install/moveit_resources_prbt_support/share/moveit_resources_prbt_support/package.bash'
[1.129s] INFO:colcon.colcon_core.shell:Creating package script '/home/aaron/ur_ws/install/moveit_resources_prbt_support/share/moveit_resources_prbt_support/package.zsh'
[1.129s] Level 1:colcon.colcon_core.environment:create_file_with_runtime_dependencies(/home/aaron/ur_ws/install/moveit_resources_prbt_support/share/colcon-core/packages/moveit_resources_prbt_support)
[1.130s] INFO:colcon.colcon_ros.task.ament_cmake.build:Building ROS package in '/home/aaron/ur_ws/src/moveit_resources/panda_moveit_config' with build type 'ament_cmake'
[1.130s] INFO:colcon.colcon_cmake.task.cmake.build:Building CMake package in '/home/aaron/ur_ws/src/moveit_resources/panda_moveit_config'
[1.130s] INFO:colcon.colcon_core.shell:Skip shell extension 'powershell' for command environment: Not usable outside of PowerShell
[1.130s] DEBUG:colcon.colcon_core.shell:Skip shell extension 'dsv' for command environment
[1.132s] INFO:colcon.colcon_ros.task.ament_cmake.build:Building ROS package in '/home/aaron/ur_ws/src/moveit_resources/fanuc_moveit_config' with build type 'ament_cmake'
[1.132s] INFO:colcon.colcon_cmake.task.cmake.build:Building CMake package in '/home/aaron/ur_ws/src/moveit_resources/fanuc_moveit_config'
[1.132s] INFO:colcon.colcon_core.shell:Skip shell extension 'powershell' for command environment: Not usable outside of PowerShell
[1.132s] DEBUG:colcon.colcon_core.shell:Skip shell extension 'dsv' for command environment
[1.134s] INFO:colcon.colcon_ros.task.ament_cmake.build:Building ROS package in '/home/aaron/ur_ws/src/moveit_task_constructor/rviz_marker_tools' with build type 'ament_cmake'
[1.134s] INFO:colcon.colcon_cmake.task.cmake.build:Building CMake package in '/home/aaron/ur_ws/src/moveit_task_constructor/rviz_marker_tools'
[1.135s] INFO:colcon.colcon_core.shell:Skip shell extension 'powershell' for command environment: Not usable outside of PowerShell
[1.135s] DEBUG:colcon.colcon_core.shell:Skip shell extension 'dsv' for command environment
[1.137s] Level 1:colcon.colcon_core.environment:create_environment_scripts_only(srdfdom)
[1.137s] Level 1:colcon.colcon_core.environment:checking '/home/aaron/ur_ws/install/srdfdom' for CMake module files
[1.138s] DEBUG:colcon.colcon_core.event_handler.log_command:Invoked command in '/home/aaron/ur_ws/build/srdfdom' returned '0': CMAKE_PREFIX_PATH=/opt/ros/humble /usr/bin/cmake --install /home/aaron/ur_ws/build/srdfdom
[1.138s] Level 1:colcon.colcon_core.environment:checking '/home/aaron/ur_ws/install/srdfdom' for CMake config files
[1.138s] Level 1:colcon.colcon_core.shell:create_environment_hook('srdfdom', 'cmake_prefix_path')
[1.138s] INFO:colcon.colcon_core.shell:Creating environment hook '/home/aaron/ur_ws/install/srdfdom/share/srdfdom/hook/cmake_prefix_path.ps1'
[1.139s] INFO:colcon.colcon_core.shell:Creating environment descriptor '/home/aaron/ur_ws/install/srdfdom/share/srdfdom/hook/cmake_prefix_path.dsv'
[1.139s] INFO:colcon.colcon_core.shell:Creating environment hook '/home/aaron/ur_ws/install/srdfdom/share/srdfdom/hook/cmake_prefix_path.sh'
[1.139s] Level 1:colcon.colcon_core.environment:checking '/home/aaron/ur_ws/install/srdfdom/lib'
[1.139s] Level 1:colcon.colcon_core.shell:create_environment_hook('srdfdom', 'ld_library_path_lib')
[1.139s] INFO:colcon.colcon_core.shell:Creating environment hook '/home/aaron/ur_ws/install/srdfdom/share/srdfdom/hook/ld_library_path_lib.ps1'
[1.140s] INFO:colcon.colcon_core.shell:Creating environment descriptor '/home/aaron/ur_ws/install/srdfdom/share/srdfdom/hook/ld_library_path_lib.dsv'
[1.140s] INFO:colcon.colcon_core.shell:Creating environment hook '/home/aaron/ur_ws/install/srdfdom/share/srdfdom/hook/ld_library_path_lib.sh'
[1.140s] Level 1:colcon.colcon_core.environment:checking '/home/aaron/ur_ws/install/srdfdom/bin'
[1.140s] Level 1:colcon.colcon_core.environment:checking '/home/aaron/ur_ws/install/srdfdom/lib/pkgconfig/srdfdom.pc'
[1.140s] Level 1:colcon.colcon_core.environment:checking '/home/aaron/ur_ws/install/srdfdom/lib/python3.10/site-packages'
[1.140s] Level 1:colcon.colcon_core.environment:checking '/home/aaron/ur_ws/install/srdfdom/bin'
[1.141s] INFO:colcon.colcon_core.shell:Creating package script '/home/aaron/ur_ws/install/srdfdom/share/srdfdom/package.ps1'
[1.141s] INFO:colcon.colcon_core.shell:Creating package descriptor '/home/aaron/ur_ws/install/srdfdom/share/srdfdom/package.dsv'
[1.141s] INFO:colcon.colcon_core.shell:Creating package script '/home/aaron/ur_ws/install/srdfdom/share/srdfdom/package.sh'
[1.141s] INFO:colcon.colcon_core.shell:Creating package script '/home/aaron/ur_ws/install/srdfdom/share/srdfdom/package.bash'
[1.141s] INFO:colcon.colcon_core.shell:Creating package script '/home/aaron/ur_ws/install/srdfdom/share/srdfdom/package.zsh'
[1.142s] Level 1:colcon.colcon_core.environment:create_file_with_runtime_dependencies(/home/aaron/ur_ws/install/srdfdom/share/colcon-core/packages/srdfdom)
[1.142s] Level 1:colcon.colcon_core.environment:create_environment_scripts_only(srdfdom)
[1.142s] Level 1:colcon.colcon_core.environment:checking '/home/aaron/ur_ws/install/srdfdom' for CMake module files
[1.142s] Level 1:colcon.colcon_core.environment:checking '/home/aaron/ur_ws/install/srdfdom' for CMake config files
[1.142s] Level 1:colcon.colcon_core.shell:create_environment_hook('srdfdom', 'cmake_prefix_path')
[1.143s] INFO:colcon.colcon_core.shell:Creating environment hook '/home/aaron/ur_ws/install/srdfdom/share/srdfdom/hook/cmake_prefix_path.ps1'
[1.143s] INFO:colcon.colcon_core.shell:Creating environment descriptor '/home/aaron/ur_ws/install/srdfdom/share/srdfdom/hook/cmake_prefix_path.dsv'
[1.143s] INFO:colcon.colcon_core.shell:Creating environment hook '/home/aaron/ur_ws/install/srdfdom/share/srdfdom/hook/cmake_prefix_path.sh'
[1.143s] Level 1:colcon.colcon_core.environment:checking '/home/aaron/ur_ws/install/srdfdom/lib'
[1.143s] Level 1:colcon.colcon_core.shell:create_environment_hook('srdfdom', 'ld_library_path_lib')
[1.143s] INFO:colcon.colcon_core.shell:Creating environment hook '/home/aaron/ur_ws/install/srdfdom/share/srdfdom/hook/ld_library_path_lib.ps1'
[1.144s] INFO:colcon.colcon_core.shell:Creating environment descriptor '/home/aaron/ur_ws/install/srdfdom/share/srdfdom/hook/ld_library_path_lib.dsv'
[1.144s] INFO:colcon.colcon_core.shell:Creating environment hook '/home/aaron/ur_ws/install/srdfdom/share/srdfdom/hook/ld_library_path_lib.sh'
[1.144s] Level 1:colcon.colcon_core.environment:checking '/home/aaron/ur_ws/install/srdfdom/bin'
[1.144s] Level 1:colcon.colcon_core.environment:checking '/home/aaron/ur_ws/install/srdfdom/lib/pkgconfig/srdfdom.pc'
[1.144s] Level 1:colcon.colcon_core.environment:checking '/home/aaron/ur_ws/install/srdfdom/lib/python3.10/site-packages'
[1.144s] Level 1:colcon.colcon_core.environment:checking '/home/aaron/ur_ws/install/srdfdom/bin'
[1.145s] INFO:colcon.colcon_core.shell:Creating package script '/home/aaron/ur_ws/install/srdfdom/share/srdfdom/package.ps1'
[1.145s] INFO:colcon.colcon_core.shell:Creating package descriptor '/home/aaron/ur_ws/install/srdfdom/share/srdfdom/package.dsv'
[1.145s] INFO:colcon.colcon_core.shell:Creating package script '/home/aaron/ur_ws/install/srdfdom/share/srdfdom/package.sh'
[1.145s] INFO:colcon.colcon_core.shell:Creating package script '/home/aaron/ur_ws/install/srdfdom/share/srdfdom/package.bash'
[1.146s] INFO:colcon.colcon_core.shell:Creating package script '/home/aaron/ur_ws/install/srdfdom/share/srdfdom/package.zsh'
[1.146s] Level 1:colcon.colcon_core.environment:create_file_with_runtime_dependencies(/home/aaron/ur_ws/install/srdfdom/share/colcon-core/packages/srdfdom)
[1.146s] Level 1:colcon.colcon_core.environment:create_environment_scripts_only(moveit_task_constructor_msgs)
[1.146s] Level 1:colcon.colcon_core.environment:checking '/home/aaron/ur_ws/install/moveit_task_constructor_msgs' for CMake module files
[1.147s] DEBUG:colcon.colcon_core.event_handler.log_command:Invoked command in '/home/aaron/ur_ws/build/moveit_task_constructor_msgs' returned '0': CMAKE_PREFIX_PATH=/opt/ros/humble /usr/bin/cmake --install /home/aaron/ur_ws/build/moveit_task_constructor_msgs
[1.147s] Level 1:colcon.colcon_core.environment:checking '/home/aaron/ur_ws/install/moveit_task_constructor_msgs' for CMake config files
[1.147s] Level 1:colcon.colcon_core.shell:create_environment_hook('moveit_task_constructor_msgs', 'cmake_prefix_path')
[1.147s] INFO:colcon.colcon_core.shell:Creating environment hook '/home/aaron/ur_ws/install/moveit_task_constructor_msgs/share/moveit_task_constructor_msgs/hook/cmake_prefix_path.ps1'
[1.147s] INFO:colcon.colcon_core.shell:Creating environment descriptor '/home/aaron/ur_ws/install/moveit_task_constructor_msgs/share/moveit_task_constructor_msgs/hook/cmake_prefix_path.dsv'
[1.148s] INFO:colcon.colcon_core.shell:Creating environment hook '/home/aaron/ur_ws/install/moveit_task_constructor_msgs/share/moveit_task_constructor_msgs/hook/cmake_prefix_path.sh'
[1.148s] Level 1:colcon.colcon_core.environment:checking '/home/aaron/ur_ws/install/moveit_task_constructor_msgs/lib'
[1.148s] Level 1:colcon.colcon_core.shell:create_environment_hook('moveit_task_constructor_msgs', 'ld_library_path_lib')
[1.148s] INFO:colcon.colcon_core.shell:Creating environment hook '/home/aaron/ur_ws/install/moveit_task_constructor_msgs/share/moveit_task_constructor_msgs/hook/ld_library_path_lib.ps1'
[1.148s] INFO:colcon.colcon_core.shell:Creating environment descriptor '/home/aaron/ur_ws/install/moveit_task_constructor_msgs/share/moveit_task_constructor_msgs/hook/ld_library_path_lib.dsv'
[1.149s] INFO:colcon.colcon_core.shell:Creating environment hook '/home/aaron/ur_ws/install/moveit_task_constructor_msgs/share/moveit_task_constructor_msgs/hook/ld_library_path_lib.sh'
[1.149s] Level 1:colcon.colcon_core.environment:checking '/home/aaron/ur_ws/install/moveit_task_constructor_msgs/bin'
[1.149s] Level 1:colcon.colcon_core.environment:checking '/home/aaron/ur_ws/install/moveit_task_constructor_msgs/lib/pkgconfig/moveit_task_constructor_msgs.pc'
[1.149s] Level 1:colcon.colcon_core.environment:checking '/home/aaron/ur_ws/install/moveit_task_constructor_msgs/lib/python3.10/site-packages'
[1.149s] Level 1:colcon.colcon_core.environment:checking '/home/aaron/ur_ws/install/moveit_task_constructor_msgs/bin'
[1.149s] INFO:colcon.colcon_core.shell:Creating package script '/home/aaron/ur_ws/install/moveit_task_constructor_msgs/share/moveit_task_constructor_msgs/package.ps1'
[1.150s] INFO:colcon.colcon_core.shell:Creating package descriptor '/home/aaron/ur_ws/install/moveit_task_constructor_msgs/share/moveit_task_constructor_msgs/package.dsv'
[1.150s] INFO:colcon.colcon_core.shell:Creating package script '/home/aaron/ur_ws/install/moveit_task_constructor_msgs/share/moveit_task_constructor_msgs/package.sh'
[1.150s] INFO:colcon.colcon_core.shell:Creating package script '/home/aaron/ur_ws/install/moveit_task_constructor_msgs/share/moveit_task_constructor_msgs/package.bash'
[1.150s] INFO:colcon.colcon_core.shell:Creating package script '/home/aaron/ur_ws/install/moveit_task_constructor_msgs/share/moveit_task_constructor_msgs/package.zsh'
[1.150s] Level 1:colcon.colcon_core.environment:create_file_with_runtime_dependencies(/home/aaron/ur_ws/install/moveit_task_constructor_msgs/share/colcon-core/packages/moveit_task_constructor_msgs)
[1.151s] Level 1:colcon.colcon_core.environment:create_environment_scripts_only(moveit_task_constructor_msgs)
[1.151s] Level 1:colcon.colcon_core.environment:checking '/home/aaron/ur_ws/install/moveit_task_constructor_msgs' for CMake module files
[1.151s] Level 1:colcon.colcon_core.environment:checking '/home/aaron/ur_ws/install/moveit_task_constructor_msgs' for CMake config files
[1.151s] Level 1:colcon.colcon_core.shell:create_environment_hook('moveit_task_constructor_msgs', 'cmake_prefix_path')
[1.152s] INFO:colcon.colcon_core.shell:Creating environment hook '/home/aaron/ur_ws/install/moveit_task_constructor_msgs/share/moveit_task_constructor_msgs/hook/cmake_prefix_path.ps1'
[1.152s] INFO:colcon.colcon_core.shell:Creating environment descriptor '/home/aaron/ur_ws/install/moveit_task_constructor_msgs/share/moveit_task_constructor_msgs/hook/cmake_prefix_path.dsv'
[1.152s] INFO:colcon.colcon_core.shell:Creating environment hook '/home/aaron/ur_ws/install/moveit_task_constructor_msgs/share/moveit_task_constructor_msgs/hook/cmake_prefix_path.sh'
[1.153s] Level 1:colcon.colcon_core.environment:checking '/home/aaron/ur_ws/install/moveit_task_constructor_msgs/lib'
[1.153s] Level 1:colcon.colcon_core.shell:create_environment_hook('moveit_task_constructor_msgs', 'ld_library_path_lib')
[1.153s] INFO:colcon.colcon_core.shell:Creating environment hook '/home/aaron/ur_ws/install/moveit_task_constructor_msgs/share/moveit_task_constructor_msgs/hook/ld_library_path_lib.ps1'
[1.153s] INFO:colcon.colcon_core.shell:Creating environment descriptor '/home/aaron/ur_ws/install/moveit_task_constructor_msgs/share/moveit_task_constructor_msgs/hook/ld_library_path_lib.dsv'
[1.153s] INFO:colcon.colcon_core.shell:Creating environment hook '/home/aaron/ur_ws/install/moveit_task_constructor_msgs/share/moveit_task_constructor_msgs/hook/ld_library_path_lib.sh'
[1.153s] Level 1:colcon.colcon_core.environment:checking '/home/aaron/ur_ws/install/moveit_task_constructor_msgs/bin'
[1.153s] Level 1:colcon.colcon_core.environment:checking '/home/aaron/ur_ws/install/moveit_task_constructor_msgs/lib/pkgconfig/moveit_task_constructor_msgs.pc'
[1.153s] Level 1:colcon.colcon_core.environment:checking '/home/aaron/ur_ws/install/moveit_task_constructor_msgs/lib/python3.10/site-packages'
[1.154s] Level 1:colcon.colcon_core.environment:checking '/home/aaron/ur_ws/install/moveit_task_constructor_msgs/bin'
[1.154s] INFO:colcon.colcon_core.shell:Creating package script '/home/aaron/ur_ws/install/moveit_task_constructor_msgs/share/moveit_task_constructor_msgs/package.ps1'
[1.154s] INFO:colcon.colcon_core.shell:Creating package descriptor '/home/aaron/ur_ws/install/moveit_task_constructor_msgs/share/moveit_task_constructor_msgs/package.dsv'
[1.154s] INFO:colcon.colcon_core.shell:Creating package script '/home/aaron/ur_ws/install/moveit_task_constructor_msgs/share/moveit_task_constructor_msgs/package.sh'
[1.155s] INFO:colcon.colcon_core.shell:Creating package script '/home/aaron/ur_ws/install/moveit_task_constructor_msgs/share/moveit_task_constructor_msgs/package.bash'
[1.155s] INFO:colcon.colcon_core.shell:Creating package script '/home/aaron/ur_ws/install/moveit_task_constructor_msgs/share/moveit_task_constructor_msgs/package.zsh'
[1.155s] Level 1:colcon.colcon_core.environment:create_file_with_runtime_dependencies(/home/aaron/ur_ws/install/moveit_task_constructor_msgs/share/colcon-core/packages/moveit_task_constructor_msgs)
[1.156s] Level 1:colcon.colcon_core.environment:create_environment_scripts_only(rosparam_shortcuts)
[1.156s] Level 1:colcon.colcon_core.environment:checking '/home/aaron/ur_ws/install/rosparam_shortcuts' for CMake module files
[1.156s] DEBUG:colcon.colcon_core.event_handler.log_command:Invoked command in '/home/aaron/ur_ws/build/rosparam_shortcuts' returned '0': CMAKE_PREFIX_PATH=/opt/ros/humble /usr/bin/cmake --install /home/aaron/ur_ws/build/rosparam_shortcuts
[1.157s] Level 1:colcon.colcon_core.environment:checking '/home/aaron/ur_ws/install/rosparam_shortcuts' for CMake config files
[1.157s] Level 1:colcon.colcon_core.shell:create_environment_hook('rosparam_shortcuts', 'cmake_prefix_path')
[1.157s] INFO:colcon.colcon_core.shell:Creating environment hook '/home/aaron/ur_ws/install/rosparam_shortcuts/share/rosparam_shortcuts/hook/cmake_prefix_path.ps1'
[1.157s] INFO:colcon.colcon_core.shell:Creating environment descriptor '/home/aaron/ur_ws/install/rosparam_shortcuts/share/rosparam_shortcuts/hook/cmake_prefix_path.dsv'
[1.157s] INFO:colcon.colcon_core.shell:Creating environment hook '/home/aaron/ur_ws/install/rosparam_shortcuts/share/rosparam_shortcuts/hook/cmake_prefix_path.sh'
[1.158s] Level 1:colcon.colcon_core.environment:checking '/home/aaron/ur_ws/install/rosparam_shortcuts/lib'
[1.158s] Level 1:colcon.colcon_core.shell:create_environment_hook('rosparam_shortcuts', 'ld_library_path_lib')
[1.158s] INFO:colcon.colcon_core.shell:Creating environment hook '/home/aaron/ur_ws/install/rosparam_shortcuts/share/rosparam_shortcuts/hook/ld_library_path_lib.ps1'
[1.158s] INFO:colcon.colcon_core.shell:Creating environment descriptor '/home/aaron/ur_ws/install/rosparam_shortcuts/share/rosparam_shortcuts/hook/ld_library_path_lib.dsv'
[1.158s] INFO:colcon.colcon_core.shell:Creating environment hook '/home/aaron/ur_ws/install/rosparam_shortcuts/share/rosparam_shortcuts/hook/ld_library_path_lib.sh'
[1.158s] Level 1:colcon.colcon_core.environment:checking '/home/aaron/ur_ws/install/rosparam_shortcuts/bin'
[1.158s] Level 1:colcon.colcon_core.environment:checking '/home/aaron/ur_ws/install/rosparam_shortcuts/lib/pkgconfig/rosparam_shortcuts.pc'
[1.159s] Level 1:colcon.colcon_core.environment:checking '/home/aaron/ur_ws/install/rosparam_shortcuts/lib/python3.10/site-packages'
[1.159s] Level 1:colcon.colcon_core.environment:checking '/home/aaron/ur_ws/install/rosparam_shortcuts/bin'
[1.159s] INFO:colcon.colcon_core.shell:Creating package script '/home/aaron/ur_ws/install/rosparam_shortcuts/share/rosparam_shortcuts/package.ps1'
[1.159s] INFO:colcon.colcon_core.shell:Creating package descriptor '/home/aaron/ur_ws/install/rosparam_shortcuts/share/rosparam_shortcuts/package.dsv'
[1.160s] INFO:colcon.colcon_core.shell:Creating package script '/home/aaron/ur_ws/install/rosparam_shortcuts/share/rosparam_shortcuts/package.sh'
[1.160s] INFO:colcon.colcon_core.shell:Creating package script '/home/aaron/ur_ws/install/rosparam_shortcuts/share/rosparam_shortcuts/package.bash'
[1.160s] INFO:colcon.colcon_core.shell:Creating package script '/home/aaron/ur_ws/install/rosparam_shortcuts/share/rosparam_shortcuts/package.zsh'
[1.160s] Level 1:colcon.colcon_core.environment:create_file_with_runtime_dependencies(/home/aaron/ur_ws/install/rosparam_shortcuts/share/colcon-core/packages/rosparam_shortcuts)
[1.160s] Level 1:colcon.colcon_core.environment:create_environment_scripts_only(rosparam_shortcuts)
[1.161s] Level 1:colcon.colcon_core.environment:checking '/home/aaron/ur_ws/install/rosparam_shortcuts' for CMake module files
[1.161s] Level 1:colcon.colcon_core.environment:checking '/home/aaron/ur_ws/install/rosparam_shortcuts' for CMake config files
[1.161s] Level 1:colcon.colcon_core.shell:create_environment_hook('rosparam_shortcuts', 'cmake_prefix_path')
[1.161s] INFO:colcon.colcon_core.shell:Creating environment hook '/home/aaron/ur_ws/install/rosparam_shortcuts/share/rosparam_shortcuts/hook/cmake_prefix_path.ps1'
[1.161s] INFO:colcon.colcon_core.shell:Creating environment descriptor '/home/aaron/ur_ws/install/rosparam_shortcuts/share/rosparam_shortcuts/hook/cmake_prefix_path.dsv'
[1.161s] INFO:colcon.colcon_core.shell:Creating environment hook '/home/aaron/ur_ws/install/rosparam_shortcuts/share/rosparam_shortcuts/hook/cmake_prefix_path.sh'
[1.162s] Level 1:colcon.colcon_core.environment:checking '/home/aaron/ur_ws/install/rosparam_shortcuts/lib'
[1.162s] Level 1:colcon.colcon_core.shell:create_environment_hook('rosparam_shortcuts', 'ld_library_path_lib')
[1.162s] INFO:colcon.colcon_core.shell:Creating environment hook '/home/aaron/ur_ws/install/rosparam_shortcuts/share/rosparam_shortcuts/hook/ld_library_path_lib.ps1'
[1.162s] INFO:colcon.colcon_core.shell:Creating environment descriptor '/home/aaron/ur_ws/install/rosparam_shortcuts/share/rosparam_shortcuts/hook/ld_library_path_lib.dsv'
[1.162s] INFO:colcon.colcon_core.shell:Creating environment hook '/home/aaron/ur_ws/install/rosparam_shortcuts/share/rosparam_shortcuts/hook/ld_library_path_lib.sh'
[1.162s] Level 1:colcon.colcon_core.environment:checking '/home/aaron/ur_ws/install/rosparam_shortcuts/bin'
[1.163s] Level 1:colcon.colcon_core.environment:checking '/home/aaron/ur_ws/install/rosparam_shortcuts/lib/pkgconfig/rosparam_shortcuts.pc'
[1.163s] Level 1:colcon.colcon_core.environment:checking '/home/aaron/ur_ws/install/rosparam_shortcuts/lib/python3.10/site-packages'
[1.163s] Level 1:colcon.colcon_core.environment:checking '/home/aaron/ur_ws/install/rosparam_shortcuts/bin'
[1.163s] INFO:colcon.colcon_core.shell:Creating package script '/home/aaron/ur_ws/install/rosparam_shortcuts/share/rosparam_shortcuts/package.ps1'
[1.163s] INFO:colcon.colcon_core.shell:Creating package descriptor '/home/aaron/ur_ws/install/rosparam_shortcuts/share/rosparam_shortcuts/package.dsv'
[1.164s] INFO:colcon.colcon_core.shell:Creating package script '/home/aaron/ur_ws/install/rosparam_shortcuts/share/rosparam_shortcuts/package.sh'
[1.164s] INFO:colcon.colcon_core.shell:Creating package script '/home/aaron/ur_ws/install/rosparam_shortcuts/share/rosparam_shortcuts/package.bash'
[1.164s] INFO:colcon.colcon_core.shell:Creating package script '/home/aaron/ur_ws/install/rosparam_shortcuts/share/rosparam_shortcuts/package.zsh'
[1.164s] Level 1:colcon.colcon_core.environment:create_file_with_runtime_dependencies(/home/aaron/ur_ws/install/rosparam_shortcuts/share/colcon-core/packages/rosparam_shortcuts)
[1.167s] DEBUG:colcon.colcon_core.event_handler.log_command:Invoking command in '/home/aaron/ur_ws/build/moveit_resources_panda_moveit_config': AMENT_PREFIX_PATH=/home/aaron/ur_ws/install/moveit_resources_panda_description:${AMENT_PREFIX_PATH} CMAKE_PREFIX_PATH=/home/aaron/ur_ws/install/moveit_resources_panda_description:/opt/ros/humble /usr/bin/cmake --build /home/aaron/ur_ws/build/moveit_resources_panda_moveit_config -- -j20 -l20
[1.168s] DEBUG:colcon.colcon_core.event_handler.log_command:Invoking command in '/home/aaron/ur_ws/build/moveit_resources_fanuc_moveit_config': AMENT_PREFIX_PATH=/home/aaron/ur_ws/install/moveit_resources_fanuc_description:${AMENT_PREFIX_PATH} CMAKE_PREFIX_PATH=/home/aaron/ur_ws/install/moveit_resources_fanuc_description:/opt/ros/humble /usr/bin/cmake --build /home/aaron/ur_ws/build/moveit_resources_fanuc_moveit_config -- -j20 -l20
[1.170s] DEBUG:colcon.colcon_core.event_handler.log_command:Invoking command in '/home/aaron/ur_ws/build/rviz_marker_tools': AMENT_PREFIX_PATH=/home/aaron/ur_ws/install/moveit_common:${AMENT_PREFIX_PATH} CMAKE_PREFIX_PATH=/home/aaron/ur_ws/install/moveit_common:/opt/ros/humble /usr/bin/cmake --build /home/aaron/ur_ws/build/rviz_marker_tools -- -j20 -l20
[1.200s] DEBUG:colcon.colcon_core.event_handler.log_command:Invoked command in '/home/aaron/ur_ws/build/moveit_resources_fanuc_moveit_config' returned '0': AMENT_PREFIX_PATH=/home/aaron/ur_ws/install/moveit_resources_fanuc_description:${AMENT_PREFIX_PATH} CMAKE_PREFIX_PATH=/home/aaron/ur_ws/install/moveit_resources_fanuc_description:/opt/ros/humble /usr/bin/cmake --build /home/aaron/ur_ws/build/moveit_resources_fanuc_moveit_config -- -j20 -l20
[1.202s] DEBUG:colcon.colcon_core.event_handler.log_command:Invoking command in '/home/aaron/ur_ws/build/moveit_resources_fanuc_moveit_config': AMENT_PREFIX_PATH=/home/aaron/ur_ws/install/moveit_resources_fanuc_description:${AMENT_PREFIX_PATH} CMAKE_PREFIX_PATH=/home/aaron/ur_ws/install/moveit_resources_fanuc_description:/opt/ros/humble /usr/bin/cmake --install /home/aaron/ur_ws/build/moveit_resources_fanuc_moveit_config
[1.203s] DEBUG:colcon.colcon_core.event_handler.log_command:Invoked command in '/home/aaron/ur_ws/build/moveit_resources_panda_moveit_config' returned '0': AMENT_PREFIX_PATH=/home/aaron/ur_ws/install/moveit_resources_panda_description:${AMENT_PREFIX_PATH} CMAKE_PREFIX_PATH=/home/aaron/ur_ws/install/moveit_resources_panda_description:/opt/ros/humble /usr/bin/cmake --build /home/aaron/ur_ws/build/moveit_resources_panda_moveit_config -- -j20 -l20
[1.204s] DEBUG:colcon.colcon_core.event_handler.log_command:Invoking command in '/home/aaron/ur_ws/build/moveit_resources_panda_moveit_config': AMENT_PREFIX_PATH=/home/aaron/ur_ws/install/moveit_resources_panda_description:${AMENT_PREFIX_PATH} CMAKE_PREFIX_PATH=/home/aaron/ur_ws/install/moveit_resources_panda_description:/opt/ros/humble /usr/bin/cmake --install /home/aaron/ur_ws/build/moveit_resources_panda_moveit_config
[1.212s] Level 1:colcon.colcon_core.environment:create_environment_scripts_only(moveit_resources_fanuc_moveit_config)
[1.212s] Level 1:colcon.colcon_core.environment:checking '/home/aaron/ur_ws/install/moveit_resources_fanuc_moveit_config' for CMake module files
[1.213s] DEBUG:colcon.colcon_core.event_handler.log_command:Invoked command in '/home/aaron/ur_ws/build/moveit_resources_fanuc_moveit_config' returned '0': AMENT_PREFIX_PATH=/home/aaron/ur_ws/install/moveit_resources_fanuc_description:${AMENT_PREFIX_PATH} CMAKE_PREFIX_PATH=/home/aaron/ur_ws/install/moveit_resources_fanuc_description:/opt/ros/humble /usr/bin/cmake --install /home/aaron/ur_ws/build/moveit_resources_fanuc_moveit_config
[1.214s] Level 1:colcon.colcon_core.environment:checking '/home/aaron/ur_ws/install/moveit_resources_fanuc_moveit_config' for CMake config files
[1.217s] Level 1:colcon.colcon_core.shell:create_environment_hook('moveit_resources_fanuc_moveit_config', 'cmake_prefix_path')
[1.217s] INFO:colcon.colcon_core.shell:Creating environment hook '/home/aaron/ur_ws/install/moveit_resources_fanuc_moveit_config/share/moveit_resources_fanuc_moveit_config/hook/cmake_prefix_path.ps1'
[1.218s] INFO:colcon.colcon_core.shell:Creating environment descriptor '/home/aaron/ur_ws/install/moveit_resources_fanuc_moveit_config/share/moveit_resources_fanuc_moveit_config/hook/cmake_prefix_path.dsv'
[1.218s] INFO:colcon.colcon_core.shell:Creating environment hook '/home/aaron/ur_ws/install/moveit_resources_fanuc_moveit_config/share/moveit_resources_fanuc_moveit_config/hook/cmake_prefix_path.sh'
[1.219s] Level 1:colcon.colcon_core.environment:checking '/home/aaron/ur_ws/install/moveit_resources_fanuc_moveit_config/bin'
[1.219s] Level 1:colcon.colcon_core.environment:checking '/home/aaron/ur_ws/install/moveit_resources_fanuc_moveit_config/lib/pkgconfig/moveit_resources_fanuc_moveit_config.pc'
[1.219s] Level 1:colcon.colcon_core.environment:checking '/home/aaron/ur_ws/install/moveit_resources_fanuc_moveit_config/lib/python3.10/site-packages'
[1.219s] Level 1:colcon.colcon_core.environment:checking '/home/aaron/ur_ws/install/moveit_resources_fanuc_moveit_config/bin'
[1.220s] INFO:colcon.colcon_core.shell:Creating package script '/home/aaron/ur_ws/install/moveit_resources_fanuc_moveit_config/share/moveit_resources_fanuc_moveit_config/package.ps1'
[1.220s] INFO:colcon.colcon_core.shell:Creating package descriptor '/home/aaron/ur_ws/install/moveit_resources_fanuc_moveit_config/share/moveit_resources_fanuc_moveit_config/package.dsv'
[1.220s] INFO:colcon.colcon_core.shell:Creating package script '/home/aaron/ur_ws/install/moveit_resources_fanuc_moveit_config/share/moveit_resources_fanuc_moveit_config/package.sh'
[1.220s] INFO:colcon.colcon_core.shell:Creating package script '/home/aaron/ur_ws/install/moveit_resources_fanuc_moveit_config/share/moveit_resources_fanuc_moveit_config/package.bash'
[1.221s] INFO:colcon.colcon_core.shell:Creating package script '/home/aaron/ur_ws/install/moveit_resources_fanuc_moveit_config/share/moveit_resources_fanuc_moveit_config/package.zsh'
[1.221s] Level 1:colcon.colcon_core.environment:create_file_with_runtime_dependencies(/home/aaron/ur_ws/install/moveit_resources_fanuc_moveit_config/share/colcon-core/packages/moveit_resources_fanuc_moveit_config)
[1.221s] Level 1:colcon.colcon_core.environment:create_environment_scripts_only(moveit_resources_fanuc_moveit_config)
[1.221s] Level 1:colcon.colcon_core.environment:checking '/home/aaron/ur_ws/install/moveit_resources_fanuc_moveit_config' for CMake module files
[1.221s] Level 1:colcon.colcon_core.environment:checking '/home/aaron/ur_ws/install/moveit_resources_fanuc_moveit_config' for CMake config files
[1.222s] Level 1:colcon.colcon_core.shell:create_environment_hook('moveit_resources_fanuc_moveit_config', 'cmake_prefix_path')
[1.222s] INFO:colcon.colcon_core.shell:Creating environment hook '/home/aaron/ur_ws/install/moveit_resources_fanuc_moveit_config/share/moveit_resources_fanuc_moveit_config/hook/cmake_prefix_path.ps1'
[1.222s] INFO:colcon.colcon_core.shell:Creating environment descriptor '/home/aaron/ur_ws/install/moveit_resources_fanuc_moveit_config/share/moveit_resources_fanuc_moveit_config/hook/cmake_prefix_path.dsv'
[1.222s] INFO:colcon.colcon_core.shell:Creating environment hook '/home/aaron/ur_ws/install/moveit_resources_fanuc_moveit_config/share/moveit_resources_fanuc_moveit_config/hook/cmake_prefix_path.sh'
[1.222s] Level 1:colcon.colcon_core.environment:checking '/home/aaron/ur_ws/install/moveit_resources_fanuc_moveit_config/bin'
[1.222s] Level 1:colcon.colcon_core.environment:checking '/home/aaron/ur_ws/install/moveit_resources_fanuc_moveit_config/lib/pkgconfig/moveit_resources_fanuc_moveit_config.pc'
[1.223s] Level 1:colcon.colcon_core.environment:checking '/home/aaron/ur_ws/install/moveit_resources_fanuc_moveit_config/lib/python3.10/site-packages'
[1.223s] Level 1:colcon.colcon_core.environment:checking '/home/aaron/ur_ws/install/moveit_resources_fanuc_moveit_config/bin'
[1.223s] INFO:colcon.colcon_core.shell:Creating package script '/home/aaron/ur_ws/install/moveit_resources_fanuc_moveit_config/share/moveit_resources_fanuc_moveit_config/package.ps1'
[1.223s] INFO:colcon.colcon_core.shell:Creating package descriptor '/home/aaron/ur_ws/install/moveit_resources_fanuc_moveit_config/share/moveit_resources_fanuc_moveit_config/package.dsv'
[1.224s] INFO:colcon.colcon_core.shell:Creating package script '/home/aaron/ur_ws/install/moveit_resources_fanuc_moveit_config/share/moveit_resources_fanuc_moveit_config/package.sh'
[1.224s] INFO:colcon.colcon_core.shell:Creating package script '/home/aaron/ur_ws/install/moveit_resources_fanuc_moveit_config/share/moveit_resources_fanuc_moveit_config/package.bash'
[1.224s] INFO:colcon.colcon_core.shell:Creating package script '/home/aaron/ur_ws/install/moveit_resources_fanuc_moveit_config/share/moveit_resources_fanuc_moveit_config/package.zsh'
[1.224s] Level 1:colcon.colcon_core.environment:create_file_with_runtime_dependencies(/home/aaron/ur_ws/install/moveit_resources_fanuc_moveit_config/share/colcon-core/packages/moveit_resources_fanuc_moveit_config)
[1.226s] Level 1:colcon.colcon_core.environment:create_environment_scripts_only(moveit_resources_panda_moveit_config)
[1.226s] Level 1:colcon.colcon_core.environment:checking '/home/aaron/ur_ws/install/moveit_resources_panda_moveit_config' for CMake module files
[1.226s] Level 1:colcon.colcon_core.environment:checking '/home/aaron/ur_ws/install/moveit_resources_panda_moveit_config' for CMake config files
[1.226s] DEBUG:colcon.colcon_core.event_handler.log_command:Invoked command in '/home/aaron/ur_ws/build/moveit_resources_panda_moveit_config' returned '0': AMENT_PREFIX_PATH=/home/aaron/ur_ws/install/moveit_resources_panda_description:${AMENT_PREFIX_PATH} CMAKE_PREFIX_PATH=/home/aaron/ur_ws/install/moveit_resources_panda_description:/opt/ros/humble /usr/bin/cmake --install /home/aaron/ur_ws/build/moveit_resources_panda_moveit_config
[1.227s] Level 1:colcon.colcon_core.shell:create_environment_hook('moveit_resources_panda_moveit_config', 'cmake_prefix_path')
[1.227s] INFO:colcon.colcon_core.shell:Creating environment hook '/home/aaron/ur_ws/install/moveit_resources_panda_moveit_config/share/moveit_resources_panda_moveit_config/hook/cmake_prefix_path.ps1'
[1.227s] INFO:colcon.colcon_core.shell:Creating environment descriptor '/home/aaron/ur_ws/install/moveit_resources_panda_moveit_config/share/moveit_resources_panda_moveit_config/hook/cmake_prefix_path.dsv'
[1.227s] INFO:colcon.colcon_core.shell:Creating environment hook '/home/aaron/ur_ws/install/moveit_resources_panda_moveit_config/share/moveit_resources_panda_moveit_config/hook/cmake_prefix_path.sh'
[1.228s] Level 1:colcon.colcon_core.environment:checking '/home/aaron/ur_ws/install/moveit_resources_panda_moveit_config/bin'
[1.228s] Level 1:colcon.colcon_core.environment:checking '/home/aaron/ur_ws/install/moveit_resources_panda_moveit_config/lib/pkgconfig/moveit_resources_panda_moveit_config.pc'
[1.228s] Level 1:colcon.colcon_core.environment:checking '/home/aaron/ur_ws/install/moveit_resources_panda_moveit_config/lib/python3.10/site-packages'
[1.228s] Level 1:colcon.colcon_core.environment:checking '/home/aaron/ur_ws/install/moveit_resources_panda_moveit_config/bin'
[1.228s] INFO:colcon.colcon_core.shell:Creating package script '/home/aaron/ur_ws/install/moveit_resources_panda_moveit_config/share/moveit_resources_panda_moveit_config/package.ps1'
[1.228s] INFO:colcon.colcon_core.shell:Creating package descriptor '/home/aaron/ur_ws/install/moveit_resources_panda_moveit_config/share/moveit_resources_panda_moveit_config/package.dsv'
[1.229s] INFO:colcon.colcon_core.shell:Creating package script '/home/aaron/ur_ws/install/moveit_resources_panda_moveit_config/share/moveit_resources_panda_moveit_config/package.sh'
[1.229s] INFO:colcon.colcon_core.shell:Creating package script '/home/aaron/ur_ws/install/moveit_resources_panda_moveit_config/share/moveit_resources_panda_moveit_config/package.bash'
[1.229s] INFO:colcon.colcon_core.shell:Creating package script '/home/aaron/ur_ws/install/moveit_resources_panda_moveit_config/share/moveit_resources_panda_moveit_config/package.zsh'
[1.229s] Level 1:colcon.colcon_core.environment:create_file_with_runtime_dependencies(/home/aaron/ur_ws/install/moveit_resources_panda_moveit_config/share/colcon-core/packages/moveit_resources_panda_moveit_config)
[1.229s] Level 1:colcon.colcon_core.environment:create_environment_scripts_only(moveit_resources_panda_moveit_config)
[1.230s] Level 1:colcon.colcon_core.environment:checking '/home/aaron/ur_ws/install/moveit_resources_panda_moveit_config' for CMake module files
[1.230s] Level 1:colcon.colcon_core.environment:checking '/home/aaron/ur_ws/install/moveit_resources_panda_moveit_config' for CMake config files
[1.230s] Level 1:colcon.colcon_core.shell:create_environment_hook('moveit_resources_panda_moveit_config', 'cmake_prefix_path')
[1.230s] INFO:colcon.colcon_core.shell:Creating environment hook '/home/aaron/ur_ws/install/moveit_resources_panda_moveit_config/share/moveit_resources_panda_moveit_config/hook/cmake_prefix_path.ps1'
[1.230s] INFO:colcon.colcon_core.shell:Creating environment descriptor '/home/aaron/ur_ws/install/moveit_resources_panda_moveit_config/share/moveit_resources_panda_moveit_config/hook/cmake_prefix_path.dsv'
[1.230s] INFO:colcon.colcon_core.shell:Creating environment hook '/home/aaron/ur_ws/install/moveit_resources_panda_moveit_config/share/moveit_resources_panda_moveit_config/hook/cmake_prefix_path.sh'
[1.231s] Level 1:colcon.colcon_core.environment:checking '/home/aaron/ur_ws/install/moveit_resources_panda_moveit_config/bin'
[1.231s] Level 1:colcon.colcon_core.environment:checking '/home/aaron/ur_ws/install/moveit_resources_panda_moveit_config/lib/pkgconfig/moveit_resources_panda_moveit_config.pc'
[1.231s] Level 1:colcon.colcon_core.environment:checking '/home/aaron/ur_ws/install/moveit_resources_panda_moveit_config/lib/python3.10/site-packages'
[1.231s] Level 1:colcon.colcon_core.environment:checking '/home/aaron/ur_ws/install/moveit_resources_panda_moveit_config/bin'
[1.231s] INFO:colcon.colcon_core.shell:Creating package script '/home/aaron/ur_ws/install/moveit_resources_panda_moveit_config/share/moveit_resources_panda_moveit_config/package.ps1'
[1.232s] INFO:colcon.colcon_core.shell:Creating package descriptor '/home/aaron/ur_ws/install/moveit_resources_panda_moveit_config/share/moveit_resources_panda_moveit_config/package.dsv'
[1.232s] INFO:colcon.colcon_core.shell:Creating package script '/home/aaron/ur_ws/install/moveit_resources_panda_moveit_config/share/moveit_resources_panda_moveit_config/package.sh'
[1.232s] INFO:colcon.colcon_core.shell:Creating package script '/home/aaron/ur_ws/install/moveit_resources_panda_moveit_config/share/moveit_resources_panda_moveit_config/package.bash'
[1.232s] INFO:colcon.colcon_core.shell:Creating package script '/home/aaron/ur_ws/install/moveit_resources_panda_moveit_config/share/moveit_resources_panda_moveit_config/package.zsh'
[1.233s] Level 1:colcon.colcon_core.environment:create_file_with_runtime_dependencies(/home/aaron/ur_ws/install/moveit_resources_panda_moveit_config/share/colcon-core/packages/moveit_resources_panda_moveit_config)
[1.233s] INFO:colcon.colcon_ros.task.ament_cmake.build:Building ROS package in '/home/aaron/ur_ws/src/moveit2/moveit_core' with build type 'ament_cmake'
[1.233s] INFO:colcon.colcon_cmake.task.cmake.build:Building CMake package in '/home/aaron/ur_ws/src/moveit2/moveit_core'
[1.233s] INFO:colcon.colcon_core.shell:Skip shell extension 'powershell' for command environment: Not usable outside of PowerShell
[1.233s] DEBUG:colcon.colcon_core.shell:Skip shell extension 'dsv' for command environment
[1.236s] INFO:colcon.colcon_ros.task.ament_cmake.build:Building ROS package in '/home/aaron/ur_ws/src/moveit_resources/moveit_resources' with build type 'ament_cmake'
[1.236s] INFO:colcon.colcon_cmake.task.cmake.build:Building CMake package in '/home/aaron/ur_ws/src/moveit_resources/moveit_resources'
[1.236s] INFO:colcon.colcon_core.shell:Skip shell extension 'powershell' for command environment: Not usable outside of PowerShell
[1.236s] DEBUG:colcon.colcon_core.shell:Skip shell extension 'dsv' for command environment
[1.238s] DEBUG:colcon.colcon_core.event_handler.log_command:Invoked command in '/home/aaron/ur_ws/build/rviz_marker_tools' returned '0': AMENT_PREFIX_PATH=/home/aaron/ur_ws/install/moveit_common:${AMENT_PREFIX_PATH} CMAKE_PREFIX_PATH=/home/aaron/ur_ws/install/moveit_common:/opt/ros/humble /usr/bin/cmake --build /home/aaron/ur_ws/build/rviz_marker_tools -- -j20 -l20
[1.239s] DEBUG:colcon.colcon_core.event_handler.log_command:Invoking command in '/home/aaron/ur_ws/build/rviz_marker_tools': AMENT_PREFIX_PATH=/home/aaron/ur_ws/install/moveit_common:${AMENT_PREFIX_PATH} CMAKE_PREFIX_PATH=/home/aaron/ur_ws/install/moveit_common:/opt/ros/humble /usr/bin/cmake --install /home/aaron/ur_ws/build/rviz_marker_tools
[1.245s] DEBUG:colcon.colcon_core.event_handler.log_command:Invoking command in '/home/aaron/ur_ws/build/moveit_core': AMENT_PREFIX_PATH=/home/aaron/ur_ws/install/moveit_resources_panda_moveit_config:/home/aaron/ur_ws/install/srdfdom:/home/aaron/ur_ws/install/moveit_resources_pr2_description:/home/aaron/ur_ws/install/moveit_resources_panda_description:/home/aaron/ur_ws/install/moveit_common:${AMENT_PREFIX_PATH} CMAKE_PREFIX_PATH=/home/aaron/ur_ws/install/moveit_resources_panda_moveit_config:/home/aaron/ur_ws/install/srdfdom:/home/aaron/ur_ws/install/moveit_resources_pr2_description:/home/aaron/ur_ws/install/moveit_resources_panda_description:/home/aaron/ur_ws/install/moveit_common:/opt/ros/humble LD_LIBRARY_PATH=/home/aaron/ur_ws/install/srdfdom/lib:${LD_LIBRARY_PATH} PYTHONPATH=/home/aaron/ur_ws/install/srdfdom/local/lib/python3.10/dist-packages:${PYTHONPATH} /usr/bin/cmake --build /home/aaron/ur_ws/build/moveit_core -- -j20 -l20
[1.249s] Level 1:colcon.colcon_core.environment:create_environment_scripts_only(rviz_marker_tools)
[1.249s] Level 1:colcon.colcon_core.environment:checking '/home/aaron/ur_ws/install/rviz_marker_tools' for CMake module files
[1.250s] DEBUG:colcon.colcon_core.event_handler.log_command:Invoking command in '/home/aaron/ur_ws/build/moveit_resources': AMENT_PREFIX_PATH=/home/aaron/ur_ws/install/moveit_resources_panda_moveit_config:/home/aaron/ur_ws/install/moveit_resources_fanuc_moveit_config:/home/aaron/ur_ws/install/moveit_resources_pr2_description:/home/aaron/ur_ws/install/moveit_resources_panda_description:/home/aaron/ur_ws/install/moveit_resources_fanuc_description:${AMENT_PREFIX_PATH} CMAKE_PREFIX_PATH=/home/aaron/ur_ws/install/moveit_resources_panda_moveit_config:/home/aaron/ur_ws/install/moveit_resources_fanuc_moveit_config:/home/aaron/ur_ws/install/moveit_resources_pr2_description:/home/aaron/ur_ws/install/moveit_resources_panda_description:/home/aaron/ur_ws/install/moveit_resources_fanuc_description:/opt/ros/humble /usr/bin/cmake --build /home/aaron/ur_ws/build/moveit_resources -- -j20 -l20
[1.250s] DEBUG:colcon.colcon_core.event_handler.log_command:Invoked command in '/home/aaron/ur_ws/build/rviz_marker_tools' returned '0': AMENT_PREFIX_PATH=/home/aaron/ur_ws/install/moveit_common:${AMENT_PREFIX_PATH} CMAKE_PREFIX_PATH=/home/aaron/ur_ws/install/moveit_common:/opt/ros/humble /usr/bin/cmake --install /home/aaron/ur_ws/build/rviz_marker_tools
[1.250s] Level 1:colcon.colcon_core.environment:checking '/home/aaron/ur_ws/install/rviz_marker_tools' for CMake config files
[1.250s] Level 1:colcon.colcon_core.shell:create_environment_hook('rviz_marker_tools', 'cmake_prefix_path')
[1.251s] INFO:colcon.colcon_core.shell:Creating environment hook '/home/aaron/ur_ws/install/rviz_marker_tools/share/rviz_marker_tools/hook/cmake_prefix_path.ps1'
[1.251s] INFO:colcon.colcon_core.shell:Creating environment descriptor '/home/aaron/ur_ws/install/rviz_marker_tools/share/rviz_marker_tools/hook/cmake_prefix_path.dsv'
[1.252s] INFO:colcon.colcon_core.shell:Creating environment hook '/home/aaron/ur_ws/install/rviz_marker_tools/share/rviz_marker_tools/hook/cmake_prefix_path.sh'
[1.252s] Level 1:colcon.colcon_core.environment:checking '/home/aaron/ur_ws/install/rviz_marker_tools/lib'
[1.253s] Level 1:colcon.colcon_core.shell:create_environment_hook('rviz_marker_tools', 'ld_library_path_lib')
[1.253s] INFO:colcon.colcon_core.shell:Creating environment hook '/home/aaron/ur_ws/install/rviz_marker_tools/share/rviz_marker_tools/hook/ld_library_path_lib.ps1'
[1.254s] INFO:colcon.colcon_core.shell:Creating environment descriptor '/home/aaron/ur_ws/install/rviz_marker_tools/share/rviz_marker_tools/hook/ld_library_path_lib.dsv'
[1.254s] INFO:colcon.colcon_core.shell:Creating environment hook '/home/aaron/ur_ws/install/rviz_marker_tools/share/rviz_marker_tools/hook/ld_library_path_lib.sh'
[1.255s] Level 1:colcon.colcon_core.environment:checking '/home/aaron/ur_ws/install/rviz_marker_tools/bin'
[1.255s] Level 1:colcon.colcon_core.environment:checking '/home/aaron/ur_ws/install/rviz_marker_tools/lib/pkgconfig/rviz_marker_tools.pc'
[1.255s] Level 1:colcon.colcon_core.environment:checking '/home/aaron/ur_ws/install/rviz_marker_tools/lib/python3.10/site-packages'
[1.255s] Level 1:colcon.colcon_core.environment:checking '/home/aaron/ur_ws/install/rviz_marker_tools/bin'
[1.256s] INFO:colcon.colcon_core.shell:Creating package script '/home/aaron/ur_ws/install/rviz_marker_tools/share/rviz_marker_tools/package.ps1'
[1.256s] INFO:colcon.colcon_core.shell:Creating package descriptor '/home/aaron/ur_ws/install/rviz_marker_tools/share/rviz_marker_tools/package.dsv'
[1.257s] INFO:colcon.colcon_core.shell:Creating package script '/home/aaron/ur_ws/install/rviz_marker_tools/share/rviz_marker_tools/package.sh'
[1.257s] INFO:colcon.colcon_core.shell:Creating package script '/home/aaron/ur_ws/install/rviz_marker_tools/share/rviz_marker_tools/package.bash'
[1.258s] INFO:colcon.colcon_core.shell:Creating package script '/home/aaron/ur_ws/install/rviz_marker_tools/share/rviz_marker_tools/package.zsh'
[1.258s] Level 1:colcon.colcon_core.environment:create_file_with_runtime_dependencies(/home/aaron/ur_ws/install/rviz_marker_tools/share/colcon-core/packages/rviz_marker_tools)
[1.259s] Level 1:colcon.colcon_core.environment:create_environment_scripts_only(rviz_marker_tools)
[1.259s] Level 1:colcon.colcon_core.environment:checking '/home/aaron/ur_ws/install/rviz_marker_tools' for CMake module files
[1.260s] Level 1:colcon.colcon_core.environment:checking '/home/aaron/ur_ws/install/rviz_marker_tools' for CMake config files
[1.260s] Level 1:colcon.colcon_core.shell:create_environment_hook('rviz_marker_tools', 'cmake_prefix_path')
[1.261s] INFO:colcon.colcon_core.shell:Creating environment hook '/home/aaron/ur_ws/install/rviz_marker_tools/share/rviz_marker_tools/hook/cmake_prefix_path.ps1'
[1.261s] INFO:colcon.colcon_core.shell:Creating environment descriptor '/home/aaron/ur_ws/install/rviz_marker_tools/share/rviz_marker_tools/hook/cmake_prefix_path.dsv'
[1.261s] INFO:colcon.colcon_core.shell:Creating environment hook '/home/aaron/ur_ws/install/rviz_marker_tools/share/rviz_marker_tools/hook/cmake_prefix_path.sh'
[1.262s] Level 1:colcon.colcon_core.environment:checking '/home/aaron/ur_ws/install/rviz_marker_tools/lib'
[1.262s] Level 1:colcon.colcon_core.shell:create_environment_hook('rviz_marker_tools', 'ld_library_path_lib')
[1.262s] INFO:colcon.colcon_core.shell:Creating environment hook '/home/aaron/ur_ws/install/rviz_marker_tools/share/rviz_marker_tools/hook/ld_library_path_lib.ps1'
[1.263s] INFO:colcon.colcon_core.shell:Creating environment descriptor '/home/aaron/ur_ws/install/rviz_marker_tools/share/rviz_marker_tools/hook/ld_library_path_lib.dsv'
[1.263s] INFO:colcon.colcon_core.shell:Creating environment hook '/home/aaron/ur_ws/install/rviz_marker_tools/share/rviz_marker_tools/hook/ld_library_path_lib.sh'
[1.264s] Level 1:colcon.colcon_core.environment:checking '/home/aaron/ur_ws/install/rviz_marker_tools/bin'
[1.264s] Level 1:colcon.colcon_core.environment:checking '/home/aaron/ur_ws/install/rviz_marker_tools/lib/pkgconfig/rviz_marker_tools.pc'
[1.264s] Level 1:colcon.colcon_core.environment:checking '/home/aaron/ur_ws/install/rviz_marker_tools/lib/python3.10/site-packages'
[1.264s] Level 1:colcon.colcon_core.environment:checking '/home/aaron/ur_ws/install/rviz_marker_tools/bin'
[1.265s] INFO:colcon.colcon_core.shell:Creating package script '/home/aaron/ur_ws/install/rviz_marker_tools/share/rviz_marker_tools/package.ps1'
[1.266s] INFO:colcon.colcon_core.shell:Creating package descriptor '/home/aaron/ur_ws/install/rviz_marker_tools/share/rviz_marker_tools/package.dsv'
[1.266s] INFO:colcon.colcon_core.shell:Creating package script '/home/aaron/ur_ws/install/rviz_marker_tools/share/rviz_marker_tools/package.sh'
[1.267s] INFO:colcon.colcon_core.shell:Creating package script '/home/aaron/ur_ws/install/rviz_marker_tools/share/rviz_marker_tools/package.bash'
[1.267s] INFO:colcon.colcon_core.shell:Creating package script '/home/aaron/ur_ws/install/rviz_marker_tools/share/rviz_marker_tools/package.zsh'
[1.267s] Level 1:colcon.colcon_core.environment:create_file_with_runtime_dependencies(/home/aaron/ur_ws/install/rviz_marker_tools/share/colcon-core/packages/rviz_marker_tools)
[1.283s] DEBUG:colcon.colcon_core.event_handler.log_command:Invoked command in '/home/aaron/ur_ws/build/moveit_resources' returned '0': AMENT_PREFIX_PATH=/home/aaron/ur_ws/install/moveit_resources_panda_moveit_config:/home/aaron/ur_ws/install/moveit_resources_fanuc_moveit_config:/home/aaron/ur_ws/install/moveit_resources_pr2_description:/home/aaron/ur_ws/install/moveit_resources_panda_description:/home/aaron/ur_ws/install/moveit_resources_fanuc_description:${AMENT_PREFIX_PATH} CMAKE_PREFIX_PATH=/home/aaron/ur_ws/install/moveit_resources_panda_moveit_config:/home/aaron/ur_ws/install/moveit_resources_fanuc_moveit_config:/home/aaron/ur_ws/install/moveit_resources_pr2_description:/home/aaron/ur_ws/install/moveit_resources_panda_description:/home/aaron/ur_ws/install/moveit_resources_fanuc_description:/opt/ros/humble /usr/bin/cmake --build /home/aaron/ur_ws/build/moveit_resources -- -j20 -l20
[1.285s] DEBUG:colcon.colcon_core.event_handler.log_command:Invoking command in '/home/aaron/ur_ws/build/moveit_resources': AMENT_PREFIX_PATH=/home/aaron/ur_ws/install/moveit_resources_panda_moveit_config:/home/aaron/ur_ws/install/moveit_resources_fanuc_moveit_config:/home/aaron/ur_ws/install/moveit_resources_pr2_description:/home/aaron/ur_ws/install/moveit_resources_panda_description:/home/aaron/ur_ws/install/moveit_resources_fanuc_description:${AMENT_PREFIX_PATH} CMAKE_PREFIX_PATH=/home/aaron/ur_ws/install/moveit_resources_panda_moveit_config:/home/aaron/ur_ws/install/moveit_resources_fanuc_moveit_config:/home/aaron/ur_ws/install/moveit_resources_pr2_description:/home/aaron/ur_ws/install/moveit_resources_panda_description:/home/aaron/ur_ws/install/moveit_resources_fanuc_description:/opt/ros/humble /usr/bin/cmake --install /home/aaron/ur_ws/build/moveit_resources
[1.294s] Level 1:colcon.colcon_core.environment:create_environment_scripts_only(moveit_resources)
[1.294s] Level 1:colcon.colcon_core.environment:checking '/home/aaron/ur_ws/install/moveit_resources' for CMake module files
[1.295s] DEBUG:colcon.colcon_core.event_handler.log_command:Invoked command in '/home/aaron/ur_ws/build/moveit_resources' returned '0': AMENT_PREFIX_PATH=/home/aaron/ur_ws/install/moveit_resources_panda_moveit_config:/home/aaron/ur_ws/install/moveit_resources_fanuc_moveit_config:/home/aaron/ur_ws/install/moveit_resources_pr2_description:/home/aaron/ur_ws/install/moveit_resources_panda_description:/home/aaron/ur_ws/install/moveit_resources_fanuc_description:${AMENT_PREFIX_PATH} CMAKE_PREFIX_PATH=/home/aaron/ur_ws/install/moveit_resources_panda_moveit_config:/home/aaron/ur_ws/install/moveit_resources_fanuc_moveit_config:/home/aaron/ur_ws/install/moveit_resources_pr2_description:/home/aaron/ur_ws/install/moveit_resources_panda_description:/home/aaron/ur_ws/install/moveit_resources_fanuc_description:/opt/ros/humble /usr/bin/cmake --install /home/aaron/ur_ws/build/moveit_resources
[1.295s] Level 1:colcon.colcon_core.environment:checking '/home/aaron/ur_ws/install/moveit_resources' for CMake config files
[1.295s] Level 1:colcon.colcon_core.shell:create_environment_hook('moveit_resources', 'cmake_prefix_path')
[1.295s] INFO:colcon.colcon_core.shell:Creating environment hook '/home/aaron/ur_ws/install/moveit_resources/share/moveit_resources/hook/cmake_prefix_path.ps1'
[1.296s] INFO:colcon.colcon_core.shell:Creating environment descriptor '/home/aaron/ur_ws/install/moveit_resources/share/moveit_resources/hook/cmake_prefix_path.dsv'
[1.296s] INFO:colcon.colcon_core.shell:Creating environment hook '/home/aaron/ur_ws/install/moveit_resources/share/moveit_resources/hook/cmake_prefix_path.sh'
[1.297s] Level 1:colcon.colcon_core.environment:checking '/home/aaron/ur_ws/install/moveit_resources/bin'
[1.297s] Level 1:colcon.colcon_core.environment:checking '/home/aaron/ur_ws/install/moveit_resources/lib/pkgconfig/moveit_resources.pc'
[1.297s] Level 1:colcon.colcon_core.environment:checking '/home/aaron/ur_ws/install/moveit_resources/lib/python3.10/site-packages'
[1.297s] Level 1:colcon.colcon_core.environment:checking '/home/aaron/ur_ws/install/moveit_resources/bin'
[1.297s] INFO:colcon.colcon_core.shell:Creating package script '/home/aaron/ur_ws/install/moveit_resources/share/moveit_resources/package.ps1'
[1.298s] INFO:colcon.colcon_core.shell:Creating package descriptor '/home/aaron/ur_ws/install/moveit_resources/share/moveit_resources/package.dsv'
[1.298s] INFO:colcon.colcon_core.shell:Creating package script '/home/aaron/ur_ws/install/moveit_resources/share/moveit_resources/package.sh'
[1.299s] INFO:colcon.colcon_core.shell:Creating package script '/home/aaron/ur_ws/install/moveit_resources/share/moveit_resources/package.bash'
[1.299s] INFO:colcon.colcon_core.shell:Creating package script '/home/aaron/ur_ws/install/moveit_resources/share/moveit_resources/package.zsh'
[1.299s] Level 1:colcon.colcon_core.environment:create_file_with_runtime_dependencies(/home/aaron/ur_ws/install/moveit_resources/share/colcon-core/packages/moveit_resources)
[1.300s] Level 1:colcon.colcon_core.environment:create_environment_scripts_only(moveit_resources)
[1.300s] Level 1:colcon.colcon_core.environment:checking '/home/aaron/ur_ws/install/moveit_resources' for CMake module files
[1.301s] Level 1:colcon.colcon_core.environment:checking '/home/aaron/ur_ws/install/moveit_resources' for CMake config files
[1.301s] Level 1:colcon.colcon_core.shell:create_environment_hook('moveit_resources', 'cmake_prefix_path')
[1.301s] INFO:colcon.colcon_core.shell:Creating environment hook '/home/aaron/ur_ws/install/moveit_resources/share/moveit_resources/hook/cmake_prefix_path.ps1'
[1.301s] INFO:colcon.colcon_core.shell:Creating environment descriptor '/home/aaron/ur_ws/install/moveit_resources/share/moveit_resources/hook/cmake_prefix_path.dsv'
[1.302s] INFO:colcon.colcon_core.shell:Creating environment hook '/home/aaron/ur_ws/install/moveit_resources/share/moveit_resources/hook/cmake_prefix_path.sh'
[1.302s] Level 1:colcon.colcon_core.environment:checking '/home/aaron/ur_ws/install/moveit_resources/bin'
[1.302s] Level 1:colcon.colcon_core.environment:checking '/home/aaron/ur_ws/install/moveit_resources/lib/pkgconfig/moveit_resources.pc'
[1.303s] Level 1:colcon.colcon_core.environment:checking '/home/aaron/ur_ws/install/moveit_resources/lib/python3.10/site-packages'
[1.303s] Level 1:colcon.colcon_core.environment:checking '/home/aaron/ur_ws/install/moveit_resources/bin'
[1.304s] INFO:colcon.colcon_core.shell:Creating package script '/home/aaron/ur_ws/install/moveit_resources/share/moveit_resources/package.ps1'
[1.304s] INFO:colcon.colcon_core.shell:Creating package descriptor '/home/aaron/ur_ws/install/moveit_resources/share/moveit_resources/package.dsv'
[1.305s] INFO:colcon.colcon_core.shell:Creating package script '/home/aaron/ur_ws/install/moveit_resources/share/moveit_resources/package.sh'
[1.306s] INFO:colcon.colcon_core.shell:Creating package script '/home/aaron/ur_ws/install/moveit_resources/share/moveit_resources/package.bash'
[1.306s] INFO:colcon.colcon_core.shell:Creating package script '/home/aaron/ur_ws/install/moveit_resources/share/moveit_resources/package.zsh'
[1.307s] Level 1:colcon.colcon_core.environment:create_file_with_runtime_dependencies(/home/aaron/ur_ws/install/moveit_resources/share/colcon-core/packages/moveit_resources)
[1.319s] DEBUG:colcon.colcon_core.event_handler.log_command:Invoking command in '/home/aaron/ur_ws/src/Open_control': PYTHONPATH=/home/aaron/ur_ws/build/Open_control/prefix_override:/usr/lib/python3/dist-packages/colcon_core/task/python/colcon_distutils_commands:/home/aaron/ur_ws/install/Open_control/lib/python3.10/site-packages:${PYTHONPATH} /usr/bin/python3 -W ignore:setup.py install is deprecated -W ignore:easy_install command is deprecated setup.py egg_info --egg-base ../../build/Open_control build --build-base /home/aaron/ur_ws/build/Open_control/build install --record /home/aaron/ur_ws/build/Open_control/install.log --single-version-externally-managed install_data
[1.340s] DEBUG:colcon.colcon_core.event_handler.log_command:Invoking command in '/home/aaron/ur_ws/src/launch_param_builder': PYTHONPATH=/home/aaron/ur_ws/build/launch_param_builder/prefix_override:/usr/lib/python3/dist-packages/colcon_core/task/python/colcon_distutils_commands:/home/aaron/ur_ws/install/launch_param_builder/lib/python3.10/site-packages:${PYTHONPATH} /usr/bin/python3 -W ignore:setup.py install is deprecated -W ignore:easy_install command is deprecated setup.py egg_info --egg-base ../../build/launch_param_builder build --build-base /home/aaron/ur_ws/build/launch_param_builder/build install --record /home/aaron/ur_ws/build/launch_param_builder/install.log --single-version-externally-managed install_data
[1.368s] DEBUG:colcon.colcon_core.event_handler.log_command:Invoking command in '/home/aaron/ur_ws/src/waypoint_pub': PYTHONPATH=/home/aaron/ur_ws/build/waypoint_pub/prefix_override:/usr/lib/python3/dist-packages/colcon_core/task/python/colcon_distutils_commands:/home/aaron/ur_ws/install/waypoint_pub/lib/python3.10/site-packages:${PYTHONPATH} /usr/bin/python3 -W ignore:setup.py install is deprecated -W ignore:easy_install command is deprecated setup.py egg_info --egg-base ../../build/waypoint_pub build --build-base /home/aaron/ur_ws/build/waypoint_pub/build install --record /home/aaron/ur_ws/build/waypoint_pub/install.log --single-version-externally-managed install_data
[1.519s] Level 1:colcon.colcon_core.environment:checking '/home/aaron/ur_ws/install/Open_control' for CMake module files
[1.520s] DEBUG:colcon.colcon_core.event_handler.log_command:Invoked command in '/home/aaron/ur_ws/src/Open_control' returned '0': PYTHONPATH=/home/aaron/ur_ws/build/Open_control/prefix_override:/usr/lib/python3/dist-packages/colcon_core/task/python/colcon_distutils_commands:/home/aaron/ur_ws/install/Open_control/lib/python3.10/site-packages:${PYTHONPATH} /usr/bin/python3 -W ignore:setup.py install is deprecated -W ignore:easy_install command is deprecated setup.py egg_info --egg-base ../../build/Open_control build --build-base /home/aaron/ur_ws/build/Open_control/build install --record /home/aaron/ur_ws/build/Open_control/install.log --single-version-externally-managed install_data
[1.520s] Level 1:colcon.colcon_core.environment:checking '/home/aaron/ur_ws/install/Open_control' for CMake config files
[1.521s] Level 1:colcon.colcon_core.environment:checking '/home/aaron/ur_ws/install/Open_control/lib'
[1.521s] Level 1:colcon.colcon_core.environment:checking '/home/aaron/ur_ws/install/Open_control/bin'
[1.521s] Level 1:colcon.colcon_core.environment:checking '/home/aaron/ur_ws/install/Open_control/lib/pkgconfig/Open_control.pc'
[1.521s] Level 1:colcon.colcon_core.environment:checking '/home/aaron/ur_ws/install/Open_control/lib/python3.10/site-packages'
[1.521s] Level 1:colcon.colcon_core.shell:create_environment_hook('Open_control', 'pythonpath')
[1.522s] INFO:colcon.colcon_core.shell:Creating environment hook '/home/aaron/ur_ws/install/Open_control/share/Open_control/hook/pythonpath.ps1'
[1.522s] INFO:colcon.colcon_core.shell:Creating environment descriptor '/home/aaron/ur_ws/install/Open_control/share/Open_control/hook/pythonpath.dsv'
[1.523s] INFO:colcon.colcon_core.shell:Creating environment hook '/home/aaron/ur_ws/install/Open_control/share/Open_control/hook/pythonpath.sh'
[1.524s] Level 1:colcon.colcon_core.environment:checking '/home/aaron/ur_ws/install/Open_control/bin'
[1.524s] Level 1:colcon.colcon_core.environment:create_environment_scripts_only(Open_control)
[1.524s] INFO:colcon.colcon_core.shell:Creating package script '/home/aaron/ur_ws/install/Open_control/share/Open_control/package.ps1'
[1.525s] INFO:colcon.colcon_core.shell:Creating package descriptor '/home/aaron/ur_ws/install/Open_control/share/Open_control/package.dsv'
[1.525s] INFO:colcon.colcon_core.shell:Creating package script '/home/aaron/ur_ws/install/Open_control/share/Open_control/package.sh'
[1.526s] INFO:colcon.colcon_core.shell:Creating package script '/home/aaron/ur_ws/install/Open_control/share/Open_control/package.bash'
[1.526s] INFO:colcon.colcon_core.shell:Creating package script '/home/aaron/ur_ws/install/Open_control/share/Open_control/package.zsh'
[1.527s] Level 1:colcon.colcon_core.environment:create_file_with_runtime_dependencies(/home/aaron/ur_ws/install/Open_control/share/colcon-core/packages/Open_control)
[1.589s] DEBUG:colcon.colcon_core.event_handler.log_command:Invoked command in '/home/aaron/ur_ws/build/moveit_core' returned '0': AMENT_PREFIX_PATH=/home/aaron/ur_ws/install/moveit_resources_panda_moveit_config:/home/aaron/ur_ws/install/srdfdom:/home/aaron/ur_ws/install/moveit_resources_pr2_description:/home/aaron/ur_ws/install/moveit_resources_panda_description:/home/aaron/ur_ws/install/moveit_common:${AMENT_PREFIX_PATH} CMAKE_PREFIX_PATH=/home/aaron/ur_ws/install/moveit_resources_panda_moveit_config:/home/aaron/ur_ws/install/srdfdom:/home/aaron/ur_ws/install/moveit_resources_pr2_description:/home/aaron/ur_ws/install/moveit_resources_panda_description:/home/aaron/ur_ws/install/moveit_common:/opt/ros/humble LD_LIBRARY_PATH=/home/aaron/ur_ws/install/srdfdom/lib:${LD_LIBRARY_PATH} PYTHONPATH=/home/aaron/ur_ws/install/srdfdom/local/lib/python3.10/dist-packages:${PYTHONPATH} /usr/bin/cmake --build /home/aaron/ur_ws/build/moveit_core -- -j20 -l20
[1.591s] DEBUG:colcon.colcon_core.event_handler.log_command:Invoking command in '/home/aaron/ur_ws/build/moveit_core': AMENT_PREFIX_PATH=/home/aaron/ur_ws/install/moveit_resources_panda_moveit_config:/home/aaron/ur_ws/install/srdfdom:/home/aaron/ur_ws/install/moveit_resources_pr2_description:/home/aaron/ur_ws/install/moveit_resources_panda_description:/home/aaron/ur_ws/install/moveit_common:${AMENT_PREFIX_PATH} CMAKE_PREFIX_PATH=/home/aaron/ur_ws/install/moveit_resources_panda_moveit_config:/home/aaron/ur_ws/install/srdfdom:/home/aaron/ur_ws/install/moveit_resources_pr2_description:/home/aaron/ur_ws/install/moveit_resources_panda_description:/home/aaron/ur_ws/install/moveit_common:/opt/ros/humble LD_LIBRARY_PATH=/home/aaron/ur_ws/install/srdfdom/lib:${LD_LIBRARY_PATH} PYTHONPATH=/home/aaron/ur_ws/install/srdfdom/local/lib/python3.10/dist-packages:${PYTHONPATH} /usr/bin/cmake --install /home/aaron/ur_ws/build/moveit_core
[1.594s] Level 1:colcon.colcon_core.environment:checking '/home/aaron/ur_ws/install/launch_param_builder' for CMake module files
[1.595s] DEBUG:colcon.colcon_core.event_handler.log_command:Invoked command in '/home/aaron/ur_ws/src/launch_param_builder' returned '0': PYTHONPATH=/home/aaron/ur_ws/build/launch_param_builder/prefix_override:/usr/lib/python3/dist-packages/colcon_core/task/python/colcon_distutils_commands:/home/aaron/ur_ws/install/launch_param_builder/lib/python3.10/site-packages:${PYTHONPATH} /usr/bin/python3 -W ignore:setup.py install is deprecated -W ignore:easy_install command is deprecated setup.py egg_info --egg-base ../../build/launch_param_builder build --build-base /home/aaron/ur_ws/build/launch_param_builder/build install --record /home/aaron/ur_ws/build/launch_param_builder/install.log --single-version-externally-managed install_data
[1.595s] Level 1:colcon.colcon_core.environment:checking '/home/aaron/ur_ws/install/launch_param_builder' for CMake config files
[1.596s] Level 1:colcon.colcon_core.environment:checking '/home/aaron/ur_ws/install/launch_param_builder/lib'
[1.596s] Level 1:colcon.colcon_core.environment:checking '/home/aaron/ur_ws/install/launch_param_builder/bin'
[1.596s] Level 1:colcon.colcon_core.environment:checking '/home/aaron/ur_ws/install/launch_param_builder/lib/pkgconfig/launch_param_builder.pc'
[1.596s] Level 1:colcon.colcon_core.environment:checking '/home/aaron/ur_ws/install/launch_param_builder/lib/python3.10/site-packages'
[1.596s] Level 1:colcon.colcon_core.shell:create_environment_hook('launch_param_builder', 'pythonpath')
[1.597s] INFO:colcon.colcon_core.shell:Creating environment hook '/home/aaron/ur_ws/install/launch_param_builder/share/launch_param_builder/hook/pythonpath.ps1'
[1.597s] INFO:colcon.colcon_core.shell:Creating environment descriptor '/home/aaron/ur_ws/install/launch_param_builder/share/launch_param_builder/hook/pythonpath.dsv'
[1.598s] INFO:colcon.colcon_core.shell:Creating environment hook '/home/aaron/ur_ws/install/launch_param_builder/share/launch_param_builder/hook/pythonpath.sh'
[1.600s] Level 1:colcon.colcon_core.environment:checking '/home/aaron/ur_ws/install/launch_param_builder/bin'
[1.601s] Level 1:colcon.colcon_core.environment:create_environment_scripts_only(launch_param_builder)
[1.601s] INFO:colcon.colcon_core.shell:Creating package script '/home/aaron/ur_ws/install/launch_param_builder/share/launch_param_builder/package.ps1'
[1.603s] INFO:colcon.colcon_core.shell:Creating package descriptor '/home/aaron/ur_ws/install/launch_param_builder/share/launch_param_builder/package.dsv'
[1.605s] INFO:colcon.colcon_core.shell:Creating package script '/home/aaron/ur_ws/install/launch_param_builder/share/launch_param_builder/package.sh'
[1.610s] INFO:colcon.colcon_core.shell:Creating package script '/home/aaron/ur_ws/install/launch_param_builder/share/launch_param_builder/package.bash'
[1.612s] INFO:colcon.colcon_core.shell:Creating package script '/home/aaron/ur_ws/install/launch_param_builder/share/launch_param_builder/package.zsh'
[1.613s] Level 1:colcon.colcon_core.environment:create_file_with_runtime_dependencies(/home/aaron/ur_ws/install/launch_param_builder/share/colcon-core/packages/launch_param_builder)
[1.613s] INFO:colcon.colcon_ros.task.ament_python.build:Building ROS package in '/home/aaron/ur_ws/src/moveit2/moveit_configs_utils' with build type 'ament_python'
[1.614s] Level 1:colcon.colcon_core.shell:create_environment_hook('moveit_configs_utils', 'ament_prefix_path')
[1.614s] INFO:colcon.colcon_core.shell:Creating environment hook '/home/aaron/ur_ws/install/moveit_configs_utils/share/moveit_configs_utils/hook/ament_prefix_path.ps1'
[1.615s] INFO:colcon.colcon_core.shell:Creating environment descriptor '/home/aaron/ur_ws/install/moveit_configs_utils/share/moveit_configs_utils/hook/ament_prefix_path.dsv'
[1.615s] INFO:colcon.colcon_core.shell:Creating environment hook '/home/aaron/ur_ws/install/moveit_configs_utils/share/moveit_configs_utils/hook/ament_prefix_path.sh'
[1.616s] INFO:colcon.colcon_core.shell:Skip shell extension 'powershell' for command environment: Not usable outside of PowerShell
[1.616s] DEBUG:colcon.colcon_core.shell:Skip shell extension 'dsv' for command environment
[1.619s] Level 1:colcon.colcon_core.environment:create_environment_scripts_only(moveit_core)
[1.619s] Level 1:colcon.colcon_core.environment:checking '/home/aaron/ur_ws/install/moveit_core' for CMake module files
[1.619s] DEBUG:colcon.colcon_core.event_handler.log_command:Invoked command in '/home/aaron/ur_ws/build/moveit_core' returned '0': AMENT_PREFIX_PATH=/home/aaron/ur_ws/install/moveit_resources_panda_moveit_config:/home/aaron/ur_ws/install/srdfdom:/home/aaron/ur_ws/install/moveit_resources_pr2_description:/home/aaron/ur_ws/install/moveit_resources_panda_description:/home/aaron/ur_ws/install/moveit_common:${AMENT_PREFIX_PATH} CMAKE_PREFIX_PATH=/home/aaron/ur_ws/install/moveit_resources_panda_moveit_config:/home/aaron/ur_ws/install/srdfdom:/home/aaron/ur_ws/install/moveit_resources_pr2_description:/home/aaron/ur_ws/install/moveit_resources_panda_description:/home/aaron/ur_ws/install/moveit_common:/opt/ros/humble LD_LIBRARY_PATH=/home/aaron/ur_ws/install/srdfdom/lib:${LD_LIBRARY_PATH} PYTHONPATH=/home/aaron/ur_ws/install/srdfdom/local/lib/python3.10/dist-packages:${PYTHONPATH} /usr/bin/cmake --install /home/aaron/ur_ws/build/moveit_core
[1.620s] Level 1:colcon.colcon_core.environment:checking '/home/aaron/ur_ws/install/moveit_core' for CMake config files
[1.620s] Level 1:colcon.colcon_core.shell:create_environment_hook('moveit_core', 'cmake_prefix_path')
[1.620s] INFO:colcon.colcon_core.shell:Creating environment hook '/home/aaron/ur_ws/install/moveit_core/share/moveit_core/hook/cmake_prefix_path.ps1'
[1.620s] INFO:colcon.colcon_core.shell:Creating environment descriptor '/home/aaron/ur_ws/install/moveit_core/share/moveit_core/hook/cmake_prefix_path.dsv'
[1.620s] INFO:colcon.colcon_core.shell:Creating environment hook '/home/aaron/ur_ws/install/moveit_core/share/moveit_core/hook/cmake_prefix_path.sh'
[1.621s] Level 1:colcon.colcon_core.environment:checking '/home/aaron/ur_ws/install/moveit_core/lib'
[1.621s] Level 1:colcon.colcon_core.shell:create_environment_hook('moveit_core', 'ld_library_path_lib')
[1.621s] INFO:colcon.colcon_core.shell:Creating environment hook '/home/aaron/ur_ws/install/moveit_core/share/moveit_core/hook/ld_library_path_lib.ps1'
[1.621s] INFO:colcon.colcon_core.shell:Creating environment descriptor '/home/aaron/ur_ws/install/moveit_core/share/moveit_core/hook/ld_library_path_lib.dsv'
[1.621s] INFO:colcon.colcon_core.shell:Creating environment hook '/home/aaron/ur_ws/install/moveit_core/share/moveit_core/hook/ld_library_path_lib.sh'
[1.622s] Level 1:colcon.colcon_core.environment:checking '/home/aaron/ur_ws/install/moveit_core/bin'
[1.622s] Level 1:colcon.colcon_core.shell:create_environment_hook('moveit_core', 'path')
[1.622s] INFO:colcon.colcon_core.shell:Creating environment hook '/home/aaron/ur_ws/install/moveit_core/share/moveit_core/hook/path.ps1'
[1.622s] INFO:colcon.colcon_core.shell:Creating environment descriptor '/home/aaron/ur_ws/install/moveit_core/share/moveit_core/hook/path.dsv'
[1.622s] INFO:colcon.colcon_core.shell:Creating environment hook '/home/aaron/ur_ws/install/moveit_core/share/moveit_core/hook/path.sh'
[1.623s] Level 1:colcon.colcon_core.environment:checking '/home/aaron/ur_ws/install/moveit_core/lib/pkgconfig/moveit_core.pc'
[1.623s] Level 1:colcon.colcon_core.environment:checking '/home/aaron/ur_ws/install/moveit_core/lib/python3.10/site-packages'
[1.623s] Level 1:colcon.colcon_core.environment:checking '/home/aaron/ur_ws/install/moveit_core/bin'
[1.623s] Level 1:colcon.colcon_core.shell:create_environment_hook('moveit_core', 'pythonscriptspath')
[1.623s] INFO:colcon.colcon_core.shell:Creating environment hook '/home/aaron/ur_ws/install/moveit_core/share/moveit_core/hook/pythonscriptspath.ps1'
[1.623s] INFO:colcon.colcon_core.shell:Creating environment descriptor '/home/aaron/ur_ws/install/moveit_core/share/moveit_core/hook/pythonscriptspath.dsv'
[1.623s] INFO:colcon.colcon_core.shell:Creating environment hook '/home/aaron/ur_ws/install/moveit_core/share/moveit_core/hook/pythonscriptspath.sh'
[1.624s] INFO:colcon.colcon_core.shell:Creating package script '/home/aaron/ur_ws/install/moveit_core/share/moveit_core/package.ps1'
[1.624s] INFO:colcon.colcon_core.shell:Creating package descriptor '/home/aaron/ur_ws/install/moveit_core/share/moveit_core/package.dsv'
[1.624s] INFO:colcon.colcon_core.shell:Creating package script '/home/aaron/ur_ws/install/moveit_core/share/moveit_core/package.sh'
[1.625s] INFO:colcon.colcon_core.shell:Creating package script '/home/aaron/ur_ws/install/moveit_core/share/moveit_core/package.bash'
[1.625s] INFO:colcon.colcon_core.shell:Creating package script '/home/aaron/ur_ws/install/moveit_core/share/moveit_core/package.zsh'
[1.625s] Level 1:colcon.colcon_core.environment:create_file_with_runtime_dependencies(/home/aaron/ur_ws/install/moveit_core/share/colcon-core/packages/moveit_core)
[1.626s] Level 1:colcon.colcon_core.environment:create_environment_scripts_only(moveit_core)
[1.626s] Level 1:colcon.colcon_core.environment:checking '/home/aaron/ur_ws/install/moveit_core' for CMake module files
[1.626s] Level 1:colcon.colcon_core.environment:checking '/home/aaron/ur_ws/install/moveit_core' for CMake config files
[1.626s] Level 1:colcon.colcon_core.shell:create_environment_hook('moveit_core', 'cmake_prefix_path')
[1.627s] INFO:colcon.colcon_core.shell:Creating environment hook '/home/aaron/ur_ws/install/moveit_core/share/moveit_core/hook/cmake_prefix_path.ps1'
[1.627s] INFO:colcon.colcon_core.shell:Creating environment descriptor '/home/aaron/ur_ws/install/moveit_core/share/moveit_core/hook/cmake_prefix_path.dsv'
[1.627s] INFO:colcon.colcon_core.shell:Creating environment hook '/home/aaron/ur_ws/install/moveit_core/share/moveit_core/hook/cmake_prefix_path.sh'
[1.627s] Level 1:colcon.colcon_core.environment:checking '/home/aaron/ur_ws/install/moveit_core/lib'
[1.627s] Level 1:colcon.colcon_core.shell:create_environment_hook('moveit_core', 'ld_library_path_lib')
[1.627s] INFO:colcon.colcon_core.shell:Creating environment hook '/home/aaron/ur_ws/install/moveit_core/share/moveit_core/hook/ld_library_path_lib.ps1'
[1.628s] INFO:colcon.colcon_core.shell:Creating environment descriptor '/home/aaron/ur_ws/install/moveit_core/share/moveit_core/hook/ld_library_path_lib.dsv'
[1.628s] INFO:colcon.colcon_core.shell:Creating environment hook '/home/aaron/ur_ws/install/moveit_core/share/moveit_core/hook/ld_library_path_lib.sh'
[1.628s] Level 1:colcon.colcon_core.environment:checking '/home/aaron/ur_ws/install/moveit_core/bin'
[1.628s] Level 1:colcon.colcon_core.shell:create_environment_hook('moveit_core', 'path')
[1.628s] INFO:colcon.colcon_core.shell:Creating environment hook '/home/aaron/ur_ws/install/moveit_core/share/moveit_core/hook/path.ps1'
[1.628s] INFO:colcon.colcon_core.shell:Creating environment descriptor '/home/aaron/ur_ws/install/moveit_core/share/moveit_core/hook/path.dsv'
[1.628s] INFO:colcon.colcon_core.shell:Creating environment hook '/home/aaron/ur_ws/install/moveit_core/share/moveit_core/hook/path.sh'
[1.629s] Level 1:colcon.colcon_core.environment:checking '/home/aaron/ur_ws/install/moveit_core/lib/pkgconfig/moveit_core.pc'
[1.629s] Level 1:colcon.colcon_core.environment:checking '/home/aaron/ur_ws/install/moveit_core/lib/python3.10/site-packages'
[1.629s] Level 1:colcon.colcon_core.environment:checking '/home/aaron/ur_ws/install/moveit_core/bin'
[1.629s] Level 1:colcon.colcon_core.shell:create_environment_hook('moveit_core', 'pythonscriptspath')
[1.629s] INFO:colcon.colcon_core.shell:Creating environment hook '/home/aaron/ur_ws/install/moveit_core/share/moveit_core/hook/pythonscriptspath.ps1'
[1.629s] INFO:colcon.colcon_core.shell:Creating environment descriptor '/home/aaron/ur_ws/install/moveit_core/share/moveit_core/hook/pythonscriptspath.dsv'
[1.630s] INFO:colcon.colcon_core.shell:Creating environment hook '/home/aaron/ur_ws/install/moveit_core/share/moveit_core/hook/pythonscriptspath.sh'
[1.630s] INFO:colcon.colcon_core.shell:Creating package script '/home/aaron/ur_ws/install/moveit_core/share/moveit_core/package.ps1'
[1.630s] INFO:colcon.colcon_core.shell:Creating package descriptor '/home/aaron/ur_ws/install/moveit_core/share/moveit_core/package.dsv'
[1.631s] INFO:colcon.colcon_core.shell:Creating package script '/home/aaron/ur_ws/install/moveit_core/share/moveit_core/package.sh'
[1.631s] INFO:colcon.colcon_core.shell:Creating package script '/home/aaron/ur_ws/install/moveit_core/share/moveit_core/package.bash'
[1.631s] INFO:colcon.colcon_core.shell:Creating package script '/home/aaron/ur_ws/install/moveit_core/share/moveit_core/package.zsh'
[1.631s] Level 1:colcon.colcon_core.environment:create_file_with_runtime_dependencies(/home/aaron/ur_ws/install/moveit_core/share/colcon-core/packages/moveit_core)
[1.632s] INFO:colcon.colcon_ros.task.ament_cmake.build:Building ROS package in '/home/aaron/ur_ws/src/moveit2/moveit_ros/occupancy_map_monitor' with build type 'ament_cmake'
[1.632s] INFO:colcon.colcon_cmake.task.cmake.build:Building CMake package in '/home/aaron/ur_ws/src/moveit2/moveit_ros/occupancy_map_monitor'
[1.632s] INFO:colcon.colcon_core.shell:Skip shell extension 'powershell' for command environment: Not usable outside of PowerShell
[1.632s] DEBUG:colcon.colcon_core.shell:Skip shell extension 'dsv' for command environment
[1.634s] INFO:colcon.colcon_ros.task.ament_cmake.build:Building ROS package in '/home/aaron/ur_ws/src/moveit2/moveit_plugins/moveit_simple_controller_manager' with build type 'ament_cmake'
[1.635s] INFO:colcon.colcon_cmake.task.cmake.build:Building CMake package in '/home/aaron/ur_ws/src/moveit2/moveit_plugins/moveit_simple_controller_manager'
[1.635s] INFO:colcon.colcon_core.shell:Skip shell extension 'powershell' for command environment: Not usable outside of PowerShell
[1.635s] DEBUG:colcon.colcon_core.shell:Skip shell extension 'dsv' for command environment
[1.637s] INFO:colcon.colcon_ros.task.ament_cmake.build:Building ROS package in '/home/aaron/ur_ws/src/moveit2/moveit_planners/test_configs/prbt_ikfast_manipulator_plugin' with build type 'ament_cmake'
[1.637s] INFO:colcon.colcon_cmake.task.cmake.build:Building CMake package in '/home/aaron/ur_ws/src/moveit2/moveit_planners/test_configs/prbt_ikfast_manipulator_plugin'
[1.637s] INFO:colcon.colcon_core.shell:Skip shell extension 'powershell' for command environment: Not usable outside of PowerShell
[1.637s] DEBUG:colcon.colcon_core.shell:Skip shell extension 'dsv' for command environment
[1.640s] INFO:colcon.colcon_ros.task.ament_cmake.build:Building ROS package in '/home/aaron/ur_ws/src/moveit2/moveit_planners/chomp/chomp_motion_planner' with build type 'ament_cmake'
[1.640s] INFO:colcon.colcon_cmake.task.cmake.build:Building CMake package in '/home/aaron/ur_ws/src/moveit2/moveit_planners/chomp/chomp_motion_planner'
[1.640s] INFO:colcon.colcon_core.shell:Skip shell extension 'powershell' for command environment: Not usable outside of PowerShell
[1.640s] DEBUG:colcon.colcon_core.shell:Skip shell extension 'dsv' for command environment
[1.642s] INFO:colcon.colcon_ros.task.ament_cmake.build:Building ROS package in '/home/aaron/ur_ws/src/moveit2/moveit_planners/pilz_industrial_motion_planner_testutils' with build type 'ament_cmake'
[1.642s] INFO:colcon.colcon_cmake.task.cmake.build:Building CMake package in '/home/aaron/ur_ws/src/moveit2/moveit_planners/pilz_industrial_motion_planner_testutils'
[1.642s] INFO:colcon.colcon_core.shell:Skip shell extension 'powershell' for command environment: Not usable outside of PowerShell
[1.642s] DEBUG:colcon.colcon_core.shell:Skip shell extension 'dsv' for command environment
[1.645s] Level 1:colcon.colcon_core.environment:checking '/home/aaron/ur_ws/install/waypoint_pub' for CMake module files
[1.645s] DEBUG:colcon.colcon_core.event_handler.log_command:Invoked command in '/home/aaron/ur_ws/src/waypoint_pub' returned '0': PYTHONPATH=/home/aaron/ur_ws/build/waypoint_pub/prefix_override:/usr/lib/python3/dist-packages/colcon_core/task/python/colcon_distutils_commands:/home/aaron/ur_ws/install/waypoint_pub/lib/python3.10/site-packages:${PYTHONPATH} /usr/bin/python3 -W ignore:setup.py install is deprecated -W ignore:easy_install command is deprecated setup.py egg_info --egg-base ../../build/waypoint_pub build --build-base /home/aaron/ur_ws/build/waypoint_pub/build install --record /home/aaron/ur_ws/build/waypoint_pub/install.log --single-version-externally-managed install_data
[1.645s] Level 1:colcon.colcon_core.environment:checking '/home/aaron/ur_ws/install/waypoint_pub' for CMake config files
[1.645s] Level 1:colcon.colcon_core.environment:checking '/home/aaron/ur_ws/install/waypoint_pub/lib'
[1.645s] Level 1:colcon.colcon_core.environment:checking '/home/aaron/ur_ws/install/waypoint_pub/bin'
[1.645s] Level 1:colcon.colcon_core.environment:checking '/home/aaron/ur_ws/install/waypoint_pub/lib/pkgconfig/waypoint_pub.pc'
[1.646s] Level 1:colcon.colcon_core.environment:checking '/home/aaron/ur_ws/install/waypoint_pub/lib/python3.10/site-packages'
[1.646s] Level 1:colcon.colcon_core.shell:create_environment_hook('waypoint_pub', 'pythonpath')
[1.646s] INFO:colcon.colcon_core.shell:Creating environment hook '/home/aaron/ur_ws/install/waypoint_pub/share/waypoint_pub/hook/pythonpath.ps1'
[1.646s] INFO:colcon.colcon_core.shell:Creating environment descriptor '/home/aaron/ur_ws/install/waypoint_pub/share/waypoint_pub/hook/pythonpath.dsv'
[1.646s] INFO:colcon.colcon_core.shell:Creating environment hook '/home/aaron/ur_ws/install/waypoint_pub/share/waypoint_pub/hook/pythonpath.sh'
[1.647s] Level 1:colcon.colcon_core.environment:checking '/home/aaron/ur_ws/install/waypoint_pub/bin'
[1.647s] Level 1:colcon.colcon_core.environment:create_environment_scripts_only(waypoint_pub)
[1.647s] INFO:colcon.colcon_core.shell:Creating package script '/home/aaron/ur_ws/install/waypoint_pub/share/waypoint_pub/package.ps1'
[1.647s] INFO:colcon.colcon_core.shell:Creating package descriptor '/home/aaron/ur_ws/install/waypoint_pub/share/waypoint_pub/package.dsv'
[1.647s] INFO:colcon.colcon_core.shell:Creating package script '/home/aaron/ur_ws/install/waypoint_pub/share/waypoint_pub/package.sh'
[1.648s] INFO:colcon.colcon_core.shell:Creating package script '/home/aaron/ur_ws/install/waypoint_pub/share/waypoint_pub/package.bash'
[1.648s] INFO:colcon.colcon_core.shell:Creating package script '/home/aaron/ur_ws/install/waypoint_pub/share/waypoint_pub/package.zsh'
[1.648s] Level 1:colcon.colcon_core.environment:create_file_with_runtime_dependencies(/home/aaron/ur_ws/install/waypoint_pub/share/colcon-core/packages/waypoint_pub)
[1.810s] INFO:colcon.colcon_core.task.python.build:Building Python package in '/home/aaron/ur_ws/src/moveit2/moveit_configs_utils'
[1.811s] INFO:colcon.colcon_core.shell:Skip shell extension 'powershell' for command environment: Not usable outside of PowerShell
[1.811s] DEBUG:colcon.colcon_core.shell:Skip shell extension 'dsv' for command environment
[1.816s] DEBUG:colcon.colcon_core.event_handler.log_command:Invoking command in '/home/aaron/ur_ws/build/moveit_ros_occupancy_map_monitor': AMENT_PREFIX_PATH=/home/aaron/ur_ws/install/moveit_core:/home/aaron/ur_ws/install/moveit_resources_panda_moveit_config:/home/aaron/ur_ws/install/srdfdom:/home/aaron/ur_ws/install/moveit_resources_pr2_description:/home/aaron/ur_ws/install/moveit_resources_panda_description:/home/aaron/ur_ws/install/moveit_common:${AMENT_PREFIX_PATH} CMAKE_PREFIX_PATH=/home/aaron/ur_ws/install/moveit_core:/home/aaron/ur_ws/install/moveit_resources_panda_moveit_config:/home/aaron/ur_ws/install/srdfdom:/home/aaron/ur_ws/install/moveit_resources_pr2_description:/home/aaron/ur_ws/install/moveit_resources_panda_description:/home/aaron/ur_ws/install/moveit_common:/opt/ros/humble LD_LIBRARY_PATH=/home/aaron/ur_ws/install/moveit_core/lib:/home/aaron/ur_ws/install/srdfdom/lib:${LD_LIBRARY_PATH} PATH=/home/aaron/ur_ws/install/moveit_core/bin:${PATH} PYTHONPATH=/home/aaron/ur_ws/install/srdfdom/local/lib/python3.10/dist-packages:${PYTHONPATH} /usr/bin/cmake --build /home/aaron/ur_ws/build/moveit_ros_occupancy_map_monitor -- -j20 -l20
[1.818s] DEBUG:colcon.colcon_core.event_handler.log_command:Invoking command in '/home/aaron/ur_ws/build/moveit_simple_controller_manager': AMENT_PREFIX_PATH=/home/aaron/ur_ws/install/moveit_core:/home/aaron/ur_ws/install/moveit_resources_panda_moveit_config:/home/aaron/ur_ws/install/srdfdom:/home/aaron/ur_ws/install/moveit_resources_pr2_description:/home/aaron/ur_ws/install/moveit_resources_panda_description:/home/aaron/ur_ws/install/moveit_common:${AMENT_PREFIX_PATH} CMAKE_PREFIX_PATH=/home/aaron/ur_ws/install/moveit_core:/home/aaron/ur_ws/install/moveit_resources_panda_moveit_config:/home/aaron/ur_ws/install/srdfdom:/home/aaron/ur_ws/install/moveit_resources_pr2_description:/home/aaron/ur_ws/install/moveit_resources_panda_description:/home/aaron/ur_ws/install/moveit_common:/opt/ros/humble LD_LIBRARY_PATH=/home/aaron/ur_ws/install/moveit_core/lib:/home/aaron/ur_ws/install/srdfdom/lib:${LD_LIBRARY_PATH} PATH=/home/aaron/ur_ws/install/moveit_core/bin:${PATH} PYTHONPATH=/home/aaron/ur_ws/install/srdfdom/local/lib/python3.10/dist-packages:${PYTHONPATH} /usr/bin/cmake --build /home/aaron/ur_ws/build/moveit_simple_controller_manager -- -j20 -l20
[1.820s] DEBUG:colcon.colcon_core.event_handler.log_command:Invoking command in '/home/aaron/ur_ws/build/moveit_resources_prbt_ikfast_manipulator_plugin': AMENT_PREFIX_PATH=/home/aaron/ur_ws/install/moveit_core:/home/aaron/ur_ws/install/moveit_resources_panda_moveit_config:/home/aaron/ur_ws/install/srdfdom:/home/aaron/ur_ws/install/moveit_resources_pr2_description:/home/aaron/ur_ws/install/moveit_resources_panda_description:/home/aaron/ur_ws/install/moveit_common:${AMENT_PREFIX_PATH} CMAKE_PREFIX_PATH=/home/aaron/ur_ws/install/moveit_core:/home/aaron/ur_ws/install/moveit_resources_panda_moveit_config:/home/aaron/ur_ws/install/srdfdom:/home/aaron/ur_ws/install/moveit_resources_pr2_description:/home/aaron/ur_ws/install/moveit_resources_panda_description:/home/aaron/ur_ws/install/moveit_common:/opt/ros/humble LD_LIBRARY_PATH=/home/aaron/ur_ws/install/moveit_core/lib:/home/aaron/ur_ws/install/srdfdom/lib:${LD_LIBRARY_PATH} PATH=/home/aaron/ur_ws/install/moveit_core/bin:${PATH} PYTHONPATH=/home/aaron/ur_ws/install/srdfdom/local/lib/python3.10/dist-packages:${PYTHONPATH} /usr/bin/cmake --build /home/aaron/ur_ws/build/moveit_resources_prbt_ikfast_manipulator_plugin -- -j20 -l20
[1.822s] DEBUG:colcon.colcon_core.event_handler.log_command:Invoking command in '/home/aaron/ur_ws/build/chomp_motion_planner': AMENT_PREFIX_PATH=/home/aaron/ur_ws/install/moveit_core:/home/aaron/ur_ws/install/moveit_resources_panda_moveit_config:/home/aaron/ur_ws/install/srdfdom:/home/aaron/ur_ws/install/moveit_resources_pr2_description:/home/aaron/ur_ws/install/moveit_resources_panda_description:/home/aaron/ur_ws/install/moveit_common:${AMENT_PREFIX_PATH} CMAKE_PREFIX_PATH=/home/aaron/ur_ws/install/moveit_core:/home/aaron/ur_ws/install/moveit_resources_panda_moveit_config:/home/aaron/ur_ws/install/srdfdom:/home/aaron/ur_ws/install/moveit_resources_pr2_description:/home/aaron/ur_ws/install/moveit_resources_panda_description:/home/aaron/ur_ws/install/moveit_common:/opt/ros/humble LD_LIBRARY_PATH=/home/aaron/ur_ws/install/moveit_core/lib:/home/aaron/ur_ws/install/srdfdom/lib:${LD_LIBRARY_PATH} PATH=/home/aaron/ur_ws/install/moveit_core/bin:${PATH} PYTHONPATH=/home/aaron/ur_ws/install/srdfdom/local/lib/python3.10/dist-packages:${PYTHONPATH} /usr/bin/cmake --build /home/aaron/ur_ws/build/chomp_motion_planner -- -j20 -l20
[1.825s] DEBUG:colcon.colcon_core.event_handler.log_command:Invoking command in '/home/aaron/ur_ws/build/pilz_industrial_motion_planner_testutils': AMENT_PREFIX_PATH=/home/aaron/ur_ws/install/moveit_core:/home/aaron/ur_ws/install/moveit_resources_panda_moveit_config:/home/aaron/ur_ws/install/srdfdom:/home/aaron/ur_ws/install/moveit_resources_pr2_description:/home/aaron/ur_ws/install/moveit_resources_panda_description:/home/aaron/ur_ws/install/moveit_common:${AMENT_PREFIX_PATH} CMAKE_PREFIX_PATH=/home/aaron/ur_ws/install/moveit_core:/home/aaron/ur_ws/install/moveit_resources_panda_moveit_config:/home/aaron/ur_ws/install/srdfdom:/home/aaron/ur_ws/install/moveit_resources_pr2_description:/home/aaron/ur_ws/install/moveit_resources_panda_description:/home/aaron/ur_ws/install/moveit_common:/opt/ros/humble LD_LIBRARY_PATH=/home/aaron/ur_ws/install/moveit_core/lib:/home/aaron/ur_ws/install/srdfdom/lib:${LD_LIBRARY_PATH} PATH=/home/aaron/ur_ws/install/moveit_core/bin:${PATH} PYTHONPATH=/home/aaron/ur_ws/install/srdfdom/local/lib/python3.10/dist-packages:${PYTHONPATH} /usr/bin/cmake --build /home/aaron/ur_ws/build/pilz_industrial_motion_planner_testutils -- -j20 -l20
[1.880s] DEBUG:colcon.colcon_core.event_handler.log_command:Invoked command in '/home/aaron/ur_ws/build/moveit_resources_prbt_ikfast_manipulator_plugin' returned '0': AMENT_PREFIX_PATH=/home/aaron/ur_ws/install/moveit_core:/home/aaron/ur_ws/install/moveit_resources_panda_moveit_config:/home/aaron/ur_ws/install/srdfdom:/home/aaron/ur_ws/install/moveit_resources_pr2_description:/home/aaron/ur_ws/install/moveit_resources_panda_description:/home/aaron/ur_ws/install/moveit_common:${AMENT_PREFIX_PATH} CMAKE_PREFIX_PATH=/home/aaron/ur_ws/install/moveit_core:/home/aaron/ur_ws/install/moveit_resources_panda_moveit_config:/home/aaron/ur_ws/install/srdfdom:/home/aaron/ur_ws/install/moveit_resources_pr2_description:/home/aaron/ur_ws/install/moveit_resources_panda_description:/home/aaron/ur_ws/install/moveit_common:/opt/ros/humble LD_LIBRARY_PATH=/home/aaron/ur_ws/install/moveit_core/lib:/home/aaron/ur_ws/install/srdfdom/lib:${LD_LIBRARY_PATH} PATH=/home/aaron/ur_ws/install/moveit_core/bin:${PATH} PYTHONPATH=/home/aaron/ur_ws/install/srdfdom/local/lib/python3.10/dist-packages:${PYTHONPATH} /usr/bin/cmake --build /home/aaron/ur_ws/build/moveit_resources_prbt_ikfast_manipulator_plugin -- -j20 -l20
[1.882s] DEBUG:colcon.colcon_core.event_handler.log_command:Invoking command in '/home/aaron/ur_ws/build/moveit_resources_prbt_ikfast_manipulator_plugin': AMENT_PREFIX_PATH=/home/aaron/ur_ws/install/moveit_core:/home/aaron/ur_ws/install/moveit_resources_panda_moveit_config:/home/aaron/ur_ws/install/srdfdom:/home/aaron/ur_ws/install/moveit_resources_pr2_description:/home/aaron/ur_ws/install/moveit_resources_panda_description:/home/aaron/ur_ws/install/moveit_common:${AMENT_PREFIX_PATH} CMAKE_PREFIX_PATH=/home/aaron/ur_ws/install/moveit_core:/home/aaron/ur_ws/install/moveit_resources_panda_moveit_config:/home/aaron/ur_ws/install/srdfdom:/home/aaron/ur_ws/install/moveit_resources_pr2_description:/home/aaron/ur_ws/install/moveit_resources_panda_description:/home/aaron/ur_ws/install/moveit_common:/opt/ros/humble LD_LIBRARY_PATH=/home/aaron/ur_ws/install/moveit_core/lib:/home/aaron/ur_ws/install/srdfdom/lib:${LD_LIBRARY_PATH} PATH=/home/aaron/ur_ws/install/moveit_core/bin:${PATH} PYTHONPATH=/home/aaron/ur_ws/install/srdfdom/local/lib/python3.10/dist-packages:${PYTHONPATH} /usr/bin/cmake --install /home/aaron/ur_ws/build/moveit_resources_prbt_ikfast_manipulator_plugin
[1.891s] DEBUG:colcon.colcon_core.event_handler.log_command:Invoked command in '/home/aaron/ur_ws/build/pilz_industrial_motion_planner_testutils' returned '0': AMENT_PREFIX_PATH=/home/aaron/ur_ws/install/moveit_core:/home/aaron/ur_ws/install/moveit_resources_panda_moveit_config:/home/aaron/ur_ws/install/srdfdom:/home/aaron/ur_ws/install/moveit_resources_pr2_description:/home/aaron/ur_ws/install/moveit_resources_panda_description:/home/aaron/ur_ws/install/moveit_common:${AMENT_PREFIX_PATH} CMAKE_PREFIX_PATH=/home/aaron/ur_ws/install/moveit_core:/home/aaron/ur_ws/install/moveit_resources_panda_moveit_config:/home/aaron/ur_ws/install/srdfdom:/home/aaron/ur_ws/install/moveit_resources_pr2_description:/home/aaron/ur_ws/install/moveit_resources_panda_description:/home/aaron/ur_ws/install/moveit_common:/opt/ros/humble LD_LIBRARY_PATH=/home/aaron/ur_ws/install/moveit_core/lib:/home/aaron/ur_ws/install/srdfdom/lib:${LD_LIBRARY_PATH} PATH=/home/aaron/ur_ws/install/moveit_core/bin:${PATH} PYTHONPATH=/home/aaron/ur_ws/install/srdfdom/local/lib/python3.10/dist-packages:${PYTHONPATH} /usr/bin/cmake --build /home/aaron/ur_ws/build/pilz_industrial_motion_planner_testutils -- -j20 -l20
[1.892s] DEBUG:colcon.colcon_core.event_handler.log_command:Invoking command in '/home/aaron/ur_ws/build/pilz_industrial_motion_planner_testutils': AMENT_PREFIX_PATH=/home/aaron/ur_ws/install/moveit_core:/home/aaron/ur_ws/install/moveit_resources_panda_moveit_config:/home/aaron/ur_ws/install/srdfdom:/home/aaron/ur_ws/install/moveit_resources_pr2_description:/home/aaron/ur_ws/install/moveit_resources_panda_description:/home/aaron/ur_ws/install/moveit_common:${AMENT_PREFIX_PATH} CMAKE_PREFIX_PATH=/home/aaron/ur_ws/install/moveit_core:/home/aaron/ur_ws/install/moveit_resources_panda_moveit_config:/home/aaron/ur_ws/install/srdfdom:/home/aaron/ur_ws/install/moveit_resources_pr2_description:/home/aaron/ur_ws/install/moveit_resources_panda_description:/home/aaron/ur_ws/install/moveit_common:/opt/ros/humble LD_LIBRARY_PATH=/home/aaron/ur_ws/install/moveit_core/lib:/home/aaron/ur_ws/install/srdfdom/lib:${LD_LIBRARY_PATH} PATH=/home/aaron/ur_ws/install/moveit_core/bin:${PATH} PYTHONPATH=/home/aaron/ur_ws/install/srdfdom/local/lib/python3.10/dist-packages:${PYTHONPATH} /usr/bin/cmake --install /home/aaron/ur_ws/build/pilz_industrial_motion_planner_testutils
[1.892s] DEBUG:colcon.colcon_core.event_handler.log_command:Invoked command in '/home/aaron/ur_ws/build/chomp_motion_planner' returned '0': AMENT_PREFIX_PATH=/home/aaron/ur_ws/install/moveit_core:/home/aaron/ur_ws/install/moveit_resources_panda_moveit_config:/home/aaron/ur_ws/install/srdfdom:/home/aaron/ur_ws/install/moveit_resources_pr2_description:/home/aaron/ur_ws/install/moveit_resources_panda_description:/home/aaron/ur_ws/install/moveit_common:${AMENT_PREFIX_PATH} CMAKE_PREFIX_PATH=/home/aaron/ur_ws/install/moveit_core:/home/aaron/ur_ws/install/moveit_resources_panda_moveit_config:/home/aaron/ur_ws/install/srdfdom:/home/aaron/ur_ws/install/moveit_resources_pr2_description:/home/aaron/ur_ws/install/moveit_resources_panda_description:/home/aaron/ur_ws/install/moveit_common:/opt/ros/humble LD_LIBRARY_PATH=/home/aaron/ur_ws/install/moveit_core/lib:/home/aaron/ur_ws/install/srdfdom/lib:${LD_LIBRARY_PATH} PATH=/home/aaron/ur_ws/install/moveit_core/bin:${PATH} PYTHONPATH=/home/aaron/ur_ws/install/srdfdom/local/lib/python3.10/dist-packages:${PYTHONPATH} /usr/bin/cmake --build /home/aaron/ur_ws/build/chomp_motion_planner -- -j20 -l20
[1.894s] DEBUG:colcon.colcon_core.event_handler.log_command:Invoking command in '/home/aaron/ur_ws/build/chomp_motion_planner': AMENT_PREFIX_PATH=/home/aaron/ur_ws/install/moveit_core:/home/aaron/ur_ws/install/moveit_resources_panda_moveit_config:/home/aaron/ur_ws/install/srdfdom:/home/aaron/ur_ws/install/moveit_resources_pr2_description:/home/aaron/ur_ws/install/moveit_resources_panda_description:/home/aaron/ur_ws/install/moveit_common:${AMENT_PREFIX_PATH} CMAKE_PREFIX_PATH=/home/aaron/ur_ws/install/moveit_core:/home/aaron/ur_ws/install/moveit_resources_panda_moveit_config:/home/aaron/ur_ws/install/srdfdom:/home/aaron/ur_ws/install/moveit_resources_pr2_description:/home/aaron/ur_ws/install/moveit_resources_panda_description:/home/aaron/ur_ws/install/moveit_common:/opt/ros/humble LD_LIBRARY_PATH=/home/aaron/ur_ws/install/moveit_core/lib:/home/aaron/ur_ws/install/srdfdom/lib:${LD_LIBRARY_PATH} PATH=/home/aaron/ur_ws/install/moveit_core/bin:${PATH} PYTHONPATH=/home/aaron/ur_ws/install/srdfdom/local/lib/python3.10/dist-packages:${PYTHONPATH} /usr/bin/cmake --install /home/aaron/ur_ws/build/chomp_motion_planner
[1.895s] Level 1:colcon.colcon_core.environment:create_environment_scripts_only(moveit_resources_prbt_ikfast_manipulator_plugin)
[1.895s] Level 1:colcon.colcon_core.environment:checking '/home/aaron/ur_ws/install/moveit_resources_prbt_ikfast_manipulator_plugin' for CMake module files
[1.896s] DEBUG:colcon.colcon_core.event_handler.log_command:Invoked command in '/home/aaron/ur_ws/build/moveit_resources_prbt_ikfast_manipulator_plugin' returned '0': AMENT_PREFIX_PATH=/home/aaron/ur_ws/install/moveit_core:/home/aaron/ur_ws/install/moveit_resources_panda_moveit_config:/home/aaron/ur_ws/install/srdfdom:/home/aaron/ur_ws/install/moveit_resources_pr2_description:/home/aaron/ur_ws/install/moveit_resources_panda_description:/home/aaron/ur_ws/install/moveit_common:${AMENT_PREFIX_PATH} CMAKE_PREFIX_PATH=/home/aaron/ur_ws/install/moveit_core:/home/aaron/ur_ws/install/moveit_resources_panda_moveit_config:/home/aaron/ur_ws/install/srdfdom:/home/aaron/ur_ws/install/moveit_resources_pr2_description:/home/aaron/ur_ws/install/moveit_resources_panda_description:/home/aaron/ur_ws/install/moveit_common:/opt/ros/humble LD_LIBRARY_PATH=/home/aaron/ur_ws/install/moveit_core/lib:/home/aaron/ur_ws/install/srdfdom/lib:${LD_LIBRARY_PATH} PATH=/home/aaron/ur_ws/install/moveit_core/bin:${PATH} PYTHONPATH=/home/aaron/ur_ws/install/srdfdom/local/lib/python3.10/dist-packages:${PYTHONPATH} /usr/bin/cmake --install /home/aaron/ur_ws/build/moveit_resources_prbt_ikfast_manipulator_plugin
[1.896s] Level 1:colcon.colcon_core.environment:checking '/home/aaron/ur_ws/install/moveit_resources_prbt_ikfast_manipulator_plugin' for CMake config files
[1.897s] Level 1:colcon.colcon_core.shell:create_environment_hook('moveit_resources_prbt_ikfast_manipulator_plugin', 'cmake_prefix_path')
[1.897s] INFO:colcon.colcon_core.shell:Creating environment hook '/home/aaron/ur_ws/install/moveit_resources_prbt_ikfast_manipulator_plugin/share/moveit_resources_prbt_ikfast_manipulator_plugin/hook/cmake_prefix_path.ps1'
[1.898s] INFO:colcon.colcon_core.shell:Creating environment descriptor '/home/aaron/ur_ws/install/moveit_resources_prbt_ikfast_manipulator_plugin/share/moveit_resources_prbt_ikfast_manipulator_plugin/hook/cmake_prefix_path.dsv'
[1.899s] INFO:colcon.colcon_core.shell:Creating environment hook '/home/aaron/ur_ws/install/moveit_resources_prbt_ikfast_manipulator_plugin/share/moveit_resources_prbt_ikfast_manipulator_plugin/hook/cmake_prefix_path.sh'
[1.899s] Level 1:colcon.colcon_core.environment:checking '/home/aaron/ur_ws/install/moveit_resources_prbt_ikfast_manipulator_plugin/lib'
[1.900s] Level 1:colcon.colcon_core.shell:create_environment_hook('moveit_resources_prbt_ikfast_manipulator_plugin', 'ld_library_path_lib')
[1.900s] INFO:colcon.colcon_core.shell:Creating environment hook '/home/aaron/ur_ws/install/moveit_resources_prbt_ikfast_manipulator_plugin/share/moveit_resources_prbt_ikfast_manipulator_plugin/hook/ld_library_path_lib.ps1'
[1.900s] INFO:colcon.colcon_core.shell:Creating environment descriptor '/home/aaron/ur_ws/install/moveit_resources_prbt_ikfast_manipulator_plugin/share/moveit_resources_prbt_ikfast_manipulator_plugin/hook/ld_library_path_lib.dsv'
[1.901s] INFO:colcon.colcon_core.shell:Creating environment hook '/home/aaron/ur_ws/install/moveit_resources_prbt_ikfast_manipulator_plugin/share/moveit_resources_prbt_ikfast_manipulator_plugin/hook/ld_library_path_lib.sh'
[1.901s] Level 1:colcon.colcon_core.environment:checking '/home/aaron/ur_ws/install/moveit_resources_prbt_ikfast_manipulator_plugin/bin'
[1.901s] Level 1:colcon.colcon_core.environment:checking '/home/aaron/ur_ws/install/moveit_resources_prbt_ikfast_manipulator_plugin/lib/pkgconfig/moveit_resources_prbt_ikfast_manipulator_plugin.pc'
[1.901s] Level 1:colcon.colcon_core.environment:checking '/home/aaron/ur_ws/install/moveit_resources_prbt_ikfast_manipulator_plugin/lib/python3.10/site-packages'
[1.902s] Level 1:colcon.colcon_core.environment:checking '/home/aaron/ur_ws/install/moveit_resources_prbt_ikfast_manipulator_plugin/bin'
[1.902s] INFO:colcon.colcon_core.shell:Creating package script '/home/aaron/ur_ws/install/moveit_resources_prbt_ikfast_manipulator_plugin/share/moveit_resources_prbt_ikfast_manipulator_plugin/package.ps1'
[1.904s] INFO:colcon.colcon_core.shell:Creating package descriptor '/home/aaron/ur_ws/install/moveit_resources_prbt_ikfast_manipulator_plugin/share/moveit_resources_prbt_ikfast_manipulator_plugin/package.dsv'
[1.905s] INFO:colcon.colcon_core.shell:Creating package script '/home/aaron/ur_ws/install/moveit_resources_prbt_ikfast_manipulator_plugin/share/moveit_resources_prbt_ikfast_manipulator_plugin/package.sh'
[1.905s] INFO:colcon.colcon_core.shell:Creating package script '/home/aaron/ur_ws/install/moveit_resources_prbt_ikfast_manipulator_plugin/share/moveit_resources_prbt_ikfast_manipulator_plugin/package.bash'
[1.905s] INFO:colcon.colcon_core.shell:Creating package script '/home/aaron/ur_ws/install/moveit_resources_prbt_ikfast_manipulator_plugin/share/moveit_resources_prbt_ikfast_manipulator_plugin/package.zsh'
[1.905s] Level 1:colcon.colcon_core.environment:create_file_with_runtime_dependencies(/home/aaron/ur_ws/install/moveit_resources_prbt_ikfast_manipulator_plugin/share/colcon-core/packages/moveit_resources_prbt_ikfast_manipulator_plugin)
[1.906s] Level 1:colcon.colcon_core.environment:create_environment_scripts_only(moveit_resources_prbt_ikfast_manipulator_plugin)
[1.906s] Level 1:colcon.colcon_core.environment:checking '/home/aaron/ur_ws/install/moveit_resources_prbt_ikfast_manipulator_plugin' for CMake module files
[1.906s] Level 1:colcon.colcon_core.environment:checking '/home/aaron/ur_ws/install/moveit_resources_prbt_ikfast_manipulator_plugin' for CMake config files
[1.906s] Level 1:colcon.colcon_core.shell:create_environment_hook('moveit_resources_prbt_ikfast_manipulator_plugin', 'cmake_prefix_path')
[1.906s] INFO:colcon.colcon_core.shell:Creating environment hook '/home/aaron/ur_ws/install/moveit_resources_prbt_ikfast_manipulator_plugin/share/moveit_resources_prbt_ikfast_manipulator_plugin/hook/cmake_prefix_path.ps1'
[1.907s] INFO:colcon.colcon_core.shell:Creating environment descriptor '/home/aaron/ur_ws/install/moveit_resources_prbt_ikfast_manipulator_plugin/share/moveit_resources_prbt_ikfast_manipulator_plugin/hook/cmake_prefix_path.dsv'
[1.907s] INFO:colcon.colcon_core.shell:Creating environment hook '/home/aaron/ur_ws/install/moveit_resources_prbt_ikfast_manipulator_plugin/share/moveit_resources_prbt_ikfast_manipulator_plugin/hook/cmake_prefix_path.sh'
[1.907s] Level 1:colcon.colcon_core.environment:checking '/home/aaron/ur_ws/install/moveit_resources_prbt_ikfast_manipulator_plugin/lib'
[1.907s] Level 1:colcon.colcon_core.shell:create_environment_hook('moveit_resources_prbt_ikfast_manipulator_plugin', 'ld_library_path_lib')
[1.907s] INFO:colcon.colcon_core.shell:Creating environment hook '/home/aaron/ur_ws/install/moveit_resources_prbt_ikfast_manipulator_plugin/share/moveit_resources_prbt_ikfast_manipulator_plugin/hook/ld_library_path_lib.ps1'
[1.908s] INFO:colcon.colcon_core.shell:Creating environment descriptor '/home/aaron/ur_ws/install/moveit_resources_prbt_ikfast_manipulator_plugin/share/moveit_resources_prbt_ikfast_manipulator_plugin/hook/ld_library_path_lib.dsv'
[1.908s] INFO:colcon.colcon_core.shell:Creating environment hook '/home/aaron/ur_ws/install/moveit_resources_prbt_ikfast_manipulator_plugin/share/moveit_resources_prbt_ikfast_manipulator_plugin/hook/ld_library_path_lib.sh'
[1.908s] Level 1:colcon.colcon_core.environment:checking '/home/aaron/ur_ws/install/moveit_resources_prbt_ikfast_manipulator_plugin/bin'
[1.908s] Level 1:colcon.colcon_core.environment:checking '/home/aaron/ur_ws/install/moveit_resources_prbt_ikfast_manipulator_plugin/lib/pkgconfig/moveit_resources_prbt_ikfast_manipulator_plugin.pc'
[1.908s] Level 1:colcon.colcon_core.environment:checking '/home/aaron/ur_ws/install/moveit_resources_prbt_ikfast_manipulator_plugin/lib/python3.10/site-packages'
[1.908s] Level 1:colcon.colcon_core.environment:checking '/home/aaron/ur_ws/install/moveit_resources_prbt_ikfast_manipulator_plugin/bin'
[1.909s] INFO:colcon.colcon_core.shell:Creating package script '/home/aaron/ur_ws/install/moveit_resources_prbt_ikfast_manipulator_plugin/share/moveit_resources_prbt_ikfast_manipulator_plugin/package.ps1'
[1.909s] INFO:colcon.colcon_core.shell:Creating package descriptor '/home/aaron/ur_ws/install/moveit_resources_prbt_ikfast_manipulator_plugin/share/moveit_resources_prbt_ikfast_manipulator_plugin/package.dsv'
[1.909s] INFO:colcon.colcon_core.shell:Creating package script '/home/aaron/ur_ws/install/moveit_resources_prbt_ikfast_manipulator_plugin/share/moveit_resources_prbt_ikfast_manipulator_plugin/package.sh'
[1.909s] INFO:colcon.colcon_core.shell:Creating package script '/home/aaron/ur_ws/install/moveit_resources_prbt_ikfast_manipulator_plugin/share/moveit_resources_prbt_ikfast_manipulator_plugin/package.bash'
[1.910s] INFO:colcon.colcon_core.shell:Creating package script '/home/aaron/ur_ws/install/moveit_resources_prbt_ikfast_manipulator_plugin/share/moveit_resources_prbt_ikfast_manipulator_plugin/package.zsh'
[1.910s] Level 1:colcon.colcon_core.environment:create_file_with_runtime_dependencies(/home/aaron/ur_ws/install/moveit_resources_prbt_ikfast_manipulator_plugin/share/colcon-core/packages/moveit_resources_prbt_ikfast_manipulator_plugin)
[1.911s] DEBUG:colcon.colcon_core.event_handler.log_command:Invoked command in '/home/aaron/ur_ws/build/moveit_simple_controller_manager' returned '0': AMENT_PREFIX_PATH=/home/aaron/ur_ws/install/moveit_core:/home/aaron/ur_ws/install/moveit_resources_panda_moveit_config:/home/aaron/ur_ws/install/srdfdom:/home/aaron/ur_ws/install/moveit_resources_pr2_description:/home/aaron/ur_ws/install/moveit_resources_panda_description:/home/aaron/ur_ws/install/moveit_common:${AMENT_PREFIX_PATH} CMAKE_PREFIX_PATH=/home/aaron/ur_ws/install/moveit_core:/home/aaron/ur_ws/install/moveit_resources_panda_moveit_config:/home/aaron/ur_ws/install/srdfdom:/home/aaron/ur_ws/install/moveit_resources_pr2_description:/home/aaron/ur_ws/install/moveit_resources_panda_description:/home/aaron/ur_ws/install/moveit_common:/opt/ros/humble LD_LIBRARY_PATH=/home/aaron/ur_ws/install/moveit_core/lib:/home/aaron/ur_ws/install/srdfdom/lib:${LD_LIBRARY_PATH} PATH=/home/aaron/ur_ws/install/moveit_core/bin:${PATH} PYTHONPATH=/home/aaron/ur_ws/install/srdfdom/local/lib/python3.10/dist-packages:${PYTHONPATH} /usr/bin/cmake --build /home/aaron/ur_ws/build/moveit_simple_controller_manager -- -j20 -l20
[1.911s] DEBUG:colcon.colcon_core.event_handler.log_command:Invoking command in '/home/aaron/ur_ws/build/moveit_simple_controller_manager': AMENT_PREFIX_PATH=/home/aaron/ur_ws/install/moveit_core:/home/aaron/ur_ws/install/moveit_resources_panda_moveit_config:/home/aaron/ur_ws/install/srdfdom:/home/aaron/ur_ws/install/moveit_resources_pr2_description:/home/aaron/ur_ws/install/moveit_resources_panda_description:/home/aaron/ur_ws/install/moveit_common:${AMENT_PREFIX_PATH} CMAKE_PREFIX_PATH=/home/aaron/ur_ws/install/moveit_core:/home/aaron/ur_ws/install/moveit_resources_panda_moveit_config:/home/aaron/ur_ws/install/srdfdom:/home/aaron/ur_ws/install/moveit_resources_pr2_description:/home/aaron/ur_ws/install/moveit_resources_panda_description:/home/aaron/ur_ws/install/moveit_common:/opt/ros/humble LD_LIBRARY_PATH=/home/aaron/ur_ws/install/moveit_core/lib:/home/aaron/ur_ws/install/srdfdom/lib:${LD_LIBRARY_PATH} PATH=/home/aaron/ur_ws/install/moveit_core/bin:${PATH} PYTHONPATH=/home/aaron/ur_ws/install/srdfdom/local/lib/python3.10/dist-packages:${PYTHONPATH} /usr/bin/cmake --install /home/aaron/ur_ws/build/moveit_simple_controller_manager
[1.912s] Level 1:colcon.colcon_core.environment:create_environment_scripts_only(pilz_industrial_motion_planner_testutils)
[1.913s] Level 1:colcon.colcon_core.environment:checking '/home/aaron/ur_ws/install/pilz_industrial_motion_planner_testutils' for CMake module files
[1.913s] DEBUG:colcon.colcon_core.event_handler.log_command:Invoked command in '/home/aaron/ur_ws/build/pilz_industrial_motion_planner_testutils' returned '0': AMENT_PREFIX_PATH=/home/aaron/ur_ws/install/moveit_core:/home/aaron/ur_ws/install/moveit_resources_panda_moveit_config:/home/aaron/ur_ws/install/srdfdom:/home/aaron/ur_ws/install/moveit_resources_pr2_description:/home/aaron/ur_ws/install/moveit_resources_panda_description:/home/aaron/ur_ws/install/moveit_common:${AMENT_PREFIX_PATH} CMAKE_PREFIX_PATH=/home/aaron/ur_ws/install/moveit_core:/home/aaron/ur_ws/install/moveit_resources_panda_moveit_config:/home/aaron/ur_ws/install/srdfdom:/home/aaron/ur_ws/install/moveit_resources_pr2_description:/home/aaron/ur_ws/install/moveit_resources_panda_description:/home/aaron/ur_ws/install/moveit_common:/opt/ros/humble LD_LIBRARY_PATH=/home/aaron/ur_ws/install/moveit_core/lib:/home/aaron/ur_ws/install/srdfdom/lib:${LD_LIBRARY_PATH} PATH=/home/aaron/ur_ws/install/moveit_core/bin:${PATH} PYTHONPATH=/home/aaron/ur_ws/install/srdfdom/local/lib/python3.10/dist-packages:${PYTHONPATH} /usr/bin/cmake --install /home/aaron/ur_ws/build/pilz_industrial_motion_planner_testutils
[1.913s] Level 1:colcon.colcon_core.environment:checking '/home/aaron/ur_ws/install/pilz_industrial_motion_planner_testutils' for CMake config files
[1.913s] Level 1:colcon.colcon_core.shell:create_environment_hook('pilz_industrial_motion_planner_testutils', 'cmake_prefix_path')
[1.914s] INFO:colcon.colcon_core.shell:Creating environment hook '/home/aaron/ur_ws/install/pilz_industrial_motion_planner_testutils/share/pilz_industrial_motion_planner_testutils/hook/cmake_prefix_path.ps1'
[1.914s] INFO:colcon.colcon_core.shell:Creating environment descriptor '/home/aaron/ur_ws/install/pilz_industrial_motion_planner_testutils/share/pilz_industrial_motion_planner_testutils/hook/cmake_prefix_path.dsv'
[1.914s] INFO:colcon.colcon_core.shell:Creating environment hook '/home/aaron/ur_ws/install/pilz_industrial_motion_planner_testutils/share/pilz_industrial_motion_planner_testutils/hook/cmake_prefix_path.sh'
[1.914s] Level 1:colcon.colcon_core.environment:checking '/home/aaron/ur_ws/install/pilz_industrial_motion_planner_testutils/lib'
[1.914s] Level 1:colcon.colcon_core.shell:create_environment_hook('pilz_industrial_motion_planner_testutils', 'ld_library_path_lib')
[1.915s] INFO:colcon.colcon_core.shell:Creating environment hook '/home/aaron/ur_ws/install/pilz_industrial_motion_planner_testutils/share/pilz_industrial_motion_planner_testutils/hook/ld_library_path_lib.ps1'
[1.915s] INFO:colcon.colcon_core.shell:Creating environment descriptor '/home/aaron/ur_ws/install/pilz_industrial_motion_planner_testutils/share/pilz_industrial_motion_planner_testutils/hook/ld_library_path_lib.dsv'
[1.915s] INFO:colcon.colcon_core.shell:Creating environment hook '/home/aaron/ur_ws/install/pilz_industrial_motion_planner_testutils/share/pilz_industrial_motion_planner_testutils/hook/ld_library_path_lib.sh'
[1.915s] Level 1:colcon.colcon_core.environment:checking '/home/aaron/ur_ws/install/pilz_industrial_motion_planner_testutils/bin'
[1.915s] Level 1:colcon.colcon_core.environment:checking '/home/aaron/ur_ws/install/pilz_industrial_motion_planner_testutils/lib/pkgconfig/pilz_industrial_motion_planner_testutils.pc'
[1.915s] Level 1:colcon.colcon_core.environment:checking '/home/aaron/ur_ws/install/pilz_industrial_motion_planner_testutils/lib/python3.10/site-packages'
[1.916s] Level 1:colcon.colcon_core.environment:checking '/home/aaron/ur_ws/install/pilz_industrial_motion_planner_testutils/bin'
[1.916s] INFO:colcon.colcon_core.shell:Creating package script '/home/aaron/ur_ws/install/pilz_industrial_motion_planner_testutils/share/pilz_industrial_motion_planner_testutils/package.ps1'
[1.916s] INFO:colcon.colcon_core.shell:Creating package descriptor '/home/aaron/ur_ws/install/pilz_industrial_motion_planner_testutils/share/pilz_industrial_motion_planner_testutils/package.dsv'
[1.917s] INFO:colcon.colcon_core.shell:Creating package script '/home/aaron/ur_ws/install/pilz_industrial_motion_planner_testutils/share/pilz_industrial_motion_planner_testutils/package.sh'
[1.917s] INFO:colcon.colcon_core.shell:Creating package script '/home/aaron/ur_ws/install/pilz_industrial_motion_planner_testutils/share/pilz_industrial_motion_planner_testutils/package.bash'
[1.918s] INFO:colcon.colcon_core.shell:Creating package script '/home/aaron/ur_ws/install/pilz_industrial_motion_planner_testutils/share/pilz_industrial_motion_planner_testutils/package.zsh'
[1.918s] Level 1:colcon.colcon_core.environment:create_file_with_runtime_dependencies(/home/aaron/ur_ws/install/pilz_industrial_motion_planner_testutils/share/colcon-core/packages/pilz_industrial_motion_planner_testutils)
[1.919s] Level 1:colcon.colcon_core.environment:create_environment_scripts_only(pilz_industrial_motion_planner_testutils)
[1.919s] Level 1:colcon.colcon_core.environment:checking '/home/aaron/ur_ws/install/pilz_industrial_motion_planner_testutils' for CMake module files
[1.920s] Level 1:colcon.colcon_core.environment:checking '/home/aaron/ur_ws/install/pilz_industrial_motion_planner_testutils' for CMake config files
[1.921s] Level 1:colcon.colcon_core.shell:create_environment_hook('pilz_industrial_motion_planner_testutils', 'cmake_prefix_path')
[1.921s] INFO:colcon.colcon_core.shell:Creating environment hook '/home/aaron/ur_ws/install/pilz_industrial_motion_planner_testutils/share/pilz_industrial_motion_planner_testutils/hook/cmake_prefix_path.ps1'
[1.921s] INFO:colcon.colcon_core.shell:Creating environment descriptor '/home/aaron/ur_ws/install/pilz_industrial_motion_planner_testutils/share/pilz_industrial_motion_planner_testutils/hook/cmake_prefix_path.dsv'
[1.922s] INFO:colcon.colcon_core.shell:Creating environment hook '/home/aaron/ur_ws/install/pilz_industrial_motion_planner_testutils/share/pilz_industrial_motion_planner_testutils/hook/cmake_prefix_path.sh'
[1.922s] Level 1:colcon.colcon_core.environment:checking '/home/aaron/ur_ws/install/pilz_industrial_motion_planner_testutils/lib'
[1.922s] Level 1:colcon.colcon_core.shell:create_environment_hook('pilz_industrial_motion_planner_testutils', 'ld_library_path_lib')
[1.922s] INFO:colcon.colcon_core.shell:Creating environment hook '/home/aaron/ur_ws/install/pilz_industrial_motion_planner_testutils/share/pilz_industrial_motion_planner_testutils/hook/ld_library_path_lib.ps1'
[1.923s] INFO:colcon.colcon_core.shell:Creating environment descriptor '/home/aaron/ur_ws/install/pilz_industrial_motion_planner_testutils/share/pilz_industrial_motion_planner_testutils/hook/ld_library_path_lib.dsv'
[1.923s] INFO:colcon.colcon_core.shell:Creating environment hook '/home/aaron/ur_ws/install/pilz_industrial_motion_planner_testutils/share/pilz_industrial_motion_planner_testutils/hook/ld_library_path_lib.sh'
[1.924s] Level 1:colcon.colcon_core.environment:checking '/home/aaron/ur_ws/install/pilz_industrial_motion_planner_testutils/bin'
[1.924s] Level 1:colcon.colcon_core.environment:checking '/home/aaron/ur_ws/install/pilz_industrial_motion_planner_testutils/lib/pkgconfig/pilz_industrial_motion_planner_testutils.pc'
[1.924s] Level 1:colcon.colcon_core.environment:checking '/home/aaron/ur_ws/install/pilz_industrial_motion_planner_testutils/lib/python3.10/site-packages'
[1.925s] Level 1:colcon.colcon_core.environment:checking '/home/aaron/ur_ws/install/pilz_industrial_motion_planner_testutils/bin'
[1.925s] INFO:colcon.colcon_core.shell:Creating package script '/home/aaron/ur_ws/install/pilz_industrial_motion_planner_testutils/share/pilz_industrial_motion_planner_testutils/package.ps1'
[1.926s] INFO:colcon.colcon_core.shell:Creating package descriptor '/home/aaron/ur_ws/install/pilz_industrial_motion_planner_testutils/share/pilz_industrial_motion_planner_testutils/package.dsv'
[1.927s] INFO:colcon.colcon_core.shell:Creating package script '/home/aaron/ur_ws/install/pilz_industrial_motion_planner_testutils/share/pilz_industrial_motion_planner_testutils/package.sh'
[1.927s] INFO:colcon.colcon_core.shell:Creating package script '/home/aaron/ur_ws/install/pilz_industrial_motion_planner_testutils/share/pilz_industrial_motion_planner_testutils/package.bash'
[1.928s] INFO:colcon.colcon_core.shell:Creating package script '/home/aaron/ur_ws/install/pilz_industrial_motion_planner_testutils/share/pilz_industrial_motion_planner_testutils/package.zsh'
[1.928s] Level 1:colcon.colcon_core.environment:create_file_with_runtime_dependencies(/home/aaron/ur_ws/install/pilz_industrial_motion_planner_testutils/share/colcon-core/packages/pilz_industrial_motion_planner_testutils)
[1.928s] Level 1:colcon.colcon_core.environment:create_environment_scripts_only(chomp_motion_planner)
[1.928s] Level 1:colcon.colcon_core.environment:checking '/home/aaron/ur_ws/install/chomp_motion_planner' for CMake module files
[1.929s] DEBUG:colcon.colcon_core.event_handler.log_command:Invoked command in '/home/aaron/ur_ws/build/chomp_motion_planner' returned '0': AMENT_PREFIX_PATH=/home/aaron/ur_ws/install/moveit_core:/home/aaron/ur_ws/install/moveit_resources_panda_moveit_config:/home/aaron/ur_ws/install/srdfdom:/home/aaron/ur_ws/install/moveit_resources_pr2_description:/home/aaron/ur_ws/install/moveit_resources_panda_description:/home/aaron/ur_ws/install/moveit_common:${AMENT_PREFIX_PATH} CMAKE_PREFIX_PATH=/home/aaron/ur_ws/install/moveit_core:/home/aaron/ur_ws/install/moveit_resources_panda_moveit_config:/home/aaron/ur_ws/install/srdfdom:/home/aaron/ur_ws/install/moveit_resources_pr2_description:/home/aaron/ur_ws/install/moveit_resources_panda_description:/home/aaron/ur_ws/install/moveit_common:/opt/ros/humble LD_LIBRARY_PATH=/home/aaron/ur_ws/install/moveit_core/lib:/home/aaron/ur_ws/install/srdfdom/lib:${LD_LIBRARY_PATH} PATH=/home/aaron/ur_ws/install/moveit_core/bin:${PATH} PYTHONPATH=/home/aaron/ur_ws/install/srdfdom/local/lib/python3.10/dist-packages:${PYTHONPATH} /usr/bin/cmake --install /home/aaron/ur_ws/build/chomp_motion_planner
[1.930s] Level 1:colcon.colcon_core.environment:checking '/home/aaron/ur_ws/install/chomp_motion_planner' for CMake config files
[1.930s] Level 1:colcon.colcon_core.shell:create_environment_hook('chomp_motion_planner', 'cmake_prefix_path')
[1.930s] INFO:colcon.colcon_core.shell:Creating environment hook '/home/aaron/ur_ws/install/chomp_motion_planner/share/chomp_motion_planner/hook/cmake_prefix_path.ps1'
[1.931s] INFO:colcon.colcon_core.shell:Creating environment descriptor '/home/aaron/ur_ws/install/chomp_motion_planner/share/chomp_motion_planner/hook/cmake_prefix_path.dsv'
[1.931s] INFO:colcon.colcon_core.shell:Creating environment hook '/home/aaron/ur_ws/install/chomp_motion_planner/share/chomp_motion_planner/hook/cmake_prefix_path.sh'
[1.932s] Level 1:colcon.colcon_core.environment:checking '/home/aaron/ur_ws/install/chomp_motion_planner/lib'
[1.932s] Level 1:colcon.colcon_core.shell:create_environment_hook('chomp_motion_planner', 'ld_library_path_lib')
[1.932s] INFO:colcon.colcon_core.shell:Creating environment hook '/home/aaron/ur_ws/install/chomp_motion_planner/share/chomp_motion_planner/hook/ld_library_path_lib.ps1'
[1.933s] INFO:colcon.colcon_core.shell:Creating environment descriptor '/home/aaron/ur_ws/install/chomp_motion_planner/share/chomp_motion_planner/hook/ld_library_path_lib.dsv'
[1.933s] INFO:colcon.colcon_core.shell:Creating environment hook '/home/aaron/ur_ws/install/chomp_motion_planner/share/chomp_motion_planner/hook/ld_library_path_lib.sh'
[1.934s] Level 1:colcon.colcon_core.environment:checking '/home/aaron/ur_ws/install/chomp_motion_planner/bin'
[1.934s] Level 1:colcon.colcon_core.environment:checking '/home/aaron/ur_ws/install/chomp_motion_planner/lib/pkgconfig/chomp_motion_planner.pc'
[1.934s] Level 1:colcon.colcon_core.environment:checking '/home/aaron/ur_ws/install/chomp_motion_planner/lib/python3.10/site-packages'
[1.934s] Level 1:colcon.colcon_core.environment:checking '/home/aaron/ur_ws/install/chomp_motion_planner/bin'
[1.935s] INFO:colcon.colcon_core.shell:Creating package script '/home/aaron/ur_ws/install/chomp_motion_planner/share/chomp_motion_planner/package.ps1'
[1.935s] INFO:colcon.colcon_core.shell:Creating package descriptor '/home/aaron/ur_ws/install/chomp_motion_planner/share/chomp_motion_planner/package.dsv'
[1.936s] INFO:colcon.colcon_core.shell:Creating package script '/home/aaron/ur_ws/install/chomp_motion_planner/share/chomp_motion_planner/package.sh'
[1.936s] INFO:colcon.colcon_core.shell:Creating package script '/home/aaron/ur_ws/install/chomp_motion_planner/share/chomp_motion_planner/package.bash'
[1.937s] INFO:colcon.colcon_core.shell:Creating package script '/home/aaron/ur_ws/install/chomp_motion_planner/share/chomp_motion_planner/package.zsh'
[1.937s] Level 1:colcon.colcon_core.environment:create_file_with_runtime_dependencies(/home/aaron/ur_ws/install/chomp_motion_planner/share/colcon-core/packages/chomp_motion_planner)
[1.938s] Level 1:colcon.colcon_core.environment:create_environment_scripts_only(chomp_motion_planner)
[1.938s] Level 1:colcon.colcon_core.environment:checking '/home/aaron/ur_ws/install/chomp_motion_planner' for CMake module files
[1.938s] Level 1:colcon.colcon_core.environment:checking '/home/aaron/ur_ws/install/chomp_motion_planner' for CMake config files
[1.939s] Level 1:colcon.colcon_core.shell:create_environment_hook('chomp_motion_planner', 'cmake_prefix_path')
[1.939s] INFO:colcon.colcon_core.shell:Creating environment hook '/home/aaron/ur_ws/install/chomp_motion_planner/share/chomp_motion_planner/hook/cmake_prefix_path.ps1'
[1.939s] INFO:colcon.colcon_core.shell:Creating environment descriptor '/home/aaron/ur_ws/install/chomp_motion_planner/share/chomp_motion_planner/hook/cmake_prefix_path.dsv'
[1.940s] INFO:colcon.colcon_core.shell:Creating environment hook '/home/aaron/ur_ws/install/chomp_motion_planner/share/chomp_motion_planner/hook/cmake_prefix_path.sh'
[1.940s] Level 1:colcon.colcon_core.environment:checking '/home/aaron/ur_ws/install/chomp_motion_planner/lib'
[1.940s] Level 1:colcon.colcon_core.shell:create_environment_hook('chomp_motion_planner', 'ld_library_path_lib')
[1.940s] INFO:colcon.colcon_core.shell:Creating environment hook '/home/aaron/ur_ws/install/chomp_motion_planner/share/chomp_motion_planner/hook/ld_library_path_lib.ps1'
[1.940s] INFO:colcon.colcon_core.shell:Creating environment descriptor '/home/aaron/ur_ws/install/chomp_motion_planner/share/chomp_motion_planner/hook/ld_library_path_lib.dsv'
[1.941s] INFO:colcon.colcon_core.shell:Creating environment hook '/home/aaron/ur_ws/install/chomp_motion_planner/share/chomp_motion_planner/hook/ld_library_path_lib.sh'
[1.941s] Level 1:colcon.colcon_core.environment:checking '/home/aaron/ur_ws/install/chomp_motion_planner/bin'
[1.941s] Level 1:colcon.colcon_core.environment:checking '/home/aaron/ur_ws/install/chomp_motion_planner/lib/pkgconfig/chomp_motion_planner.pc'
[1.941s] Level 1:colcon.colcon_core.environment:checking '/home/aaron/ur_ws/install/chomp_motion_planner/lib/python3.10/site-packages'
[1.941s] Level 1:colcon.colcon_core.environment:checking '/home/aaron/ur_ws/install/chomp_motion_planner/bin'
[1.941s] INFO:colcon.colcon_core.shell:Creating package script '/home/aaron/ur_ws/install/chomp_motion_planner/share/chomp_motion_planner/package.ps1'
[1.942s] INFO:colcon.colcon_core.shell:Creating package descriptor '/home/aaron/ur_ws/install/chomp_motion_planner/share/chomp_motion_planner/package.dsv'
[1.942s] INFO:colcon.colcon_core.shell:Creating package script '/home/aaron/ur_ws/install/chomp_motion_planner/share/chomp_motion_planner/package.sh'
[1.942s] INFO:colcon.colcon_core.shell:Creating package script '/home/aaron/ur_ws/install/chomp_motion_planner/share/chomp_motion_planner/package.bash'
[1.943s] INFO:colcon.colcon_core.shell:Creating package script '/home/aaron/ur_ws/install/chomp_motion_planner/share/chomp_motion_planner/package.zsh'
[1.943s] Level 1:colcon.colcon_core.environment:create_file_with_runtime_dependencies(/home/aaron/ur_ws/install/chomp_motion_planner/share/colcon-core/packages/chomp_motion_planner)
[1.943s] INFO:colcon.colcon_ros.task.ament_cmake.build:Building ROS package in '/home/aaron/ur_ws/src/moveit2/moveit_planners/chomp/chomp_interface' with build type 'ament_cmake'
[1.943s] INFO:colcon.colcon_cmake.task.cmake.build:Building CMake package in '/home/aaron/ur_ws/src/moveit2/moveit_planners/chomp/chomp_interface'
[1.944s] INFO:colcon.colcon_core.shell:Skip shell extension 'powershell' for command environment: Not usable outside of PowerShell
[1.944s] DEBUG:colcon.colcon_core.shell:Skip shell extension 'dsv' for command environment
[1.946s] INFO:colcon.colcon_ros.task.ament_cmake.build:Building ROS package in '/home/aaron/ur_ws/src/moveit2/moveit_planners/chomp/chomp_optimizer_adapter' with build type 'ament_cmake'
[1.946s] INFO:colcon.colcon_cmake.task.cmake.build:Building CMake package in '/home/aaron/ur_ws/src/moveit2/moveit_planners/chomp/chomp_optimizer_adapter'
[1.946s] INFO:colcon.colcon_core.shell:Skip shell extension 'powershell' for command environment: Not usable outside of PowerShell
[1.946s] DEBUG:colcon.colcon_core.shell:Skip shell extension 'dsv' for command environment
[1.949s] Level 1:colcon.colcon_core.environment:create_environment_scripts_only(moveit_simple_controller_manager)
[1.949s] Level 1:colcon.colcon_core.environment:checking '/home/aaron/ur_ws/install/moveit_simple_controller_manager' for CMake module files
[1.950s] DEBUG:colcon.colcon_core.event_handler.log_command:Invoked command in '/home/aaron/ur_ws/build/moveit_simple_controller_manager' returned '0': AMENT_PREFIX_PATH=/home/aaron/ur_ws/install/moveit_core:/home/aaron/ur_ws/install/moveit_resources_panda_moveit_config:/home/aaron/ur_ws/install/srdfdom:/home/aaron/ur_ws/install/moveit_resources_pr2_description:/home/aaron/ur_ws/install/moveit_resources_panda_description:/home/aaron/ur_ws/install/moveit_common:${AMENT_PREFIX_PATH} CMAKE_PREFIX_PATH=/home/aaron/ur_ws/install/moveit_core:/home/aaron/ur_ws/install/moveit_resources_panda_moveit_config:/home/aaron/ur_ws/install/srdfdom:/home/aaron/ur_ws/install/moveit_resources_pr2_description:/home/aaron/ur_ws/install/moveit_resources_panda_description:/home/aaron/ur_ws/install/moveit_common:/opt/ros/humble LD_LIBRARY_PATH=/home/aaron/ur_ws/install/moveit_core/lib:/home/aaron/ur_ws/install/srdfdom/lib:${LD_LIBRARY_PATH} PATH=/home/aaron/ur_ws/install/moveit_core/bin:${PATH} PYTHONPATH=/home/aaron/ur_ws/install/srdfdom/local/lib/python3.10/dist-packages:${PYTHONPATH} /usr/bin/cmake --install /home/aaron/ur_ws/build/moveit_simple_controller_manager
[1.950s] Level 1:colcon.colcon_core.environment:checking '/home/aaron/ur_ws/install/moveit_simple_controller_manager' for CMake config files
[1.950s] Level 1:colcon.colcon_core.shell:create_environment_hook('moveit_simple_controller_manager', 'cmake_prefix_path')
[1.950s] INFO:colcon.colcon_core.shell:Creating environment hook '/home/aaron/ur_ws/install/moveit_simple_controller_manager/share/moveit_simple_controller_manager/hook/cmake_prefix_path.ps1'
[1.951s] INFO:colcon.colcon_core.shell:Creating environment descriptor '/home/aaron/ur_ws/install/moveit_simple_controller_manager/share/moveit_simple_controller_manager/hook/cmake_prefix_path.dsv'
[1.951s] INFO:colcon.colcon_core.shell:Creating environment hook '/home/aaron/ur_ws/install/moveit_simple_controller_manager/share/moveit_simple_controller_manager/hook/cmake_prefix_path.sh'
[1.951s] Level 1:colcon.colcon_core.environment:checking '/home/aaron/ur_ws/install/moveit_simple_controller_manager/lib'
[1.951s] Level 1:colcon.colcon_core.shell:create_environment_hook('moveit_simple_controller_manager', 'ld_library_path_lib')
[1.951s] INFO:colcon.colcon_core.shell:Creating environment hook '/home/aaron/ur_ws/install/moveit_simple_controller_manager/share/moveit_simple_controller_manager/hook/ld_library_path_lib.ps1'
[1.951s] INFO:colcon.colcon_core.shell:Creating environment descriptor '/home/aaron/ur_ws/install/moveit_simple_controller_manager/share/moveit_simple_controller_manager/hook/ld_library_path_lib.dsv'
[1.952s] INFO:colcon.colcon_core.shell:Creating environment hook '/home/aaron/ur_ws/install/moveit_simple_controller_manager/share/moveit_simple_controller_manager/hook/ld_library_path_lib.sh'
[1.952s] Level 1:colcon.colcon_core.environment:checking '/home/aaron/ur_ws/install/moveit_simple_controller_manager/bin'
[1.952s] Level 1:colcon.colcon_core.environment:checking '/home/aaron/ur_ws/install/moveit_simple_controller_manager/lib/pkgconfig/moveit_simple_controller_manager.pc'
[1.952s] Level 1:colcon.colcon_core.environment:checking '/home/aaron/ur_ws/install/moveit_simple_controller_manager/lib/python3.10/site-packages'
[1.952s] Level 1:colcon.colcon_core.environment:checking '/home/aaron/ur_ws/install/moveit_simple_controller_manager/bin'
[1.952s] INFO:colcon.colcon_core.shell:Creating package script '/home/aaron/ur_ws/install/moveit_simple_controller_manager/share/moveit_simple_controller_manager/package.ps1'
[1.953s] INFO:colcon.colcon_core.shell:Creating package descriptor '/home/aaron/ur_ws/install/moveit_simple_controller_manager/share/moveit_simple_controller_manager/package.dsv'
[1.953s] INFO:colcon.colcon_core.shell:Creating package script '/home/aaron/ur_ws/install/moveit_simple_controller_manager/share/moveit_simple_controller_manager/package.sh'
[1.953s] INFO:colcon.colcon_core.shell:Creating package script '/home/aaron/ur_ws/install/moveit_simple_controller_manager/share/moveit_simple_controller_manager/package.bash'
[1.953s] INFO:colcon.colcon_core.shell:Creating package script '/home/aaron/ur_ws/install/moveit_simple_controller_manager/share/moveit_simple_controller_manager/package.zsh'
[1.954s] Level 1:colcon.colcon_core.environment:create_file_with_runtime_dependencies(/home/aaron/ur_ws/install/moveit_simple_controller_manager/share/colcon-core/packages/moveit_simple_controller_manager)
[1.954s] Level 1:colcon.colcon_core.environment:create_environment_scripts_only(moveit_simple_controller_manager)
[1.954s] Level 1:colcon.colcon_core.environment:checking '/home/aaron/ur_ws/install/moveit_simple_controller_manager' for CMake module files
[1.954s] Level 1:colcon.colcon_core.environment:checking '/home/aaron/ur_ws/install/moveit_simple_controller_manager' for CMake config files
[1.954s] Level 1:colcon.colcon_core.shell:create_environment_hook('moveit_simple_controller_manager', 'cmake_prefix_path')
[1.954s] INFO:colcon.colcon_core.shell:Creating environment hook '/home/aaron/ur_ws/install/moveit_simple_controller_manager/share/moveit_simple_controller_manager/hook/cmake_prefix_path.ps1'
[1.955s] INFO:colcon.colcon_core.shell:Creating environment descriptor '/home/aaron/ur_ws/install/moveit_simple_controller_manager/share/moveit_simple_controller_manager/hook/cmake_prefix_path.dsv'
[1.955s] INFO:colcon.colcon_core.shell:Creating environment hook '/home/aaron/ur_ws/install/moveit_simple_controller_manager/share/moveit_simple_controller_manager/hook/cmake_prefix_path.sh'
[1.955s] Level 1:colcon.colcon_core.environment:checking '/home/aaron/ur_ws/install/moveit_simple_controller_manager/lib'
[1.955s] Level 1:colcon.colcon_core.shell:create_environment_hook('moveit_simple_controller_manager', 'ld_library_path_lib')
[1.955s] INFO:colcon.colcon_core.shell:Creating environment hook '/home/aaron/ur_ws/install/moveit_simple_controller_manager/share/moveit_simple_controller_manager/hook/ld_library_path_lib.ps1'
[1.956s] INFO:colcon.colcon_core.shell:Creating environment descriptor '/home/aaron/ur_ws/install/moveit_simple_controller_manager/share/moveit_simple_controller_manager/hook/ld_library_path_lib.dsv'
[1.956s] INFO:colcon.colcon_core.shell:Creating environment hook '/home/aaron/ur_ws/install/moveit_simple_controller_manager/share/moveit_simple_controller_manager/hook/ld_library_path_lib.sh'
[1.956s] Level 1:colcon.colcon_core.environment:checking '/home/aaron/ur_ws/install/moveit_simple_controller_manager/bin'
[1.956s] Level 1:colcon.colcon_core.environment:checking '/home/aaron/ur_ws/install/moveit_simple_controller_manager/lib/pkgconfig/moveit_simple_controller_manager.pc'
[1.956s] Level 1:colcon.colcon_core.environment:checking '/home/aaron/ur_ws/install/moveit_simple_controller_manager/lib/python3.10/site-packages'
[1.956s] Level 1:colcon.colcon_core.environment:checking '/home/aaron/ur_ws/install/moveit_simple_controller_manager/bin'
[1.957s] INFO:colcon.colcon_core.shell:Creating package script '/home/aaron/ur_ws/install/moveit_simple_controller_manager/share/moveit_simple_controller_manager/package.ps1'
[1.957s] INFO:colcon.colcon_core.shell:Creating package descriptor '/home/aaron/ur_ws/install/moveit_simple_controller_manager/share/moveit_simple_controller_manager/package.dsv'
[1.957s] INFO:colcon.colcon_core.shell:Creating package script '/home/aaron/ur_ws/install/moveit_simple_controller_manager/share/moveit_simple_controller_manager/package.sh'
[1.958s] INFO:colcon.colcon_core.shell:Creating package script '/home/aaron/ur_ws/install/moveit_simple_controller_manager/share/moveit_simple_controller_manager/package.bash'
[1.958s] INFO:colcon.colcon_core.shell:Creating package script '/home/aaron/ur_ws/install/moveit_simple_controller_manager/share/moveit_simple_controller_manager/package.zsh'
[1.958s] Level 1:colcon.colcon_core.environment:create_file_with_runtime_dependencies(/home/aaron/ur_ws/install/moveit_simple_controller_manager/share/colcon-core/packages/moveit_simple_controller_manager)
[1.959s] INFO:colcon.colcon_ros.task.ament_cmake.build:Building ROS package in '/home/aaron/ur_ws/src/moveit2/moveit_plugins/moveit_plugins' with build type 'ament_cmake'
[1.959s] INFO:colcon.colcon_cmake.task.cmake.build:Building CMake package in '/home/aaron/ur_ws/src/moveit2/moveit_plugins/moveit_plugins'
[1.959s] INFO:colcon.colcon_core.shell:Skip shell extension 'powershell' for command environment: Not usable outside of PowerShell
[1.959s] DEBUG:colcon.colcon_core.shell:Skip shell extension 'dsv' for command environment
[1.961s] INFO:colcon.colcon_ros.task.ament_cmake.build:Building ROS package in '/home/aaron/ur_ws/src/moveit2/moveit_plugins/moveit_ros_control_interface' with build type 'ament_cmake'
[1.962s] INFO:colcon.colcon_cmake.task.cmake.build:Building CMake package in '/home/aaron/ur_ws/src/moveit2/moveit_plugins/moveit_ros_control_interface'
[1.962s] INFO:colcon.colcon_core.shell:Skip shell extension 'powershell' for command environment: Not usable outside of PowerShell
[1.962s] DEBUG:colcon.colcon_core.shell:Skip shell extension 'dsv' for command environment
[1.964s] DEBUG:colcon.colcon_core.event_handler.log_command:Invoked command in '/home/aaron/ur_ws/build/moveit_ros_occupancy_map_monitor' returned '0': AMENT_PREFIX_PATH=/home/aaron/ur_ws/install/moveit_core:/home/aaron/ur_ws/install/moveit_resources_panda_moveit_config:/home/aaron/ur_ws/install/srdfdom:/home/aaron/ur_ws/install/moveit_resources_pr2_description:/home/aaron/ur_ws/install/moveit_resources_panda_description:/home/aaron/ur_ws/install/moveit_common:${AMENT_PREFIX_PATH} CMAKE_PREFIX_PATH=/home/aaron/ur_ws/install/moveit_core:/home/aaron/ur_ws/install/moveit_resources_panda_moveit_config:/home/aaron/ur_ws/install/srdfdom:/home/aaron/ur_ws/install/moveit_resources_pr2_description:/home/aaron/ur_ws/install/moveit_resources_panda_description:/home/aaron/ur_ws/install/moveit_common:/opt/ros/humble LD_LIBRARY_PATH=/home/aaron/ur_ws/install/moveit_core/lib:/home/aaron/ur_ws/install/srdfdom/lib:${LD_LIBRARY_PATH} PATH=/home/aaron/ur_ws/install/moveit_core/bin:${PATH} PYTHONPATH=/home/aaron/ur_ws/install/srdfdom/local/lib/python3.10/dist-packages:${PYTHONPATH} /usr/bin/cmake --build /home/aaron/ur_ws/build/moveit_ros_occupancy_map_monitor -- -j20 -l20
[1.965s] DEBUG:colcon.colcon_core.event_handler.log_command:Invoking command in '/home/aaron/ur_ws/build/moveit_ros_occupancy_map_monitor': AMENT_PREFIX_PATH=/home/aaron/ur_ws/install/moveit_core:/home/aaron/ur_ws/install/moveit_resources_panda_moveit_config:/home/aaron/ur_ws/install/srdfdom:/home/aaron/ur_ws/install/moveit_resources_pr2_description:/home/aaron/ur_ws/install/moveit_resources_panda_description:/home/aaron/ur_ws/install/moveit_common:${AMENT_PREFIX_PATH} CMAKE_PREFIX_PATH=/home/aaron/ur_ws/install/moveit_core:/home/aaron/ur_ws/install/moveit_resources_panda_moveit_config:/home/aaron/ur_ws/install/srdfdom:/home/aaron/ur_ws/install/moveit_resources_pr2_description:/home/aaron/ur_ws/install/moveit_resources_panda_description:/home/aaron/ur_ws/install/moveit_common:/opt/ros/humble LD_LIBRARY_PATH=/home/aaron/ur_ws/install/moveit_core/lib:/home/aaron/ur_ws/install/srdfdom/lib:${LD_LIBRARY_PATH} PATH=/home/aaron/ur_ws/install/moveit_core/bin:${PATH} PYTHONPATH=/home/aaron/ur_ws/install/srdfdom/local/lib/python3.10/dist-packages:${PYTHONPATH} /usr/bin/cmake --install /home/aaron/ur_ws/build/moveit_ros_occupancy_map_monitor
[1.968s] DEBUG:colcon.colcon_core.event_handler.log_command:Invoking command in '/home/aaron/ur_ws/build/moveit_planners_chomp': AMENT_PREFIX_PATH=/home/aaron/ur_ws/install/chomp_motion_planner:/home/aaron/ur_ws/install/moveit_core:/home/aaron/ur_ws/install/moveit_resources_panda_moveit_config:/home/aaron/ur_ws/install/srdfdom:/home/aaron/ur_ws/install/moveit_resources_pr2_description:/home/aaron/ur_ws/install/moveit_resources_panda_description:/home/aaron/ur_ws/install/moveit_common:${AMENT_PREFIX_PATH} CMAKE_PREFIX_PATH=/home/aaron/ur_ws/install/chomp_motion_planner:/home/aaron/ur_ws/install/moveit_core:/home/aaron/ur_ws/install/moveit_resources_panda_moveit_config:/home/aaron/ur_ws/install/srdfdom:/home/aaron/ur_ws/install/moveit_resources_pr2_description:/home/aaron/ur_ws/install/moveit_resources_panda_description:/home/aaron/ur_ws/install/moveit_common:/opt/ros/humble LD_LIBRARY_PATH=/home/aaron/ur_ws/install/chomp_motion_planner/lib:/home/aaron/ur_ws/install/moveit_core/lib:/home/aaron/ur_ws/install/srdfdom/lib:${LD_LIBRARY_PATH} PATH=/home/aaron/ur_ws/install/moveit_core/bin:${PATH} PYTHONPATH=/home/aaron/ur_ws/install/srdfdom/local/lib/python3.10/dist-packages:${PYTHONPATH} /usr/bin/cmake --build /home/aaron/ur_ws/build/moveit_planners_chomp -- -j20 -l20
[1.970s] DEBUG:colcon.colcon_core.event_handler.log_command:Invoking command in '/home/aaron/ur_ws/build/moveit_chomp_optimizer_adapter': AMENT_PREFIX_PATH=/home/aaron/ur_ws/install/chomp_motion_planner:/home/aaron/ur_ws/install/moveit_core:/home/aaron/ur_ws/install/moveit_resources_panda_moveit_config:/home/aaron/ur_ws/install/srdfdom:/home/aaron/ur_ws/install/moveit_resources_pr2_description:/home/aaron/ur_ws/install/moveit_resources_panda_description:/home/aaron/ur_ws/install/moveit_common:${AMENT_PREFIX_PATH} CMAKE_PREFIX_PATH=/home/aaron/ur_ws/install/chomp_motion_planner:/home/aaron/ur_ws/install/moveit_core:/home/aaron/ur_ws/install/moveit_resources_panda_moveit_config:/home/aaron/ur_ws/install/srdfdom:/home/aaron/ur_ws/install/moveit_resources_pr2_description:/home/aaron/ur_ws/install/moveit_resources_panda_description:/home/aaron/ur_ws/install/moveit_common:/opt/ros/humble LD_LIBRARY_PATH=/home/aaron/ur_ws/install/chomp_motion_planner/lib:/home/aaron/ur_ws/install/moveit_core/lib:/home/aaron/ur_ws/install/srdfdom/lib:${LD_LIBRARY_PATH} PATH=/home/aaron/ur_ws/install/moveit_core/bin:${PATH} PYTHONPATH=/home/aaron/ur_ws/install/srdfdom/local/lib/python3.10/dist-packages:${PYTHONPATH} /usr/bin/cmake --build /home/aaron/ur_ws/build/moveit_chomp_optimizer_adapter -- -j20 -l20
[1.978s] DEBUG:colcon.colcon_core.event_handler.log_command:Invoking command in '/home/aaron/ur_ws/build/moveit_plugins': AMENT_PREFIX_PATH=/home/aaron/ur_ws/install/moveit_simple_controller_manager:/home/aaron/ur_ws/install/moveit_core:/home/aaron/ur_ws/install/moveit_resources_panda_moveit_config:/home/aaron/ur_ws/install/srdfdom:/home/aaron/ur_ws/install/moveit_resources_pr2_description:/home/aaron/ur_ws/install/moveit_resources_panda_description:/home/aaron/ur_ws/install/moveit_common:${AMENT_PREFIX_PATH} CMAKE_PREFIX_PATH=/home/aaron/ur_ws/install/moveit_simple_controller_manager:/home/aaron/ur_ws/install/moveit_core:/home/aaron/ur_ws/install/moveit_resources_panda_moveit_config:/home/aaron/ur_ws/install/srdfdom:/home/aaron/ur_ws/install/moveit_resources_pr2_description:/home/aaron/ur_ws/install/moveit_resources_panda_description:/home/aaron/ur_ws/install/moveit_common:/opt/ros/humble LD_LIBRARY_PATH=/home/aaron/ur_ws/install/moveit_simple_controller_manager/lib:/home/aaron/ur_ws/install/moveit_core/lib:/home/aaron/ur_ws/install/srdfdom/lib:${LD_LIBRARY_PATH} PATH=/home/aaron/ur_ws/install/moveit_core/bin:${PATH} PYTHONPATH=/home/aaron/ur_ws/install/srdfdom/local/lib/python3.10/dist-packages:${PYTHONPATH} /usr/bin/cmake --build /home/aaron/ur_ws/build/moveit_plugins -- -j20 -l20
[1.981s] Level 1:colcon.colcon_core.environment:create_environment_scripts_only(moveit_ros_occupancy_map_monitor)
[1.981s] Level 1:colcon.colcon_core.environment:checking '/home/aaron/ur_ws/install/moveit_ros_occupancy_map_monitor' for CMake module files
[1.982s] Level 1:colcon.colcon_core.environment:checking '/home/aaron/ur_ws/install/moveit_ros_occupancy_map_monitor' for CMake config files
[1.982s] DEBUG:colcon.colcon_core.event_handler.log_command:Invoking command in '/home/aaron/ur_ws/build/moveit_ros_control_interface': AMENT_PREFIX_PATH=/home/aaron/ur_ws/install/moveit_simple_controller_manager:/home/aaron/ur_ws/install/moveit_core:/home/aaron/ur_ws/install/moveit_resources_panda_moveit_config:/home/aaron/ur_ws/install/srdfdom:/home/aaron/ur_ws/install/moveit_resources_pr2_description:/home/aaron/ur_ws/install/moveit_resources_panda_description:/home/aaron/ur_ws/install/moveit_common:${AMENT_PREFIX_PATH} CMAKE_PREFIX_PATH=/home/aaron/ur_ws/install/moveit_simple_controller_manager:/home/aaron/ur_ws/install/moveit_core:/home/aaron/ur_ws/install/moveit_resources_panda_moveit_config:/home/aaron/ur_ws/install/srdfdom:/home/aaron/ur_ws/install/moveit_resources_pr2_description:/home/aaron/ur_ws/install/moveit_resources_panda_description:/home/aaron/ur_ws/install/moveit_common:/opt/ros/humble LD_LIBRARY_PATH=/home/aaron/ur_ws/install/moveit_simple_controller_manager/lib:/home/aaron/ur_ws/install/moveit_core/lib:/home/aaron/ur_ws/install/srdfdom/lib:${LD_LIBRARY_PATH} PATH=/home/aaron/ur_ws/install/moveit_core/bin:${PATH} PYTHONPATH=/home/aaron/ur_ws/install/srdfdom/local/lib/python3.10/dist-packages:${PYTHONPATH} /usr/bin/cmake --build /home/aaron/ur_ws/build/moveit_ros_control_interface -- -j20 -l20
[1.982s] DEBUG:colcon.colcon_core.event_handler.log_command:Invoked command in '/home/aaron/ur_ws/build/moveit_ros_occupancy_map_monitor' returned '0': AMENT_PREFIX_PATH=/home/aaron/ur_ws/install/moveit_core:/home/aaron/ur_ws/install/moveit_resources_panda_moveit_config:/home/aaron/ur_ws/install/srdfdom:/home/aaron/ur_ws/install/moveit_resources_pr2_description:/home/aaron/ur_ws/install/moveit_resources_panda_description:/home/aaron/ur_ws/install/moveit_common:${AMENT_PREFIX_PATH} CMAKE_PREFIX_PATH=/home/aaron/ur_ws/install/moveit_core:/home/aaron/ur_ws/install/moveit_resources_panda_moveit_config:/home/aaron/ur_ws/install/srdfdom:/home/aaron/ur_ws/install/moveit_resources_pr2_description:/home/aaron/ur_ws/install/moveit_resources_panda_description:/home/aaron/ur_ws/install/moveit_common:/opt/ros/humble LD_LIBRARY_PATH=/home/aaron/ur_ws/install/moveit_core/lib:/home/aaron/ur_ws/install/srdfdom/lib:${LD_LIBRARY_PATH} PATH=/home/aaron/ur_ws/install/moveit_core/bin:${PATH} PYTHONPATH=/home/aaron/ur_ws/install/srdfdom/local/lib/python3.10/dist-packages:${PYTHONPATH} /usr/bin/cmake --install /home/aaron/ur_ws/build/moveit_ros_occupancy_map_monitor
[1.982s] Level 1:colcon.colcon_core.shell:create_environment_hook('moveit_ros_occupancy_map_monitor', 'cmake_prefix_path')
[1.983s] INFO:colcon.colcon_core.shell:Creating environment hook '/home/aaron/ur_ws/install/moveit_ros_occupancy_map_monitor/share/moveit_ros_occupancy_map_monitor/hook/cmake_prefix_path.ps1'
[1.983s] INFO:colcon.colcon_core.shell:Creating environment descriptor '/home/aaron/ur_ws/install/moveit_ros_occupancy_map_monitor/share/moveit_ros_occupancy_map_monitor/hook/cmake_prefix_path.dsv'
[1.983s] INFO:colcon.colcon_core.shell:Creating environment hook '/home/aaron/ur_ws/install/moveit_ros_occupancy_map_monitor/share/moveit_ros_occupancy_map_monitor/hook/cmake_prefix_path.sh'
[1.984s] Level 1:colcon.colcon_core.environment:checking '/home/aaron/ur_ws/install/moveit_ros_occupancy_map_monitor/lib'
[1.984s] Level 1:colcon.colcon_core.shell:create_environment_hook('moveit_ros_occupancy_map_monitor', 'ld_library_path_lib')
[1.984s] INFO:colcon.colcon_core.shell:Creating environment hook '/home/aaron/ur_ws/install/moveit_ros_occupancy_map_monitor/share/moveit_ros_occupancy_map_monitor/hook/ld_library_path_lib.ps1'
[1.984s] INFO:colcon.colcon_core.shell:Creating environment descriptor '/home/aaron/ur_ws/install/moveit_ros_occupancy_map_monitor/share/moveit_ros_occupancy_map_monitor/hook/ld_library_path_lib.dsv'
[1.984s] INFO:colcon.colcon_core.shell:Creating environment hook '/home/aaron/ur_ws/install/moveit_ros_occupancy_map_monitor/share/moveit_ros_occupancy_map_monitor/hook/ld_library_path_lib.sh'
[1.984s] Level 1:colcon.colcon_core.environment:checking '/home/aaron/ur_ws/install/moveit_ros_occupancy_map_monitor/bin'
[1.985s] Level 1:colcon.colcon_core.environment:checking '/home/aaron/ur_ws/install/moveit_ros_occupancy_map_monitor/lib/pkgconfig/moveit_ros_occupancy_map_monitor.pc'
[1.985s] Level 1:colcon.colcon_core.environment:checking '/home/aaron/ur_ws/install/moveit_ros_occupancy_map_monitor/lib/python3.10/site-packages'
[1.985s] Level 1:colcon.colcon_core.environment:checking '/home/aaron/ur_ws/install/moveit_ros_occupancy_map_monitor/bin'
[1.985s] INFO:colcon.colcon_core.shell:Creating package script '/home/aaron/ur_ws/install/moveit_ros_occupancy_map_monitor/share/moveit_ros_occupancy_map_monitor/package.ps1'
[1.985s] INFO:colcon.colcon_core.shell:Creating package descriptor '/home/aaron/ur_ws/install/moveit_ros_occupancy_map_monitor/share/moveit_ros_occupancy_map_monitor/package.dsv'
[1.986s] INFO:colcon.colcon_core.shell:Creating package script '/home/aaron/ur_ws/install/moveit_ros_occupancy_map_monitor/share/moveit_ros_occupancy_map_monitor/package.sh'
[1.986s] INFO:colcon.colcon_core.shell:Creating package script '/home/aaron/ur_ws/install/moveit_ros_occupancy_map_monitor/share/moveit_ros_occupancy_map_monitor/package.bash'
[1.986s] INFO:colcon.colcon_core.shell:Creating package script '/home/aaron/ur_ws/install/moveit_ros_occupancy_map_monitor/share/moveit_ros_occupancy_map_monitor/package.zsh'
[1.986s] Level 1:colcon.colcon_core.environment:create_file_with_runtime_dependencies(/home/aaron/ur_ws/install/moveit_ros_occupancy_map_monitor/share/colcon-core/packages/moveit_ros_occupancy_map_monitor)
[1.987s] Level 1:colcon.colcon_core.environment:create_environment_scripts_only(moveit_ros_occupancy_map_monitor)
[1.987s] Level 1:colcon.colcon_core.environment:checking '/home/aaron/ur_ws/install/moveit_ros_occupancy_map_monitor' for CMake module files
[1.987s] Level 1:colcon.colcon_core.environment:checking '/home/aaron/ur_ws/install/moveit_ros_occupancy_map_monitor' for CMake config files
[1.987s] Level 1:colcon.colcon_core.shell:create_environment_hook('moveit_ros_occupancy_map_monitor', 'cmake_prefix_path')
[1.987s] INFO:colcon.colcon_core.shell:Creating environment hook '/home/aaron/ur_ws/install/moveit_ros_occupancy_map_monitor/share/moveit_ros_occupancy_map_monitor/hook/cmake_prefix_path.ps1'
[1.987s] INFO:colcon.colcon_core.shell:Creating environment descriptor '/home/aaron/ur_ws/install/moveit_ros_occupancy_map_monitor/share/moveit_ros_occupancy_map_monitor/hook/cmake_prefix_path.dsv'
[1.988s] INFO:colcon.colcon_core.shell:Creating environment hook '/home/aaron/ur_ws/install/moveit_ros_occupancy_map_monitor/share/moveit_ros_occupancy_map_monitor/hook/cmake_prefix_path.sh'
[1.988s] Level 1:colcon.colcon_core.environment:checking '/home/aaron/ur_ws/install/moveit_ros_occupancy_map_monitor/lib'
[1.988s] Level 1:colcon.colcon_core.shell:create_environment_hook('moveit_ros_occupancy_map_monitor', 'ld_library_path_lib')
[1.988s] INFO:colcon.colcon_core.shell:Creating environment hook '/home/aaron/ur_ws/install/moveit_ros_occupancy_map_monitor/share/moveit_ros_occupancy_map_monitor/hook/ld_library_path_lib.ps1'
[1.988s] INFO:colcon.colcon_core.shell:Creating environment descriptor '/home/aaron/ur_ws/install/moveit_ros_occupancy_map_monitor/share/moveit_ros_occupancy_map_monitor/hook/ld_library_path_lib.dsv'
[1.989s] INFO:colcon.colcon_core.shell:Creating environment hook '/home/aaron/ur_ws/install/moveit_ros_occupancy_map_monitor/share/moveit_ros_occupancy_map_monitor/hook/ld_library_path_lib.sh'
[1.989s] Level 1:colcon.colcon_core.environment:checking '/home/aaron/ur_ws/install/moveit_ros_occupancy_map_monitor/bin'
[1.989s] Level 1:colcon.colcon_core.environment:checking '/home/aaron/ur_ws/install/moveit_ros_occupancy_map_monitor/lib/pkgconfig/moveit_ros_occupancy_map_monitor.pc'
[1.989s] Level 1:colcon.colcon_core.environment:checking '/home/aaron/ur_ws/install/moveit_ros_occupancy_map_monitor/lib/python3.10/site-packages'
[1.989s] Level 1:colcon.colcon_core.environment:checking '/home/aaron/ur_ws/install/moveit_ros_occupancy_map_monitor/bin'
[1.989s] INFO:colcon.colcon_core.shell:Creating package script '/home/aaron/ur_ws/install/moveit_ros_occupancy_map_monitor/share/moveit_ros_occupancy_map_monitor/package.ps1'
[1.990s] INFO:colcon.colcon_core.shell:Creating package descriptor '/home/aaron/ur_ws/install/moveit_ros_occupancy_map_monitor/share/moveit_ros_occupancy_map_monitor/package.dsv'
[1.990s] INFO:colcon.colcon_core.shell:Creating package script '/home/aaron/ur_ws/install/moveit_ros_occupancy_map_monitor/share/moveit_ros_occupancy_map_monitor/package.sh'
[1.990s] INFO:colcon.colcon_core.shell:Creating package script '/home/aaron/ur_ws/install/moveit_ros_occupancy_map_monitor/share/moveit_ros_occupancy_map_monitor/package.bash'
[1.990s] INFO:colcon.colcon_core.shell:Creating package script '/home/aaron/ur_ws/install/moveit_ros_occupancy_map_monitor/share/moveit_ros_occupancy_map_monitor/package.zsh'
[1.991s] Level 1:colcon.colcon_core.environment:create_file_with_runtime_dependencies(/home/aaron/ur_ws/install/moveit_ros_occupancy_map_monitor/share/colcon-core/packages/moveit_ros_occupancy_map_monitor)
[2.013s] DEBUG:colcon.colcon_core.event_handler.log_command:Invoked command in '/home/aaron/ur_ws/build/moveit_plugins' returned '0': AMENT_PREFIX_PATH=/home/aaron/ur_ws/install/moveit_simple_controller_manager:/home/aaron/ur_ws/install/moveit_core:/home/aaron/ur_ws/install/moveit_resources_panda_moveit_config:/home/aaron/ur_ws/install/srdfdom:/home/aaron/ur_ws/install/moveit_resources_pr2_description:/home/aaron/ur_ws/install/moveit_resources_panda_description:/home/aaron/ur_ws/install/moveit_common:${AMENT_PREFIX_PATH} CMAKE_PREFIX_PATH=/home/aaron/ur_ws/install/moveit_simple_controller_manager:/home/aaron/ur_ws/install/moveit_core:/home/aaron/ur_ws/install/moveit_resources_panda_moveit_config:/home/aaron/ur_ws/install/srdfdom:/home/aaron/ur_ws/install/moveit_resources_pr2_description:/home/aaron/ur_ws/install/moveit_resources_panda_description:/home/aaron/ur_ws/install/moveit_common:/opt/ros/humble LD_LIBRARY_PATH=/home/aaron/ur_ws/install/moveit_simple_controller_manager/lib:/home/aaron/ur_ws/install/moveit_core/lib:/home/aaron/ur_ws/install/srdfdom/lib:${LD_LIBRARY_PATH} PATH=/home/aaron/ur_ws/install/moveit_core/bin:${PATH} PYTHONPATH=/home/aaron/ur_ws/install/srdfdom/local/lib/python3.10/dist-packages:${PYTHONPATH} /usr/bin/cmake --build /home/aaron/ur_ws/build/moveit_plugins -- -j20 -l20
[2.015s] DEBUG:colcon.colcon_core.event_handler.log_command:Invoking command in '/home/aaron/ur_ws/build/moveit_plugins': AMENT_PREFIX_PATH=/home/aaron/ur_ws/install/moveit_simple_controller_manager:/home/aaron/ur_ws/install/moveit_core:/home/aaron/ur_ws/install/moveit_resources_panda_moveit_config:/home/aaron/ur_ws/install/srdfdom:/home/aaron/ur_ws/install/moveit_resources_pr2_description:/home/aaron/ur_ws/install/moveit_resources_panda_description:/home/aaron/ur_ws/install/moveit_common:${AMENT_PREFIX_PATH} CMAKE_PREFIX_PATH=/home/aaron/ur_ws/install/moveit_simple_controller_manager:/home/aaron/ur_ws/install/moveit_core:/home/aaron/ur_ws/install/moveit_resources_panda_moveit_config:/home/aaron/ur_ws/install/srdfdom:/home/aaron/ur_ws/install/moveit_resources_pr2_description:/home/aaron/ur_ws/install/moveit_resources_panda_description:/home/aaron/ur_ws/install/moveit_common:/opt/ros/humble LD_LIBRARY_PATH=/home/aaron/ur_ws/install/moveit_simple_controller_manager/lib:/home/aaron/ur_ws/install/moveit_core/lib:/home/aaron/ur_ws/install/srdfdom/lib:${LD_LIBRARY_PATH} PATH=/home/aaron/ur_ws/install/moveit_core/bin:${PATH} PYTHONPATH=/home/aaron/ur_ws/install/srdfdom/local/lib/python3.10/dist-packages:${PYTHONPATH} /usr/bin/cmake --install /home/aaron/ur_ws/build/moveit_plugins
[2.023s] Level 1:colcon.colcon_core.environment:create_environment_scripts_only(moveit_plugins)
[2.023s] Level 1:colcon.colcon_core.environment:checking '/home/aaron/ur_ws/install/moveit_plugins' for CMake module files
[2.024s] DEBUG:colcon.colcon_core.event_handler.log_command:Invoked command in '/home/aaron/ur_ws/build/moveit_plugins' returned '0': AMENT_PREFIX_PATH=/home/aaron/ur_ws/install/moveit_simple_controller_manager:/home/aaron/ur_ws/install/moveit_core:/home/aaron/ur_ws/install/moveit_resources_panda_moveit_config:/home/aaron/ur_ws/install/srdfdom:/home/aaron/ur_ws/install/moveit_resources_pr2_description:/home/aaron/ur_ws/install/moveit_resources_panda_description:/home/aaron/ur_ws/install/moveit_common:${AMENT_PREFIX_PATH} CMAKE_PREFIX_PATH=/home/aaron/ur_ws/install/moveit_simple_controller_manager:/home/aaron/ur_ws/install/moveit_core:/home/aaron/ur_ws/install/moveit_resources_panda_moveit_config:/home/aaron/ur_ws/install/srdfdom:/home/aaron/ur_ws/install/moveit_resources_pr2_description:/home/aaron/ur_ws/install/moveit_resources_panda_description:/home/aaron/ur_ws/install/moveit_common:/opt/ros/humble LD_LIBRARY_PATH=/home/aaron/ur_ws/install/moveit_simple_controller_manager/lib:/home/aaron/ur_ws/install/moveit_core/lib:/home/aaron/ur_ws/install/srdfdom/lib:${LD_LIBRARY_PATH} PATH=/home/aaron/ur_ws/install/moveit_core/bin:${PATH} PYTHONPATH=/home/aaron/ur_ws/install/srdfdom/local/lib/python3.10/dist-packages:${PYTHONPATH} /usr/bin/cmake --install /home/aaron/ur_ws/build/moveit_plugins
[2.024s] Level 1:colcon.colcon_core.environment:checking '/home/aaron/ur_ws/install/moveit_plugins' for CMake config files
[2.024s] Level 1:colcon.colcon_core.shell:create_environment_hook('moveit_plugins', 'cmake_prefix_path')
[2.025s] INFO:colcon.colcon_core.shell:Creating environment hook '/home/aaron/ur_ws/install/moveit_plugins/share/moveit_plugins/hook/cmake_prefix_path.ps1'
[2.025s] INFO:colcon.colcon_core.shell:Creating environment descriptor '/home/aaron/ur_ws/install/moveit_plugins/share/moveit_plugins/hook/cmake_prefix_path.dsv'
[2.026s] INFO:colcon.colcon_core.shell:Creating environment hook '/home/aaron/ur_ws/install/moveit_plugins/share/moveit_plugins/hook/cmake_prefix_path.sh'
[2.027s] Level 1:colcon.colcon_core.environment:checking '/home/aaron/ur_ws/install/moveit_plugins/bin'
[2.027s] Level 1:colcon.colcon_core.environment:checking '/home/aaron/ur_ws/install/moveit_plugins/lib/pkgconfig/moveit_plugins.pc'
[2.027s] Level 1:colcon.colcon_core.environment:checking '/home/aaron/ur_ws/install/moveit_plugins/lib/python3.10/site-packages'
[2.028s] Level 1:colcon.colcon_core.environment:checking '/home/aaron/ur_ws/install/moveit_plugins/bin'
[2.028s] INFO:colcon.colcon_core.shell:Creating package script '/home/aaron/ur_ws/install/moveit_plugins/share/moveit_plugins/package.ps1'
[2.029s] INFO:colcon.colcon_core.shell:Creating package descriptor '/home/aaron/ur_ws/install/moveit_plugins/share/moveit_plugins/package.dsv'
[2.030s] INFO:colcon.colcon_core.shell:Creating package script '/home/aaron/ur_ws/install/moveit_plugins/share/moveit_plugins/package.sh'
[2.030s] INFO:colcon.colcon_core.shell:Creating package script '/home/aaron/ur_ws/install/moveit_plugins/share/moveit_plugins/package.bash'
[2.031s] INFO:colcon.colcon_core.shell:Creating package script '/home/aaron/ur_ws/install/moveit_plugins/share/moveit_plugins/package.zsh'
[2.031s] Level 1:colcon.colcon_core.environment:create_file_with_runtime_dependencies(/home/aaron/ur_ws/install/moveit_plugins/share/colcon-core/packages/moveit_plugins)
[2.032s] Level 1:colcon.colcon_core.environment:create_environment_scripts_only(moveit_plugins)
[2.032s] Level 1:colcon.colcon_core.environment:checking '/home/aaron/ur_ws/install/moveit_plugins' for CMake module files
[2.033s] Level 1:colcon.colcon_core.environment:checking '/home/aaron/ur_ws/install/moveit_plugins' for CMake config files
[2.033s] Level 1:colcon.colcon_core.shell:create_environment_hook('moveit_plugins', 'cmake_prefix_path')
[2.033s] INFO:colcon.colcon_core.shell:Creating environment hook '/home/aaron/ur_ws/install/moveit_plugins/share/moveit_plugins/hook/cmake_prefix_path.ps1'
[2.033s] INFO:colcon.colcon_core.shell:Creating environment descriptor '/home/aaron/ur_ws/install/moveit_plugins/share/moveit_plugins/hook/cmake_prefix_path.dsv'
[2.034s] INFO:colcon.colcon_core.shell:Creating environment hook '/home/aaron/ur_ws/install/moveit_plugins/share/moveit_plugins/hook/cmake_prefix_path.sh'
[2.034s] Level 1:colcon.colcon_core.environment:checking '/home/aaron/ur_ws/install/moveit_plugins/bin'
[2.034s] Level 1:colcon.colcon_core.environment:checking '/home/aaron/ur_ws/install/moveit_plugins/lib/pkgconfig/moveit_plugins.pc'
[2.034s] Level 1:colcon.colcon_core.environment:checking '/home/aaron/ur_ws/install/moveit_plugins/lib/python3.10/site-packages'
[2.034s] Level 1:colcon.colcon_core.environment:checking '/home/aaron/ur_ws/install/moveit_plugins/bin'
[2.034s] INFO:colcon.colcon_core.shell:Creating package script '/home/aaron/ur_ws/install/moveit_plugins/share/moveit_plugins/package.ps1'
[2.035s] INFO:colcon.colcon_core.shell:Creating package descriptor '/home/aaron/ur_ws/install/moveit_plugins/share/moveit_plugins/package.dsv'
[2.035s] INFO:colcon.colcon_core.shell:Creating package script '/home/aaron/ur_ws/install/moveit_plugins/share/moveit_plugins/package.sh'
[2.036s] INFO:colcon.colcon_core.shell:Creating package script '/home/aaron/ur_ws/install/moveit_plugins/share/moveit_plugins/package.bash'
[2.036s] INFO:colcon.colcon_core.shell:Creating package script '/home/aaron/ur_ws/install/moveit_plugins/share/moveit_plugins/package.zsh'
[2.036s] Level 1:colcon.colcon_core.environment:create_file_with_runtime_dependencies(/home/aaron/ur_ws/install/moveit_plugins/share/colcon-core/packages/moveit_plugins)
[2.043s] DEBUG:colcon.colcon_core.event_handler.log_command:Invoked command in '/home/aaron/ur_ws/build/moveit_chomp_optimizer_adapter' returned '0': AMENT_PREFIX_PATH=/home/aaron/ur_ws/install/chomp_motion_planner:/home/aaron/ur_ws/install/moveit_core:/home/aaron/ur_ws/install/moveit_resources_panda_moveit_config:/home/aaron/ur_ws/install/srdfdom:/home/aaron/ur_ws/install/moveit_resources_pr2_description:/home/aaron/ur_ws/install/moveit_resources_panda_description:/home/aaron/ur_ws/install/moveit_common:${AMENT_PREFIX_PATH} CMAKE_PREFIX_PATH=/home/aaron/ur_ws/install/chomp_motion_planner:/home/aaron/ur_ws/install/moveit_core:/home/aaron/ur_ws/install/moveit_resources_panda_moveit_config:/home/aaron/ur_ws/install/srdfdom:/home/aaron/ur_ws/install/moveit_resources_pr2_description:/home/aaron/ur_ws/install/moveit_resources_panda_description:/home/aaron/ur_ws/install/moveit_common:/opt/ros/humble LD_LIBRARY_PATH=/home/aaron/ur_ws/install/chomp_motion_planner/lib:/home/aaron/ur_ws/install/moveit_core/lib:/home/aaron/ur_ws/install/srdfdom/lib:${LD_LIBRARY_PATH} PATH=/home/aaron/ur_ws/install/moveit_core/bin:${PATH} PYTHONPATH=/home/aaron/ur_ws/install/srdfdom/local/lib/python3.10/dist-packages:${PYTHONPATH} /usr/bin/cmake --build /home/aaron/ur_ws/build/moveit_chomp_optimizer_adapter -- -j20 -l20
[2.045s] DEBUG:colcon.colcon_core.event_handler.log_command:Invoking command in '/home/aaron/ur_ws/build/moveit_chomp_optimizer_adapter': AMENT_PREFIX_PATH=/home/aaron/ur_ws/install/chomp_motion_planner:/home/aaron/ur_ws/install/moveit_core:/home/aaron/ur_ws/install/moveit_resources_panda_moveit_config:/home/aaron/ur_ws/install/srdfdom:/home/aaron/ur_ws/install/moveit_resources_pr2_description:/home/aaron/ur_ws/install/moveit_resources_panda_description:/home/aaron/ur_ws/install/moveit_common:${AMENT_PREFIX_PATH} CMAKE_PREFIX_PATH=/home/aaron/ur_ws/install/chomp_motion_planner:/home/aaron/ur_ws/install/moveit_core:/home/aaron/ur_ws/install/moveit_resources_panda_moveit_config:/home/aaron/ur_ws/install/srdfdom:/home/aaron/ur_ws/install/moveit_resources_pr2_description:/home/aaron/ur_ws/install/moveit_resources_panda_description:/home/aaron/ur_ws/install/moveit_common:/opt/ros/humble LD_LIBRARY_PATH=/home/aaron/ur_ws/install/chomp_motion_planner/lib:/home/aaron/ur_ws/install/moveit_core/lib:/home/aaron/ur_ws/install/srdfdom/lib:${LD_LIBRARY_PATH} PATH=/home/aaron/ur_ws/install/moveit_core/bin:${PATH} PYTHONPATH=/home/aaron/ur_ws/install/srdfdom/local/lib/python3.10/dist-packages:${PYTHONPATH} /usr/bin/cmake --install /home/aaron/ur_ws/build/moveit_chomp_optimizer_adapter
[2.054s] Level 1:colcon.colcon_core.environment:create_environment_scripts_only(moveit_chomp_optimizer_adapter)
[2.054s] Level 1:colcon.colcon_core.environment:checking '/home/aaron/ur_ws/install/moveit_chomp_optimizer_adapter' for CMake module files
[2.056s] Level 1:colcon.colcon_core.environment:checking '/home/aaron/ur_ws/install/moveit_chomp_optimizer_adapter' for CMake config files
[2.057s] DEBUG:colcon.colcon_core.event_handler.log_command:Invoking command in '/home/aaron/ur_ws/src/moveit2/moveit_configs_utils': AMENT_PREFIX_PATH=/home/aaron/ur_ws/install/srdfdom:/home/aaron/ur_ws/install/launch_param_builder:${AMENT_PREFIX_PATH} CMAKE_PREFIX_PATH=/home/aaron/ur_ws/install/srdfdom LD_LIBRARY_PATH=/home/aaron/ur_ws/install/srdfdom/lib:${LD_LIBRARY_PATH} PYTHONPATH=/home/aaron/ur_ws/build/moveit_configs_utils/prefix_override:/usr/lib/python3/dist-packages/colcon_core/task/python/colcon_distutils_commands:/home/aaron/ur_ws/install/moveit_configs_utils/lib/python3.10/site-packages:/home/aaron/ur_ws/install/srdfdom/local/lib/python3.10/dist-packages:/home/aaron/ur_ws/install/launch_param_builder/lib/python3.10/site-packages:${PYTHONPATH} /usr/bin/python3 -W ignore:setup.py install is deprecated -W ignore:easy_install command is deprecated setup.py egg_info --egg-base ../../../build/moveit_configs_utils build --build-base /home/aaron/ur_ws/build/moveit_configs_utils/build install --record /home/aaron/ur_ws/build/moveit_configs_utils/install.log --single-version-externally-managed install_data
[2.058s] DEBUG:colcon.colcon_core.event_handler.log_command:Invoked command in '/home/aaron/ur_ws/build/moveit_chomp_optimizer_adapter' returned '0': AMENT_PREFIX_PATH=/home/aaron/ur_ws/install/chomp_motion_planner:/home/aaron/ur_ws/install/moveit_core:/home/aaron/ur_ws/install/moveit_resources_panda_moveit_config:/home/aaron/ur_ws/install/srdfdom:/home/aaron/ur_ws/install/moveit_resources_pr2_description:/home/aaron/ur_ws/install/moveit_resources_panda_description:/home/aaron/ur_ws/install/moveit_common:${AMENT_PREFIX_PATH} CMAKE_PREFIX_PATH=/home/aaron/ur_ws/install/chomp_motion_planner:/home/aaron/ur_ws/install/moveit_core:/home/aaron/ur_ws/install/moveit_resources_panda_moveit_config:/home/aaron/ur_ws/install/srdfdom:/home/aaron/ur_ws/install/moveit_resources_pr2_description:/home/aaron/ur_ws/install/moveit_resources_panda_description:/home/aaron/ur_ws/install/moveit_common:/opt/ros/humble LD_LIBRARY_PATH=/home/aaron/ur_ws/install/chomp_motion_planner/lib:/home/aaron/ur_ws/install/moveit_core/lib:/home/aaron/ur_ws/install/srdfdom/lib:${LD_LIBRARY_PATH} PATH=/home/aaron/ur_ws/install/moveit_core/bin:${PATH} PYTHONPATH=/home/aaron/ur_ws/install/srdfdom/local/lib/python3.10/dist-packages:${PYTHONPATH} /usr/bin/cmake --install /home/aaron/ur_ws/build/moveit_chomp_optimizer_adapter
[2.058s] Level 1:colcon.colcon_core.shell:create_environment_hook('moveit_chomp_optimizer_adapter', 'cmake_prefix_path')
[2.059s] INFO:colcon.colcon_core.shell:Creating environment hook '/home/aaron/ur_ws/install/moveit_chomp_optimizer_adapter/share/moveit_chomp_optimizer_adapter/hook/cmake_prefix_path.ps1'
[2.059s] INFO:colcon.colcon_core.shell:Creating environment descriptor '/home/aaron/ur_ws/install/moveit_chomp_optimizer_adapter/share/moveit_chomp_optimizer_adapter/hook/cmake_prefix_path.dsv'
[2.060s] INFO:colcon.colcon_core.shell:Creating environment hook '/home/aaron/ur_ws/install/moveit_chomp_optimizer_adapter/share/moveit_chomp_optimizer_adapter/hook/cmake_prefix_path.sh'
[2.060s] Level 1:colcon.colcon_core.environment:checking '/home/aaron/ur_ws/install/moveit_chomp_optimizer_adapter/lib'
[2.061s] Level 1:colcon.colcon_core.shell:create_environment_hook('moveit_chomp_optimizer_adapter', 'ld_library_path_lib')
[2.061s] INFO:colcon.colcon_core.shell:Creating environment hook '/home/aaron/ur_ws/install/moveit_chomp_optimizer_adapter/share/moveit_chomp_optimizer_adapter/hook/ld_library_path_lib.ps1'
[2.061s] INFO:colcon.colcon_core.shell:Creating environment descriptor '/home/aaron/ur_ws/install/moveit_chomp_optimizer_adapter/share/moveit_chomp_optimizer_adapter/hook/ld_library_path_lib.dsv'
[2.062s] INFO:colcon.colcon_core.shell:Creating environment hook '/home/aaron/ur_ws/install/moveit_chomp_optimizer_adapter/share/moveit_chomp_optimizer_adapter/hook/ld_library_path_lib.sh'
[2.062s] Level 1:colcon.colcon_core.environment:checking '/home/aaron/ur_ws/install/moveit_chomp_optimizer_adapter/bin'
[2.062s] Level 1:colcon.colcon_core.environment:checking '/home/aaron/ur_ws/install/moveit_chomp_optimizer_adapter/lib/pkgconfig/moveit_chomp_optimizer_adapter.pc'
[2.062s] Level 1:colcon.colcon_core.environment:checking '/home/aaron/ur_ws/install/moveit_chomp_optimizer_adapter/lib/python3.10/site-packages'
[2.062s] Level 1:colcon.colcon_core.environment:checking '/home/aaron/ur_ws/install/moveit_chomp_optimizer_adapter/bin'
[2.063s] INFO:colcon.colcon_core.shell:Creating package script '/home/aaron/ur_ws/install/moveit_chomp_optimizer_adapter/share/moveit_chomp_optimizer_adapter/package.ps1'
[2.063s] INFO:colcon.colcon_core.shell:Creating package descriptor '/home/aaron/ur_ws/install/moveit_chomp_optimizer_adapter/share/moveit_chomp_optimizer_adapter/package.dsv'
[2.063s] INFO:colcon.colcon_core.shell:Creating package script '/home/aaron/ur_ws/install/moveit_chomp_optimizer_adapter/share/moveit_chomp_optimizer_adapter/package.sh'
[2.063s] INFO:colcon.colcon_core.shell:Creating package script '/home/aaron/ur_ws/install/moveit_chomp_optimizer_adapter/share/moveit_chomp_optimizer_adapter/package.bash'
[2.064s] INFO:colcon.colcon_core.shell:Creating package script '/home/aaron/ur_ws/install/moveit_chomp_optimizer_adapter/share/moveit_chomp_optimizer_adapter/package.zsh'
[2.064s] Level 1:colcon.colcon_core.environment:create_file_with_runtime_dependencies(/home/aaron/ur_ws/install/moveit_chomp_optimizer_adapter/share/colcon-core/packages/moveit_chomp_optimizer_adapter)
[2.064s] Level 1:colcon.colcon_core.environment:create_environment_scripts_only(moveit_chomp_optimizer_adapter)
[2.064s] Level 1:colcon.colcon_core.environment:checking '/home/aaron/ur_ws/install/moveit_chomp_optimizer_adapter' for CMake module files
[2.065s] Level 1:colcon.colcon_core.environment:checking '/home/aaron/ur_ws/install/moveit_chomp_optimizer_adapter' for CMake config files
[2.065s] Level 1:colcon.colcon_core.shell:create_environment_hook('moveit_chomp_optimizer_adapter', 'cmake_prefix_path')
[2.065s] INFO:colcon.colcon_core.shell:Creating environment hook '/home/aaron/ur_ws/install/moveit_chomp_optimizer_adapter/share/moveit_chomp_optimizer_adapter/hook/cmake_prefix_path.ps1'
[2.065s] INFO:colcon.colcon_core.shell:Creating environment descriptor '/home/aaron/ur_ws/install/moveit_chomp_optimizer_adapter/share/moveit_chomp_optimizer_adapter/hook/cmake_prefix_path.dsv'
[2.066s] INFO:colcon.colcon_core.shell:Creating environment hook '/home/aaron/ur_ws/install/moveit_chomp_optimizer_adapter/share/moveit_chomp_optimizer_adapter/hook/cmake_prefix_path.sh'
[2.066s] Level 1:colcon.colcon_core.environment:checking '/home/aaron/ur_ws/install/moveit_chomp_optimizer_adapter/lib'
[2.066s] Level 1:colcon.colcon_core.shell:create_environment_hook('moveit_chomp_optimizer_adapter', 'ld_library_path_lib')
[2.066s] INFO:colcon.colcon_core.shell:Creating environment hook '/home/aaron/ur_ws/install/moveit_chomp_optimizer_adapter/share/moveit_chomp_optimizer_adapter/hook/ld_library_path_lib.ps1'
[2.066s] INFO:colcon.colcon_core.shell:Creating environment descriptor '/home/aaron/ur_ws/install/moveit_chomp_optimizer_adapter/share/moveit_chomp_optimizer_adapter/hook/ld_library_path_lib.dsv'
[2.067s] INFO:colcon.colcon_core.shell:Creating environment hook '/home/aaron/ur_ws/install/moveit_chomp_optimizer_adapter/share/moveit_chomp_optimizer_adapter/hook/ld_library_path_lib.sh'
[2.067s] Level 1:colcon.colcon_core.environment:checking '/home/aaron/ur_ws/install/moveit_chomp_optimizer_adapter/bin'
[2.067s] Level 1:colcon.colcon_core.environment:checking '/home/aaron/ur_ws/install/moveit_chomp_optimizer_adapter/lib/pkgconfig/moveit_chomp_optimizer_adapter.pc'
[2.067s] Level 1:colcon.colcon_core.environment:checking '/home/aaron/ur_ws/install/moveit_chomp_optimizer_adapter/lib/python3.10/site-packages'
[2.067s] Level 1:colcon.colcon_core.environment:checking '/home/aaron/ur_ws/install/moveit_chomp_optimizer_adapter/bin'
[2.067s] INFO:colcon.colcon_core.shell:Creating package script '/home/aaron/ur_ws/install/moveit_chomp_optimizer_adapter/share/moveit_chomp_optimizer_adapter/package.ps1'
[2.068s] INFO:colcon.colcon_core.shell:Creating package descriptor '/home/aaron/ur_ws/install/moveit_chomp_optimizer_adapter/share/moveit_chomp_optimizer_adapter/package.dsv'
[2.068s] INFO:colcon.colcon_core.shell:Creating package script '/home/aaron/ur_ws/install/moveit_chomp_optimizer_adapter/share/moveit_chomp_optimizer_adapter/package.sh'
[2.068s] INFO:colcon.colcon_core.shell:Creating package script '/home/aaron/ur_ws/install/moveit_chomp_optimizer_adapter/share/moveit_chomp_optimizer_adapter/package.bash'
[2.068s] INFO:colcon.colcon_core.shell:Creating package script '/home/aaron/ur_ws/install/moveit_chomp_optimizer_adapter/share/moveit_chomp_optimizer_adapter/package.zsh'
[2.069s] Level 1:colcon.colcon_core.environment:create_file_with_runtime_dependencies(/home/aaron/ur_ws/install/moveit_chomp_optimizer_adapter/share/colcon-core/packages/moveit_chomp_optimizer_adapter)
[2.069s] DEBUG:colcon.colcon_core.event_handler.log_command:Invoked command in '/home/aaron/ur_ws/build/moveit_planners_chomp' returned '0': AMENT_PREFIX_PATH=/home/aaron/ur_ws/install/chomp_motion_planner:/home/aaron/ur_ws/install/moveit_core:/home/aaron/ur_ws/install/moveit_resources_panda_moveit_config:/home/aaron/ur_ws/install/srdfdom:/home/aaron/ur_ws/install/moveit_resources_pr2_description:/home/aaron/ur_ws/install/moveit_resources_panda_description:/home/aaron/ur_ws/install/moveit_common:${AMENT_PREFIX_PATH} CMAKE_PREFIX_PATH=/home/aaron/ur_ws/install/chomp_motion_planner:/home/aaron/ur_ws/install/moveit_core:/home/aaron/ur_ws/install/moveit_resources_panda_moveit_config:/home/aaron/ur_ws/install/srdfdom:/home/aaron/ur_ws/install/moveit_resources_pr2_description:/home/aaron/ur_ws/install/moveit_resources_panda_description:/home/aaron/ur_ws/install/moveit_common:/opt/ros/humble LD_LIBRARY_PATH=/home/aaron/ur_ws/install/chomp_motion_planner/lib:/home/aaron/ur_ws/install/moveit_core/lib:/home/aaron/ur_ws/install/srdfdom/lib:${LD_LIBRARY_PATH} PATH=/home/aaron/ur_ws/install/moveit_core/bin:${PATH} PYTHONPATH=/home/aaron/ur_ws/install/srdfdom/local/lib/python3.10/dist-packages:${PYTHONPATH} /usr/bin/cmake --build /home/aaron/ur_ws/build/moveit_planners_chomp -- -j20 -l20
[2.071s] DEBUG:colcon.colcon_core.event_handler.log_command:Invoking command in '/home/aaron/ur_ws/build/moveit_planners_chomp': AMENT_PREFIX_PATH=/home/aaron/ur_ws/install/chomp_motion_planner:/home/aaron/ur_ws/install/moveit_core:/home/aaron/ur_ws/install/moveit_resources_panda_moveit_config:/home/aaron/ur_ws/install/srdfdom:/home/aaron/ur_ws/install/moveit_resources_pr2_description:/home/aaron/ur_ws/install/moveit_resources_panda_description:/home/aaron/ur_ws/install/moveit_common:${AMENT_PREFIX_PATH} CMAKE_PREFIX_PATH=/home/aaron/ur_ws/install/chomp_motion_planner:/home/aaron/ur_ws/install/moveit_core:/home/aaron/ur_ws/install/moveit_resources_panda_moveit_config:/home/aaron/ur_ws/install/srdfdom:/home/aaron/ur_ws/install/moveit_resources_pr2_description:/home/aaron/ur_ws/install/moveit_resources_panda_description:/home/aaron/ur_ws/install/moveit_common:/opt/ros/humble LD_LIBRARY_PATH=/home/aaron/ur_ws/install/chomp_motion_planner/lib:/home/aaron/ur_ws/install/moveit_core/lib:/home/aaron/ur_ws/install/srdfdom/lib:${LD_LIBRARY_PATH} PATH=/home/aaron/ur_ws/install/moveit_core/bin:${PATH} PYTHONPATH=/home/aaron/ur_ws/install/srdfdom/local/lib/python3.10/dist-packages:${PYTHONPATH} /usr/bin/cmake --install /home/aaron/ur_ws/build/moveit_planners_chomp
[2.079s] DEBUG:colcon.colcon_core.event_handler.log_command:Invoked command in '/home/aaron/ur_ws/build/moveit_ros_control_interface' returned '0': AMENT_PREFIX_PATH=/home/aaron/ur_ws/install/moveit_simple_controller_manager:/home/aaron/ur_ws/install/moveit_core:/home/aaron/ur_ws/install/moveit_resources_panda_moveit_config:/home/aaron/ur_ws/install/srdfdom:/home/aaron/ur_ws/install/moveit_resources_pr2_description:/home/aaron/ur_ws/install/moveit_resources_panda_description:/home/aaron/ur_ws/install/moveit_common:${AMENT_PREFIX_PATH} CMAKE_PREFIX_PATH=/home/aaron/ur_ws/install/moveit_simple_controller_manager:/home/aaron/ur_ws/install/moveit_core:/home/aaron/ur_ws/install/moveit_resources_panda_moveit_config:/home/aaron/ur_ws/install/srdfdom:/home/aaron/ur_ws/install/moveit_resources_pr2_description:/home/aaron/ur_ws/install/moveit_resources_panda_description:/home/aaron/ur_ws/install/moveit_common:/opt/ros/humble LD_LIBRARY_PATH=/home/aaron/ur_ws/install/moveit_simple_controller_manager/lib:/home/aaron/ur_ws/install/moveit_core/lib:/home/aaron/ur_ws/install/srdfdom/lib:${LD_LIBRARY_PATH} PATH=/home/aaron/ur_ws/install/moveit_core/bin:${PATH} PYTHONPATH=/home/aaron/ur_ws/install/srdfdom/local/lib/python3.10/dist-packages:${PYTHONPATH} /usr/bin/cmake --build /home/aaron/ur_ws/build/moveit_ros_control_interface -- -j20 -l20
[2.082s] Level 1:colcon.colcon_core.environment:create_environment_scripts_only(moveit_planners_chomp)
[2.083s] Level 1:colcon.colcon_core.environment:checking '/home/aaron/ur_ws/install/moveit_planners_chomp' for CMake module files
[2.084s] DEBUG:colcon.colcon_core.event_handler.log_command:Invoking command in '/home/aaron/ur_ws/build/moveit_ros_control_interface': AMENT_PREFIX_PATH=/home/aaron/ur_ws/install/moveit_simple_controller_manager:/home/aaron/ur_ws/install/moveit_core:/home/aaron/ur_ws/install/moveit_resources_panda_moveit_config:/home/aaron/ur_ws/install/srdfdom:/home/aaron/ur_ws/install/moveit_resources_pr2_description:/home/aaron/ur_ws/install/moveit_resources_panda_description:/home/aaron/ur_ws/install/moveit_common:${AMENT_PREFIX_PATH} CMAKE_PREFIX_PATH=/home/aaron/ur_ws/install/moveit_simple_controller_manager:/home/aaron/ur_ws/install/moveit_core:/home/aaron/ur_ws/install/moveit_resources_panda_moveit_config:/home/aaron/ur_ws/install/srdfdom:/home/aaron/ur_ws/install/moveit_resources_pr2_description:/home/aaron/ur_ws/install/moveit_resources_panda_description:/home/aaron/ur_ws/install/moveit_common:/opt/ros/humble LD_LIBRARY_PATH=/home/aaron/ur_ws/install/moveit_simple_controller_manager/lib:/home/aaron/ur_ws/install/moveit_core/lib:/home/aaron/ur_ws/install/srdfdom/lib:${LD_LIBRARY_PATH} PATH=/home/aaron/ur_ws/install/moveit_core/bin:${PATH} PYTHONPATH=/home/aaron/ur_ws/install/srdfdom/local/lib/python3.10/dist-packages:${PYTHONPATH} /usr/bin/cmake --install /home/aaron/ur_ws/build/moveit_ros_control_interface
[2.084s] Level 1:colcon.colcon_core.environment:checking '/home/aaron/ur_ws/install/moveit_planners_chomp' for CMake config files
[2.085s] DEBUG:colcon.colcon_core.event_handler.log_command:Invoked command in '/home/aaron/ur_ws/build/moveit_planners_chomp' returned '0': AMENT_PREFIX_PATH=/home/aaron/ur_ws/install/chomp_motion_planner:/home/aaron/ur_ws/install/moveit_core:/home/aaron/ur_ws/install/moveit_resources_panda_moveit_config:/home/aaron/ur_ws/install/srdfdom:/home/aaron/ur_ws/install/moveit_resources_pr2_description:/home/aaron/ur_ws/install/moveit_resources_panda_description:/home/aaron/ur_ws/install/moveit_common:${AMENT_PREFIX_PATH} CMAKE_PREFIX_PATH=/home/aaron/ur_ws/install/chomp_motion_planner:/home/aaron/ur_ws/install/moveit_core:/home/aaron/ur_ws/install/moveit_resources_panda_moveit_config:/home/aaron/ur_ws/install/srdfdom:/home/aaron/ur_ws/install/moveit_resources_pr2_description:/home/aaron/ur_ws/install/moveit_resources_panda_description:/home/aaron/ur_ws/install/moveit_common:/opt/ros/humble LD_LIBRARY_PATH=/home/aaron/ur_ws/install/chomp_motion_planner/lib:/home/aaron/ur_ws/install/moveit_core/lib:/home/aaron/ur_ws/install/srdfdom/lib:${LD_LIBRARY_PATH} PATH=/home/aaron/ur_ws/install/moveit_core/bin:${PATH} PYTHONPATH=/home/aaron/ur_ws/install/srdfdom/local/lib/python3.10/dist-packages:${PYTHONPATH} /usr/bin/cmake --install /home/aaron/ur_ws/build/moveit_planners_chomp
[2.085s] Level 1:colcon.colcon_core.shell:create_environment_hook('moveit_planners_chomp', 'cmake_prefix_path')
[2.085s] INFO:colcon.colcon_core.shell:Creating environment hook '/home/aaron/ur_ws/install/moveit_planners_chomp/share/moveit_planners_chomp/hook/cmake_prefix_path.ps1'
[2.086s] INFO:colcon.colcon_core.shell:Creating environment descriptor '/home/aaron/ur_ws/install/moveit_planners_chomp/share/moveit_planners_chomp/hook/cmake_prefix_path.dsv'
[2.086s] INFO:colcon.colcon_core.shell:Creating environment hook '/home/aaron/ur_ws/install/moveit_planners_chomp/share/moveit_planners_chomp/hook/cmake_prefix_path.sh'
[2.087s] Level 1:colcon.colcon_core.environment:checking '/home/aaron/ur_ws/install/moveit_planners_chomp/lib'
[2.088s] Level 1:colcon.colcon_core.shell:create_environment_hook('moveit_planners_chomp', 'ld_library_path_lib')
[2.088s] INFO:colcon.colcon_core.shell:Creating environment hook '/home/aaron/ur_ws/install/moveit_planners_chomp/share/moveit_planners_chomp/hook/ld_library_path_lib.ps1'
[2.090s] INFO:colcon.colcon_core.shell:Creating environment descriptor '/home/aaron/ur_ws/install/moveit_planners_chomp/share/moveit_planners_chomp/hook/ld_library_path_lib.dsv'
[2.091s] INFO:colcon.colcon_core.shell:Creating environment hook '/home/aaron/ur_ws/install/moveit_planners_chomp/share/moveit_planners_chomp/hook/ld_library_path_lib.sh'
[2.091s] Level 1:colcon.colcon_core.environment:checking '/home/aaron/ur_ws/install/moveit_planners_chomp/bin'
[2.091s] Level 1:colcon.colcon_core.environment:checking '/home/aaron/ur_ws/install/moveit_planners_chomp/lib/pkgconfig/moveit_planners_chomp.pc'
[2.092s] Level 1:colcon.colcon_core.environment:checking '/home/aaron/ur_ws/install/moveit_planners_chomp/lib/python3.10/site-packages'
[2.092s] Level 1:colcon.colcon_core.environment:checking '/home/aaron/ur_ws/install/moveit_planners_chomp/bin'
[2.092s] INFO:colcon.colcon_core.shell:Creating package script '/home/aaron/ur_ws/install/moveit_planners_chomp/share/moveit_planners_chomp/package.ps1'
[2.093s] INFO:colcon.colcon_core.shell:Creating package descriptor '/home/aaron/ur_ws/install/moveit_planners_chomp/share/moveit_planners_chomp/package.dsv'
[2.094s] INFO:colcon.colcon_core.shell:Creating package script '/home/aaron/ur_ws/install/moveit_planners_chomp/share/moveit_planners_chomp/package.sh'
[2.094s] INFO:colcon.colcon_core.shell:Creating package script '/home/aaron/ur_ws/install/moveit_planners_chomp/share/moveit_planners_chomp/package.bash'
[2.094s] INFO:colcon.colcon_core.shell:Creating package script '/home/aaron/ur_ws/install/moveit_planners_chomp/share/moveit_planners_chomp/package.zsh'
[2.094s] Level 1:colcon.colcon_core.environment:create_file_with_runtime_dependencies(/home/aaron/ur_ws/install/moveit_planners_chomp/share/colcon-core/packages/moveit_planners_chomp)
[2.095s] Level 1:colcon.colcon_core.environment:create_environment_scripts_only(moveit_planners_chomp)
[2.095s] Level 1:colcon.colcon_core.environment:checking '/home/aaron/ur_ws/install/moveit_planners_chomp' for CMake module files
[2.095s] Level 1:colcon.colcon_core.environment:checking '/home/aaron/ur_ws/install/moveit_planners_chomp' for CMake config files
[2.095s] Level 1:colcon.colcon_core.shell:create_environment_hook('moveit_planners_chomp', 'cmake_prefix_path')
[2.095s] INFO:colcon.colcon_core.shell:Creating environment hook '/home/aaron/ur_ws/install/moveit_planners_chomp/share/moveit_planners_chomp/hook/cmake_prefix_path.ps1'
[2.096s] INFO:colcon.colcon_core.shell:Creating environment descriptor '/home/aaron/ur_ws/install/moveit_planners_chomp/share/moveit_planners_chomp/hook/cmake_prefix_path.dsv'
[2.096s] INFO:colcon.colcon_core.shell:Creating environment hook '/home/aaron/ur_ws/install/moveit_planners_chomp/share/moveit_planners_chomp/hook/cmake_prefix_path.sh'
[2.096s] Level 1:colcon.colcon_core.environment:checking '/home/aaron/ur_ws/install/moveit_planners_chomp/lib'
[2.096s] Level 1:colcon.colcon_core.shell:create_environment_hook('moveit_planners_chomp', 'ld_library_path_lib')
[2.096s] INFO:colcon.colcon_core.shell:Creating environment hook '/home/aaron/ur_ws/install/moveit_planners_chomp/share/moveit_planners_chomp/hook/ld_library_path_lib.ps1'
[2.097s] INFO:colcon.colcon_core.shell:Creating environment descriptor '/home/aaron/ur_ws/install/moveit_planners_chomp/share/moveit_planners_chomp/hook/ld_library_path_lib.dsv'
[2.097s] INFO:colcon.colcon_core.shell:Creating environment hook '/home/aaron/ur_ws/install/moveit_planners_chomp/share/moveit_planners_chomp/hook/ld_library_path_lib.sh'
[2.097s] Level 1:colcon.colcon_core.environment:checking '/home/aaron/ur_ws/install/moveit_planners_chomp/bin'
[2.097s] Level 1:colcon.colcon_core.environment:checking '/home/aaron/ur_ws/install/moveit_planners_chomp/lib/pkgconfig/moveit_planners_chomp.pc'
[2.097s] Level 1:colcon.colcon_core.environment:checking '/home/aaron/ur_ws/install/moveit_planners_chomp/lib/python3.10/site-packages'
[2.097s] Level 1:colcon.colcon_core.environment:checking '/home/aaron/ur_ws/install/moveit_planners_chomp/bin'
[2.097s] INFO:colcon.colcon_core.shell:Creating package script '/home/aaron/ur_ws/install/moveit_planners_chomp/share/moveit_planners_chomp/package.ps1'
[2.098s] INFO:colcon.colcon_core.shell:Creating package descriptor '/home/aaron/ur_ws/install/moveit_planners_chomp/share/moveit_planners_chomp/package.dsv'
[2.098s] INFO:colcon.colcon_core.shell:Creating package script '/home/aaron/ur_ws/install/moveit_planners_chomp/share/moveit_planners_chomp/package.sh'
[2.098s] INFO:colcon.colcon_core.shell:Creating package script '/home/aaron/ur_ws/install/moveit_planners_chomp/share/moveit_planners_chomp/package.bash'
[2.098s] INFO:colcon.colcon_core.shell:Creating package script '/home/aaron/ur_ws/install/moveit_planners_chomp/share/moveit_planners_chomp/package.zsh'
[2.099s] Level 1:colcon.colcon_core.environment:create_file_with_runtime_dependencies(/home/aaron/ur_ws/install/moveit_planners_chomp/share/colcon-core/packages/moveit_planners_chomp)
[2.099s] Level 1:colcon.colcon_core.environment:create_environment_scripts_only(moveit_ros_control_interface)
[2.100s] Level 1:colcon.colcon_core.environment:checking '/home/aaron/ur_ws/install/moveit_ros_control_interface' for CMake module files
[2.100s] DEBUG:colcon.colcon_core.event_handler.log_command:Invoked command in '/home/aaron/ur_ws/build/moveit_ros_control_interface' returned '0': AMENT_PREFIX_PATH=/home/aaron/ur_ws/install/moveit_simple_controller_manager:/home/aaron/ur_ws/install/moveit_core:/home/aaron/ur_ws/install/moveit_resources_panda_moveit_config:/home/aaron/ur_ws/install/srdfdom:/home/aaron/ur_ws/install/moveit_resources_pr2_description:/home/aaron/ur_ws/install/moveit_resources_panda_description:/home/aaron/ur_ws/install/moveit_common:${AMENT_PREFIX_PATH} CMAKE_PREFIX_PATH=/home/aaron/ur_ws/install/moveit_simple_controller_manager:/home/aaron/ur_ws/install/moveit_core:/home/aaron/ur_ws/install/moveit_resources_panda_moveit_config:/home/aaron/ur_ws/install/srdfdom:/home/aaron/ur_ws/install/moveit_resources_pr2_description:/home/aaron/ur_ws/install/moveit_resources_panda_description:/home/aaron/ur_ws/install/moveit_common:/opt/ros/humble LD_LIBRARY_PATH=/home/aaron/ur_ws/install/moveit_simple_controller_manager/lib:/home/aaron/ur_ws/install/moveit_core/lib:/home/aaron/ur_ws/install/srdfdom/lib:${LD_LIBRARY_PATH} PATH=/home/aaron/ur_ws/install/moveit_core/bin:${PATH} PYTHONPATH=/home/aaron/ur_ws/install/srdfdom/local/lib/python3.10/dist-packages:${PYTHONPATH} /usr/bin/cmake --install /home/aaron/ur_ws/build/moveit_ros_control_interface
[2.100s] Level 1:colcon.colcon_core.environment:checking '/home/aaron/ur_ws/install/moveit_ros_control_interface' for CMake config files
[2.100s] Level 1:colcon.colcon_core.shell:create_environment_hook('moveit_ros_control_interface', 'cmake_prefix_path')
[2.100s] INFO:colcon.colcon_core.shell:Creating environment hook '/home/aaron/ur_ws/install/moveit_ros_control_interface/share/moveit_ros_control_interface/hook/cmake_prefix_path.ps1'
[2.101s] INFO:colcon.colcon_core.shell:Creating environment descriptor '/home/aaron/ur_ws/install/moveit_ros_control_interface/share/moveit_ros_control_interface/hook/cmake_prefix_path.dsv'
[2.101s] INFO:colcon.colcon_core.shell:Creating environment hook '/home/aaron/ur_ws/install/moveit_ros_control_interface/share/moveit_ros_control_interface/hook/cmake_prefix_path.sh'
[2.101s] Level 1:colcon.colcon_core.environment:checking '/home/aaron/ur_ws/install/moveit_ros_control_interface/lib'
[2.101s] Level 1:colcon.colcon_core.shell:create_environment_hook('moveit_ros_control_interface', 'ld_library_path_lib')
[2.101s] INFO:colcon.colcon_core.shell:Creating environment hook '/home/aaron/ur_ws/install/moveit_ros_control_interface/share/moveit_ros_control_interface/hook/ld_library_path_lib.ps1'
[2.102s] INFO:colcon.colcon_core.shell:Creating environment descriptor '/home/aaron/ur_ws/install/moveit_ros_control_interface/share/moveit_ros_control_interface/hook/ld_library_path_lib.dsv'
[2.102s] INFO:colcon.colcon_core.shell:Creating environment hook '/home/aaron/ur_ws/install/moveit_ros_control_interface/share/moveit_ros_control_interface/hook/ld_library_path_lib.sh'
[2.102s] Level 1:colcon.colcon_core.environment:checking '/home/aaron/ur_ws/install/moveit_ros_control_interface/bin'
[2.102s] Level 1:colcon.colcon_core.environment:checking '/home/aaron/ur_ws/install/moveit_ros_control_interface/lib/pkgconfig/moveit_ros_control_interface.pc'
[2.102s] Level 1:colcon.colcon_core.environment:checking '/home/aaron/ur_ws/install/moveit_ros_control_interface/lib/python3.10/site-packages'
[2.102s] Level 1:colcon.colcon_core.environment:checking '/home/aaron/ur_ws/install/moveit_ros_control_interface/bin'
[2.103s] INFO:colcon.colcon_core.shell:Creating package script '/home/aaron/ur_ws/install/moveit_ros_control_interface/share/moveit_ros_control_interface/package.ps1'
[2.103s] INFO:colcon.colcon_core.shell:Creating package descriptor '/home/aaron/ur_ws/install/moveit_ros_control_interface/share/moveit_ros_control_interface/package.dsv'
[2.103s] INFO:colcon.colcon_core.shell:Creating package script '/home/aaron/ur_ws/install/moveit_ros_control_interface/share/moveit_ros_control_interface/package.sh'
[2.103s] INFO:colcon.colcon_core.shell:Creating package script '/home/aaron/ur_ws/install/moveit_ros_control_interface/share/moveit_ros_control_interface/package.bash'
[2.104s] INFO:colcon.colcon_core.shell:Creating package script '/home/aaron/ur_ws/install/moveit_ros_control_interface/share/moveit_ros_control_interface/package.zsh'
[2.104s] Level 1:colcon.colcon_core.environment:create_file_with_runtime_dependencies(/home/aaron/ur_ws/install/moveit_ros_control_interface/share/colcon-core/packages/moveit_ros_control_interface)
[2.104s] Level 1:colcon.colcon_core.environment:create_environment_scripts_only(moveit_ros_control_interface)
[2.104s] Level 1:colcon.colcon_core.environment:checking '/home/aaron/ur_ws/install/moveit_ros_control_interface' for CMake module files
[2.104s] Level 1:colcon.colcon_core.environment:checking '/home/aaron/ur_ws/install/moveit_ros_control_interface' for CMake config files
[2.105s] Level 1:colcon.colcon_core.shell:create_environment_hook('moveit_ros_control_interface', 'cmake_prefix_path')
[2.105s] INFO:colcon.colcon_core.shell:Creating environment hook '/home/aaron/ur_ws/install/moveit_ros_control_interface/share/moveit_ros_control_interface/hook/cmake_prefix_path.ps1'
[2.105s] INFO:colcon.colcon_core.shell:Creating environment descriptor '/home/aaron/ur_ws/install/moveit_ros_control_interface/share/moveit_ros_control_interface/hook/cmake_prefix_path.dsv'
[2.105s] INFO:colcon.colcon_core.shell:Creating environment hook '/home/aaron/ur_ws/install/moveit_ros_control_interface/share/moveit_ros_control_interface/hook/cmake_prefix_path.sh'
[2.105s] Level 1:colcon.colcon_core.environment:checking '/home/aaron/ur_ws/install/moveit_ros_control_interface/lib'
[2.105s] Level 1:colcon.colcon_core.shell:create_environment_hook('moveit_ros_control_interface', 'ld_library_path_lib')
[2.106s] INFO:colcon.colcon_core.shell:Creating environment hook '/home/aaron/ur_ws/install/moveit_ros_control_interface/share/moveit_ros_control_interface/hook/ld_library_path_lib.ps1'
[2.106s] INFO:colcon.colcon_core.shell:Creating environment descriptor '/home/aaron/ur_ws/install/moveit_ros_control_interface/share/moveit_ros_control_interface/hook/ld_library_path_lib.dsv'
[2.106s] INFO:colcon.colcon_core.shell:Creating environment hook '/home/aaron/ur_ws/install/moveit_ros_control_interface/share/moveit_ros_control_interface/hook/ld_library_path_lib.sh'
[2.106s] Level 1:colcon.colcon_core.environment:checking '/home/aaron/ur_ws/install/moveit_ros_control_interface/bin'
[2.106s] Level 1:colcon.colcon_core.environment:checking '/home/aaron/ur_ws/install/moveit_ros_control_interface/lib/pkgconfig/moveit_ros_control_interface.pc'
[2.107s] Level 1:colcon.colcon_core.environment:checking '/home/aaron/ur_ws/install/moveit_ros_control_interface/lib/python3.10/site-packages'
[2.107s] Level 1:colcon.colcon_core.environment:checking '/home/aaron/ur_ws/install/moveit_ros_control_interface/bin'
[2.107s] INFO:colcon.colcon_core.shell:Creating package script '/home/aaron/ur_ws/install/moveit_ros_control_interface/share/moveit_ros_control_interface/package.ps1'
[2.107s] INFO:colcon.colcon_core.shell:Creating package descriptor '/home/aaron/ur_ws/install/moveit_ros_control_interface/share/moveit_ros_control_interface/package.dsv'
[2.108s] INFO:colcon.colcon_core.shell:Creating package script '/home/aaron/ur_ws/install/moveit_ros_control_interface/share/moveit_ros_control_interface/package.sh'
[2.108s] INFO:colcon.colcon_core.shell:Creating package script '/home/aaron/ur_ws/install/moveit_ros_control_interface/share/moveit_ros_control_interface/package.bash'
[2.108s] INFO:colcon.colcon_core.shell:Creating package script '/home/aaron/ur_ws/install/moveit_ros_control_interface/share/moveit_ros_control_interface/package.zsh'
[2.108s] Level 1:colcon.colcon_core.environment:create_file_with_runtime_dependencies(/home/aaron/ur_ws/install/moveit_ros_control_interface/share/colcon-core/packages/moveit_ros_control_interface)
[2.239s] Level 1:colcon.colcon_core.environment:checking '/home/aaron/ur_ws/install/moveit_configs_utils' for CMake module files
[2.239s] DEBUG:colcon.colcon_core.event_handler.log_command:Invoked command in '/home/aaron/ur_ws/src/moveit2/moveit_configs_utils' returned '0': AMENT_PREFIX_PATH=/home/aaron/ur_ws/install/srdfdom:/home/aaron/ur_ws/install/launch_param_builder:${AMENT_PREFIX_PATH} CMAKE_PREFIX_PATH=/home/aaron/ur_ws/install/srdfdom LD_LIBRARY_PATH=/home/aaron/ur_ws/install/srdfdom/lib:${LD_LIBRARY_PATH} PYTHONPATH=/home/aaron/ur_ws/build/moveit_configs_utils/prefix_override:/usr/lib/python3/dist-packages/colcon_core/task/python/colcon_distutils_commands:/home/aaron/ur_ws/install/moveit_configs_utils/lib/python3.10/site-packages:/home/aaron/ur_ws/install/srdfdom/local/lib/python3.10/dist-packages:/home/aaron/ur_ws/install/launch_param_builder/lib/python3.10/site-packages:${PYTHONPATH} /usr/bin/python3 -W ignore:setup.py install is deprecated -W ignore:easy_install command is deprecated setup.py egg_info --egg-base ../../../build/moveit_configs_utils build --build-base /home/aaron/ur_ws/build/moveit_configs_utils/build install --record /home/aaron/ur_ws/build/moveit_configs_utils/install.log --single-version-externally-managed install_data
[2.239s] Level 1:colcon.colcon_core.environment:checking '/home/aaron/ur_ws/install/moveit_configs_utils' for CMake config files
[2.240s] Level 1:colcon.colcon_core.environment:checking '/home/aaron/ur_ws/install/moveit_configs_utils/lib'
[2.240s] Level 1:colcon.colcon_core.environment:checking '/home/aaron/ur_ws/install/moveit_configs_utils/bin'
[2.240s] Level 1:colcon.colcon_core.environment:checking '/home/aaron/ur_ws/install/moveit_configs_utils/lib/pkgconfig/moveit_configs_utils.pc'
[2.241s] Level 1:colcon.colcon_core.environment:checking '/home/aaron/ur_ws/install/moveit_configs_utils/lib/python3.10/site-packages'
[2.241s] Level 1:colcon.colcon_core.shell:create_environment_hook('moveit_configs_utils', 'pythonpath')
[2.241s] INFO:colcon.colcon_core.shell:Creating environment hook '/home/aaron/ur_ws/install/moveit_configs_utils/share/moveit_configs_utils/hook/pythonpath.ps1'
[2.241s] INFO:colcon.colcon_core.shell:Creating environment descriptor '/home/aaron/ur_ws/install/moveit_configs_utils/share/moveit_configs_utils/hook/pythonpath.dsv'
[2.242s] INFO:colcon.colcon_core.shell:Creating environment hook '/home/aaron/ur_ws/install/moveit_configs_utils/share/moveit_configs_utils/hook/pythonpath.sh'
[2.243s] Level 1:colcon.colcon_core.environment:checking '/home/aaron/ur_ws/install/moveit_configs_utils/bin'
[2.243s] Level 1:colcon.colcon_core.environment:create_environment_scripts_only(moveit_configs_utils)
[2.243s] INFO:colcon.colcon_core.shell:Creating package script '/home/aaron/ur_ws/install/moveit_configs_utils/share/moveit_configs_utils/package.ps1'
[2.244s] INFO:colcon.colcon_core.shell:Creating package descriptor '/home/aaron/ur_ws/install/moveit_configs_utils/share/moveit_configs_utils/package.dsv'
[2.244s] INFO:colcon.colcon_core.shell:Creating package script '/home/aaron/ur_ws/install/moveit_configs_utils/share/moveit_configs_utils/package.sh'
[2.245s] INFO:colcon.colcon_core.shell:Creating package script '/home/aaron/ur_ws/install/moveit_configs_utils/share/moveit_configs_utils/package.bash'
[2.245s] INFO:colcon.colcon_core.shell:Creating package script '/home/aaron/ur_ws/install/moveit_configs_utils/share/moveit_configs_utils/package.zsh'
[2.246s] Level 1:colcon.colcon_core.environment:create_file_with_runtime_dependencies(/home/aaron/ur_ws/install/moveit_configs_utils/share/colcon-core/packages/moveit_configs_utils)
[2.246s] INFO:colcon.colcon_ros.task.ament_cmake.build:Building ROS package in '/home/aaron/ur_ws/src/moveit2/moveit_ros/planning' with build type 'ament_cmake'
[2.246s] INFO:colcon.colcon_cmake.task.cmake.build:Building CMake package in '/home/aaron/ur_ws/src/moveit2/moveit_ros/planning'
[2.247s] INFO:colcon.colcon_core.shell:Skip shell extension 'powershell' for command environment: Not usable outside of PowerShell
[2.247s] DEBUG:colcon.colcon_core.shell:Skip shell extension 'dsv' for command environment
[2.265s] DEBUG:colcon.colcon_core.event_handler.log_command:Invoking command in '/home/aaron/ur_ws/build/moveit_ros_planning': AMENT_PREFIX_PATH=/home/aaron/ur_ws/install/moveit_ros_occupancy_map_monitor:/home/aaron/ur_ws/install/moveit_core:/home/aaron/ur_ws/install/moveit_resources_panda_moveit_config:/home/aaron/ur_ws/install/moveit_configs_utils:/home/aaron/ur_ws/install/srdfdom:/home/aaron/ur_ws/install/moveit_resources_pr2_description:/home/aaron/ur_ws/install/moveit_resources_panda_description:/home/aaron/ur_ws/install/moveit_common:/home/aaron/ur_ws/install/launch_param_builder:${AMENT_PREFIX_PATH} CMAKE_PREFIX_PATH=/home/aaron/ur_ws/install/moveit_ros_occupancy_map_monitor:/home/aaron/ur_ws/install/moveit_core:/home/aaron/ur_ws/install/moveit_resources_panda_moveit_config:/home/aaron/ur_ws/install/srdfdom:/home/aaron/ur_ws/install/moveit_resources_pr2_description:/home/aaron/ur_ws/install/moveit_resources_panda_description:/home/aaron/ur_ws/install/moveit_common:/opt/ros/humble LD_LIBRARY_PATH=/home/aaron/ur_ws/install/moveit_ros_occupancy_map_monitor/lib:/home/aaron/ur_ws/install/moveit_core/lib:/home/aaron/ur_ws/install/srdfdom/lib:${LD_LIBRARY_PATH} PATH=/home/aaron/ur_ws/install/moveit_core/bin:${PATH} PYTHONPATH=/home/aaron/ur_ws/install/moveit_configs_utils/lib/python3.10/site-packages:/home/aaron/ur_ws/install/srdfdom/local/lib/python3.10/dist-packages:/home/aaron/ur_ws/install/launch_param_builder/lib/python3.10/site-packages:${PYTHONPATH} /usr/bin/cmake --build /home/aaron/ur_ws/build/moveit_ros_planning -- -j20 -l20
[2.498s] DEBUG:colcon.colcon_core.event_handler.log_command:Invoked command in '/home/aaron/ur_ws/build/moveit_ros_planning' returned '0': AMENT_PREFIX_PATH=/home/aaron/ur_ws/install/moveit_ros_occupancy_map_monitor:/home/aaron/ur_ws/install/moveit_core:/home/aaron/ur_ws/install/moveit_resources_panda_moveit_config:/home/aaron/ur_ws/install/moveit_configs_utils:/home/aaron/ur_ws/install/srdfdom:/home/aaron/ur_ws/install/moveit_resources_pr2_description:/home/aaron/ur_ws/install/moveit_resources_panda_description:/home/aaron/ur_ws/install/moveit_common:/home/aaron/ur_ws/install/launch_param_builder:${AMENT_PREFIX_PATH} CMAKE_PREFIX_PATH=/home/aaron/ur_ws/install/moveit_ros_occupancy_map_monitor:/home/aaron/ur_ws/install/moveit_core:/home/aaron/ur_ws/install/moveit_resources_panda_moveit_config:/home/aaron/ur_ws/install/srdfdom:/home/aaron/ur_ws/install/moveit_resources_pr2_description:/home/aaron/ur_ws/install/moveit_resources_panda_description:/home/aaron/ur_ws/install/moveit_common:/opt/ros/humble LD_LIBRARY_PATH=/home/aaron/ur_ws/install/moveit_ros_occupancy_map_monitor/lib:/home/aaron/ur_ws/install/moveit_core/lib:/home/aaron/ur_ws/install/srdfdom/lib:${LD_LIBRARY_PATH} PATH=/home/aaron/ur_ws/install/moveit_core/bin:${PATH} PYTHONPATH=/home/aaron/ur_ws/install/moveit_configs_utils/lib/python3.10/site-packages:/home/aaron/ur_ws/install/srdfdom/local/lib/python3.10/dist-packages:/home/aaron/ur_ws/install/launch_param_builder/lib/python3.10/site-packages:${PYTHONPATH} /usr/bin/cmake --build /home/aaron/ur_ws/build/moveit_ros_planning -- -j20 -l20
[2.501s] DEBUG:colcon.colcon_core.event_handler.log_command:Invoking command in '/home/aaron/ur_ws/build/moveit_ros_planning': AMENT_PREFIX_PATH=/home/aaron/ur_ws/install/moveit_ros_occupancy_map_monitor:/home/aaron/ur_ws/install/moveit_core:/home/aaron/ur_ws/install/moveit_resources_panda_moveit_config:/home/aaron/ur_ws/install/moveit_configs_utils:/home/aaron/ur_ws/install/srdfdom:/home/aaron/ur_ws/install/moveit_resources_pr2_description:/home/aaron/ur_ws/install/moveit_resources_panda_description:/home/aaron/ur_ws/install/moveit_common:/home/aaron/ur_ws/install/launch_param_builder:${AMENT_PREFIX_PATH} CMAKE_PREFIX_PATH=/home/aaron/ur_ws/install/moveit_ros_occupancy_map_monitor:/home/aaron/ur_ws/install/moveit_core:/home/aaron/ur_ws/install/moveit_resources_panda_moveit_config:/home/aaron/ur_ws/install/srdfdom:/home/aaron/ur_ws/install/moveit_resources_pr2_description:/home/aaron/ur_ws/install/moveit_resources_panda_description:/home/aaron/ur_ws/install/moveit_common:/opt/ros/humble LD_LIBRARY_PATH=/home/aaron/ur_ws/install/moveit_ros_occupancy_map_monitor/lib:/home/aaron/ur_ws/install/moveit_core/lib:/home/aaron/ur_ws/install/srdfdom/lib:${LD_LIBRARY_PATH} PATH=/home/aaron/ur_ws/install/moveit_core/bin:${PATH} PYTHONPATH=/home/aaron/ur_ws/install/moveit_configs_utils/lib/python3.10/site-packages:/home/aaron/ur_ws/install/srdfdom/local/lib/python3.10/dist-packages:/home/aaron/ur_ws/install/launch_param_builder/lib/python3.10/site-packages:${PYTHONPATH} /usr/bin/cmake --install /home/aaron/ur_ws/build/moveit_ros_planning
[2.514s] Level 1:colcon.colcon_core.environment:create_environment_scripts_only(moveit_ros_planning)
[2.514s] DEBUG:colcon.colcon_core.event_handler.log_command:Invoked command in '/home/aaron/ur_ws/build/moveit_ros_planning' returned '0': AMENT_PREFIX_PATH=/home/aaron/ur_ws/install/moveit_ros_occupancy_map_monitor:/home/aaron/ur_ws/install/moveit_core:/home/aaron/ur_ws/install/moveit_resources_panda_moveit_config:/home/aaron/ur_ws/install/moveit_configs_utils:/home/aaron/ur_ws/install/srdfdom:/home/aaron/ur_ws/install/moveit_resources_pr2_description:/home/aaron/ur_ws/install/moveit_resources_panda_description:/home/aaron/ur_ws/install/moveit_common:/home/aaron/ur_ws/install/launch_param_builder:${AMENT_PREFIX_PATH} CMAKE_PREFIX_PATH=/home/aaron/ur_ws/install/moveit_ros_occupancy_map_monitor:/home/aaron/ur_ws/install/moveit_core:/home/aaron/ur_ws/install/moveit_resources_panda_moveit_config:/home/aaron/ur_ws/install/srdfdom:/home/aaron/ur_ws/install/moveit_resources_pr2_description:/home/aaron/ur_ws/install/moveit_resources_panda_description:/home/aaron/ur_ws/install/moveit_common:/opt/ros/humble LD_LIBRARY_PATH=/home/aaron/ur_ws/install/moveit_ros_occupancy_map_monitor/lib:/home/aaron/ur_ws/install/moveit_core/lib:/home/aaron/ur_ws/install/srdfdom/lib:${LD_LIBRARY_PATH} PATH=/home/aaron/ur_ws/install/moveit_core/bin:${PATH} PYTHONPATH=/home/aaron/ur_ws/install/moveit_configs_utils/lib/python3.10/site-packages:/home/aaron/ur_ws/install/srdfdom/local/lib/python3.10/dist-packages:/home/aaron/ur_ws/install/launch_param_builder/lib/python3.10/site-packages:${PYTHONPATH} /usr/bin/cmake --install /home/aaron/ur_ws/build/moveit_ros_planning
[2.515s] Level 1:colcon.colcon_core.environment:checking '/home/aaron/ur_ws/install/moveit_ros_planning' for CMake module files
[2.515s] Level 1:colcon.colcon_core.environment:checking '/home/aaron/ur_ws/install/moveit_ros_planning' for CMake config files
[2.516s] Level 1:colcon.colcon_core.shell:create_environment_hook('moveit_ros_planning', 'cmake_prefix_path')
[2.516s] INFO:colcon.colcon_core.shell:Creating environment hook '/home/aaron/ur_ws/install/moveit_ros_planning/share/moveit_ros_planning/hook/cmake_prefix_path.ps1'
[2.516s] INFO:colcon.colcon_core.shell:Creating environment descriptor '/home/aaron/ur_ws/install/moveit_ros_planning/share/moveit_ros_planning/hook/cmake_prefix_path.dsv'
[2.516s] INFO:colcon.colcon_core.shell:Creating environment hook '/home/aaron/ur_ws/install/moveit_ros_planning/share/moveit_ros_planning/hook/cmake_prefix_path.sh'
[2.517s] Level 1:colcon.colcon_core.environment:checking '/home/aaron/ur_ws/install/moveit_ros_planning/lib'
[2.517s] Level 1:colcon.colcon_core.shell:create_environment_hook('moveit_ros_planning', 'ld_library_path_lib')
[2.517s] INFO:colcon.colcon_core.shell:Creating environment hook '/home/aaron/ur_ws/install/moveit_ros_planning/share/moveit_ros_planning/hook/ld_library_path_lib.ps1'
[2.517s] INFO:colcon.colcon_core.shell:Creating environment descriptor '/home/aaron/ur_ws/install/moveit_ros_planning/share/moveit_ros_planning/hook/ld_library_path_lib.dsv'
[2.517s] INFO:colcon.colcon_core.shell:Creating environment hook '/home/aaron/ur_ws/install/moveit_ros_planning/share/moveit_ros_planning/hook/ld_library_path_lib.sh'
[2.517s] Level 1:colcon.colcon_core.environment:checking '/home/aaron/ur_ws/install/moveit_ros_planning/bin'
[2.517s] Level 1:colcon.colcon_core.environment:checking '/home/aaron/ur_ws/install/moveit_ros_planning/lib/pkgconfig/moveit_ros_planning.pc'
[2.518s] Level 1:colcon.colcon_core.environment:checking '/home/aaron/ur_ws/install/moveit_ros_planning/lib/python3.10/site-packages'
[2.518s] Level 1:colcon.colcon_core.environment:checking '/home/aaron/ur_ws/install/moveit_ros_planning/bin'
[2.518s] INFO:colcon.colcon_core.shell:Creating package script '/home/aaron/ur_ws/install/moveit_ros_planning/share/moveit_ros_planning/package.ps1'
[2.518s] INFO:colcon.colcon_core.shell:Creating package descriptor '/home/aaron/ur_ws/install/moveit_ros_planning/share/moveit_ros_planning/package.dsv'
[2.519s] INFO:colcon.colcon_core.shell:Creating package script '/home/aaron/ur_ws/install/moveit_ros_planning/share/moveit_ros_planning/package.sh'
[2.519s] INFO:colcon.colcon_core.shell:Creating package script '/home/aaron/ur_ws/install/moveit_ros_planning/share/moveit_ros_planning/package.bash'
[2.519s] INFO:colcon.colcon_core.shell:Creating package script '/home/aaron/ur_ws/install/moveit_ros_planning/share/moveit_ros_planning/package.zsh'
[2.519s] Level 1:colcon.colcon_core.environment:create_file_with_runtime_dependencies(/home/aaron/ur_ws/install/moveit_ros_planning/share/colcon-core/packages/moveit_ros_planning)
[2.520s] Level 1:colcon.colcon_core.environment:create_environment_scripts_only(moveit_ros_planning)
[2.520s] Level 1:colcon.colcon_core.environment:checking '/home/aaron/ur_ws/install/moveit_ros_planning' for CMake module files
[2.520s] Level 1:colcon.colcon_core.environment:checking '/home/aaron/ur_ws/install/moveit_ros_planning' for CMake config files
[2.520s] Level 1:colcon.colcon_core.shell:create_environment_hook('moveit_ros_planning', 'cmake_prefix_path')
[2.520s] INFO:colcon.colcon_core.shell:Creating environment hook '/home/aaron/ur_ws/install/moveit_ros_planning/share/moveit_ros_planning/hook/cmake_prefix_path.ps1'
[2.521s] INFO:colcon.colcon_core.shell:Creating environment descriptor '/home/aaron/ur_ws/install/moveit_ros_planning/share/moveit_ros_planning/hook/cmake_prefix_path.dsv'
[2.521s] INFO:colcon.colcon_core.shell:Creating environment hook '/home/aaron/ur_ws/install/moveit_ros_planning/share/moveit_ros_planning/hook/cmake_prefix_path.sh'
[2.521s] Level 1:colcon.colcon_core.environment:checking '/home/aaron/ur_ws/install/moveit_ros_planning/lib'
[2.521s] Level 1:colcon.colcon_core.shell:create_environment_hook('moveit_ros_planning', 'ld_library_path_lib')
[2.521s] INFO:colcon.colcon_core.shell:Creating environment hook '/home/aaron/ur_ws/install/moveit_ros_planning/share/moveit_ros_planning/hook/ld_library_path_lib.ps1'
[2.521s] INFO:colcon.colcon_core.shell:Creating environment descriptor '/home/aaron/ur_ws/install/moveit_ros_planning/share/moveit_ros_planning/hook/ld_library_path_lib.dsv'
[2.522s] INFO:colcon.colcon_core.shell:Creating environment hook '/home/aaron/ur_ws/install/moveit_ros_planning/share/moveit_ros_planning/hook/ld_library_path_lib.sh'
[2.522s] Level 1:colcon.colcon_core.environment:checking '/home/aaron/ur_ws/install/moveit_ros_planning/bin'
[2.522s] Level 1:colcon.colcon_core.environment:checking '/home/aaron/ur_ws/install/moveit_ros_planning/lib/pkgconfig/moveit_ros_planning.pc'
[2.522s] Level 1:colcon.colcon_core.environment:checking '/home/aaron/ur_ws/install/moveit_ros_planning/lib/python3.10/site-packages'
[2.522s] Level 1:colcon.colcon_core.environment:checking '/home/aaron/ur_ws/install/moveit_ros_planning/bin'
[2.522s] INFO:colcon.colcon_core.shell:Creating package script '/home/aaron/ur_ws/install/moveit_ros_planning/share/moveit_ros_planning/package.ps1'
[2.523s] INFO:colcon.colcon_core.shell:Creating package descriptor '/home/aaron/ur_ws/install/moveit_ros_planning/share/moveit_ros_planning/package.dsv'
[2.523s] INFO:colcon.colcon_core.shell:Creating package script '/home/aaron/ur_ws/install/moveit_ros_planning/share/moveit_ros_planning/package.sh'
[2.523s] INFO:colcon.colcon_core.shell:Creating package script '/home/aaron/ur_ws/install/moveit_ros_planning/share/moveit_ros_planning/package.bash'
[2.523s] INFO:colcon.colcon_core.shell:Creating package script '/home/aaron/ur_ws/install/moveit_ros_planning/share/moveit_ros_planning/package.zsh'
[2.524s] Level 1:colcon.colcon_core.environment:create_file_with_runtime_dependencies(/home/aaron/ur_ws/install/moveit_ros_planning/share/colcon-core/packages/moveit_ros_planning)
[2.524s] INFO:colcon.colcon_ros.task.ament_cmake.build:Building ROS package in '/home/aaron/ur_ws/src/moveit2/moveit_kinematics' with build type 'ament_cmake'
[2.524s] INFO:colcon.colcon_cmake.task.cmake.build:Building CMake package in '/home/aaron/ur_ws/src/moveit2/moveit_kinematics'
[2.524s] INFO:colcon.colcon_core.shell:Skip shell extension 'powershell' for command environment: Not usable outside of PowerShell
[2.524s] DEBUG:colcon.colcon_core.shell:Skip shell extension 'dsv' for command environment
[2.527s] INFO:colcon.colcon_ros.task.ament_cmake.build:Building ROS package in '/home/aaron/ur_ws/src/moveit2/moveit_ros/warehouse' with build type 'ament_cmake'
[2.527s] INFO:colcon.colcon_cmake.task.cmake.build:Building CMake package in '/home/aaron/ur_ws/src/moveit2/moveit_ros/warehouse'
[2.527s] INFO:colcon.colcon_core.shell:Skip shell extension 'powershell' for command environment: Not usable outside of PowerShell
[2.527s] DEBUG:colcon.colcon_core.shell:Skip shell extension 'dsv' for command environment
[2.529s] INFO:colcon.colcon_ros.task.ament_cmake.build:Building ROS package in '/home/aaron/ur_ws/src/moveit2/moveit_planners/ompl' with build type 'ament_cmake'
[2.529s] INFO:colcon.colcon_cmake.task.cmake.build:Building CMake package in '/home/aaron/ur_ws/src/moveit2/moveit_planners/ompl'
[2.530s] INFO:colcon.colcon_core.shell:Skip shell extension 'powershell' for command environment: Not usable outside of PowerShell
[2.530s] DEBUG:colcon.colcon_core.shell:Skip shell extension 'dsv' for command environment
[2.532s] INFO:colcon.colcon_ros.task.ament_cmake.build:Building ROS package in '/home/aaron/ur_ws/src/moveit2/moveit_ros/robot_interaction' with build type 'ament_cmake'
[2.532s] INFO:colcon.colcon_cmake.task.cmake.build:Building CMake package in '/home/aaron/ur_ws/src/moveit2/moveit_ros/robot_interaction'
[2.532s] INFO:colcon.colcon_core.shell:Skip shell extension 'powershell' for command environment: Not usable outside of PowerShell
[2.532s] DEBUG:colcon.colcon_core.shell:Skip shell extension 'dsv' for command environment
[2.534s] INFO:colcon.colcon_ros.task.ament_cmake.build:Building ROS package in '/home/aaron/ur_ws/src/moveit2/moveit_ros/perception' with build type 'ament_cmake'
[2.534s] INFO:colcon.colcon_cmake.task.cmake.build:Building CMake package in '/home/aaron/ur_ws/src/moveit2/moveit_ros/perception'
[2.534s] INFO:colcon.colcon_core.shell:Skip shell extension 'powershell' for command environment: Not usable outside of PowerShell
[2.534s] DEBUG:colcon.colcon_core.shell:Skip shell extension 'dsv' for command environment
[2.537s] INFO:colcon.colcon_ros.task.ament_cmake.build:Building ROS package in '/home/aaron/ur_ws/src/moveit_visual_tools' with build type 'ament_cmake'
[2.537s] INFO:colcon.colcon_cmake.task.cmake.build:Building CMake package in '/home/aaron/ur_ws/src/moveit_visual_tools'
[2.537s] INFO:colcon.colcon_core.shell:Skip shell extension 'powershell' for command environment: Not usable outside of PowerShell
[2.537s] DEBUG:colcon.colcon_core.shell:Skip shell extension 'dsv' for command environment
[2.544s] DEBUG:colcon.colcon_core.event_handler.log_command:Invoking command in '/home/aaron/ur_ws/build/moveit_ros_warehouse': AMENT_PREFIX_PATH=/home/aaron/ur_ws/install/moveit_ros_planning:/home/aaron/ur_ws/install/moveit_ros_occupancy_map_monitor:/home/aaron/ur_ws/install/moveit_core:/home/aaron/ur_ws/install/moveit_resources_panda_moveit_config:/home/aaron/ur_ws/install/moveit_configs_utils:/home/aaron/ur_ws/install/srdfdom:/home/aaron/ur_ws/install/moveit_resources_pr2_description:/home/aaron/ur_ws/install/moveit_resources_panda_description:/home/aaron/ur_ws/install/moveit_common:/home/aaron/ur_ws/install/launch_param_builder:${AMENT_PREFIX_PATH} CMAKE_PREFIX_PATH=/home/aaron/ur_ws/install/moveit_ros_planning:/home/aaron/ur_ws/install/moveit_ros_occupancy_map_monitor:/home/aaron/ur_ws/install/moveit_core:/home/aaron/ur_ws/install/moveit_resources_panda_moveit_config:/home/aaron/ur_ws/install/srdfdom:/home/aaron/ur_ws/install/moveit_resources_pr2_description:/home/aaron/ur_ws/install/moveit_resources_panda_description:/home/aaron/ur_ws/install/moveit_common:/opt/ros/humble LD_LIBRARY_PATH=/home/aaron/ur_ws/install/moveit_ros_planning/lib:/home/aaron/ur_ws/install/moveit_ros_occupancy_map_monitor/lib:/home/aaron/ur_ws/install/moveit_core/lib:/home/aaron/ur_ws/install/srdfdom/lib:${LD_LIBRARY_PATH} PATH=/home/aaron/ur_ws/install/moveit_core/bin:${PATH} PYTHONPATH=/home/aaron/ur_ws/install/moveit_configs_utils/lib/python3.10/site-packages:/home/aaron/ur_ws/install/srdfdom/local/lib/python3.10/dist-packages:/home/aaron/ur_ws/install/launch_param_builder/lib/python3.10/site-packages:${PYTHONPATH} /usr/bin/cmake --build /home/aaron/ur_ws/build/moveit_ros_warehouse -- -j20 -l20
[2.548s] DEBUG:colcon.colcon_core.event_handler.log_command:Invoking command in '/home/aaron/ur_ws/build/moveit_kinematics': AMENT_PREFIX_PATH=/home/aaron/ur_ws/install/moveit_ros_planning:/home/aaron/ur_ws/install/moveit_ros_occupancy_map_monitor:/home/aaron/ur_ws/install/moveit_core:/home/aaron/ur_ws/install/moveit_resources_panda_moveit_config:/home/aaron/ur_ws/install/moveit_resources_fanuc_moveit_config:/home/aaron/ur_ws/install/moveit_configs_utils:/home/aaron/ur_ws/install/srdfdom:/home/aaron/ur_ws/install/moveit_resources_pr2_description:/home/aaron/ur_ws/install/moveit_resources_panda_description:/home/aaron/ur_ws/install/moveit_resources_fanuc_description:/home/aaron/ur_ws/install/moveit_common:/home/aaron/ur_ws/install/launch_param_builder:${AMENT_PREFIX_PATH} CMAKE_PREFIX_PATH=/home/aaron/ur_ws/install/moveit_ros_planning:/home/aaron/ur_ws/install/moveit_ros_occupancy_map_monitor:/home/aaron/ur_ws/install/moveit_core:/home/aaron/ur_ws/install/moveit_resources_panda_moveit_config:/home/aaron/ur_ws/install/moveit_resources_fanuc_moveit_config:/home/aaron/ur_ws/install/srdfdom:/home/aaron/ur_ws/install/moveit_resources_pr2_description:/home/aaron/ur_ws/install/moveit_resources_panda_description:/home/aaron/ur_ws/install/moveit_resources_fanuc_description:/home/aaron/ur_ws/install/moveit_common:/opt/ros/humble LD_LIBRARY_PATH=/home/aaron/ur_ws/install/moveit_ros_planning/lib:/home/aaron/ur_ws/install/moveit_ros_occupancy_map_monitor/lib:/home/aaron/ur_ws/install/moveit_core/lib:/home/aaron/ur_ws/install/srdfdom/lib:${LD_LIBRARY_PATH} PATH=/home/aaron/ur_ws/install/moveit_core/bin:${PATH} PYTHONPATH=/home/aaron/ur_ws/install/moveit_configs_utils/lib/python3.10/site-packages:/home/aaron/ur_ws/install/srdfdom/local/lib/python3.10/dist-packages:/home/aaron/ur_ws/install/launch_param_builder/lib/python3.10/site-packages:${PYTHONPATH} /usr/bin/cmake --build /home/aaron/ur_ws/build/moveit_kinematics -- -j20 -l20
[2.551s] DEBUG:colcon.colcon_core.event_handler.log_command:Invoking command in '/home/aaron/ur_ws/build/moveit_planners_ompl': AMENT_PREFIX_PATH=/home/aaron/ur_ws/install/moveit_ros_planning:/home/aaron/ur_ws/install/moveit_ros_occupancy_map_monitor:/home/aaron/ur_ws/install/moveit_core:/home/aaron/ur_ws/install/moveit_resources_panda_moveit_config:/home/aaron/ur_ws/install/moveit_resources_fanuc_moveit_config:/home/aaron/ur_ws/install/moveit_configs_utils:/home/aaron/ur_ws/install/srdfdom:/home/aaron/ur_ws/install/moveit_resources_pr2_description:/home/aaron/ur_ws/install/moveit_resources_panda_description:/home/aaron/ur_ws/install/moveit_resources_fanuc_description:/home/aaron/ur_ws/install/moveit_common:/home/aaron/ur_ws/install/launch_param_builder:${AMENT_PREFIX_PATH} CMAKE_PREFIX_PATH=/home/aaron/ur_ws/install/moveit_ros_planning:/home/aaron/ur_ws/install/moveit_ros_occupancy_map_monitor:/home/aaron/ur_ws/install/moveit_core:/home/aaron/ur_ws/install/moveit_resources_panda_moveit_config:/home/aaron/ur_ws/install/moveit_resources_fanuc_moveit_config:/home/aaron/ur_ws/install/srdfdom:/home/aaron/ur_ws/install/moveit_resources_pr2_description:/home/aaron/ur_ws/install/moveit_resources_panda_description:/home/aaron/ur_ws/install/moveit_resources_fanuc_description:/home/aaron/ur_ws/install/moveit_common:/opt/ros/humble LD_LIBRARY_PATH=/home/aaron/ur_ws/install/moveit_ros_planning/lib:/home/aaron/ur_ws/install/moveit_ros_occupancy_map_monitor/lib:/home/aaron/ur_ws/install/moveit_core/lib:/home/aaron/ur_ws/install/srdfdom/lib:${LD_LIBRARY_PATH} PATH=/home/aaron/ur_ws/install/moveit_core/bin:${PATH} PYTHONPATH=/home/aaron/ur_ws/install/moveit_configs_utils/lib/python3.10/site-packages:/home/aaron/ur_ws/install/srdfdom/local/lib/python3.10/dist-packages:/home/aaron/ur_ws/install/launch_param_builder/lib/python3.10/site-packages:${PYTHONPATH} /usr/bin/cmake --build /home/aaron/ur_ws/build/moveit_planners_ompl -- -j20 -l20
[2.554s] DEBUG:colcon.colcon_core.event_handler.log_command:Invoking command in '/home/aaron/ur_ws/build/moveit_ros_perception': AMENT_PREFIX_PATH=/home/aaron/ur_ws/install/moveit_ros_planning:/home/aaron/ur_ws/install/moveit_ros_occupancy_map_monitor:/home/aaron/ur_ws/install/moveit_core:/home/aaron/ur_ws/install/moveit_resources_panda_moveit_config:/home/aaron/ur_ws/install/moveit_configs_utils:/home/aaron/ur_ws/install/srdfdom:/home/aaron/ur_ws/install/moveit_resources_pr2_description:/home/aaron/ur_ws/install/moveit_resources_panda_description:/home/aaron/ur_ws/install/moveit_common:/home/aaron/ur_ws/install/launch_param_builder:${AMENT_PREFIX_PATH} CMAKE_PREFIX_PATH=/home/aaron/ur_ws/install/moveit_ros_planning:/home/aaron/ur_ws/install/moveit_ros_occupancy_map_monitor:/home/aaron/ur_ws/install/moveit_core:/home/aaron/ur_ws/install/moveit_resources_panda_moveit_config:/home/aaron/ur_ws/install/srdfdom:/home/aaron/ur_ws/install/moveit_resources_pr2_description:/home/aaron/ur_ws/install/moveit_resources_panda_description:/home/aaron/ur_ws/install/moveit_common:/opt/ros/humble LD_LIBRARY_PATH=/home/aaron/ur_ws/install/moveit_ros_planning/lib:/home/aaron/ur_ws/install/moveit_ros_occupancy_map_monitor/lib:/home/aaron/ur_ws/install/moveit_core/lib:/home/aaron/ur_ws/install/srdfdom/lib:${LD_LIBRARY_PATH} PATH=/home/aaron/ur_ws/install/moveit_core/bin:${PATH} PYTHONPATH=/home/aaron/ur_ws/install/moveit_configs_utils/lib/python3.10/site-packages:/home/aaron/ur_ws/install/srdfdom/local/lib/python3.10/dist-packages:/home/aaron/ur_ws/install/launch_param_builder/lib/python3.10/site-packages:${PYTHONPATH} /usr/bin/cmake --build /home/aaron/ur_ws/build/moveit_ros_perception -- -j20 -l20
[2.557s] DEBUG:colcon.colcon_core.event_handler.log_command:Invoking command in '/home/aaron/ur_ws/build/moveit_ros_robot_interaction': AMENT_PREFIX_PATH=/home/aaron/ur_ws/install/moveit_ros_planning:/home/aaron/ur_ws/install/moveit_ros_occupancy_map_monitor:/home/aaron/ur_ws/install/moveit_core:/home/aaron/ur_ws/install/moveit_resources_panda_moveit_config:/home/aaron/ur_ws/install/moveit_configs_utils:/home/aaron/ur_ws/install/srdfdom:/home/aaron/ur_ws/install/moveit_resources_pr2_description:/home/aaron/ur_ws/install/moveit_resources_panda_description:/home/aaron/ur_ws/install/moveit_common:/home/aaron/ur_ws/install/launch_param_builder:${AMENT_PREFIX_PATH} CMAKE_PREFIX_PATH=/home/aaron/ur_ws/install/moveit_ros_planning:/home/aaron/ur_ws/install/moveit_ros_occupancy_map_monitor:/home/aaron/ur_ws/install/moveit_core:/home/aaron/ur_ws/install/moveit_resources_panda_moveit_config:/home/aaron/ur_ws/install/srdfdom:/home/aaron/ur_ws/install/moveit_resources_pr2_description:/home/aaron/ur_ws/install/moveit_resources_panda_description:/home/aaron/ur_ws/install/moveit_common:/opt/ros/humble LD_LIBRARY_PATH=/home/aaron/ur_ws/install/moveit_ros_planning/lib:/home/aaron/ur_ws/install/moveit_ros_occupancy_map_monitor/lib:/home/aaron/ur_ws/install/moveit_core/lib:/home/aaron/ur_ws/install/srdfdom/lib:${LD_LIBRARY_PATH} PATH=/home/aaron/ur_ws/install/moveit_core/bin:${PATH} PYTHONPATH=/home/aaron/ur_ws/install/moveit_configs_utils/lib/python3.10/site-packages:/home/aaron/ur_ws/install/srdfdom/local/lib/python3.10/dist-packages:/home/aaron/ur_ws/install/launch_param_builder/lib/python3.10/site-packages:${PYTHONPATH} /usr/bin/cmake --build /home/aaron/ur_ws/build/moveit_ros_robot_interaction -- -j20 -l20
[2.560s] DEBUG:colcon.colcon_core.event_handler.log_command:Invoking command in '/home/aaron/ur_ws/build/moveit_visual_tools': AMENT_PREFIX_PATH=/home/aaron/ur_ws/install/moveit_ros_planning:/home/aaron/ur_ws/install/moveit_ros_occupancy_map_monitor:/home/aaron/ur_ws/install/moveit_core:/home/aaron/ur_ws/install/moveit_resources_panda_moveit_config:/home/aaron/ur_ws/install/moveit_configs_utils:/home/aaron/ur_ws/install/srdfdom:/home/aaron/ur_ws/install/moveit_resources_pr2_description:/home/aaron/ur_ws/install/moveit_resources_panda_description:/home/aaron/ur_ws/install/moveit_common:/home/aaron/ur_ws/install/launch_param_builder:${AMENT_PREFIX_PATH} CMAKE_PREFIX_PATH=/home/aaron/ur_ws/install/moveit_ros_planning:/home/aaron/ur_ws/install/moveit_ros_occupancy_map_monitor:/home/aaron/ur_ws/install/moveit_core:/home/aaron/ur_ws/install/moveit_resources_panda_moveit_config:/home/aaron/ur_ws/install/srdfdom:/home/aaron/ur_ws/install/moveit_resources_pr2_description:/home/aaron/ur_ws/install/moveit_resources_panda_description:/home/aaron/ur_ws/install/moveit_common:/opt/ros/humble LD_LIBRARY_PATH=/home/aaron/ur_ws/install/moveit_ros_planning/lib:/home/aaron/ur_ws/install/moveit_ros_occupancy_map_monitor/lib:/home/aaron/ur_ws/install/moveit_core/lib:/home/aaron/ur_ws/install/srdfdom/lib:${LD_LIBRARY_PATH} PATH=/home/aaron/ur_ws/install/moveit_core/bin:${PATH} PYTHONPATH=/home/aaron/ur_ws/install/moveit_configs_utils/lib/python3.10/site-packages:/home/aaron/ur_ws/install/srdfdom/local/lib/python3.10/dist-packages:/home/aaron/ur_ws/install/launch_param_builder/lib/python3.10/site-packages:${PYTHONPATH} /usr/bin/cmake --build /home/aaron/ur_ws/build/moveit_visual_tools -- -j20 -l20
[2.638s] DEBUG:colcon.colcon_core.event_handler.log_command:Invoked command in '/home/aaron/ur_ws/build/moveit_kinematics' returned '0': AMENT_PREFIX_PATH=/home/aaron/ur_ws/install/moveit_ros_planning:/home/aaron/ur_ws/install/moveit_ros_occupancy_map_monitor:/home/aaron/ur_ws/install/moveit_core:/home/aaron/ur_ws/install/moveit_resources_panda_moveit_config:/home/aaron/ur_ws/install/moveit_resources_fanuc_moveit_config:/home/aaron/ur_ws/install/moveit_configs_utils:/home/aaron/ur_ws/install/srdfdom:/home/aaron/ur_ws/install/moveit_resources_pr2_description:/home/aaron/ur_ws/install/moveit_resources_panda_description:/home/aaron/ur_ws/install/moveit_resources_fanuc_description:/home/aaron/ur_ws/install/moveit_common:/home/aaron/ur_ws/install/launch_param_builder:${AMENT_PREFIX_PATH} CMAKE_PREFIX_PATH=/home/aaron/ur_ws/install/moveit_ros_planning:/home/aaron/ur_ws/install/moveit_ros_occupancy_map_monitor:/home/aaron/ur_ws/install/moveit_core:/home/aaron/ur_ws/install/moveit_resources_panda_moveit_config:/home/aaron/ur_ws/install/moveit_resources_fanuc_moveit_config:/home/aaron/ur_ws/install/srdfdom:/home/aaron/ur_ws/install/moveit_resources_pr2_description:/home/aaron/ur_ws/install/moveit_resources_panda_description:/home/aaron/ur_ws/install/moveit_resources_fanuc_description:/home/aaron/ur_ws/install/moveit_common:/opt/ros/humble LD_LIBRARY_PATH=/home/aaron/ur_ws/install/moveit_ros_planning/lib:/home/aaron/ur_ws/install/moveit_ros_occupancy_map_monitor/lib:/home/aaron/ur_ws/install/moveit_core/lib:/home/aaron/ur_ws/install/srdfdom/lib:${LD_LIBRARY_PATH} PATH=/home/aaron/ur_ws/install/moveit_core/bin:${PATH} PYTHONPATH=/home/aaron/ur_ws/install/moveit_configs_utils/lib/python3.10/site-packages:/home/aaron/ur_ws/install/srdfdom/local/lib/python3.10/dist-packages:/home/aaron/ur_ws/install/launch_param_builder/lib/python3.10/site-packages:${PYTHONPATH} /usr/bin/cmake --build /home/aaron/ur_ws/build/moveit_kinematics -- -j20 -l20
[2.640s] DEBUG:colcon.colcon_core.event_handler.log_command:Invoking command in '/home/aaron/ur_ws/build/moveit_kinematics': AMENT_PREFIX_PATH=/home/aaron/ur_ws/install/moveit_ros_planning:/home/aaron/ur_ws/install/moveit_ros_occupancy_map_monitor:/home/aaron/ur_ws/install/moveit_core:/home/aaron/ur_ws/install/moveit_resources_panda_moveit_config:/home/aaron/ur_ws/install/moveit_resources_fanuc_moveit_config:/home/aaron/ur_ws/install/moveit_configs_utils:/home/aaron/ur_ws/install/srdfdom:/home/aaron/ur_ws/install/moveit_resources_pr2_description:/home/aaron/ur_ws/install/moveit_resources_panda_description:/home/aaron/ur_ws/install/moveit_resources_fanuc_description:/home/aaron/ur_ws/install/moveit_common:/home/aaron/ur_ws/install/launch_param_builder:${AMENT_PREFIX_PATH} CMAKE_PREFIX_PATH=/home/aaron/ur_ws/install/moveit_ros_planning:/home/aaron/ur_ws/install/moveit_ros_occupancy_map_monitor:/home/aaron/ur_ws/install/moveit_core:/home/aaron/ur_ws/install/moveit_resources_panda_moveit_config:/home/aaron/ur_ws/install/moveit_resources_fanuc_moveit_config:/home/aaron/ur_ws/install/srdfdom:/home/aaron/ur_ws/install/moveit_resources_pr2_description:/home/aaron/ur_ws/install/moveit_resources_panda_description:/home/aaron/ur_ws/install/moveit_resources_fanuc_description:/home/aaron/ur_ws/install/moveit_common:/opt/ros/humble LD_LIBRARY_PATH=/home/aaron/ur_ws/install/moveit_ros_planning/lib:/home/aaron/ur_ws/install/moveit_ros_occupancy_map_monitor/lib:/home/aaron/ur_ws/install/moveit_core/lib:/home/aaron/ur_ws/install/srdfdom/lib:${LD_LIBRARY_PATH} PATH=/home/aaron/ur_ws/install/moveit_core/bin:${PATH} PYTHONPATH=/home/aaron/ur_ws/install/moveit_configs_utils/lib/python3.10/site-packages:/home/aaron/ur_ws/install/srdfdom/local/lib/python3.10/dist-packages:/home/aaron/ur_ws/install/launch_param_builder/lib/python3.10/site-packages:${PYTHONPATH} /usr/bin/cmake --install /home/aaron/ur_ws/build/moveit_kinematics
[2.644s] DEBUG:colcon.colcon_core.event_handler.log_command:Invoked command in '/home/aaron/ur_ws/build/moveit_ros_warehouse' returned '0': AMENT_PREFIX_PATH=/home/aaron/ur_ws/install/moveit_ros_planning:/home/aaron/ur_ws/install/moveit_ros_occupancy_map_monitor:/home/aaron/ur_ws/install/moveit_core:/home/aaron/ur_ws/install/moveit_resources_panda_moveit_config:/home/aaron/ur_ws/install/moveit_configs_utils:/home/aaron/ur_ws/install/srdfdom:/home/aaron/ur_ws/install/moveit_resources_pr2_description:/home/aaron/ur_ws/install/moveit_resources_panda_description:/home/aaron/ur_ws/install/moveit_common:/home/aaron/ur_ws/install/launch_param_builder:${AMENT_PREFIX_PATH} CMAKE_PREFIX_PATH=/home/aaron/ur_ws/install/moveit_ros_planning:/home/aaron/ur_ws/install/moveit_ros_occupancy_map_monitor:/home/aaron/ur_ws/install/moveit_core:/home/aaron/ur_ws/install/moveit_resources_panda_moveit_config:/home/aaron/ur_ws/install/srdfdom:/home/aaron/ur_ws/install/moveit_resources_pr2_description:/home/aaron/ur_ws/install/moveit_resources_panda_description:/home/aaron/ur_ws/install/moveit_common:/opt/ros/humble LD_LIBRARY_PATH=/home/aaron/ur_ws/install/moveit_ros_planning/lib:/home/aaron/ur_ws/install/moveit_ros_occupancy_map_monitor/lib:/home/aaron/ur_ws/install/moveit_core/lib:/home/aaron/ur_ws/install/srdfdom/lib:${LD_LIBRARY_PATH} PATH=/home/aaron/ur_ws/install/moveit_core/bin:${PATH} PYTHONPATH=/home/aaron/ur_ws/install/moveit_configs_utils/lib/python3.10/site-packages:/home/aaron/ur_ws/install/srdfdom/local/lib/python3.10/dist-packages:/home/aaron/ur_ws/install/launch_param_builder/lib/python3.10/site-packages:${PYTHONPATH} /usr/bin/cmake --build /home/aaron/ur_ws/build/moveit_ros_warehouse -- -j20 -l20
[2.645s] DEBUG:colcon.colcon_core.event_handler.log_command:Invoking command in '/home/aaron/ur_ws/build/moveit_ros_warehouse': AMENT_PREFIX_PATH=/home/aaron/ur_ws/install/moveit_ros_planning:/home/aaron/ur_ws/install/moveit_ros_occupancy_map_monitor:/home/aaron/ur_ws/install/moveit_core:/home/aaron/ur_ws/install/moveit_resources_panda_moveit_config:/home/aaron/ur_ws/install/moveit_configs_utils:/home/aaron/ur_ws/install/srdfdom:/home/aaron/ur_ws/install/moveit_resources_pr2_description:/home/aaron/ur_ws/install/moveit_resources_panda_description:/home/aaron/ur_ws/install/moveit_common:/home/aaron/ur_ws/install/launch_param_builder:${AMENT_PREFIX_PATH} CMAKE_PREFIX_PATH=/home/aaron/ur_ws/install/moveit_ros_planning:/home/aaron/ur_ws/install/moveit_ros_occupancy_map_monitor:/home/aaron/ur_ws/install/moveit_core:/home/aaron/ur_ws/install/moveit_resources_panda_moveit_config:/home/aaron/ur_ws/install/srdfdom:/home/aaron/ur_ws/install/moveit_resources_pr2_description:/home/aaron/ur_ws/install/moveit_resources_panda_description:/home/aaron/ur_ws/install/moveit_common:/opt/ros/humble LD_LIBRARY_PATH=/home/aaron/ur_ws/install/moveit_ros_planning/lib:/home/aaron/ur_ws/install/moveit_ros_occupancy_map_monitor/lib:/home/aaron/ur_ws/install/moveit_core/lib:/home/aaron/ur_ws/install/srdfdom/lib:${LD_LIBRARY_PATH} PATH=/home/aaron/ur_ws/install/moveit_core/bin:${PATH} PYTHONPATH=/home/aaron/ur_ws/install/moveit_configs_utils/lib/python3.10/site-packages:/home/aaron/ur_ws/install/srdfdom/local/lib/python3.10/dist-packages:/home/aaron/ur_ws/install/launch_param_builder/lib/python3.10/site-packages:${PYTHONPATH} /usr/bin/cmake --install /home/aaron/ur_ws/build/moveit_ros_warehouse
[2.647s] DEBUG:colcon.colcon_core.event_handler.log_command:Invoked command in '/home/aaron/ur_ws/build/moveit_ros_robot_interaction' returned '0': AMENT_PREFIX_PATH=/home/aaron/ur_ws/install/moveit_ros_planning:/home/aaron/ur_ws/install/moveit_ros_occupancy_map_monitor:/home/aaron/ur_ws/install/moveit_core:/home/aaron/ur_ws/install/moveit_resources_panda_moveit_config:/home/aaron/ur_ws/install/moveit_configs_utils:/home/aaron/ur_ws/install/srdfdom:/home/aaron/ur_ws/install/moveit_resources_pr2_description:/home/aaron/ur_ws/install/moveit_resources_panda_description:/home/aaron/ur_ws/install/moveit_common:/home/aaron/ur_ws/install/launch_param_builder:${AMENT_PREFIX_PATH} CMAKE_PREFIX_PATH=/home/aaron/ur_ws/install/moveit_ros_planning:/home/aaron/ur_ws/install/moveit_ros_occupancy_map_monitor:/home/aaron/ur_ws/install/moveit_core:/home/aaron/ur_ws/install/moveit_resources_panda_moveit_config:/home/aaron/ur_ws/install/srdfdom:/home/aaron/ur_ws/install/moveit_resources_pr2_description:/home/aaron/ur_ws/install/moveit_resources_panda_description:/home/aaron/ur_ws/install/moveit_common:/opt/ros/humble LD_LIBRARY_PATH=/home/aaron/ur_ws/install/moveit_ros_planning/lib:/home/aaron/ur_ws/install/moveit_ros_occupancy_map_monitor/lib:/home/aaron/ur_ws/install/moveit_core/lib:/home/aaron/ur_ws/install/srdfdom/lib:${LD_LIBRARY_PATH} PATH=/home/aaron/ur_ws/install/moveit_core/bin:${PATH} PYTHONPATH=/home/aaron/ur_ws/install/moveit_configs_utils/lib/python3.10/site-packages:/home/aaron/ur_ws/install/srdfdom/local/lib/python3.10/dist-packages:/home/aaron/ur_ws/install/launch_param_builder/lib/python3.10/site-packages:${PYTHONPATH} /usr/bin/cmake --build /home/aaron/ur_ws/build/moveit_ros_robot_interaction -- -j20 -l20
[2.649s] DEBUG:colcon.colcon_core.event_handler.log_command:Invoking command in '/home/aaron/ur_ws/build/moveit_ros_robot_interaction': AMENT_PREFIX_PATH=/home/aaron/ur_ws/install/moveit_ros_planning:/home/aaron/ur_ws/install/moveit_ros_occupancy_map_monitor:/home/aaron/ur_ws/install/moveit_core:/home/aaron/ur_ws/install/moveit_resources_panda_moveit_config:/home/aaron/ur_ws/install/moveit_configs_utils:/home/aaron/ur_ws/install/srdfdom:/home/aaron/ur_ws/install/moveit_resources_pr2_description:/home/aaron/ur_ws/install/moveit_resources_panda_description:/home/aaron/ur_ws/install/moveit_common:/home/aaron/ur_ws/install/launch_param_builder:${AMENT_PREFIX_PATH} CMAKE_PREFIX_PATH=/home/aaron/ur_ws/install/moveit_ros_planning:/home/aaron/ur_ws/install/moveit_ros_occupancy_map_monitor:/home/aaron/ur_ws/install/moveit_core:/home/aaron/ur_ws/install/moveit_resources_panda_moveit_config:/home/aaron/ur_ws/install/srdfdom:/home/aaron/ur_ws/install/moveit_resources_pr2_description:/home/aaron/ur_ws/install/moveit_resources_panda_description:/home/aaron/ur_ws/install/moveit_common:/opt/ros/humble LD_LIBRARY_PATH=/home/aaron/ur_ws/install/moveit_ros_planning/lib:/home/aaron/ur_ws/install/moveit_ros_occupancy_map_monitor/lib:/home/aaron/ur_ws/install/moveit_core/lib:/home/aaron/ur_ws/install/srdfdom/lib:${LD_LIBRARY_PATH} PATH=/home/aaron/ur_ws/install/moveit_core/bin:${PATH} PYTHONPATH=/home/aaron/ur_ws/install/moveit_configs_utils/lib/python3.10/site-packages:/home/aaron/ur_ws/install/srdfdom/local/lib/python3.10/dist-packages:/home/aaron/ur_ws/install/launch_param_builder/lib/python3.10/site-packages:${PYTHONPATH} /usr/bin/cmake --install /home/aaron/ur_ws/build/moveit_ros_robot_interaction
[2.655s] Level 1:colcon.colcon_core.environment:create_environment_scripts_only(moveit_ros_warehouse)
[2.656s] Level 1:colcon.colcon_core.environment:checking '/home/aaron/ur_ws/install/moveit_ros_warehouse' for CMake module files
[2.658s] Level 1:colcon.colcon_core.environment:checking '/home/aaron/ur_ws/install/moveit_ros_warehouse' for CMake config files
[2.661s] Level 1:colcon.colcon_core.shell:create_environment_hook('moveit_ros_warehouse', 'cmake_prefix_path')
[2.661s] INFO:colcon.colcon_core.shell:Creating environment hook '/home/aaron/ur_ws/install/moveit_ros_warehouse/share/moveit_ros_warehouse/hook/cmake_prefix_path.ps1'
[2.662s] INFO:colcon.colcon_core.shell:Creating environment descriptor '/home/aaron/ur_ws/install/moveit_ros_warehouse/share/moveit_ros_warehouse/hook/cmake_prefix_path.dsv'
[2.662s] INFO:colcon.colcon_core.shell:Creating environment hook '/home/aaron/ur_ws/install/moveit_ros_warehouse/share/moveit_ros_warehouse/hook/cmake_prefix_path.sh'
[2.663s] Level 1:colcon.colcon_core.environment:checking '/home/aaron/ur_ws/install/moveit_ros_warehouse/lib'
[2.663s] Level 1:colcon.colcon_core.shell:create_environment_hook('moveit_ros_warehouse', 'ld_library_path_lib')
[2.663s] INFO:colcon.colcon_core.shell:Creating environment hook '/home/aaron/ur_ws/install/moveit_ros_warehouse/share/moveit_ros_warehouse/hook/ld_library_path_lib.ps1'
[2.664s] INFO:colcon.colcon_core.shell:Creating environment descriptor '/home/aaron/ur_ws/install/moveit_ros_warehouse/share/moveit_ros_warehouse/hook/ld_library_path_lib.dsv'
[2.664s] INFO:colcon.colcon_core.shell:Creating environment hook '/home/aaron/ur_ws/install/moveit_ros_warehouse/share/moveit_ros_warehouse/hook/ld_library_path_lib.sh'
[2.665s] Level 1:colcon.colcon_core.environment:checking '/home/aaron/ur_ws/install/moveit_ros_warehouse/bin'
[2.665s] Level 1:colcon.colcon_core.environment:checking '/home/aaron/ur_ws/install/moveit_ros_warehouse/lib/pkgconfig/moveit_ros_warehouse.pc'
[2.666s] Level 1:colcon.colcon_core.environment:checking '/home/aaron/ur_ws/install/moveit_ros_warehouse/lib/python3.10/site-packages'
[2.666s] Level 1:colcon.colcon_core.environment:checking '/home/aaron/ur_ws/install/moveit_ros_warehouse/bin'
[2.667s] INFO:colcon.colcon_core.shell:Creating package script '/home/aaron/ur_ws/install/moveit_ros_warehouse/share/moveit_ros_warehouse/package.ps1'
[2.668s] DEBUG:colcon.colcon_core.event_handler.log_command:Invoked command in '/home/aaron/ur_ws/build/moveit_ros_warehouse' returned '0': AMENT_PREFIX_PATH=/home/aaron/ur_ws/install/moveit_ros_planning:/home/aaron/ur_ws/install/moveit_ros_occupancy_map_monitor:/home/aaron/ur_ws/install/moveit_core:/home/aaron/ur_ws/install/moveit_resources_panda_moveit_config:/home/aaron/ur_ws/install/moveit_configs_utils:/home/aaron/ur_ws/install/srdfdom:/home/aaron/ur_ws/install/moveit_resources_pr2_description:/home/aaron/ur_ws/install/moveit_resources_panda_description:/home/aaron/ur_ws/install/moveit_common:/home/aaron/ur_ws/install/launch_param_builder:${AMENT_PREFIX_PATH} CMAKE_PREFIX_PATH=/home/aaron/ur_ws/install/moveit_ros_planning:/home/aaron/ur_ws/install/moveit_ros_occupancy_map_monitor:/home/aaron/ur_ws/install/moveit_core:/home/aaron/ur_ws/install/moveit_resources_panda_moveit_config:/home/aaron/ur_ws/install/srdfdom:/home/aaron/ur_ws/install/moveit_resources_pr2_description:/home/aaron/ur_ws/install/moveit_resources_panda_description:/home/aaron/ur_ws/install/moveit_common:/opt/ros/humble LD_LIBRARY_PATH=/home/aaron/ur_ws/install/moveit_ros_planning/lib:/home/aaron/ur_ws/install/moveit_ros_occupancy_map_monitor/lib:/home/aaron/ur_ws/install/moveit_core/lib:/home/aaron/ur_ws/install/srdfdom/lib:${LD_LIBRARY_PATH} PATH=/home/aaron/ur_ws/install/moveit_core/bin:${PATH} PYTHONPATH=/home/aaron/ur_ws/install/moveit_configs_utils/lib/python3.10/site-packages:/home/aaron/ur_ws/install/srdfdom/local/lib/python3.10/dist-packages:/home/aaron/ur_ws/install/launch_param_builder/lib/python3.10/site-packages:${PYTHONPATH} /usr/bin/cmake --install /home/aaron/ur_ws/build/moveit_ros_warehouse
[2.668s] INFO:colcon.colcon_core.shell:Creating package descriptor '/home/aaron/ur_ws/install/moveit_ros_warehouse/share/moveit_ros_warehouse/package.dsv'
[2.669s] INFO:colcon.colcon_core.shell:Creating package script '/home/aaron/ur_ws/install/moveit_ros_warehouse/share/moveit_ros_warehouse/package.sh'
[2.670s] INFO:colcon.colcon_core.shell:Creating package script '/home/aaron/ur_ws/install/moveit_ros_warehouse/share/moveit_ros_warehouse/package.bash'
[2.671s] INFO:colcon.colcon_core.shell:Creating package script '/home/aaron/ur_ws/install/moveit_ros_warehouse/share/moveit_ros_warehouse/package.zsh'
[2.672s] Level 1:colcon.colcon_core.environment:create_file_with_runtime_dependencies(/home/aaron/ur_ws/install/moveit_ros_warehouse/share/colcon-core/packages/moveit_ros_warehouse)
[2.674s] Level 1:colcon.colcon_core.environment:create_environment_scripts_only(moveit_ros_warehouse)
[2.675s] Level 1:colcon.colcon_core.environment:checking '/home/aaron/ur_ws/install/moveit_ros_warehouse' for CMake module files
[2.676s] Level 1:colcon.colcon_core.environment:checking '/home/aaron/ur_ws/install/moveit_ros_warehouse' for CMake config files
[2.677s] Level 1:colcon.colcon_core.shell:create_environment_hook('moveit_ros_warehouse', 'cmake_prefix_path')
[2.677s] INFO:colcon.colcon_core.shell:Creating environment hook '/home/aaron/ur_ws/install/moveit_ros_warehouse/share/moveit_ros_warehouse/hook/cmake_prefix_path.ps1'
[2.677s] INFO:colcon.colcon_core.shell:Creating environment descriptor '/home/aaron/ur_ws/install/moveit_ros_warehouse/share/moveit_ros_warehouse/hook/cmake_prefix_path.dsv'
[2.678s] INFO:colcon.colcon_core.shell:Creating environment hook '/home/aaron/ur_ws/install/moveit_ros_warehouse/share/moveit_ros_warehouse/hook/cmake_prefix_path.sh'
[2.678s] Level 1:colcon.colcon_core.environment:checking '/home/aaron/ur_ws/install/moveit_ros_warehouse/lib'
[2.679s] Level 1:colcon.colcon_core.shell:create_environment_hook('moveit_ros_warehouse', 'ld_library_path_lib')
[2.679s] INFO:colcon.colcon_core.shell:Creating environment hook '/home/aaron/ur_ws/install/moveit_ros_warehouse/share/moveit_ros_warehouse/hook/ld_library_path_lib.ps1'
[2.679s] INFO:colcon.colcon_core.shell:Creating environment descriptor '/home/aaron/ur_ws/install/moveit_ros_warehouse/share/moveit_ros_warehouse/hook/ld_library_path_lib.dsv'
[2.680s] INFO:colcon.colcon_core.shell:Creating environment hook '/home/aaron/ur_ws/install/moveit_ros_warehouse/share/moveit_ros_warehouse/hook/ld_library_path_lib.sh'
[2.680s] Level 1:colcon.colcon_core.environment:checking '/home/aaron/ur_ws/install/moveit_ros_warehouse/bin'
[2.681s] Level 1:colcon.colcon_core.environment:checking '/home/aaron/ur_ws/install/moveit_ros_warehouse/lib/pkgconfig/moveit_ros_warehouse.pc'
[2.681s] Level 1:colcon.colcon_core.environment:checking '/home/aaron/ur_ws/install/moveit_ros_warehouse/lib/python3.10/site-packages'
[2.681s] Level 1:colcon.colcon_core.environment:checking '/home/aaron/ur_ws/install/moveit_ros_warehouse/bin'
[2.682s] INFO:colcon.colcon_core.shell:Creating package script '/home/aaron/ur_ws/install/moveit_ros_warehouse/share/moveit_ros_warehouse/package.ps1'
[2.682s] INFO:colcon.colcon_core.shell:Creating package descriptor '/home/aaron/ur_ws/install/moveit_ros_warehouse/share/moveit_ros_warehouse/package.dsv'
[2.683s] INFO:colcon.colcon_core.shell:Creating package script '/home/aaron/ur_ws/install/moveit_ros_warehouse/share/moveit_ros_warehouse/package.sh'
[2.684s] INFO:colcon.colcon_core.shell:Creating package script '/home/aaron/ur_ws/install/moveit_ros_warehouse/share/moveit_ros_warehouse/package.bash'
[2.685s] INFO:colcon.colcon_core.shell:Creating package script '/home/aaron/ur_ws/install/moveit_ros_warehouse/share/moveit_ros_warehouse/package.zsh'
[2.685s] Level 1:colcon.colcon_core.environment:create_file_with_runtime_dependencies(/home/aaron/ur_ws/install/moveit_ros_warehouse/share/colcon-core/packages/moveit_ros_warehouse)
[2.686s] INFO:colcon.colcon_ros.task.ament_cmake.build:Building ROS package in '/home/aaron/ur_ws/src/moveit2/moveit_ros/benchmarks' with build type 'ament_cmake'
[2.686s] INFO:colcon.colcon_cmake.task.cmake.build:Building CMake package in '/home/aaron/ur_ws/src/moveit2/moveit_ros/benchmarks'
[2.686s] INFO:colcon.colcon_core.shell:Skip shell extension 'powershell' for command environment: Not usable outside of PowerShell
[2.686s] DEBUG:colcon.colcon_core.shell:Skip shell extension 'dsv' for command environment
[2.690s] Level 1:colcon.colcon_core.environment:create_environment_scripts_only(moveit_ros_robot_interaction)
[2.690s] Level 1:colcon.colcon_core.environment:checking '/home/aaron/ur_ws/install/moveit_ros_robot_interaction' for CMake module files
[2.690s] DEBUG:colcon.colcon_core.event_handler.log_command:Invoked command in '/home/aaron/ur_ws/build/moveit_ros_robot_interaction' returned '0': AMENT_PREFIX_PATH=/home/aaron/ur_ws/install/moveit_ros_planning:/home/aaron/ur_ws/install/moveit_ros_occupancy_map_monitor:/home/aaron/ur_ws/install/moveit_core:/home/aaron/ur_ws/install/moveit_resources_panda_moveit_config:/home/aaron/ur_ws/install/moveit_configs_utils:/home/aaron/ur_ws/install/srdfdom:/home/aaron/ur_ws/install/moveit_resources_pr2_description:/home/aaron/ur_ws/install/moveit_resources_panda_description:/home/aaron/ur_ws/install/moveit_common:/home/aaron/ur_ws/install/launch_param_builder:${AMENT_PREFIX_PATH} CMAKE_PREFIX_PATH=/home/aaron/ur_ws/install/moveit_ros_planning:/home/aaron/ur_ws/install/moveit_ros_occupancy_map_monitor:/home/aaron/ur_ws/install/moveit_core:/home/aaron/ur_ws/install/moveit_resources_panda_moveit_config:/home/aaron/ur_ws/install/srdfdom:/home/aaron/ur_ws/install/moveit_resources_pr2_description:/home/aaron/ur_ws/install/moveit_resources_panda_description:/home/aaron/ur_ws/install/moveit_common:/opt/ros/humble LD_LIBRARY_PATH=/home/aaron/ur_ws/install/moveit_ros_planning/lib:/home/aaron/ur_ws/install/moveit_ros_occupancy_map_monitor/lib:/home/aaron/ur_ws/install/moveit_core/lib:/home/aaron/ur_ws/install/srdfdom/lib:${LD_LIBRARY_PATH} PATH=/home/aaron/ur_ws/install/moveit_core/bin:${PATH} PYTHONPATH=/home/aaron/ur_ws/install/moveit_configs_utils/lib/python3.10/site-packages:/home/aaron/ur_ws/install/srdfdom/local/lib/python3.10/dist-packages:/home/aaron/ur_ws/install/launch_param_builder/lib/python3.10/site-packages:${PYTHONPATH} /usr/bin/cmake --install /home/aaron/ur_ws/build/moveit_ros_robot_interaction
[2.691s] Level 1:colcon.colcon_core.environment:checking '/home/aaron/ur_ws/install/moveit_ros_robot_interaction' for CMake config files
[2.691s] Level 1:colcon.colcon_core.shell:create_environment_hook('moveit_ros_robot_interaction', 'cmake_prefix_path')
[2.691s] INFO:colcon.colcon_core.shell:Creating environment hook '/home/aaron/ur_ws/install/moveit_ros_robot_interaction/share/moveit_ros_robot_interaction/hook/cmake_prefix_path.ps1'
[2.691s] INFO:colcon.colcon_core.shell:Creating environment descriptor '/home/aaron/ur_ws/install/moveit_ros_robot_interaction/share/moveit_ros_robot_interaction/hook/cmake_prefix_path.dsv'
[2.692s] INFO:colcon.colcon_core.shell:Creating environment hook '/home/aaron/ur_ws/install/moveit_ros_robot_interaction/share/moveit_ros_robot_interaction/hook/cmake_prefix_path.sh'
[2.692s] Level 1:colcon.colcon_core.environment:checking '/home/aaron/ur_ws/install/moveit_ros_robot_interaction/lib'
[2.692s] Level 1:colcon.colcon_core.shell:create_environment_hook('moveit_ros_robot_interaction', 'ld_library_path_lib')
[2.692s] INFO:colcon.colcon_core.shell:Creating environment hook '/home/aaron/ur_ws/install/moveit_ros_robot_interaction/share/moveit_ros_robot_interaction/hook/ld_library_path_lib.ps1'
[2.693s] INFO:colcon.colcon_core.shell:Creating environment descriptor '/home/aaron/ur_ws/install/moveit_ros_robot_interaction/share/moveit_ros_robot_interaction/hook/ld_library_path_lib.dsv'
[2.693s] INFO:colcon.colcon_core.shell:Creating environment hook '/home/aaron/ur_ws/install/moveit_ros_robot_interaction/share/moveit_ros_robot_interaction/hook/ld_library_path_lib.sh'
[2.693s] Level 1:colcon.colcon_core.environment:checking '/home/aaron/ur_ws/install/moveit_ros_robot_interaction/bin'
[2.693s] Level 1:colcon.colcon_core.environment:checking '/home/aaron/ur_ws/install/moveit_ros_robot_interaction/lib/pkgconfig/moveit_ros_robot_interaction.pc'
[2.693s] Level 1:colcon.colcon_core.environment:checking '/home/aaron/ur_ws/install/moveit_ros_robot_interaction/lib/python3.10/site-packages'
[2.693s] Level 1:colcon.colcon_core.environment:checking '/home/aaron/ur_ws/install/moveit_ros_robot_interaction/bin'
[2.694s] INFO:colcon.colcon_core.shell:Creating package script '/home/aaron/ur_ws/install/moveit_ros_robot_interaction/share/moveit_ros_robot_interaction/package.ps1'
[2.694s] INFO:colcon.colcon_core.shell:Creating package descriptor '/home/aaron/ur_ws/install/moveit_ros_robot_interaction/share/moveit_ros_robot_interaction/package.dsv'
[2.694s] INFO:colcon.colcon_core.shell:Creating package script '/home/aaron/ur_ws/install/moveit_ros_robot_interaction/share/moveit_ros_robot_interaction/package.sh'
[2.694s] INFO:colcon.colcon_core.shell:Creating package script '/home/aaron/ur_ws/install/moveit_ros_robot_interaction/share/moveit_ros_robot_interaction/package.bash'
[2.695s] INFO:colcon.colcon_core.shell:Creating package script '/home/aaron/ur_ws/install/moveit_ros_robot_interaction/share/moveit_ros_robot_interaction/package.zsh'
[2.695s] Level 1:colcon.colcon_core.environment:create_file_with_runtime_dependencies(/home/aaron/ur_ws/install/moveit_ros_robot_interaction/share/colcon-core/packages/moveit_ros_robot_interaction)
[2.695s] Level 1:colcon.colcon_core.environment:create_environment_scripts_only(moveit_ros_robot_interaction)
[2.695s] Level 1:colcon.colcon_core.environment:checking '/home/aaron/ur_ws/install/moveit_ros_robot_interaction' for CMake module files
[2.695s] Level 1:colcon.colcon_core.environment:checking '/home/aaron/ur_ws/install/moveit_ros_robot_interaction' for CMake config files
[2.696s] Level 1:colcon.colcon_core.shell:create_environment_hook('moveit_ros_robot_interaction', 'cmake_prefix_path')
[2.696s] INFO:colcon.colcon_core.shell:Creating environment hook '/home/aaron/ur_ws/install/moveit_ros_robot_interaction/share/moveit_ros_robot_interaction/hook/cmake_prefix_path.ps1'
[2.696s] INFO:colcon.colcon_core.shell:Creating environment descriptor '/home/aaron/ur_ws/install/moveit_ros_robot_interaction/share/moveit_ros_robot_interaction/hook/cmake_prefix_path.dsv'
[2.696s] INFO:colcon.colcon_core.shell:Creating environment hook '/home/aaron/ur_ws/install/moveit_ros_robot_interaction/share/moveit_ros_robot_interaction/hook/cmake_prefix_path.sh'
[2.696s] Level 1:colcon.colcon_core.environment:checking '/home/aaron/ur_ws/install/moveit_ros_robot_interaction/lib'
[2.697s] Level 1:colcon.colcon_core.shell:create_environment_hook('moveit_ros_robot_interaction', 'ld_library_path_lib')
[2.697s] INFO:colcon.colcon_core.shell:Creating environment hook '/home/aaron/ur_ws/install/moveit_ros_robot_interaction/share/moveit_ros_robot_interaction/hook/ld_library_path_lib.ps1'
[2.697s] INFO:colcon.colcon_core.shell:Creating environment descriptor '/home/aaron/ur_ws/install/moveit_ros_robot_interaction/share/moveit_ros_robot_interaction/hook/ld_library_path_lib.dsv'
[2.697s] INFO:colcon.colcon_core.shell:Creating environment hook '/home/aaron/ur_ws/install/moveit_ros_robot_interaction/share/moveit_ros_robot_interaction/hook/ld_library_path_lib.sh'
[2.697s] Level 1:colcon.colcon_core.environment:checking '/home/aaron/ur_ws/install/moveit_ros_robot_interaction/bin'
[2.697s] Level 1:colcon.colcon_core.environment:checking '/home/aaron/ur_ws/install/moveit_ros_robot_interaction/lib/pkgconfig/moveit_ros_robot_interaction.pc'
[2.697s] Level 1:colcon.colcon_core.environment:checking '/home/aaron/ur_ws/install/moveit_ros_robot_interaction/lib/python3.10/site-packages'
[2.698s] Level 1:colcon.colcon_core.environment:checking '/home/aaron/ur_ws/install/moveit_ros_robot_interaction/bin'
[2.698s] INFO:colcon.colcon_core.shell:Creating package script '/home/aaron/ur_ws/install/moveit_ros_robot_interaction/share/moveit_ros_robot_interaction/package.ps1'
[2.698s] INFO:colcon.colcon_core.shell:Creating package descriptor '/home/aaron/ur_ws/install/moveit_ros_robot_interaction/share/moveit_ros_robot_interaction/package.dsv'
[2.698s] INFO:colcon.colcon_core.shell:Creating package script '/home/aaron/ur_ws/install/moveit_ros_robot_interaction/share/moveit_ros_robot_interaction/package.sh'
[2.699s] INFO:colcon.colcon_core.shell:Creating package script '/home/aaron/ur_ws/install/moveit_ros_robot_interaction/share/moveit_ros_robot_interaction/package.bash'
[2.699s] INFO:colcon.colcon_core.shell:Creating package script '/home/aaron/ur_ws/install/moveit_ros_robot_interaction/share/moveit_ros_robot_interaction/package.zsh'
[2.699s] Level 1:colcon.colcon_core.environment:create_file_with_runtime_dependencies(/home/aaron/ur_ws/install/moveit_ros_robot_interaction/share/colcon-core/packages/moveit_ros_robot_interaction)
[2.699s] Level 1:colcon.colcon_core.environment:create_environment_scripts_only(moveit_kinematics)
[2.699s] Level 1:colcon.colcon_core.environment:checking '/home/aaron/ur_ws/install/moveit_kinematics' for CMake module files
[2.700s] DEBUG:colcon.colcon_core.event_handler.log_command:Invoked command in '/home/aaron/ur_ws/build/moveit_kinematics' returned '0': AMENT_PREFIX_PATH=/home/aaron/ur_ws/install/moveit_ros_planning:/home/aaron/ur_ws/install/moveit_ros_occupancy_map_monitor:/home/aaron/ur_ws/install/moveit_core:/home/aaron/ur_ws/install/moveit_resources_panda_moveit_config:/home/aaron/ur_ws/install/moveit_resources_fanuc_moveit_config:/home/aaron/ur_ws/install/moveit_configs_utils:/home/aaron/ur_ws/install/srdfdom:/home/aaron/ur_ws/install/moveit_resources_pr2_description:/home/aaron/ur_ws/install/moveit_resources_panda_description:/home/aaron/ur_ws/install/moveit_resources_fanuc_description:/home/aaron/ur_ws/install/moveit_common:/home/aaron/ur_ws/install/launch_param_builder:${AMENT_PREFIX_PATH} CMAKE_PREFIX_PATH=/home/aaron/ur_ws/install/moveit_ros_planning:/home/aaron/ur_ws/install/moveit_ros_occupancy_map_monitor:/home/aaron/ur_ws/install/moveit_core:/home/aaron/ur_ws/install/moveit_resources_panda_moveit_config:/home/aaron/ur_ws/install/moveit_resources_fanuc_moveit_config:/home/aaron/ur_ws/install/srdfdom:/home/aaron/ur_ws/install/moveit_resources_pr2_description:/home/aaron/ur_ws/install/moveit_resources_panda_description:/home/aaron/ur_ws/install/moveit_resources_fanuc_description:/home/aaron/ur_ws/install/moveit_common:/opt/ros/humble LD_LIBRARY_PATH=/home/aaron/ur_ws/install/moveit_ros_planning/lib:/home/aaron/ur_ws/install/moveit_ros_occupancy_map_monitor/lib:/home/aaron/ur_ws/install/moveit_core/lib:/home/aaron/ur_ws/install/srdfdom/lib:${LD_LIBRARY_PATH} PATH=/home/aaron/ur_ws/install/moveit_core/bin:${PATH} PYTHONPATH=/home/aaron/ur_ws/install/moveit_configs_utils/lib/python3.10/site-packages:/home/aaron/ur_ws/install/srdfdom/local/lib/python3.10/dist-packages:/home/aaron/ur_ws/install/launch_param_builder/lib/python3.10/site-packages:${PYTHONPATH} /usr/bin/cmake --install /home/aaron/ur_ws/build/moveit_kinematics
[2.700s] Level 1:colcon.colcon_core.environment:checking '/home/aaron/ur_ws/install/moveit_kinematics' for CMake config files
[2.700s] Level 1:colcon.colcon_core.shell:create_environment_hook('moveit_kinematics', 'cmake_prefix_path')
[2.700s] INFO:colcon.colcon_core.shell:Creating environment hook '/home/aaron/ur_ws/install/moveit_kinematics/share/moveit_kinematics/hook/cmake_prefix_path.ps1'
[2.701s] INFO:colcon.colcon_core.shell:Creating environment descriptor '/home/aaron/ur_ws/install/moveit_kinematics/share/moveit_kinematics/hook/cmake_prefix_path.dsv'
[2.701s] INFO:colcon.colcon_core.shell:Creating environment hook '/home/aaron/ur_ws/install/moveit_kinematics/share/moveit_kinematics/hook/cmake_prefix_path.sh'
[2.701s] Level 1:colcon.colcon_core.environment:checking '/home/aaron/ur_ws/install/moveit_kinematics/lib'
[2.701s] Level 1:colcon.colcon_core.shell:create_environment_hook('moveit_kinematics', 'ld_library_path_lib')
[2.701s] INFO:colcon.colcon_core.shell:Creating environment hook '/home/aaron/ur_ws/install/moveit_kinematics/share/moveit_kinematics/hook/ld_library_path_lib.ps1'
[2.702s] INFO:colcon.colcon_core.shell:Creating environment descriptor '/home/aaron/ur_ws/install/moveit_kinematics/share/moveit_kinematics/hook/ld_library_path_lib.dsv'
[2.702s] INFO:colcon.colcon_core.shell:Creating environment hook '/home/aaron/ur_ws/install/moveit_kinematics/share/moveit_kinematics/hook/ld_library_path_lib.sh'
[2.702s] Level 1:colcon.colcon_core.environment:checking '/home/aaron/ur_ws/install/moveit_kinematics/bin'
[2.702s] Level 1:colcon.colcon_core.environment:checking '/home/aaron/ur_ws/install/moveit_kinematics/lib/pkgconfig/moveit_kinematics.pc'
[2.702s] Level 1:colcon.colcon_core.environment:checking '/home/aaron/ur_ws/install/moveit_kinematics/lib/python3.10/site-packages'
[2.702s] Level 1:colcon.colcon_core.environment:checking '/home/aaron/ur_ws/install/moveit_kinematics/bin'
[2.702s] INFO:colcon.colcon_core.shell:Creating package script '/home/aaron/ur_ws/install/moveit_kinematics/share/moveit_kinematics/package.ps1'
[2.703s] INFO:colcon.colcon_core.shell:Creating package descriptor '/home/aaron/ur_ws/install/moveit_kinematics/share/moveit_kinematics/package.dsv'
[2.703s] INFO:colcon.colcon_core.shell:Creating package script '/home/aaron/ur_ws/install/moveit_kinematics/share/moveit_kinematics/package.sh'
[2.703s] INFO:colcon.colcon_core.shell:Creating package script '/home/aaron/ur_ws/install/moveit_kinematics/share/moveit_kinematics/package.bash'
[2.703s] INFO:colcon.colcon_core.shell:Creating package script '/home/aaron/ur_ws/install/moveit_kinematics/share/moveit_kinematics/package.zsh'
[2.704s] Level 1:colcon.colcon_core.environment:create_file_with_runtime_dependencies(/home/aaron/ur_ws/install/moveit_kinematics/share/colcon-core/packages/moveit_kinematics)
[2.704s] Level 1:colcon.colcon_core.environment:create_environment_scripts_only(moveit_kinematics)
[2.704s] Level 1:colcon.colcon_core.environment:checking '/home/aaron/ur_ws/install/moveit_kinematics' for CMake module files
[2.704s] Level 1:colcon.colcon_core.environment:checking '/home/aaron/ur_ws/install/moveit_kinematics' for CMake config files
[2.705s] Level 1:colcon.colcon_core.shell:create_environment_hook('moveit_kinematics', 'cmake_prefix_path')
[2.705s] INFO:colcon.colcon_core.shell:Creating environment hook '/home/aaron/ur_ws/install/moveit_kinematics/share/moveit_kinematics/hook/cmake_prefix_path.ps1'
[2.705s] INFO:colcon.colcon_core.shell:Creating environment descriptor '/home/aaron/ur_ws/install/moveit_kinematics/share/moveit_kinematics/hook/cmake_prefix_path.dsv'
[2.705s] INFO:colcon.colcon_core.shell:Creating environment hook '/home/aaron/ur_ws/install/moveit_kinematics/share/moveit_kinematics/hook/cmake_prefix_path.sh'
[2.705s] Level 1:colcon.colcon_core.environment:checking '/home/aaron/ur_ws/install/moveit_kinematics/lib'
[2.705s] Level 1:colcon.colcon_core.shell:create_environment_hook('moveit_kinematics', 'ld_library_path_lib')
[2.706s] INFO:colcon.colcon_core.shell:Creating environment hook '/home/aaron/ur_ws/install/moveit_kinematics/share/moveit_kinematics/hook/ld_library_path_lib.ps1'
[2.706s] INFO:colcon.colcon_core.shell:Creating environment descriptor '/home/aaron/ur_ws/install/moveit_kinematics/share/moveit_kinematics/hook/ld_library_path_lib.dsv'
[2.706s] INFO:colcon.colcon_core.shell:Creating environment hook '/home/aaron/ur_ws/install/moveit_kinematics/share/moveit_kinematics/hook/ld_library_path_lib.sh'
[2.706s] Level 1:colcon.colcon_core.environment:checking '/home/aaron/ur_ws/install/moveit_kinematics/bin'
[2.706s] Level 1:colcon.colcon_core.environment:checking '/home/aaron/ur_ws/install/moveit_kinematics/lib/pkgconfig/moveit_kinematics.pc'
[2.706s] Level 1:colcon.colcon_core.environment:checking '/home/aaron/ur_ws/install/moveit_kinematics/lib/python3.10/site-packages'
[2.707s] Level 1:colcon.colcon_core.environment:checking '/home/aaron/ur_ws/install/moveit_kinematics/bin'
[2.707s] INFO:colcon.colcon_core.shell:Creating package script '/home/aaron/ur_ws/install/moveit_kinematics/share/moveit_kinematics/package.ps1'
[2.707s] INFO:colcon.colcon_core.shell:Creating package descriptor '/home/aaron/ur_ws/install/moveit_kinematics/share/moveit_kinematics/package.dsv'
[2.707s] INFO:colcon.colcon_core.shell:Creating package script '/home/aaron/ur_ws/install/moveit_kinematics/share/moveit_kinematics/package.sh'
[2.708s] INFO:colcon.colcon_core.shell:Creating package script '/home/aaron/ur_ws/install/moveit_kinematics/share/moveit_kinematics/package.bash'
[2.708s] INFO:colcon.colcon_core.shell:Creating package script '/home/aaron/ur_ws/install/moveit_kinematics/share/moveit_kinematics/package.zsh'
[2.708s] Level 1:colcon.colcon_core.environment:create_file_with_runtime_dependencies(/home/aaron/ur_ws/install/moveit_kinematics/share/colcon-core/packages/moveit_kinematics)
[2.709s] INFO:colcon.colcon_ros.task.ament_cmake.build:Building ROS package in '/home/aaron/ur_ws/src/moveit2/moveit_ros/move_group' with build type 'ament_cmake'
[2.709s] INFO:colcon.colcon_cmake.task.cmake.build:Building CMake package in '/home/aaron/ur_ws/src/moveit2/moveit_ros/move_group'
[2.709s] INFO:colcon.colcon_core.shell:Skip shell extension 'powershell' for command environment: Not usable outside of PowerShell
[2.709s] DEBUG:colcon.colcon_core.shell:Skip shell extension 'dsv' for command environment
[2.712s] DEBUG:colcon.colcon_core.event_handler.log_command:Invoked command in '/home/aaron/ur_ws/build/moveit_ros_perception' returned '0': AMENT_PREFIX_PATH=/home/aaron/ur_ws/install/moveit_ros_planning:/home/aaron/ur_ws/install/moveit_ros_occupancy_map_monitor:/home/aaron/ur_ws/install/moveit_core:/home/aaron/ur_ws/install/moveit_resources_panda_moveit_config:/home/aaron/ur_ws/install/moveit_configs_utils:/home/aaron/ur_ws/install/srdfdom:/home/aaron/ur_ws/install/moveit_resources_pr2_description:/home/aaron/ur_ws/install/moveit_resources_panda_description:/home/aaron/ur_ws/install/moveit_common:/home/aaron/ur_ws/install/launch_param_builder:${AMENT_PREFIX_PATH} CMAKE_PREFIX_PATH=/home/aaron/ur_ws/install/moveit_ros_planning:/home/aaron/ur_ws/install/moveit_ros_occupancy_map_monitor:/home/aaron/ur_ws/install/moveit_core:/home/aaron/ur_ws/install/moveit_resources_panda_moveit_config:/home/aaron/ur_ws/install/srdfdom:/home/aaron/ur_ws/install/moveit_resources_pr2_description:/home/aaron/ur_ws/install/moveit_resources_panda_description:/home/aaron/ur_ws/install/moveit_common:/opt/ros/humble LD_LIBRARY_PATH=/home/aaron/ur_ws/install/moveit_ros_planning/lib:/home/aaron/ur_ws/install/moveit_ros_occupancy_map_monitor/lib:/home/aaron/ur_ws/install/moveit_core/lib:/home/aaron/ur_ws/install/srdfdom/lib:${LD_LIBRARY_PATH} PATH=/home/aaron/ur_ws/install/moveit_core/bin:${PATH} PYTHONPATH=/home/aaron/ur_ws/install/moveit_configs_utils/lib/python3.10/site-packages:/home/aaron/ur_ws/install/srdfdom/local/lib/python3.10/dist-packages:/home/aaron/ur_ws/install/launch_param_builder/lib/python3.10/site-packages:${PYTHONPATH} /usr/bin/cmake --build /home/aaron/ur_ws/build/moveit_ros_perception -- -j20 -l20
[2.713s] DEBUG:colcon.colcon_core.event_handler.log_command:Invoking command in '/home/aaron/ur_ws/build/moveit_ros_perception': AMENT_PREFIX_PATH=/home/aaron/ur_ws/install/moveit_ros_planning:/home/aaron/ur_ws/install/moveit_ros_occupancy_map_monitor:/home/aaron/ur_ws/install/moveit_core:/home/aaron/ur_ws/install/moveit_resources_panda_moveit_config:/home/aaron/ur_ws/install/moveit_configs_utils:/home/aaron/ur_ws/install/srdfdom:/home/aaron/ur_ws/install/moveit_resources_pr2_description:/home/aaron/ur_ws/install/moveit_resources_panda_description:/home/aaron/ur_ws/install/moveit_common:/home/aaron/ur_ws/install/launch_param_builder:${AMENT_PREFIX_PATH} CMAKE_PREFIX_PATH=/home/aaron/ur_ws/install/moveit_ros_planning:/home/aaron/ur_ws/install/moveit_ros_occupancy_map_monitor:/home/aaron/ur_ws/install/moveit_core:/home/aaron/ur_ws/install/moveit_resources_panda_moveit_config:/home/aaron/ur_ws/install/srdfdom:/home/aaron/ur_ws/install/moveit_resources_pr2_description:/home/aaron/ur_ws/install/moveit_resources_panda_description:/home/aaron/ur_ws/install/moveit_common:/opt/ros/humble LD_LIBRARY_PATH=/home/aaron/ur_ws/install/moveit_ros_planning/lib:/home/aaron/ur_ws/install/moveit_ros_occupancy_map_monitor/lib:/home/aaron/ur_ws/install/moveit_core/lib:/home/aaron/ur_ws/install/srdfdom/lib:${LD_LIBRARY_PATH} PATH=/home/aaron/ur_ws/install/moveit_core/bin:${PATH} PYTHONPATH=/home/aaron/ur_ws/install/moveit_configs_utils/lib/python3.10/site-packages:/home/aaron/ur_ws/install/srdfdom/local/lib/python3.10/dist-packages:/home/aaron/ur_ws/install/launch_param_builder/lib/python3.10/site-packages:${PYTHONPATH} /usr/bin/cmake --install /home/aaron/ur_ws/build/moveit_ros_perception
[2.713s] DEBUG:colcon.colcon_core.event_handler.log_command:Invoked command in '/home/aaron/ur_ws/build/moveit_visual_tools' returned '0': AMENT_PREFIX_PATH=/home/aaron/ur_ws/install/moveit_ros_planning:/home/aaron/ur_ws/install/moveit_ros_occupancy_map_monitor:/home/aaron/ur_ws/install/moveit_core:/home/aaron/ur_ws/install/moveit_resources_panda_moveit_config:/home/aaron/ur_ws/install/moveit_configs_utils:/home/aaron/ur_ws/install/srdfdom:/home/aaron/ur_ws/install/moveit_resources_pr2_description:/home/aaron/ur_ws/install/moveit_resources_panda_description:/home/aaron/ur_ws/install/moveit_common:/home/aaron/ur_ws/install/launch_param_builder:${AMENT_PREFIX_PATH} CMAKE_PREFIX_PATH=/home/aaron/ur_ws/install/moveit_ros_planning:/home/aaron/ur_ws/install/moveit_ros_occupancy_map_monitor:/home/aaron/ur_ws/install/moveit_core:/home/aaron/ur_ws/install/moveit_resources_panda_moveit_config:/home/aaron/ur_ws/install/srdfdom:/home/aaron/ur_ws/install/moveit_resources_pr2_description:/home/aaron/ur_ws/install/moveit_resources_panda_description:/home/aaron/ur_ws/install/moveit_common:/opt/ros/humble LD_LIBRARY_PATH=/home/aaron/ur_ws/install/moveit_ros_planning/lib:/home/aaron/ur_ws/install/moveit_ros_occupancy_map_monitor/lib:/home/aaron/ur_ws/install/moveit_core/lib:/home/aaron/ur_ws/install/srdfdom/lib:${LD_LIBRARY_PATH} PATH=/home/aaron/ur_ws/install/moveit_core/bin:${PATH} PYTHONPATH=/home/aaron/ur_ws/install/moveit_configs_utils/lib/python3.10/site-packages:/home/aaron/ur_ws/install/srdfdom/local/lib/python3.10/dist-packages:/home/aaron/ur_ws/install/launch_param_builder/lib/python3.10/site-packages:${PYTHONPATH} /usr/bin/cmake --build /home/aaron/ur_ws/build/moveit_visual_tools -- -j20 -l20
[2.715s] DEBUG:colcon.colcon_core.event_handler.log_command:Invoking command in '/home/aaron/ur_ws/build/moveit_visual_tools': AMENT_PREFIX_PATH=/home/aaron/ur_ws/install/moveit_ros_planning:/home/aaron/ur_ws/install/moveit_ros_occupancy_map_monitor:/home/aaron/ur_ws/install/moveit_core:/home/aaron/ur_ws/install/moveit_resources_panda_moveit_config:/home/aaron/ur_ws/install/moveit_configs_utils:/home/aaron/ur_ws/install/srdfdom:/home/aaron/ur_ws/install/moveit_resources_pr2_description:/home/aaron/ur_ws/install/moveit_resources_panda_description:/home/aaron/ur_ws/install/moveit_common:/home/aaron/ur_ws/install/launch_param_builder:${AMENT_PREFIX_PATH} CMAKE_PREFIX_PATH=/home/aaron/ur_ws/install/moveit_ros_planning:/home/aaron/ur_ws/install/moveit_ros_occupancy_map_monitor:/home/aaron/ur_ws/install/moveit_core:/home/aaron/ur_ws/install/moveit_resources_panda_moveit_config:/home/aaron/ur_ws/install/srdfdom:/home/aaron/ur_ws/install/moveit_resources_pr2_description:/home/aaron/ur_ws/install/moveit_resources_panda_description:/home/aaron/ur_ws/install/moveit_common:/opt/ros/humble LD_LIBRARY_PATH=/home/aaron/ur_ws/install/moveit_ros_planning/lib:/home/aaron/ur_ws/install/moveit_ros_occupancy_map_monitor/lib:/home/aaron/ur_ws/install/moveit_core/lib:/home/aaron/ur_ws/install/srdfdom/lib:${LD_LIBRARY_PATH} PATH=/home/aaron/ur_ws/install/moveit_core/bin:${PATH} PYTHONPATH=/home/aaron/ur_ws/install/moveit_configs_utils/lib/python3.10/site-packages:/home/aaron/ur_ws/install/srdfdom/local/lib/python3.10/dist-packages:/home/aaron/ur_ws/install/launch_param_builder/lib/python3.10/site-packages:${PYTHONPATH} /usr/bin/cmake --install /home/aaron/ur_ws/build/moveit_visual_tools
[2.719s] DEBUG:colcon.colcon_core.event_handler.log_command:Invoking command in '/home/aaron/ur_ws/build/moveit_ros_benchmarks': AMENT_PREFIX_PATH=/home/aaron/ur_ws/install/moveit_ros_warehouse:/home/aaron/ur_ws/install/moveit_ros_planning:/home/aaron/ur_ws/install/moveit_ros_occupancy_map_monitor:/home/aaron/ur_ws/install/moveit_core:/home/aaron/ur_ws/install/moveit_resources_panda_moveit_config:/home/aaron/ur_ws/install/moveit_configs_utils:/home/aaron/ur_ws/install/srdfdom:/home/aaron/ur_ws/install/moveit_resources_pr2_description:/home/aaron/ur_ws/install/moveit_resources_panda_description:/home/aaron/ur_ws/install/moveit_common:/home/aaron/ur_ws/install/launch_param_builder:${AMENT_PREFIX_PATH} CMAKE_PREFIX_PATH=/home/aaron/ur_ws/install/moveit_ros_warehouse:/home/aaron/ur_ws/install/moveit_ros_planning:/home/aaron/ur_ws/install/moveit_ros_occupancy_map_monitor:/home/aaron/ur_ws/install/moveit_core:/home/aaron/ur_ws/install/moveit_resources_panda_moveit_config:/home/aaron/ur_ws/install/srdfdom:/home/aaron/ur_ws/install/moveit_resources_pr2_description:/home/aaron/ur_ws/install/moveit_resources_panda_description:/home/aaron/ur_ws/install/moveit_common:/opt/ros/humble LD_LIBRARY_PATH=/home/aaron/ur_ws/install/moveit_ros_warehouse/lib:/home/aaron/ur_ws/install/moveit_ros_planning/lib:/home/aaron/ur_ws/install/moveit_ros_occupancy_map_monitor/lib:/home/aaron/ur_ws/install/moveit_core/lib:/home/aaron/ur_ws/install/srdfdom/lib:${LD_LIBRARY_PATH} PATH=/home/aaron/ur_ws/install/moveit_core/bin:${PATH} PYTHONPATH=/home/aaron/ur_ws/install/moveit_configs_utils/lib/python3.10/site-packages:/home/aaron/ur_ws/install/srdfdom/local/lib/python3.10/dist-packages:/home/aaron/ur_ws/install/launch_param_builder/lib/python3.10/site-packages:${PYTHONPATH} /usr/bin/cmake --build /home/aaron/ur_ws/build/moveit_ros_benchmarks -- -j20 -l20
[2.720s] DEBUG:colcon.colcon_core.event_handler.log_command:Invoked command in '/home/aaron/ur_ws/build/moveit_planners_ompl' returned '0': AMENT_PREFIX_PATH=/home/aaron/ur_ws/install/moveit_ros_planning:/home/aaron/ur_ws/install/moveit_ros_occupancy_map_monitor:/home/aaron/ur_ws/install/moveit_core:/home/aaron/ur_ws/install/moveit_resources_panda_moveit_config:/home/aaron/ur_ws/install/moveit_resources_fanuc_moveit_config:/home/aaron/ur_ws/install/moveit_configs_utils:/home/aaron/ur_ws/install/srdfdom:/home/aaron/ur_ws/install/moveit_resources_pr2_description:/home/aaron/ur_ws/install/moveit_resources_panda_description:/home/aaron/ur_ws/install/moveit_resources_fanuc_description:/home/aaron/ur_ws/install/moveit_common:/home/aaron/ur_ws/install/launch_param_builder:${AMENT_PREFIX_PATH} CMAKE_PREFIX_PATH=/home/aaron/ur_ws/install/moveit_ros_planning:/home/aaron/ur_ws/install/moveit_ros_occupancy_map_monitor:/home/aaron/ur_ws/install/moveit_core:/home/aaron/ur_ws/install/moveit_resources_panda_moveit_config:/home/aaron/ur_ws/install/moveit_resources_fanuc_moveit_config:/home/aaron/ur_ws/install/srdfdom:/home/aaron/ur_ws/install/moveit_resources_pr2_description:/home/aaron/ur_ws/install/moveit_resources_panda_description:/home/aaron/ur_ws/install/moveit_resources_fanuc_description:/home/aaron/ur_ws/install/moveit_common:/opt/ros/humble LD_LIBRARY_PATH=/home/aaron/ur_ws/install/moveit_ros_planning/lib:/home/aaron/ur_ws/install/moveit_ros_occupancy_map_monitor/lib:/home/aaron/ur_ws/install/moveit_core/lib:/home/aaron/ur_ws/install/srdfdom/lib:${LD_LIBRARY_PATH} PATH=/home/aaron/ur_ws/install/moveit_core/bin:${PATH} PYTHONPATH=/home/aaron/ur_ws/install/moveit_configs_utils/lib/python3.10/site-packages:/home/aaron/ur_ws/install/srdfdom/local/lib/python3.10/dist-packages:/home/aaron/ur_ws/install/launch_param_builder/lib/python3.10/site-packages:${PYTHONPATH} /usr/bin/cmake --build /home/aaron/ur_ws/build/moveit_planners_ompl -- -j20 -l20
[2.725s] Level 1:colcon.colcon_core.environment:create_environment_scripts_only(moveit_visual_tools)
[2.726s] Level 1:colcon.colcon_core.environment:checking '/home/aaron/ur_ws/install/moveit_visual_tools' for CMake module files
[2.729s] Level 1:colcon.colcon_core.environment:checking '/home/aaron/ur_ws/install/moveit_visual_tools' for CMake config files
[2.734s] DEBUG:colcon.colcon_core.event_handler.log_command:Invoking command in '/home/aaron/ur_ws/build/moveit_planners_ompl': AMENT_PREFIX_PATH=/home/aaron/ur_ws/install/moveit_ros_planning:/home/aaron/ur_ws/install/moveit_ros_occupancy_map_monitor:/home/aaron/ur_ws/install/moveit_core:/home/aaron/ur_ws/install/moveit_resources_panda_moveit_config:/home/aaron/ur_ws/install/moveit_resources_fanuc_moveit_config:/home/aaron/ur_ws/install/moveit_configs_utils:/home/aaron/ur_ws/install/srdfdom:/home/aaron/ur_ws/install/moveit_resources_pr2_description:/home/aaron/ur_ws/install/moveit_resources_panda_description:/home/aaron/ur_ws/install/moveit_resources_fanuc_description:/home/aaron/ur_ws/install/moveit_common:/home/aaron/ur_ws/install/launch_param_builder:${AMENT_PREFIX_PATH} CMAKE_PREFIX_PATH=/home/aaron/ur_ws/install/moveit_ros_planning:/home/aaron/ur_ws/install/moveit_ros_occupancy_map_monitor:/home/aaron/ur_ws/install/moveit_core:/home/aaron/ur_ws/install/moveit_resources_panda_moveit_config:/home/aaron/ur_ws/install/moveit_resources_fanuc_moveit_config:/home/aaron/ur_ws/install/srdfdom:/home/aaron/ur_ws/install/moveit_resources_pr2_description:/home/aaron/ur_ws/install/moveit_resources_panda_description:/home/aaron/ur_ws/install/moveit_resources_fanuc_description:/home/aaron/ur_ws/install/moveit_common:/opt/ros/humble LD_LIBRARY_PATH=/home/aaron/ur_ws/install/moveit_ros_planning/lib:/home/aaron/ur_ws/install/moveit_ros_occupancy_map_monitor/lib:/home/aaron/ur_ws/install/moveit_core/lib:/home/aaron/ur_ws/install/srdfdom/lib:${LD_LIBRARY_PATH} PATH=/home/aaron/ur_ws/install/moveit_core/bin:${PATH} PYTHONPATH=/home/aaron/ur_ws/install/moveit_configs_utils/lib/python3.10/site-packages:/home/aaron/ur_ws/install/srdfdom/local/lib/python3.10/dist-packages:/home/aaron/ur_ws/install/launch_param_builder/lib/python3.10/site-packages:${PYTHONPATH} /usr/bin/cmake --install /home/aaron/ur_ws/build/moveit_planners_ompl
[2.734s] DEBUG:colcon.colcon_core.event_handler.log_command:Invoked command in '/home/aaron/ur_ws/build/moveit_visual_tools' returned '0': AMENT_PREFIX_PATH=/home/aaron/ur_ws/install/moveit_ros_planning:/home/aaron/ur_ws/install/moveit_ros_occupancy_map_monitor:/home/aaron/ur_ws/install/moveit_core:/home/aaron/ur_ws/install/moveit_resources_panda_moveit_config:/home/aaron/ur_ws/install/moveit_configs_utils:/home/aaron/ur_ws/install/srdfdom:/home/aaron/ur_ws/install/moveit_resources_pr2_description:/home/aaron/ur_ws/install/moveit_resources_panda_description:/home/aaron/ur_ws/install/moveit_common:/home/aaron/ur_ws/install/launch_param_builder:${AMENT_PREFIX_PATH} CMAKE_PREFIX_PATH=/home/aaron/ur_ws/install/moveit_ros_planning:/home/aaron/ur_ws/install/moveit_ros_occupancy_map_monitor:/home/aaron/ur_ws/install/moveit_core:/home/aaron/ur_ws/install/moveit_resources_panda_moveit_config:/home/aaron/ur_ws/install/srdfdom:/home/aaron/ur_ws/install/moveit_resources_pr2_description:/home/aaron/ur_ws/install/moveit_resources_panda_description:/home/aaron/ur_ws/install/moveit_common:/opt/ros/humble LD_LIBRARY_PATH=/home/aaron/ur_ws/install/moveit_ros_planning/lib:/home/aaron/ur_ws/install/moveit_ros_occupancy_map_monitor/lib:/home/aaron/ur_ws/install/moveit_core/lib:/home/aaron/ur_ws/install/srdfdom/lib:${LD_LIBRARY_PATH} PATH=/home/aaron/ur_ws/install/moveit_core/bin:${PATH} PYTHONPATH=/home/aaron/ur_ws/install/moveit_configs_utils/lib/python3.10/site-packages:/home/aaron/ur_ws/install/srdfdom/local/lib/python3.10/dist-packages:/home/aaron/ur_ws/install/launch_param_builder/lib/python3.10/site-packages:${PYTHONPATH} /usr/bin/cmake --install /home/aaron/ur_ws/build/moveit_visual_tools
[2.735s] Level 1:colcon.colcon_core.shell:create_environment_hook('moveit_visual_tools', 'cmake_prefix_path')
[2.735s] INFO:colcon.colcon_core.shell:Creating environment hook '/home/aaron/ur_ws/install/moveit_visual_tools/share/moveit_visual_tools/hook/cmake_prefix_path.ps1'
[2.738s] INFO:colcon.colcon_core.shell:Creating environment descriptor '/home/aaron/ur_ws/install/moveit_visual_tools/share/moveit_visual_tools/hook/cmake_prefix_path.dsv'
[2.739s] INFO:colcon.colcon_core.shell:Creating environment hook '/home/aaron/ur_ws/install/moveit_visual_tools/share/moveit_visual_tools/hook/cmake_prefix_path.sh'
[2.741s] Level 1:colcon.colcon_core.environment:checking '/home/aaron/ur_ws/install/moveit_visual_tools/lib'
[2.741s] Level 1:colcon.colcon_core.shell:create_environment_hook('moveit_visual_tools', 'ld_library_path_lib')
[2.741s] INFO:colcon.colcon_core.shell:Creating environment hook '/home/aaron/ur_ws/install/moveit_visual_tools/share/moveit_visual_tools/hook/ld_library_path_lib.ps1'
[2.742s] INFO:colcon.colcon_core.shell:Creating environment descriptor '/home/aaron/ur_ws/install/moveit_visual_tools/share/moveit_visual_tools/hook/ld_library_path_lib.dsv'
[2.742s] INFO:colcon.colcon_core.shell:Creating environment hook '/home/aaron/ur_ws/install/moveit_visual_tools/share/moveit_visual_tools/hook/ld_library_path_lib.sh'
[2.743s] Level 1:colcon.colcon_core.environment:checking '/home/aaron/ur_ws/install/moveit_visual_tools/bin'
[2.743s] Level 1:colcon.colcon_core.environment:checking '/home/aaron/ur_ws/install/moveit_visual_tools/lib/pkgconfig/moveit_visual_tools.pc'
[2.743s] Level 1:colcon.colcon_core.environment:checking '/home/aaron/ur_ws/install/moveit_visual_tools/lib/python3.10/site-packages'
[2.743s] Level 1:colcon.colcon_core.environment:checking '/home/aaron/ur_ws/install/moveit_visual_tools/bin'
[2.743s] INFO:colcon.colcon_core.shell:Creating package script '/home/aaron/ur_ws/install/moveit_visual_tools/share/moveit_visual_tools/package.ps1'
[2.744s] INFO:colcon.colcon_core.shell:Creating package descriptor '/home/aaron/ur_ws/install/moveit_visual_tools/share/moveit_visual_tools/package.dsv'
[2.744s] INFO:colcon.colcon_core.shell:Creating package script '/home/aaron/ur_ws/install/moveit_visual_tools/share/moveit_visual_tools/package.sh'
[2.744s] INFO:colcon.colcon_core.shell:Creating package script '/home/aaron/ur_ws/install/moveit_visual_tools/share/moveit_visual_tools/package.bash'
[2.745s] INFO:colcon.colcon_core.shell:Creating package script '/home/aaron/ur_ws/install/moveit_visual_tools/share/moveit_visual_tools/package.zsh'
[2.745s] Level 1:colcon.colcon_core.environment:create_file_with_runtime_dependencies(/home/aaron/ur_ws/install/moveit_visual_tools/share/colcon-core/packages/moveit_visual_tools)
[2.745s] Level 1:colcon.colcon_core.environment:create_environment_scripts_only(moveit_visual_tools)
[2.745s] Level 1:colcon.colcon_core.environment:checking '/home/aaron/ur_ws/install/moveit_visual_tools' for CMake module files
[2.746s] Level 1:colcon.colcon_core.environment:checking '/home/aaron/ur_ws/install/moveit_visual_tools' for CMake config files
[2.746s] Level 1:colcon.colcon_core.shell:create_environment_hook('moveit_visual_tools', 'cmake_prefix_path')
[2.746s] INFO:colcon.colcon_core.shell:Creating environment hook '/home/aaron/ur_ws/install/moveit_visual_tools/share/moveit_visual_tools/hook/cmake_prefix_path.ps1'
[2.746s] INFO:colcon.colcon_core.shell:Creating environment descriptor '/home/aaron/ur_ws/install/moveit_visual_tools/share/moveit_visual_tools/hook/cmake_prefix_path.dsv'
[2.746s] INFO:colcon.colcon_core.shell:Creating environment hook '/home/aaron/ur_ws/install/moveit_visual_tools/share/moveit_visual_tools/hook/cmake_prefix_path.sh'
[2.747s] Level 1:colcon.colcon_core.environment:checking '/home/aaron/ur_ws/install/moveit_visual_tools/lib'
[2.747s] Level 1:colcon.colcon_core.shell:create_environment_hook('moveit_visual_tools', 'ld_library_path_lib')
[2.747s] INFO:colcon.colcon_core.shell:Creating environment hook '/home/aaron/ur_ws/install/moveit_visual_tools/share/moveit_visual_tools/hook/ld_library_path_lib.ps1'
[2.747s] INFO:colcon.colcon_core.shell:Creating environment descriptor '/home/aaron/ur_ws/install/moveit_visual_tools/share/moveit_visual_tools/hook/ld_library_path_lib.dsv'
[2.747s] INFO:colcon.colcon_core.shell:Creating environment hook '/home/aaron/ur_ws/install/moveit_visual_tools/share/moveit_visual_tools/hook/ld_library_path_lib.sh'
[2.748s] Level 1:colcon.colcon_core.environment:checking '/home/aaron/ur_ws/install/moveit_visual_tools/bin'
[2.748s] Level 1:colcon.colcon_core.environment:checking '/home/aaron/ur_ws/install/moveit_visual_tools/lib/pkgconfig/moveit_visual_tools.pc'
[2.748s] Level 1:colcon.colcon_core.environment:checking '/home/aaron/ur_ws/install/moveit_visual_tools/lib/python3.10/site-packages'
[2.748s] Level 1:colcon.colcon_core.environment:checking '/home/aaron/ur_ws/install/moveit_visual_tools/bin'
[2.748s] INFO:colcon.colcon_core.shell:Creating package script '/home/aaron/ur_ws/install/moveit_visual_tools/share/moveit_visual_tools/package.ps1'
[2.749s] INFO:colcon.colcon_core.shell:Creating package descriptor '/home/aaron/ur_ws/install/moveit_visual_tools/share/moveit_visual_tools/package.dsv'
[2.749s] INFO:colcon.colcon_core.shell:Creating package script '/home/aaron/ur_ws/install/moveit_visual_tools/share/moveit_visual_tools/package.sh'
[2.749s] INFO:colcon.colcon_core.shell:Creating package script '/home/aaron/ur_ws/install/moveit_visual_tools/share/moveit_visual_tools/package.bash'
[2.749s] INFO:colcon.colcon_core.shell:Creating package script '/home/aaron/ur_ws/install/moveit_visual_tools/share/moveit_visual_tools/package.zsh'
[2.750s] Level 1:colcon.colcon_core.environment:create_file_with_runtime_dependencies(/home/aaron/ur_ws/install/moveit_visual_tools/share/colcon-core/packages/moveit_visual_tools)
[2.750s] Level 1:colcon.colcon_core.environment:create_environment_scripts_only(moveit_ros_perception)
[2.750s] Level 1:colcon.colcon_core.environment:checking '/home/aaron/ur_ws/install/moveit_ros_perception' for CMake module files
[2.751s] Level 1:colcon.colcon_core.environment:checking '/home/aaron/ur_ws/install/moveit_ros_perception' for CMake config files
[2.751s] DEBUG:colcon.colcon_core.event_handler.log_command:Invoked command in '/home/aaron/ur_ws/build/moveit_ros_perception' returned '0': AMENT_PREFIX_PATH=/home/aaron/ur_ws/install/moveit_ros_planning:/home/aaron/ur_ws/install/moveit_ros_occupancy_map_monitor:/home/aaron/ur_ws/install/moveit_core:/home/aaron/ur_ws/install/moveit_resources_panda_moveit_config:/home/aaron/ur_ws/install/moveit_configs_utils:/home/aaron/ur_ws/install/srdfdom:/home/aaron/ur_ws/install/moveit_resources_pr2_description:/home/aaron/ur_ws/install/moveit_resources_panda_description:/home/aaron/ur_ws/install/moveit_common:/home/aaron/ur_ws/install/launch_param_builder:${AMENT_PREFIX_PATH} CMAKE_PREFIX_PATH=/home/aaron/ur_ws/install/moveit_ros_planning:/home/aaron/ur_ws/install/moveit_ros_occupancy_map_monitor:/home/aaron/ur_ws/install/moveit_core:/home/aaron/ur_ws/install/moveit_resources_panda_moveit_config:/home/aaron/ur_ws/install/srdfdom:/home/aaron/ur_ws/install/moveit_resources_pr2_description:/home/aaron/ur_ws/install/moveit_resources_panda_description:/home/aaron/ur_ws/install/moveit_common:/opt/ros/humble LD_LIBRARY_PATH=/home/aaron/ur_ws/install/moveit_ros_planning/lib:/home/aaron/ur_ws/install/moveit_ros_occupancy_map_monitor/lib:/home/aaron/ur_ws/install/moveit_core/lib:/home/aaron/ur_ws/install/srdfdom/lib:${LD_LIBRARY_PATH} PATH=/home/aaron/ur_ws/install/moveit_core/bin:${PATH} PYTHONPATH=/home/aaron/ur_ws/install/moveit_configs_utils/lib/python3.10/site-packages:/home/aaron/ur_ws/install/srdfdom/local/lib/python3.10/dist-packages:/home/aaron/ur_ws/install/launch_param_builder/lib/python3.10/site-packages:${PYTHONPATH} /usr/bin/cmake --install /home/aaron/ur_ws/build/moveit_ros_perception
[2.751s] Level 1:colcon.colcon_core.shell:create_environment_hook('moveit_ros_perception', 'cmake_prefix_path')
[2.751s] INFO:colcon.colcon_core.shell:Creating environment hook '/home/aaron/ur_ws/install/moveit_ros_perception/share/moveit_ros_perception/hook/cmake_prefix_path.ps1'
[2.752s] INFO:colcon.colcon_core.shell:Creating environment descriptor '/home/aaron/ur_ws/install/moveit_ros_perception/share/moveit_ros_perception/hook/cmake_prefix_path.dsv'
[2.752s] INFO:colcon.colcon_core.shell:Creating environment hook '/home/aaron/ur_ws/install/moveit_ros_perception/share/moveit_ros_perception/hook/cmake_prefix_path.sh'
[2.752s] Level 1:colcon.colcon_core.environment:checking '/home/aaron/ur_ws/install/moveit_ros_perception/lib'
[2.752s] Level 1:colcon.colcon_core.shell:create_environment_hook('moveit_ros_perception', 'ld_library_path_lib')
[2.752s] INFO:colcon.colcon_core.shell:Creating environment hook '/home/aaron/ur_ws/install/moveit_ros_perception/share/moveit_ros_perception/hook/ld_library_path_lib.ps1'
[2.753s] INFO:colcon.colcon_core.shell:Creating environment descriptor '/home/aaron/ur_ws/install/moveit_ros_perception/share/moveit_ros_perception/hook/ld_library_path_lib.dsv'
[2.753s] INFO:colcon.colcon_core.shell:Creating environment hook '/home/aaron/ur_ws/install/moveit_ros_perception/share/moveit_ros_perception/hook/ld_library_path_lib.sh'
[2.753s] Level 1:colcon.colcon_core.environment:checking '/home/aaron/ur_ws/install/moveit_ros_perception/bin'
[2.753s] Level 1:colcon.colcon_core.environment:checking '/home/aaron/ur_ws/install/moveit_ros_perception/lib/pkgconfig/moveit_ros_perception.pc'
[2.753s] Level 1:colcon.colcon_core.environment:checking '/home/aaron/ur_ws/install/moveit_ros_perception/lib/python3.10/site-packages'
[2.753s] Level 1:colcon.colcon_core.environment:checking '/home/aaron/ur_ws/install/moveit_ros_perception/bin'
[2.754s] INFO:colcon.colcon_core.shell:Creating package script '/home/aaron/ur_ws/install/moveit_ros_perception/share/moveit_ros_perception/package.ps1'
[2.754s] INFO:colcon.colcon_core.shell:Creating package descriptor '/home/aaron/ur_ws/install/moveit_ros_perception/share/moveit_ros_perception/package.dsv'
[2.754s] INFO:colcon.colcon_core.shell:Creating package script '/home/aaron/ur_ws/install/moveit_ros_perception/share/moveit_ros_perception/package.sh'
[2.754s] INFO:colcon.colcon_core.shell:Creating package script '/home/aaron/ur_ws/install/moveit_ros_perception/share/moveit_ros_perception/package.bash'
[2.755s] INFO:colcon.colcon_core.shell:Creating package script '/home/aaron/ur_ws/install/moveit_ros_perception/share/moveit_ros_perception/package.zsh'
[2.755s] Level 1:colcon.colcon_core.environment:create_file_with_runtime_dependencies(/home/aaron/ur_ws/install/moveit_ros_perception/share/colcon-core/packages/moveit_ros_perception)
[2.755s] Level 1:colcon.colcon_core.environment:create_environment_scripts_only(moveit_ros_perception)
[2.755s] Level 1:colcon.colcon_core.environment:checking '/home/aaron/ur_ws/install/moveit_ros_perception' for CMake module files
[2.755s] Level 1:colcon.colcon_core.environment:checking '/home/aaron/ur_ws/install/moveit_ros_perception' for CMake config files
[2.756s] Level 1:colcon.colcon_core.shell:create_environment_hook('moveit_ros_perception', 'cmake_prefix_path')
[2.756s] INFO:colcon.colcon_core.shell:Creating environment hook '/home/aaron/ur_ws/install/moveit_ros_perception/share/moveit_ros_perception/hook/cmake_prefix_path.ps1'
[2.756s] INFO:colcon.colcon_core.shell:Creating environment descriptor '/home/aaron/ur_ws/install/moveit_ros_perception/share/moveit_ros_perception/hook/cmake_prefix_path.dsv'
[2.756s] INFO:colcon.colcon_core.shell:Creating environment hook '/home/aaron/ur_ws/install/moveit_ros_perception/share/moveit_ros_perception/hook/cmake_prefix_path.sh'
[2.756s] Level 1:colcon.colcon_core.environment:checking '/home/aaron/ur_ws/install/moveit_ros_perception/lib'
[2.756s] Level 1:colcon.colcon_core.shell:create_environment_hook('moveit_ros_perception', 'ld_library_path_lib')
[2.757s] INFO:colcon.colcon_core.shell:Creating environment hook '/home/aaron/ur_ws/install/moveit_ros_perception/share/moveit_ros_perception/hook/ld_library_path_lib.ps1'
[2.757s] INFO:colcon.colcon_core.shell:Creating environment descriptor '/home/aaron/ur_ws/install/moveit_ros_perception/share/moveit_ros_perception/hook/ld_library_path_lib.dsv'
[2.757s] INFO:colcon.colcon_core.shell:Creating environment hook '/home/aaron/ur_ws/install/moveit_ros_perception/share/moveit_ros_perception/hook/ld_library_path_lib.sh'
[2.757s] Level 1:colcon.colcon_core.environment:checking '/home/aaron/ur_ws/install/moveit_ros_perception/bin'
[2.757s] Level 1:colcon.colcon_core.environment:checking '/home/aaron/ur_ws/install/moveit_ros_perception/lib/pkgconfig/moveit_ros_perception.pc'
[2.757s] Level 1:colcon.colcon_core.environment:checking '/home/aaron/ur_ws/install/moveit_ros_perception/lib/python3.10/site-packages'
[2.758s] Level 1:colcon.colcon_core.environment:checking '/home/aaron/ur_ws/install/moveit_ros_perception/bin'
[2.758s] INFO:colcon.colcon_core.shell:Creating package script '/home/aaron/ur_ws/install/moveit_ros_perception/share/moveit_ros_perception/package.ps1'
[2.758s] INFO:colcon.colcon_core.shell:Creating package descriptor '/home/aaron/ur_ws/install/moveit_ros_perception/share/moveit_ros_perception/package.dsv'
[2.758s] INFO:colcon.colcon_core.shell:Creating package script '/home/aaron/ur_ws/install/moveit_ros_perception/share/moveit_ros_perception/package.sh'
[2.759s] INFO:colcon.colcon_core.shell:Creating package script '/home/aaron/ur_ws/install/moveit_ros_perception/share/moveit_ros_perception/package.bash'
[2.759s] INFO:colcon.colcon_core.shell:Creating package script '/home/aaron/ur_ws/install/moveit_ros_perception/share/moveit_ros_perception/package.zsh'
[2.759s] Level 1:colcon.colcon_core.environment:create_file_with_runtime_dependencies(/home/aaron/ur_ws/install/moveit_ros_perception/share/colcon-core/packages/moveit_ros_perception)
[2.762s] Level 1:colcon.colcon_core.environment:create_environment_scripts_only(moveit_planners_ompl)
[2.763s] Level 1:colcon.colcon_core.environment:checking '/home/aaron/ur_ws/install/moveit_planners_ompl' for CMake module files
[2.763s] Level 1:colcon.colcon_core.environment:checking '/home/aaron/ur_ws/install/moveit_planners_ompl' for CMake config files
[2.763s] DEBUG:colcon.colcon_core.event_handler.log_command:Invoking command in '/home/aaron/ur_ws/build/moveit_ros_move_group': AMENT_PREFIX_PATH=/home/aaron/ur_ws/install/moveit_kinematics:/home/aaron/ur_ws/install/moveit_ros_planning:/home/aaron/ur_ws/install/moveit_ros_occupancy_map_monitor:/home/aaron/ur_ws/install/moveit_core:/home/aaron/ur_ws/install/moveit_resources_panda_moveit_config:/home/aaron/ur_ws/install/moveit_resources_fanuc_moveit_config:/home/aaron/ur_ws/install/moveit_configs_utils:/home/aaron/ur_ws/install/srdfdom:/home/aaron/ur_ws/install/moveit_resources_pr2_description:/home/aaron/ur_ws/install/moveit_resources_panda_description:/home/aaron/ur_ws/install/moveit_resources_fanuc_description:/home/aaron/ur_ws/install/moveit_common:/home/aaron/ur_ws/install/launch_param_builder:${AMENT_PREFIX_PATH} CMAKE_PREFIX_PATH=/home/aaron/ur_ws/install/moveit_kinematics:/home/aaron/ur_ws/install/moveit_ros_planning:/home/aaron/ur_ws/install/moveit_ros_occupancy_map_monitor:/home/aaron/ur_ws/install/moveit_core:/home/aaron/ur_ws/install/moveit_resources_panda_moveit_config:/home/aaron/ur_ws/install/moveit_resources_fanuc_moveit_config:/home/aaron/ur_ws/install/srdfdom:/home/aaron/ur_ws/install/moveit_resources_pr2_description:/home/aaron/ur_ws/install/moveit_resources_panda_description:/home/aaron/ur_ws/install/moveit_resources_fanuc_description:/home/aaron/ur_ws/install/moveit_common:/opt/ros/humble LD_LIBRARY_PATH=/home/aaron/ur_ws/install/moveit_kinematics/lib:/home/aaron/ur_ws/install/moveit_ros_planning/lib:/home/aaron/ur_ws/install/moveit_ros_occupancy_map_monitor/lib:/home/aaron/ur_ws/install/moveit_core/lib:/home/aaron/ur_ws/install/srdfdom/lib:${LD_LIBRARY_PATH} PATH=/home/aaron/ur_ws/install/moveit_core/bin:${PATH} PYTHONPATH=/home/aaron/ur_ws/install/moveit_configs_utils/lib/python3.10/site-packages:/home/aaron/ur_ws/install/srdfdom/local/lib/python3.10/dist-packages:/home/aaron/ur_ws/install/launch_param_builder/lib/python3.10/site-packages:${PYTHONPATH} /usr/bin/cmake --build /home/aaron/ur_ws/build/moveit_ros_move_group -- -j20 -l20
[2.764s] DEBUG:colcon.colcon_core.event_handler.log_command:Invoked command in '/home/aaron/ur_ws/build/moveit_planners_ompl' returned '0': AMENT_PREFIX_PATH=/home/aaron/ur_ws/install/moveit_ros_planning:/home/aaron/ur_ws/install/moveit_ros_occupancy_map_monitor:/home/aaron/ur_ws/install/moveit_core:/home/aaron/ur_ws/install/moveit_resources_panda_moveit_config:/home/aaron/ur_ws/install/moveit_resources_fanuc_moveit_config:/home/aaron/ur_ws/install/moveit_configs_utils:/home/aaron/ur_ws/install/srdfdom:/home/aaron/ur_ws/install/moveit_resources_pr2_description:/home/aaron/ur_ws/install/moveit_resources_panda_description:/home/aaron/ur_ws/install/moveit_resources_fanuc_description:/home/aaron/ur_ws/install/moveit_common:/home/aaron/ur_ws/install/launch_param_builder:${AMENT_PREFIX_PATH} CMAKE_PREFIX_PATH=/home/aaron/ur_ws/install/moveit_ros_planning:/home/aaron/ur_ws/install/moveit_ros_occupancy_map_monitor:/home/aaron/ur_ws/install/moveit_core:/home/aaron/ur_ws/install/moveit_resources_panda_moveit_config:/home/aaron/ur_ws/install/moveit_resources_fanuc_moveit_config:/home/aaron/ur_ws/install/srdfdom:/home/aaron/ur_ws/install/moveit_resources_pr2_description:/home/aaron/ur_ws/install/moveit_resources_panda_description:/home/aaron/ur_ws/install/moveit_resources_fanuc_description:/home/aaron/ur_ws/install/moveit_common:/opt/ros/humble LD_LIBRARY_PATH=/home/aaron/ur_ws/install/moveit_ros_planning/lib:/home/aaron/ur_ws/install/moveit_ros_occupancy_map_monitor/lib:/home/aaron/ur_ws/install/moveit_core/lib:/home/aaron/ur_ws/install/srdfdom/lib:${LD_LIBRARY_PATH} PATH=/home/aaron/ur_ws/install/moveit_core/bin:${PATH} PYTHONPATH=/home/aaron/ur_ws/install/moveit_configs_utils/lib/python3.10/site-packages:/home/aaron/ur_ws/install/srdfdom/local/lib/python3.10/dist-packages:/home/aaron/ur_ws/install/launch_param_builder/lib/python3.10/site-packages:${PYTHONPATH} /usr/bin/cmake --install /home/aaron/ur_ws/build/moveit_planners_ompl
[2.764s] Level 1:colcon.colcon_core.shell:create_environment_hook('moveit_planners_ompl', 'cmake_prefix_path')
[2.764s] INFO:colcon.colcon_core.shell:Creating environment hook '/home/aaron/ur_ws/install/moveit_planners_ompl/share/moveit_planners_ompl/hook/cmake_prefix_path.ps1'
[2.764s] INFO:colcon.colcon_core.shell:Creating environment descriptor '/home/aaron/ur_ws/install/moveit_planners_ompl/share/moveit_planners_ompl/hook/cmake_prefix_path.dsv'
[2.765s] INFO:colcon.colcon_core.shell:Creating environment hook '/home/aaron/ur_ws/install/moveit_planners_ompl/share/moveit_planners_ompl/hook/cmake_prefix_path.sh'
[2.765s] Level 1:colcon.colcon_core.environment:checking '/home/aaron/ur_ws/install/moveit_planners_ompl/lib'
[2.765s] Level 1:colcon.colcon_core.shell:create_environment_hook('moveit_planners_ompl', 'ld_library_path_lib')
[2.765s] INFO:colcon.colcon_core.shell:Creating environment hook '/home/aaron/ur_ws/install/moveit_planners_ompl/share/moveit_planners_ompl/hook/ld_library_path_lib.ps1'
[2.765s] INFO:colcon.colcon_core.shell:Creating environment descriptor '/home/aaron/ur_ws/install/moveit_planners_ompl/share/moveit_planners_ompl/hook/ld_library_path_lib.dsv'
[2.766s] INFO:colcon.colcon_core.shell:Creating environment hook '/home/aaron/ur_ws/install/moveit_planners_ompl/share/moveit_planners_ompl/hook/ld_library_path_lib.sh'
[2.766s] Level 1:colcon.colcon_core.environment:checking '/home/aaron/ur_ws/install/moveit_planners_ompl/bin'
[2.766s] Level 1:colcon.colcon_core.environment:checking '/home/aaron/ur_ws/install/moveit_planners_ompl/lib/pkgconfig/moveit_planners_ompl.pc'
[2.766s] Level 1:colcon.colcon_core.environment:checking '/home/aaron/ur_ws/install/moveit_planners_ompl/lib/python3.10/site-packages'
[2.766s] Level 1:colcon.colcon_core.environment:checking '/home/aaron/ur_ws/install/moveit_planners_ompl/bin'
[2.766s] INFO:colcon.colcon_core.shell:Creating package script '/home/aaron/ur_ws/install/moveit_planners_ompl/share/moveit_planners_ompl/package.ps1'
[2.767s] INFO:colcon.colcon_core.shell:Creating package descriptor '/home/aaron/ur_ws/install/moveit_planners_ompl/share/moveit_planners_ompl/package.dsv'
[2.767s] INFO:colcon.colcon_core.shell:Creating package script '/home/aaron/ur_ws/install/moveit_planners_ompl/share/moveit_planners_ompl/package.sh'
[2.767s] INFO:colcon.colcon_core.shell:Creating package script '/home/aaron/ur_ws/install/moveit_planners_ompl/share/moveit_planners_ompl/package.bash'
[2.767s] INFO:colcon.colcon_core.shell:Creating package script '/home/aaron/ur_ws/install/moveit_planners_ompl/share/moveit_planners_ompl/package.zsh'
[2.767s] Level 1:colcon.colcon_core.environment:create_file_with_runtime_dependencies(/home/aaron/ur_ws/install/moveit_planners_ompl/share/colcon-core/packages/moveit_planners_ompl)
[2.768s] Level 1:colcon.colcon_core.environment:create_environment_scripts_only(moveit_planners_ompl)
[2.768s] Level 1:colcon.colcon_core.environment:checking '/home/aaron/ur_ws/install/moveit_planners_ompl' for CMake module files
[2.768s] Level 1:colcon.colcon_core.environment:checking '/home/aaron/ur_ws/install/moveit_planners_ompl' for CMake config files
[2.768s] Level 1:colcon.colcon_core.shell:create_environment_hook('moveit_planners_ompl', 'cmake_prefix_path')
[2.768s] INFO:colcon.colcon_core.shell:Creating environment hook '/home/aaron/ur_ws/install/moveit_planners_ompl/share/moveit_planners_ompl/hook/cmake_prefix_path.ps1'
[2.769s] INFO:colcon.colcon_core.shell:Creating environment descriptor '/home/aaron/ur_ws/install/moveit_planners_ompl/share/moveit_planners_ompl/hook/cmake_prefix_path.dsv'
[2.769s] INFO:colcon.colcon_core.shell:Creating environment hook '/home/aaron/ur_ws/install/moveit_planners_ompl/share/moveit_planners_ompl/hook/cmake_prefix_path.sh'
[2.769s] Level 1:colcon.colcon_core.environment:checking '/home/aaron/ur_ws/install/moveit_planners_ompl/lib'
[2.769s] Level 1:colcon.colcon_core.shell:create_environment_hook('moveit_planners_ompl', 'ld_library_path_lib')
[2.769s] INFO:colcon.colcon_core.shell:Creating environment hook '/home/aaron/ur_ws/install/moveit_planners_ompl/share/moveit_planners_ompl/hook/ld_library_path_lib.ps1'
[2.770s] INFO:colcon.colcon_core.shell:Creating environment descriptor '/home/aaron/ur_ws/install/moveit_planners_ompl/share/moveit_planners_ompl/hook/ld_library_path_lib.dsv'
[2.770s] INFO:colcon.colcon_core.shell:Creating environment hook '/home/aaron/ur_ws/install/moveit_planners_ompl/share/moveit_planners_ompl/hook/ld_library_path_lib.sh'
[2.770s] Level 1:colcon.colcon_core.environment:checking '/home/aaron/ur_ws/install/moveit_planners_ompl/bin'
[2.770s] Level 1:colcon.colcon_core.environment:checking '/home/aaron/ur_ws/install/moveit_planners_ompl/lib/pkgconfig/moveit_planners_ompl.pc'
[2.770s] Level 1:colcon.colcon_core.environment:checking '/home/aaron/ur_ws/install/moveit_planners_ompl/lib/python3.10/site-packages'
[2.770s] Level 1:colcon.colcon_core.environment:checking '/home/aaron/ur_ws/install/moveit_planners_ompl/bin'
[2.771s] INFO:colcon.colcon_core.shell:Creating package script '/home/aaron/ur_ws/install/moveit_planners_ompl/share/moveit_planners_ompl/package.ps1'
[2.771s] INFO:colcon.colcon_core.shell:Creating package descriptor '/home/aaron/ur_ws/install/moveit_planners_ompl/share/moveit_planners_ompl/package.dsv'
[2.771s] INFO:colcon.colcon_core.shell:Creating package script '/home/aaron/ur_ws/install/moveit_planners_ompl/share/moveit_planners_ompl/package.sh'
[2.771s] INFO:colcon.colcon_core.shell:Creating package script '/home/aaron/ur_ws/install/moveit_planners_ompl/share/moveit_planners_ompl/package.bash'
[2.772s] INFO:colcon.colcon_core.shell:Creating package script '/home/aaron/ur_ws/install/moveit_planners_ompl/share/moveit_planners_ompl/package.zsh'
[2.772s] Level 1:colcon.colcon_core.environment:create_file_with_runtime_dependencies(/home/aaron/ur_ws/install/moveit_planners_ompl/share/colcon-core/packages/moveit_planners_ompl)
[2.832s] DEBUG:colcon.colcon_core.event_handler.log_command:Invoked command in '/home/aaron/ur_ws/build/moveit_ros_benchmarks' returned '0': AMENT_PREFIX_PATH=/home/aaron/ur_ws/install/moveit_ros_warehouse:/home/aaron/ur_ws/install/moveit_ros_planning:/home/aaron/ur_ws/install/moveit_ros_occupancy_map_monitor:/home/aaron/ur_ws/install/moveit_core:/home/aaron/ur_ws/install/moveit_resources_panda_moveit_config:/home/aaron/ur_ws/install/moveit_configs_utils:/home/aaron/ur_ws/install/srdfdom:/home/aaron/ur_ws/install/moveit_resources_pr2_description:/home/aaron/ur_ws/install/moveit_resources_panda_description:/home/aaron/ur_ws/install/moveit_common:/home/aaron/ur_ws/install/launch_param_builder:${AMENT_PREFIX_PATH} CMAKE_PREFIX_PATH=/home/aaron/ur_ws/install/moveit_ros_warehouse:/home/aaron/ur_ws/install/moveit_ros_planning:/home/aaron/ur_ws/install/moveit_ros_occupancy_map_monitor:/home/aaron/ur_ws/install/moveit_core:/home/aaron/ur_ws/install/moveit_resources_panda_moveit_config:/home/aaron/ur_ws/install/srdfdom:/home/aaron/ur_ws/install/moveit_resources_pr2_description:/home/aaron/ur_ws/install/moveit_resources_panda_description:/home/aaron/ur_ws/install/moveit_common:/opt/ros/humble LD_LIBRARY_PATH=/home/aaron/ur_ws/install/moveit_ros_warehouse/lib:/home/aaron/ur_ws/install/moveit_ros_planning/lib:/home/aaron/ur_ws/install/moveit_ros_occupancy_map_monitor/lib:/home/aaron/ur_ws/install/moveit_core/lib:/home/aaron/ur_ws/install/srdfdom/lib:${LD_LIBRARY_PATH} PATH=/home/aaron/ur_ws/install/moveit_core/bin:${PATH} PYTHONPATH=/home/aaron/ur_ws/install/moveit_configs_utils/lib/python3.10/site-packages:/home/aaron/ur_ws/install/srdfdom/local/lib/python3.10/dist-packages:/home/aaron/ur_ws/install/launch_param_builder/lib/python3.10/site-packages:${PYTHONPATH} /usr/bin/cmake --build /home/aaron/ur_ws/build/moveit_ros_benchmarks -- -j20 -l20
[2.834s] DEBUG:colcon.colcon_core.event_handler.log_command:Invoking command in '/home/aaron/ur_ws/build/moveit_ros_benchmarks': AMENT_PREFIX_PATH=/home/aaron/ur_ws/install/moveit_ros_warehouse:/home/aaron/ur_ws/install/moveit_ros_planning:/home/aaron/ur_ws/install/moveit_ros_occupancy_map_monitor:/home/aaron/ur_ws/install/moveit_core:/home/aaron/ur_ws/install/moveit_resources_panda_moveit_config:/home/aaron/ur_ws/install/moveit_configs_utils:/home/aaron/ur_ws/install/srdfdom:/home/aaron/ur_ws/install/moveit_resources_pr2_description:/home/aaron/ur_ws/install/moveit_resources_panda_description:/home/aaron/ur_ws/install/moveit_common:/home/aaron/ur_ws/install/launch_param_builder:${AMENT_PREFIX_PATH} CMAKE_PREFIX_PATH=/home/aaron/ur_ws/install/moveit_ros_warehouse:/home/aaron/ur_ws/install/moveit_ros_planning:/home/aaron/ur_ws/install/moveit_ros_occupancy_map_monitor:/home/aaron/ur_ws/install/moveit_core:/home/aaron/ur_ws/install/moveit_resources_panda_moveit_config:/home/aaron/ur_ws/install/srdfdom:/home/aaron/ur_ws/install/moveit_resources_pr2_description:/home/aaron/ur_ws/install/moveit_resources_panda_description:/home/aaron/ur_ws/install/moveit_common:/opt/ros/humble LD_LIBRARY_PATH=/home/aaron/ur_ws/install/moveit_ros_warehouse/lib:/home/aaron/ur_ws/install/moveit_ros_planning/lib:/home/aaron/ur_ws/install/moveit_ros_occupancy_map_monitor/lib:/home/aaron/ur_ws/install/moveit_core/lib:/home/aaron/ur_ws/install/srdfdom/lib:${LD_LIBRARY_PATH} PATH=/home/aaron/ur_ws/install/moveit_core/bin:${PATH} PYTHONPATH=/home/aaron/ur_ws/install/moveit_configs_utils/lib/python3.10/site-packages:/home/aaron/ur_ws/install/srdfdom/local/lib/python3.10/dist-packages:/home/aaron/ur_ws/install/launch_param_builder/lib/python3.10/site-packages:${PYTHONPATH} /usr/bin/cmake --install /home/aaron/ur_ws/build/moveit_ros_benchmarks
[2.843s] Level 1:colcon.colcon_core.environment:create_environment_scripts_only(moveit_ros_benchmarks)
[2.844s] Level 1:colcon.colcon_core.environment:checking '/home/aaron/ur_ws/install/moveit_ros_benchmarks' for CMake module files
[2.844s] DEBUG:colcon.colcon_core.event_handler.log_command:Invoked command in '/home/aaron/ur_ws/build/moveit_ros_benchmarks' returned '0': AMENT_PREFIX_PATH=/home/aaron/ur_ws/install/moveit_ros_warehouse:/home/aaron/ur_ws/install/moveit_ros_planning:/home/aaron/ur_ws/install/moveit_ros_occupancy_map_monitor:/home/aaron/ur_ws/install/moveit_core:/home/aaron/ur_ws/install/moveit_resources_panda_moveit_config:/home/aaron/ur_ws/install/moveit_configs_utils:/home/aaron/ur_ws/install/srdfdom:/home/aaron/ur_ws/install/moveit_resources_pr2_description:/home/aaron/ur_ws/install/moveit_resources_panda_description:/home/aaron/ur_ws/install/moveit_common:/home/aaron/ur_ws/install/launch_param_builder:${AMENT_PREFIX_PATH} CMAKE_PREFIX_PATH=/home/aaron/ur_ws/install/moveit_ros_warehouse:/home/aaron/ur_ws/install/moveit_ros_planning:/home/aaron/ur_ws/install/moveit_ros_occupancy_map_monitor:/home/aaron/ur_ws/install/moveit_core:/home/aaron/ur_ws/install/moveit_resources_panda_moveit_config:/home/aaron/ur_ws/install/srdfdom:/home/aaron/ur_ws/install/moveit_resources_pr2_description:/home/aaron/ur_ws/install/moveit_resources_panda_description:/home/aaron/ur_ws/install/moveit_common:/opt/ros/humble LD_LIBRARY_PATH=/home/aaron/ur_ws/install/moveit_ros_warehouse/lib:/home/aaron/ur_ws/install/moveit_ros_planning/lib:/home/aaron/ur_ws/install/moveit_ros_occupancy_map_monitor/lib:/home/aaron/ur_ws/install/moveit_core/lib:/home/aaron/ur_ws/install/srdfdom/lib:${LD_LIBRARY_PATH} PATH=/home/aaron/ur_ws/install/moveit_core/bin:${PATH} PYTHONPATH=/home/aaron/ur_ws/install/moveit_configs_utils/lib/python3.10/site-packages:/home/aaron/ur_ws/install/srdfdom/local/lib/python3.10/dist-packages:/home/aaron/ur_ws/install/launch_param_builder/lib/python3.10/site-packages:${PYTHONPATH} /usr/bin/cmake --install /home/aaron/ur_ws/build/moveit_ros_benchmarks
[2.845s] Level 1:colcon.colcon_core.environment:checking '/home/aaron/ur_ws/install/moveit_ros_benchmarks' for CMake config files
[2.845s] Level 1:colcon.colcon_core.shell:create_environment_hook('moveit_ros_benchmarks', 'cmake_prefix_path')
[2.845s] INFO:colcon.colcon_core.shell:Creating environment hook '/home/aaron/ur_ws/install/moveit_ros_benchmarks/share/moveit_ros_benchmarks/hook/cmake_prefix_path.ps1'
[2.846s] INFO:colcon.colcon_core.shell:Creating environment descriptor '/home/aaron/ur_ws/install/moveit_ros_benchmarks/share/moveit_ros_benchmarks/hook/cmake_prefix_path.dsv'
[2.846s] INFO:colcon.colcon_core.shell:Creating environment hook '/home/aaron/ur_ws/install/moveit_ros_benchmarks/share/moveit_ros_benchmarks/hook/cmake_prefix_path.sh'
[2.847s] Level 1:colcon.colcon_core.environment:checking '/home/aaron/ur_ws/install/moveit_ros_benchmarks/lib'
[2.847s] Level 1:colcon.colcon_core.shell:create_environment_hook('moveit_ros_benchmarks', 'ld_library_path_lib')
[2.847s] INFO:colcon.colcon_core.shell:Creating environment hook '/home/aaron/ur_ws/install/moveit_ros_benchmarks/share/moveit_ros_benchmarks/hook/ld_library_path_lib.ps1'
[2.848s] INFO:colcon.colcon_core.shell:Creating environment descriptor '/home/aaron/ur_ws/install/moveit_ros_benchmarks/share/moveit_ros_benchmarks/hook/ld_library_path_lib.dsv'
[2.848s] INFO:colcon.colcon_core.shell:Creating environment hook '/home/aaron/ur_ws/install/moveit_ros_benchmarks/share/moveit_ros_benchmarks/hook/ld_library_path_lib.sh'
[2.849s] Level 1:colcon.colcon_core.environment:checking '/home/aaron/ur_ws/install/moveit_ros_benchmarks/bin'
[2.849s] Level 1:colcon.colcon_core.environment:checking '/home/aaron/ur_ws/install/moveit_ros_benchmarks/lib/pkgconfig/moveit_ros_benchmarks.pc'
[2.849s] Level 1:colcon.colcon_core.environment:checking '/home/aaron/ur_ws/install/moveit_ros_benchmarks/lib/python3.10/site-packages'
[2.849s] Level 1:colcon.colcon_core.environment:checking '/home/aaron/ur_ws/install/moveit_ros_benchmarks/bin'
[2.850s] INFO:colcon.colcon_core.shell:Creating package script '/home/aaron/ur_ws/install/moveit_ros_benchmarks/share/moveit_ros_benchmarks/package.ps1'
[2.850s] INFO:colcon.colcon_core.shell:Creating package descriptor '/home/aaron/ur_ws/install/moveit_ros_benchmarks/share/moveit_ros_benchmarks/package.dsv'
[2.851s] INFO:colcon.colcon_core.shell:Creating package script '/home/aaron/ur_ws/install/moveit_ros_benchmarks/share/moveit_ros_benchmarks/package.sh'
[2.851s] INFO:colcon.colcon_core.shell:Creating package script '/home/aaron/ur_ws/install/moveit_ros_benchmarks/share/moveit_ros_benchmarks/package.bash'
[2.852s] INFO:colcon.colcon_core.shell:Creating package script '/home/aaron/ur_ws/install/moveit_ros_benchmarks/share/moveit_ros_benchmarks/package.zsh'
[2.852s] Level 1:colcon.colcon_core.environment:create_file_with_runtime_dependencies(/home/aaron/ur_ws/install/moveit_ros_benchmarks/share/colcon-core/packages/moveit_ros_benchmarks)
[2.853s] Level 1:colcon.colcon_core.environment:create_environment_scripts_only(moveit_ros_benchmarks)
[2.853s] Level 1:colcon.colcon_core.environment:checking '/home/aaron/ur_ws/install/moveit_ros_benchmarks' for CMake module files
[2.853s] Level 1:colcon.colcon_core.environment:checking '/home/aaron/ur_ws/install/moveit_ros_benchmarks' for CMake config files
[2.853s] Level 1:colcon.colcon_core.shell:create_environment_hook('moveit_ros_benchmarks', 'cmake_prefix_path')
[2.853s] INFO:colcon.colcon_core.shell:Creating environment hook '/home/aaron/ur_ws/install/moveit_ros_benchmarks/share/moveit_ros_benchmarks/hook/cmake_prefix_path.ps1'
[2.853s] INFO:colcon.colcon_core.shell:Creating environment descriptor '/home/aaron/ur_ws/install/moveit_ros_benchmarks/share/moveit_ros_benchmarks/hook/cmake_prefix_path.dsv'
[2.854s] INFO:colcon.colcon_core.shell:Creating environment hook '/home/aaron/ur_ws/install/moveit_ros_benchmarks/share/moveit_ros_benchmarks/hook/cmake_prefix_path.sh'
[2.854s] Level 1:colcon.colcon_core.environment:checking '/home/aaron/ur_ws/install/moveit_ros_benchmarks/lib'
[2.854s] Level 1:colcon.colcon_core.shell:create_environment_hook('moveit_ros_benchmarks', 'ld_library_path_lib')
[2.854s] INFO:colcon.colcon_core.shell:Creating environment hook '/home/aaron/ur_ws/install/moveit_ros_benchmarks/share/moveit_ros_benchmarks/hook/ld_library_path_lib.ps1'
[2.854s] INFO:colcon.colcon_core.shell:Creating environment descriptor '/home/aaron/ur_ws/install/moveit_ros_benchmarks/share/moveit_ros_benchmarks/hook/ld_library_path_lib.dsv'
[2.855s] INFO:colcon.colcon_core.shell:Creating environment hook '/home/aaron/ur_ws/install/moveit_ros_benchmarks/share/moveit_ros_benchmarks/hook/ld_library_path_lib.sh'
[2.855s] Level 1:colcon.colcon_core.environment:checking '/home/aaron/ur_ws/install/moveit_ros_benchmarks/bin'
[2.855s] Level 1:colcon.colcon_core.environment:checking '/home/aaron/ur_ws/install/moveit_ros_benchmarks/lib/pkgconfig/moveit_ros_benchmarks.pc'
[2.855s] Level 1:colcon.colcon_core.environment:checking '/home/aaron/ur_ws/install/moveit_ros_benchmarks/lib/python3.10/site-packages'
[2.855s] Level 1:colcon.colcon_core.environment:checking '/home/aaron/ur_ws/install/moveit_ros_benchmarks/bin'
[2.855s] INFO:colcon.colcon_core.shell:Creating package script '/home/aaron/ur_ws/install/moveit_ros_benchmarks/share/moveit_ros_benchmarks/package.ps1'
[2.856s] INFO:colcon.colcon_core.shell:Creating package descriptor '/home/aaron/ur_ws/install/moveit_ros_benchmarks/share/moveit_ros_benchmarks/package.dsv'
[2.856s] INFO:colcon.colcon_core.shell:Creating package script '/home/aaron/ur_ws/install/moveit_ros_benchmarks/share/moveit_ros_benchmarks/package.sh'
[2.856s] INFO:colcon.colcon_core.shell:Creating package script '/home/aaron/ur_ws/install/moveit_ros_benchmarks/share/moveit_ros_benchmarks/package.bash'
[2.856s] INFO:colcon.colcon_core.shell:Creating package script '/home/aaron/ur_ws/install/moveit_ros_benchmarks/share/moveit_ros_benchmarks/package.zsh'
[2.857s] Level 1:colcon.colcon_core.environment:create_file_with_runtime_dependencies(/home/aaron/ur_ws/install/moveit_ros_benchmarks/share/colcon-core/packages/moveit_ros_benchmarks)
[2.895s] DEBUG:colcon.colcon_core.event_handler.log_command:Invoked command in '/home/aaron/ur_ws/build/moveit_ros_move_group' returned '0': AMENT_PREFIX_PATH=/home/aaron/ur_ws/install/moveit_kinematics:/home/aaron/ur_ws/install/moveit_ros_planning:/home/aaron/ur_ws/install/moveit_ros_occupancy_map_monitor:/home/aaron/ur_ws/install/moveit_core:/home/aaron/ur_ws/install/moveit_resources_panda_moveit_config:/home/aaron/ur_ws/install/moveit_resources_fanuc_moveit_config:/home/aaron/ur_ws/install/moveit_configs_utils:/home/aaron/ur_ws/install/srdfdom:/home/aaron/ur_ws/install/moveit_resources_pr2_description:/home/aaron/ur_ws/install/moveit_resources_panda_description:/home/aaron/ur_ws/install/moveit_resources_fanuc_description:/home/aaron/ur_ws/install/moveit_common:/home/aaron/ur_ws/install/launch_param_builder:${AMENT_PREFIX_PATH} CMAKE_PREFIX_PATH=/home/aaron/ur_ws/install/moveit_kinematics:/home/aaron/ur_ws/install/moveit_ros_planning:/home/aaron/ur_ws/install/moveit_ros_occupancy_map_monitor:/home/aaron/ur_ws/install/moveit_core:/home/aaron/ur_ws/install/moveit_resources_panda_moveit_config:/home/aaron/ur_ws/install/moveit_resources_fanuc_moveit_config:/home/aaron/ur_ws/install/srdfdom:/home/aaron/ur_ws/install/moveit_resources_pr2_description:/home/aaron/ur_ws/install/moveit_resources_panda_description:/home/aaron/ur_ws/install/moveit_resources_fanuc_description:/home/aaron/ur_ws/install/moveit_common:/opt/ros/humble LD_LIBRARY_PATH=/home/aaron/ur_ws/install/moveit_kinematics/lib:/home/aaron/ur_ws/install/moveit_ros_planning/lib:/home/aaron/ur_ws/install/moveit_ros_occupancy_map_monitor/lib:/home/aaron/ur_ws/install/moveit_core/lib:/home/aaron/ur_ws/install/srdfdom/lib:${LD_LIBRARY_PATH} PATH=/home/aaron/ur_ws/install/moveit_core/bin:${PATH} PYTHONPATH=/home/aaron/ur_ws/install/moveit_configs_utils/lib/python3.10/site-packages:/home/aaron/ur_ws/install/srdfdom/local/lib/python3.10/dist-packages:/home/aaron/ur_ws/install/launch_param_builder/lib/python3.10/site-packages:${PYTHONPATH} /usr/bin/cmake --build /home/aaron/ur_ws/build/moveit_ros_move_group -- -j20 -l20
[2.897s] DEBUG:colcon.colcon_core.event_handler.log_command:Invoking command in '/home/aaron/ur_ws/build/moveit_ros_move_group': AMENT_PREFIX_PATH=/home/aaron/ur_ws/install/moveit_kinematics:/home/aaron/ur_ws/install/moveit_ros_planning:/home/aaron/ur_ws/install/moveit_ros_occupancy_map_monitor:/home/aaron/ur_ws/install/moveit_core:/home/aaron/ur_ws/install/moveit_resources_panda_moveit_config:/home/aaron/ur_ws/install/moveit_resources_fanuc_moveit_config:/home/aaron/ur_ws/install/moveit_configs_utils:/home/aaron/ur_ws/install/srdfdom:/home/aaron/ur_ws/install/moveit_resources_pr2_description:/home/aaron/ur_ws/install/moveit_resources_panda_description:/home/aaron/ur_ws/install/moveit_resources_fanuc_description:/home/aaron/ur_ws/install/moveit_common:/home/aaron/ur_ws/install/launch_param_builder:${AMENT_PREFIX_PATH} CMAKE_PREFIX_PATH=/home/aaron/ur_ws/install/moveit_kinematics:/home/aaron/ur_ws/install/moveit_ros_planning:/home/aaron/ur_ws/install/moveit_ros_occupancy_map_monitor:/home/aaron/ur_ws/install/moveit_core:/home/aaron/ur_ws/install/moveit_resources_panda_moveit_config:/home/aaron/ur_ws/install/moveit_resources_fanuc_moveit_config:/home/aaron/ur_ws/install/srdfdom:/home/aaron/ur_ws/install/moveit_resources_pr2_description:/home/aaron/ur_ws/install/moveit_resources_panda_description:/home/aaron/ur_ws/install/moveit_resources_fanuc_description:/home/aaron/ur_ws/install/moveit_common:/opt/ros/humble LD_LIBRARY_PATH=/home/aaron/ur_ws/install/moveit_kinematics/lib:/home/aaron/ur_ws/install/moveit_ros_planning/lib:/home/aaron/ur_ws/install/moveit_ros_occupancy_map_monitor/lib:/home/aaron/ur_ws/install/moveit_core/lib:/home/aaron/ur_ws/install/srdfdom/lib:${LD_LIBRARY_PATH} PATH=/home/aaron/ur_ws/install/moveit_core/bin:${PATH} PYTHONPATH=/home/aaron/ur_ws/install/moveit_configs_utils/lib/python3.10/site-packages:/home/aaron/ur_ws/install/srdfdom/local/lib/python3.10/dist-packages:/home/aaron/ur_ws/install/launch_param_builder/lib/python3.10/site-packages:${PYTHONPATH} /usr/bin/cmake --install /home/aaron/ur_ws/build/moveit_ros_move_group
[2.906s] Level 1:colcon.colcon_core.environment:create_environment_scripts_only(moveit_ros_move_group)
[2.906s] Level 1:colcon.colcon_core.environment:checking '/home/aaron/ur_ws/install/moveit_ros_move_group' for CMake module files
[2.907s] DEBUG:colcon.colcon_core.event_handler.log_command:Invoked command in '/home/aaron/ur_ws/build/moveit_ros_move_group' returned '0': AMENT_PREFIX_PATH=/home/aaron/ur_ws/install/moveit_kinematics:/home/aaron/ur_ws/install/moveit_ros_planning:/home/aaron/ur_ws/install/moveit_ros_occupancy_map_monitor:/home/aaron/ur_ws/install/moveit_core:/home/aaron/ur_ws/install/moveit_resources_panda_moveit_config:/home/aaron/ur_ws/install/moveit_resources_fanuc_moveit_config:/home/aaron/ur_ws/install/moveit_configs_utils:/home/aaron/ur_ws/install/srdfdom:/home/aaron/ur_ws/install/moveit_resources_pr2_description:/home/aaron/ur_ws/install/moveit_resources_panda_description:/home/aaron/ur_ws/install/moveit_resources_fanuc_description:/home/aaron/ur_ws/install/moveit_common:/home/aaron/ur_ws/install/launch_param_builder:${AMENT_PREFIX_PATH} CMAKE_PREFIX_PATH=/home/aaron/ur_ws/install/moveit_kinematics:/home/aaron/ur_ws/install/moveit_ros_planning:/home/aaron/ur_ws/install/moveit_ros_occupancy_map_monitor:/home/aaron/ur_ws/install/moveit_core:/home/aaron/ur_ws/install/moveit_resources_panda_moveit_config:/home/aaron/ur_ws/install/moveit_resources_fanuc_moveit_config:/home/aaron/ur_ws/install/srdfdom:/home/aaron/ur_ws/install/moveit_resources_pr2_description:/home/aaron/ur_ws/install/moveit_resources_panda_description:/home/aaron/ur_ws/install/moveit_resources_fanuc_description:/home/aaron/ur_ws/install/moveit_common:/opt/ros/humble LD_LIBRARY_PATH=/home/aaron/ur_ws/install/moveit_kinematics/lib:/home/aaron/ur_ws/install/moveit_ros_planning/lib:/home/aaron/ur_ws/install/moveit_ros_occupancy_map_monitor/lib:/home/aaron/ur_ws/install/moveit_core/lib:/home/aaron/ur_ws/install/srdfdom/lib:${LD_LIBRARY_PATH} PATH=/home/aaron/ur_ws/install/moveit_core/bin:${PATH} PYTHONPATH=/home/aaron/ur_ws/install/moveit_configs_utils/lib/python3.10/site-packages:/home/aaron/ur_ws/install/srdfdom/local/lib/python3.10/dist-packages:/home/aaron/ur_ws/install/launch_param_builder/lib/python3.10/site-packages:${PYTHONPATH} /usr/bin/cmake --install /home/aaron/ur_ws/build/moveit_ros_move_group
[2.907s] Level 1:colcon.colcon_core.environment:checking '/home/aaron/ur_ws/install/moveit_ros_move_group' for CMake config files
[2.907s] Level 1:colcon.colcon_core.shell:create_environment_hook('moveit_ros_move_group', 'cmake_prefix_path')
[2.907s] INFO:colcon.colcon_core.shell:Creating environment hook '/home/aaron/ur_ws/install/moveit_ros_move_group/share/moveit_ros_move_group/hook/cmake_prefix_path.ps1'
[2.908s] INFO:colcon.colcon_core.shell:Creating environment descriptor '/home/aaron/ur_ws/install/moveit_ros_move_group/share/moveit_ros_move_group/hook/cmake_prefix_path.dsv'
[2.908s] INFO:colcon.colcon_core.shell:Creating environment hook '/home/aaron/ur_ws/install/moveit_ros_move_group/share/moveit_ros_move_group/hook/cmake_prefix_path.sh'
[2.908s] Level 1:colcon.colcon_core.environment:checking '/home/aaron/ur_ws/install/moveit_ros_move_group/lib'
[2.908s] Level 1:colcon.colcon_core.shell:create_environment_hook('moveit_ros_move_group', 'ld_library_path_lib')
[2.909s] INFO:colcon.colcon_core.shell:Creating environment hook '/home/aaron/ur_ws/install/moveit_ros_move_group/share/moveit_ros_move_group/hook/ld_library_path_lib.ps1'
[2.909s] INFO:colcon.colcon_core.shell:Creating environment descriptor '/home/aaron/ur_ws/install/moveit_ros_move_group/share/moveit_ros_move_group/hook/ld_library_path_lib.dsv'
[2.909s] INFO:colcon.colcon_core.shell:Creating environment hook '/home/aaron/ur_ws/install/moveit_ros_move_group/share/moveit_ros_move_group/hook/ld_library_path_lib.sh'
[2.909s] Level 1:colcon.colcon_core.environment:checking '/home/aaron/ur_ws/install/moveit_ros_move_group/bin'
[2.909s] Level 1:colcon.colcon_core.environment:checking '/home/aaron/ur_ws/install/moveit_ros_move_group/lib/pkgconfig/moveit_ros_move_group.pc'
[2.910s] Level 1:colcon.colcon_core.environment:checking '/home/aaron/ur_ws/install/moveit_ros_move_group/lib/python3.10/site-packages'
[2.910s] Level 1:colcon.colcon_core.environment:checking '/home/aaron/ur_ws/install/moveit_ros_move_group/bin'
[2.910s] INFO:colcon.colcon_core.shell:Creating package script '/home/aaron/ur_ws/install/moveit_ros_move_group/share/moveit_ros_move_group/package.ps1'
[2.910s] INFO:colcon.colcon_core.shell:Creating package descriptor '/home/aaron/ur_ws/install/moveit_ros_move_group/share/moveit_ros_move_group/package.dsv'
[2.911s] INFO:colcon.colcon_core.shell:Creating package script '/home/aaron/ur_ws/install/moveit_ros_move_group/share/moveit_ros_move_group/package.sh'
[2.911s] INFO:colcon.colcon_core.shell:Creating package script '/home/aaron/ur_ws/install/moveit_ros_move_group/share/moveit_ros_move_group/package.bash'
[2.911s] INFO:colcon.colcon_core.shell:Creating package script '/home/aaron/ur_ws/install/moveit_ros_move_group/share/moveit_ros_move_group/package.zsh'
[2.911s] Level 1:colcon.colcon_core.environment:create_file_with_runtime_dependencies(/home/aaron/ur_ws/install/moveit_ros_move_group/share/colcon-core/packages/moveit_ros_move_group)
[2.912s] Level 1:colcon.colcon_core.environment:create_environment_scripts_only(moveit_ros_move_group)
[2.912s] Level 1:colcon.colcon_core.environment:checking '/home/aaron/ur_ws/install/moveit_ros_move_group' for CMake module files
[2.912s] Level 1:colcon.colcon_core.environment:checking '/home/aaron/ur_ws/install/moveit_ros_move_group' for CMake config files
[2.912s] Level 1:colcon.colcon_core.shell:create_environment_hook('moveit_ros_move_group', 'cmake_prefix_path')
[2.912s] INFO:colcon.colcon_core.shell:Creating environment hook '/home/aaron/ur_ws/install/moveit_ros_move_group/share/moveit_ros_move_group/hook/cmake_prefix_path.ps1'
[2.913s] INFO:colcon.colcon_core.shell:Creating environment descriptor '/home/aaron/ur_ws/install/moveit_ros_move_group/share/moveit_ros_move_group/hook/cmake_prefix_path.dsv'
[2.913s] INFO:colcon.colcon_core.shell:Creating environment hook '/home/aaron/ur_ws/install/moveit_ros_move_group/share/moveit_ros_move_group/hook/cmake_prefix_path.sh'
[2.913s] Level 1:colcon.colcon_core.environment:checking '/home/aaron/ur_ws/install/moveit_ros_move_group/lib'
[2.913s] Level 1:colcon.colcon_core.shell:create_environment_hook('moveit_ros_move_group', 'ld_library_path_lib')
[2.913s] INFO:colcon.colcon_core.shell:Creating environment hook '/home/aaron/ur_ws/install/moveit_ros_move_group/share/moveit_ros_move_group/hook/ld_library_path_lib.ps1'
[2.913s] INFO:colcon.colcon_core.shell:Creating environment descriptor '/home/aaron/ur_ws/install/moveit_ros_move_group/share/moveit_ros_move_group/hook/ld_library_path_lib.dsv'
[2.914s] INFO:colcon.colcon_core.shell:Creating environment hook '/home/aaron/ur_ws/install/moveit_ros_move_group/share/moveit_ros_move_group/hook/ld_library_path_lib.sh'
[2.914s] Level 1:colcon.colcon_core.environment:checking '/home/aaron/ur_ws/install/moveit_ros_move_group/bin'
[2.914s] Level 1:colcon.colcon_core.environment:checking '/home/aaron/ur_ws/install/moveit_ros_move_group/lib/pkgconfig/moveit_ros_move_group.pc'
[2.914s] Level 1:colcon.colcon_core.environment:checking '/home/aaron/ur_ws/install/moveit_ros_move_group/lib/python3.10/site-packages'
[2.914s] Level 1:colcon.colcon_core.environment:checking '/home/aaron/ur_ws/install/moveit_ros_move_group/bin'
[2.914s] INFO:colcon.colcon_core.shell:Creating package script '/home/aaron/ur_ws/install/moveit_ros_move_group/share/moveit_ros_move_group/package.ps1'
[2.915s] INFO:colcon.colcon_core.shell:Creating package descriptor '/home/aaron/ur_ws/install/moveit_ros_move_group/share/moveit_ros_move_group/package.dsv'
[2.915s] INFO:colcon.colcon_core.shell:Creating package script '/home/aaron/ur_ws/install/moveit_ros_move_group/share/moveit_ros_move_group/package.sh'
[2.916s] INFO:colcon.colcon_core.shell:Creating package script '/home/aaron/ur_ws/install/moveit_ros_move_group/share/moveit_ros_move_group/package.bash'
[2.916s] INFO:colcon.colcon_core.shell:Creating package script '/home/aaron/ur_ws/install/moveit_ros_move_group/share/moveit_ros_move_group/package.zsh'
[2.916s] Level 1:colcon.colcon_core.environment:create_file_with_runtime_dependencies(/home/aaron/ur_ws/install/moveit_ros_move_group/share/colcon-core/packages/moveit_ros_move_group)
[2.916s] INFO:colcon.colcon_ros.task.ament_cmake.build:Building ROS package in '/home/aaron/ur_ws/src/moveit2/moveit_ros/planning_interface' with build type 'ament_cmake'
[2.916s] INFO:colcon.colcon_cmake.task.cmake.build:Building CMake package in '/home/aaron/ur_ws/src/moveit2/moveit_ros/planning_interface'
[2.917s] INFO:colcon.colcon_core.shell:Skip shell extension 'powershell' for command environment: Not usable outside of PowerShell
[2.917s] DEBUG:colcon.colcon_core.shell:Skip shell extension 'dsv' for command environment
[2.919s] INFO:colcon.colcon_ros.task.ament_cmake.build:Building ROS package in '/home/aaron/ur_ws/src/moveit2/moveit_planners/test_configs/prbt_moveit_config' with build type 'ament_cmake'
[2.919s] INFO:colcon.colcon_cmake.task.cmake.build:Building CMake package in '/home/aaron/ur_ws/src/moveit2/moveit_planners/test_configs/prbt_moveit_config'
[2.919s] INFO:colcon.colcon_core.shell:Skip shell extension 'powershell' for command environment: Not usable outside of PowerShell
[2.920s] DEBUG:colcon.colcon_core.shell:Skip shell extension 'dsv' for command environment
[2.947s] DEBUG:colcon.colcon_core.event_handler.log_command:Invoking command in '/home/aaron/ur_ws/build/moveit_ros_planning_interface': AMENT_PREFIX_PATH=/home/aaron/ur_ws/install/moveit_ros_move_group:/home/aaron/ur_ws/install/moveit_ros_warehouse:/home/aaron/ur_ws/install/moveit_planners_ompl:/home/aaron/ur_ws/install/moveit_kinematics:/home/aaron/ur_ws/install/moveit_ros_planning:/home/aaron/ur_ws/install/moveit_simple_controller_manager:/home/aaron/ur_ws/install/moveit_ros_occupancy_map_monitor:/home/aaron/ur_ws/install/moveit_core:/home/aaron/ur_ws/install/moveit_resources_panda_moveit_config:/home/aaron/ur_ws/install/moveit_resources_fanuc_moveit_config:/home/aaron/ur_ws/install/moveit_configs_utils:/home/aaron/ur_ws/install/srdfdom:/home/aaron/ur_ws/install/moveit_resources_pr2_description:/home/aaron/ur_ws/install/moveit_resources_panda_description:/home/aaron/ur_ws/install/moveit_resources_fanuc_description:/home/aaron/ur_ws/install/moveit_common:/home/aaron/ur_ws/install/launch_param_builder:${AMENT_PREFIX_PATH} CMAKE_PREFIX_PATH=/home/aaron/ur_ws/install/moveit_ros_move_group:/home/aaron/ur_ws/install/moveit_ros_warehouse:/home/aaron/ur_ws/install/moveit_planners_ompl:/home/aaron/ur_ws/install/moveit_kinematics:/home/aaron/ur_ws/install/moveit_ros_planning:/home/aaron/ur_ws/install/moveit_simple_controller_manager:/home/aaron/ur_ws/install/moveit_ros_occupancy_map_monitor:/home/aaron/ur_ws/install/moveit_core:/home/aaron/ur_ws/install/moveit_resources_panda_moveit_config:/home/aaron/ur_ws/install/moveit_resources_fanuc_moveit_config:/home/aaron/ur_ws/install/srdfdom:/home/aaron/ur_ws/install/moveit_resources_pr2_description:/home/aaron/ur_ws/install/moveit_resources_panda_description:/home/aaron/ur_ws/install/moveit_resources_fanuc_description:/home/aaron/ur_ws/install/moveit_common:/opt/ros/humble LD_LIBRARY_PATH=/home/aaron/ur_ws/install/moveit_ros_move_group/lib:/home/aaron/ur_ws/install/moveit_ros_warehouse/lib:/home/aaron/ur_ws/install/moveit_planners_ompl/lib:/home/aaron/ur_ws/install/moveit_kinematics/lib:/home/aaron/ur_ws/install/moveit_ros_planning/lib:/home/aaron/ur_ws/install/moveit_simple_controller_manager/lib:/home/aaron/ur_ws/install/moveit_ros_occupancy_map_monitor/lib:/home/aaron/ur_ws/install/moveit_core/lib:/home/aaron/ur_ws/install/srdfdom/lib:${LD_LIBRARY_PATH} PATH=/home/aaron/ur_ws/install/moveit_core/bin:${PATH} PYTHONPATH=/home/aaron/ur_ws/install/moveit_configs_utils/lib/python3.10/site-packages:/home/aaron/ur_ws/install/srdfdom/local/lib/python3.10/dist-packages:/home/aaron/ur_ws/install/launch_param_builder/lib/python3.10/site-packages:${PYTHONPATH} /usr/bin/cmake --build /home/aaron/ur_ws/build/moveit_ros_planning_interface -- -j20 -l20
[2.949s] DEBUG:colcon.colcon_core.event_handler.log_command:Invoking command in '/home/aaron/ur_ws/build/moveit_resources_prbt_moveit_config': AMENT_PREFIX_PATH=/home/aaron/ur_ws/install/moveit_ros_move_group:/home/aaron/ur_ws/install/moveit_kinematics:/home/aaron/ur_ws/install/moveit_ros_planning:/home/aaron/ur_ws/install/moveit_ros_occupancy_map_monitor:/home/aaron/ur_ws/install/moveit_resources_prbt_ikfast_manipulator_plugin:/home/aaron/ur_ws/install/moveit_core:/home/aaron/ur_ws/install/moveit_resources_panda_moveit_config:/home/aaron/ur_ws/install/moveit_resources_fanuc_moveit_config:/home/aaron/ur_ws/install/moveit_configs_utils:/home/aaron/ur_ws/install/srdfdom:/home/aaron/ur_ws/install/moveit_resources_prbt_support:/home/aaron/ur_ws/install/moveit_resources_pr2_description:/home/aaron/ur_ws/install/moveit_resources_panda_description:/home/aaron/ur_ws/install/moveit_resources_fanuc_description:/home/aaron/ur_ws/install/moveit_common:/home/aaron/ur_ws/install/launch_param_builder:${AMENT_PREFIX_PATH} CMAKE_PREFIX_PATH=/home/aaron/ur_ws/install/moveit_ros_move_group:/home/aaron/ur_ws/install/moveit_kinematics:/home/aaron/ur_ws/install/moveit_ros_planning:/home/aaron/ur_ws/install/moveit_ros_occupancy_map_monitor:/home/aaron/ur_ws/install/moveit_resources_prbt_ikfast_manipulator_plugin:/home/aaron/ur_ws/install/moveit_core:/home/aaron/ur_ws/install/moveit_resources_panda_moveit_config:/home/aaron/ur_ws/install/moveit_resources_fanuc_moveit_config:/home/aaron/ur_ws/install/srdfdom:/home/aaron/ur_ws/install/moveit_resources_prbt_support:/home/aaron/ur_ws/install/moveit_resources_pr2_description:/home/aaron/ur_ws/install/moveit_resources_panda_description:/home/aaron/ur_ws/install/moveit_resources_fanuc_description:/home/aaron/ur_ws/install/moveit_common:/opt/ros/humble LD_LIBRARY_PATH=/home/aaron/ur_ws/install/moveit_ros_move_group/lib:/home/aaron/ur_ws/install/moveit_kinematics/lib:/home/aaron/ur_ws/install/moveit_ros_planning/lib:/home/aaron/ur_ws/install/moveit_ros_occupancy_map_monitor/lib:/home/aaron/ur_ws/install/moveit_resources_prbt_ikfast_manipulator_plugin/lib:/home/aaron/ur_ws/install/moveit_core/lib:/home/aaron/ur_ws/install/srdfdom/lib:${LD_LIBRARY_PATH} PATH=/home/aaron/ur_ws/install/moveit_core/bin:${PATH} PYTHONPATH=/home/aaron/ur_ws/install/moveit_configs_utils/lib/python3.10/site-packages:/home/aaron/ur_ws/install/srdfdom/local/lib/python3.10/dist-packages:/home/aaron/ur_ws/install/launch_param_builder/lib/python3.10/site-packages:${PYTHONPATH} /usr/bin/cmake --build /home/aaron/ur_ws/build/moveit_resources_prbt_moveit_config -- -j20 -l20
[2.986s] DEBUG:colcon.colcon_core.event_handler.log_command:Invoked command in '/home/aaron/ur_ws/build/moveit_resources_prbt_moveit_config' returned '0': AMENT_PREFIX_PATH=/home/aaron/ur_ws/install/moveit_ros_move_group:/home/aaron/ur_ws/install/moveit_kinematics:/home/aaron/ur_ws/install/moveit_ros_planning:/home/aaron/ur_ws/install/moveit_ros_occupancy_map_monitor:/home/aaron/ur_ws/install/moveit_resources_prbt_ikfast_manipulator_plugin:/home/aaron/ur_ws/install/moveit_core:/home/aaron/ur_ws/install/moveit_resources_panda_moveit_config:/home/aaron/ur_ws/install/moveit_resources_fanuc_moveit_config:/home/aaron/ur_ws/install/moveit_configs_utils:/home/aaron/ur_ws/install/srdfdom:/home/aaron/ur_ws/install/moveit_resources_prbt_support:/home/aaron/ur_ws/install/moveit_resources_pr2_description:/home/aaron/ur_ws/install/moveit_resources_panda_description:/home/aaron/ur_ws/install/moveit_resources_fanuc_description:/home/aaron/ur_ws/install/moveit_common:/home/aaron/ur_ws/install/launch_param_builder:${AMENT_PREFIX_PATH} CMAKE_PREFIX_PATH=/home/aaron/ur_ws/install/moveit_ros_move_group:/home/aaron/ur_ws/install/moveit_kinematics:/home/aaron/ur_ws/install/moveit_ros_planning:/home/aaron/ur_ws/install/moveit_ros_occupancy_map_monitor:/home/aaron/ur_ws/install/moveit_resources_prbt_ikfast_manipulator_plugin:/home/aaron/ur_ws/install/moveit_core:/home/aaron/ur_ws/install/moveit_resources_panda_moveit_config:/home/aaron/ur_ws/install/moveit_resources_fanuc_moveit_config:/home/aaron/ur_ws/install/srdfdom:/home/aaron/ur_ws/install/moveit_resources_prbt_support:/home/aaron/ur_ws/install/moveit_resources_pr2_description:/home/aaron/ur_ws/install/moveit_resources_panda_description:/home/aaron/ur_ws/install/moveit_resources_fanuc_description:/home/aaron/ur_ws/install/moveit_common:/opt/ros/humble LD_LIBRARY_PATH=/home/aaron/ur_ws/install/moveit_ros_move_group/lib:/home/aaron/ur_ws/install/moveit_kinematics/lib:/home/aaron/ur_ws/install/moveit_ros_planning/lib:/home/aaron/ur_ws/install/moveit_ros_occupancy_map_monitor/lib:/home/aaron/ur_ws/install/moveit_resources_prbt_ikfast_manipulator_plugin/lib:/home/aaron/ur_ws/install/moveit_core/lib:/home/aaron/ur_ws/install/srdfdom/lib:${LD_LIBRARY_PATH} PATH=/home/aaron/ur_ws/install/moveit_core/bin:${PATH} PYTHONPATH=/home/aaron/ur_ws/install/moveit_configs_utils/lib/python3.10/site-packages:/home/aaron/ur_ws/install/srdfdom/local/lib/python3.10/dist-packages:/home/aaron/ur_ws/install/launch_param_builder/lib/python3.10/site-packages:${PYTHONPATH} /usr/bin/cmake --build /home/aaron/ur_ws/build/moveit_resources_prbt_moveit_config -- -j20 -l20
[2.987s] DEBUG:colcon.colcon_core.event_handler.log_command:Invoking command in '/home/aaron/ur_ws/build/moveit_resources_prbt_moveit_config': AMENT_PREFIX_PATH=/home/aaron/ur_ws/install/moveit_ros_move_group:/home/aaron/ur_ws/install/moveit_kinematics:/home/aaron/ur_ws/install/moveit_ros_planning:/home/aaron/ur_ws/install/moveit_ros_occupancy_map_monitor:/home/aaron/ur_ws/install/moveit_resources_prbt_ikfast_manipulator_plugin:/home/aaron/ur_ws/install/moveit_core:/home/aaron/ur_ws/install/moveit_resources_panda_moveit_config:/home/aaron/ur_ws/install/moveit_resources_fanuc_moveit_config:/home/aaron/ur_ws/install/moveit_configs_utils:/home/aaron/ur_ws/install/srdfdom:/home/aaron/ur_ws/install/moveit_resources_prbt_support:/home/aaron/ur_ws/install/moveit_resources_pr2_description:/home/aaron/ur_ws/install/moveit_resources_panda_description:/home/aaron/ur_ws/install/moveit_resources_fanuc_description:/home/aaron/ur_ws/install/moveit_common:/home/aaron/ur_ws/install/launch_param_builder:${AMENT_PREFIX_PATH} CMAKE_PREFIX_PATH=/home/aaron/ur_ws/install/moveit_ros_move_group:/home/aaron/ur_ws/install/moveit_kinematics:/home/aaron/ur_ws/install/moveit_ros_planning:/home/aaron/ur_ws/install/moveit_ros_occupancy_map_monitor:/home/aaron/ur_ws/install/moveit_resources_prbt_ikfast_manipulator_plugin:/home/aaron/ur_ws/install/moveit_core:/home/aaron/ur_ws/install/moveit_resources_panda_moveit_config:/home/aaron/ur_ws/install/moveit_resources_fanuc_moveit_config:/home/aaron/ur_ws/install/srdfdom:/home/aaron/ur_ws/install/moveit_resources_prbt_support:/home/aaron/ur_ws/install/moveit_resources_pr2_description:/home/aaron/ur_ws/install/moveit_resources_panda_description:/home/aaron/ur_ws/install/moveit_resources_fanuc_description:/home/aaron/ur_ws/install/moveit_common:/opt/ros/humble LD_LIBRARY_PATH=/home/aaron/ur_ws/install/moveit_ros_move_group/lib:/home/aaron/ur_ws/install/moveit_kinematics/lib:/home/aaron/ur_ws/install/moveit_ros_planning/lib:/home/aaron/ur_ws/install/moveit_ros_occupancy_map_monitor/lib:/home/aaron/ur_ws/install/moveit_resources_prbt_ikfast_manipulator_plugin/lib:/home/aaron/ur_ws/install/moveit_core/lib:/home/aaron/ur_ws/install/srdfdom/lib:${LD_LIBRARY_PATH} PATH=/home/aaron/ur_ws/install/moveit_core/bin:${PATH} PYTHONPATH=/home/aaron/ur_ws/install/moveit_configs_utils/lib/python3.10/site-packages:/home/aaron/ur_ws/install/srdfdom/local/lib/python3.10/dist-packages:/home/aaron/ur_ws/install/launch_param_builder/lib/python3.10/site-packages:${PYTHONPATH} /usr/bin/cmake --install /home/aaron/ur_ws/build/moveit_resources_prbt_moveit_config
[2.993s] Level 1:colcon.colcon_core.environment:create_environment_scripts_only(moveit_resources_prbt_moveit_config)
[2.994s] Level 1:colcon.colcon_core.environment:checking '/home/aaron/ur_ws/install/moveit_resources_prbt_moveit_config' for CMake module files
[2.994s] Level 1:colcon.colcon_core.environment:checking '/home/aaron/ur_ws/install/moveit_resources_prbt_moveit_config' for CMake config files
[2.995s] Level 1:colcon.colcon_core.shell:create_environment_hook('moveit_resources_prbt_moveit_config', 'cmake_prefix_path')
[2.996s] INFO:colcon.colcon_core.shell:Creating environment hook '/home/aaron/ur_ws/install/moveit_resources_prbt_moveit_config/share/moveit_resources_prbt_moveit_config/hook/cmake_prefix_path.ps1'
[2.997s] DEBUG:colcon.colcon_core.event_handler.log_command:Invoked command in '/home/aaron/ur_ws/build/moveit_resources_prbt_moveit_config' returned '0': AMENT_PREFIX_PATH=/home/aaron/ur_ws/install/moveit_ros_move_group:/home/aaron/ur_ws/install/moveit_kinematics:/home/aaron/ur_ws/install/moveit_ros_planning:/home/aaron/ur_ws/install/moveit_ros_occupancy_map_monitor:/home/aaron/ur_ws/install/moveit_resources_prbt_ikfast_manipulator_plugin:/home/aaron/ur_ws/install/moveit_core:/home/aaron/ur_ws/install/moveit_resources_panda_moveit_config:/home/aaron/ur_ws/install/moveit_resources_fanuc_moveit_config:/home/aaron/ur_ws/install/moveit_configs_utils:/home/aaron/ur_ws/install/srdfdom:/home/aaron/ur_ws/install/moveit_resources_prbt_support:/home/aaron/ur_ws/install/moveit_resources_pr2_description:/home/aaron/ur_ws/install/moveit_resources_panda_description:/home/aaron/ur_ws/install/moveit_resources_fanuc_description:/home/aaron/ur_ws/install/moveit_common:/home/aaron/ur_ws/install/launch_param_builder:${AMENT_PREFIX_PATH} CMAKE_PREFIX_PATH=/home/aaron/ur_ws/install/moveit_ros_move_group:/home/aaron/ur_ws/install/moveit_kinematics:/home/aaron/ur_ws/install/moveit_ros_planning:/home/aaron/ur_ws/install/moveit_ros_occupancy_map_monitor:/home/aaron/ur_ws/install/moveit_resources_prbt_ikfast_manipulator_plugin:/home/aaron/ur_ws/install/moveit_core:/home/aaron/ur_ws/install/moveit_resources_panda_moveit_config:/home/aaron/ur_ws/install/moveit_resources_fanuc_moveit_config:/home/aaron/ur_ws/install/srdfdom:/home/aaron/ur_ws/install/moveit_resources_prbt_support:/home/aaron/ur_ws/install/moveit_resources_pr2_description:/home/aaron/ur_ws/install/moveit_resources_panda_description:/home/aaron/ur_ws/install/moveit_resources_fanuc_description:/home/aaron/ur_ws/install/moveit_common:/opt/ros/humble LD_LIBRARY_PATH=/home/aaron/ur_ws/install/moveit_ros_move_group/lib:/home/aaron/ur_ws/install/moveit_kinematics/lib:/home/aaron/ur_ws/install/moveit_ros_planning/lib:/home/aaron/ur_ws/install/moveit_ros_occupancy_map_monitor/lib:/home/aaron/ur_ws/install/moveit_resources_prbt_ikfast_manipulator_plugin/lib:/home/aaron/ur_ws/install/moveit_core/lib:/home/aaron/ur_ws/install/srdfdom/lib:${LD_LIBRARY_PATH} PATH=/home/aaron/ur_ws/install/moveit_core/bin:${PATH} PYTHONPATH=/home/aaron/ur_ws/install/moveit_configs_utils/lib/python3.10/site-packages:/home/aaron/ur_ws/install/srdfdom/local/lib/python3.10/dist-packages:/home/aaron/ur_ws/install/launch_param_builder/lib/python3.10/site-packages:${PYTHONPATH} /usr/bin/cmake --install /home/aaron/ur_ws/build/moveit_resources_prbt_moveit_config
[2.997s] INFO:colcon.colcon_core.shell:Creating environment descriptor '/home/aaron/ur_ws/install/moveit_resources_prbt_moveit_config/share/moveit_resources_prbt_moveit_config/hook/cmake_prefix_path.dsv'
[2.998s] INFO:colcon.colcon_core.shell:Creating environment hook '/home/aaron/ur_ws/install/moveit_resources_prbt_moveit_config/share/moveit_resources_prbt_moveit_config/hook/cmake_prefix_path.sh'
[2.999s] Level 1:colcon.colcon_core.environment:checking '/home/aaron/ur_ws/install/moveit_resources_prbt_moveit_config/bin'
[2.999s] Level 1:colcon.colcon_core.environment:checking '/home/aaron/ur_ws/install/moveit_resources_prbt_moveit_config/lib/pkgconfig/moveit_resources_prbt_moveit_config.pc'
[2.999s] Level 1:colcon.colcon_core.environment:checking '/home/aaron/ur_ws/install/moveit_resources_prbt_moveit_config/lib/python3.10/site-packages'
[3.000s] Level 1:colcon.colcon_core.environment:checking '/home/aaron/ur_ws/install/moveit_resources_prbt_moveit_config/bin'
[3.000s] INFO:colcon.colcon_core.shell:Creating package script '/home/aaron/ur_ws/install/moveit_resources_prbt_moveit_config/share/moveit_resources_prbt_moveit_config/package.ps1'
[3.001s] INFO:colcon.colcon_core.shell:Creating package descriptor '/home/aaron/ur_ws/install/moveit_resources_prbt_moveit_config/share/moveit_resources_prbt_moveit_config/package.dsv'
[3.001s] INFO:colcon.colcon_core.shell:Creating package script '/home/aaron/ur_ws/install/moveit_resources_prbt_moveit_config/share/moveit_resources_prbt_moveit_config/package.sh'
[3.002s] INFO:colcon.colcon_core.shell:Creating package script '/home/aaron/ur_ws/install/moveit_resources_prbt_moveit_config/share/moveit_resources_prbt_moveit_config/package.bash'
[3.002s] INFO:colcon.colcon_core.shell:Creating package script '/home/aaron/ur_ws/install/moveit_resources_prbt_moveit_config/share/moveit_resources_prbt_moveit_config/package.zsh'
[3.002s] Level 1:colcon.colcon_core.environment:create_file_with_runtime_dependencies(/home/aaron/ur_ws/install/moveit_resources_prbt_moveit_config/share/colcon-core/packages/moveit_resources_prbt_moveit_config)
[3.003s] Level 1:colcon.colcon_core.environment:create_environment_scripts_only(moveit_resources_prbt_moveit_config)
[3.003s] Level 1:colcon.colcon_core.environment:checking '/home/aaron/ur_ws/install/moveit_resources_prbt_moveit_config' for CMake module files
[3.003s] Level 1:colcon.colcon_core.environment:checking '/home/aaron/ur_ws/install/moveit_resources_prbt_moveit_config' for CMake config files
[3.003s] Level 1:colcon.colcon_core.shell:create_environment_hook('moveit_resources_prbt_moveit_config', 'cmake_prefix_path')
[3.003s] INFO:colcon.colcon_core.shell:Creating environment hook '/home/aaron/ur_ws/install/moveit_resources_prbt_moveit_config/share/moveit_resources_prbt_moveit_config/hook/cmake_prefix_path.ps1'
[3.004s] INFO:colcon.colcon_core.shell:Creating environment descriptor '/home/aaron/ur_ws/install/moveit_resources_prbt_moveit_config/share/moveit_resources_prbt_moveit_config/hook/cmake_prefix_path.dsv'
[3.004s] INFO:colcon.colcon_core.shell:Creating environment hook '/home/aaron/ur_ws/install/moveit_resources_prbt_moveit_config/share/moveit_resources_prbt_moveit_config/hook/cmake_prefix_path.sh'
[3.004s] Level 1:colcon.colcon_core.environment:checking '/home/aaron/ur_ws/install/moveit_resources_prbt_moveit_config/bin'
[3.004s] Level 1:colcon.colcon_core.environment:checking '/home/aaron/ur_ws/install/moveit_resources_prbt_moveit_config/lib/pkgconfig/moveit_resources_prbt_moveit_config.pc'
[3.004s] Level 1:colcon.colcon_core.environment:checking '/home/aaron/ur_ws/install/moveit_resources_prbt_moveit_config/lib/python3.10/site-packages'
[3.005s] Level 1:colcon.colcon_core.environment:checking '/home/aaron/ur_ws/install/moveit_resources_prbt_moveit_config/bin'
[3.005s] INFO:colcon.colcon_core.shell:Creating package script '/home/aaron/ur_ws/install/moveit_resources_prbt_moveit_config/share/moveit_resources_prbt_moveit_config/package.ps1'
[3.005s] INFO:colcon.colcon_core.shell:Creating package descriptor '/home/aaron/ur_ws/install/moveit_resources_prbt_moveit_config/share/moveit_resources_prbt_moveit_config/package.dsv'
[3.006s] INFO:colcon.colcon_core.shell:Creating package script '/home/aaron/ur_ws/install/moveit_resources_prbt_moveit_config/share/moveit_resources_prbt_moveit_config/package.sh'
[3.006s] INFO:colcon.colcon_core.shell:Creating package script '/home/aaron/ur_ws/install/moveit_resources_prbt_moveit_config/share/moveit_resources_prbt_moveit_config/package.bash'
[3.006s] INFO:colcon.colcon_core.shell:Creating package script '/home/aaron/ur_ws/install/moveit_resources_prbt_moveit_config/share/moveit_resources_prbt_moveit_config/package.zsh'
[3.006s] Level 1:colcon.colcon_core.environment:create_file_with_runtime_dependencies(/home/aaron/ur_ws/install/moveit_resources_prbt_moveit_config/share/colcon-core/packages/moveit_resources_prbt_moveit_config)
[3.006s] INFO:colcon.colcon_ros.task.ament_cmake.build:Building ROS package in '/home/aaron/ur_ws/src/moveit2/moveit_planners/test_configs/prbt_pg70_support' with build type 'ament_cmake'
[3.007s] INFO:colcon.colcon_cmake.task.cmake.build:Building CMake package in '/home/aaron/ur_ws/src/moveit2/moveit_planners/test_configs/prbt_pg70_support'
[3.007s] INFO:colcon.colcon_core.shell:Skip shell extension 'powershell' for command environment: Not usable outside of PowerShell
[3.007s] DEBUG:colcon.colcon_core.shell:Skip shell extension 'dsv' for command environment
[3.033s] DEBUG:colcon.colcon_core.event_handler.log_command:Invoking command in '/home/aaron/ur_ws/build/moveit_resources_prbt_pg70_support': AMENT_PREFIX_PATH=/home/aaron/ur_ws/install/moveit_resources_prbt_moveit_config:/home/aaron/ur_ws/install/moveit_ros_move_group:/home/aaron/ur_ws/install/moveit_kinematics:/home/aaron/ur_ws/install/moveit_ros_planning:/home/aaron/ur_ws/install/moveit_ros_occupancy_map_monitor:/home/aaron/ur_ws/install/moveit_resources_prbt_ikfast_manipulator_plugin:/home/aaron/ur_ws/install/moveit_core:/home/aaron/ur_ws/install/moveit_resources_panda_moveit_config:/home/aaron/ur_ws/install/moveit_resources_fanuc_moveit_config:/home/aaron/ur_ws/install/moveit_configs_utils:/home/aaron/ur_ws/install/srdfdom:/home/aaron/ur_ws/install/moveit_resources_prbt_support:/home/aaron/ur_ws/install/moveit_resources_pr2_description:/home/aaron/ur_ws/install/moveit_resources_panda_description:/home/aaron/ur_ws/install/moveit_resources_fanuc_description:/home/aaron/ur_ws/install/moveit_common:/home/aaron/ur_ws/install/launch_param_builder:${AMENT_PREFIX_PATH} CMAKE_PREFIX_PATH=/home/aaron/ur_ws/install/moveit_resources_prbt_moveit_config:/home/aaron/ur_ws/install/moveit_ros_move_group:/home/aaron/ur_ws/install/moveit_kinematics:/home/aaron/ur_ws/install/moveit_ros_planning:/home/aaron/ur_ws/install/moveit_ros_occupancy_map_monitor:/home/aaron/ur_ws/install/moveit_resources_prbt_ikfast_manipulator_plugin:/home/aaron/ur_ws/install/moveit_core:/home/aaron/ur_ws/install/moveit_resources_panda_moveit_config:/home/aaron/ur_ws/install/moveit_resources_fanuc_moveit_config:/home/aaron/ur_ws/install/srdfdom:/home/aaron/ur_ws/install/moveit_resources_prbt_support:/home/aaron/ur_ws/install/moveit_resources_pr2_description:/home/aaron/ur_ws/install/moveit_resources_panda_description:/home/aaron/ur_ws/install/moveit_resources_fanuc_description:/home/aaron/ur_ws/install/moveit_common:/opt/ros/humble LD_LIBRARY_PATH=/home/aaron/ur_ws/install/moveit_ros_move_group/lib:/home/aaron/ur_ws/install/moveit_kinematics/lib:/home/aaron/ur_ws/install/moveit_ros_planning/lib:/home/aaron/ur_ws/install/moveit_ros_occupancy_map_monitor/lib:/home/aaron/ur_ws/install/moveit_resources_prbt_ikfast_manipulator_plugin/lib:/home/aaron/ur_ws/install/moveit_core/lib:/home/aaron/ur_ws/install/srdfdom/lib:${LD_LIBRARY_PATH} PATH=/home/aaron/ur_ws/install/moveit_core/bin:${PATH} PYTHONPATH=/home/aaron/ur_ws/install/moveit_configs_utils/lib/python3.10/site-packages:/home/aaron/ur_ws/install/srdfdom/local/lib/python3.10/dist-packages:/home/aaron/ur_ws/install/launch_param_builder/lib/python3.10/site-packages:${PYTHONPATH} /usr/bin/cmake --build /home/aaron/ur_ws/build/moveit_resources_prbt_pg70_support -- -j20 -l20
[3.051s] DEBUG:colcon.colcon_core.event_handler.log_command:Invoked command in '/home/aaron/ur_ws/build/moveit_ros_planning_interface' returned '0': AMENT_PREFIX_PATH=/home/aaron/ur_ws/install/moveit_ros_move_group:/home/aaron/ur_ws/install/moveit_ros_warehouse:/home/aaron/ur_ws/install/moveit_planners_ompl:/home/aaron/ur_ws/install/moveit_kinematics:/home/aaron/ur_ws/install/moveit_ros_planning:/home/aaron/ur_ws/install/moveit_simple_controller_manager:/home/aaron/ur_ws/install/moveit_ros_occupancy_map_monitor:/home/aaron/ur_ws/install/moveit_core:/home/aaron/ur_ws/install/moveit_resources_panda_moveit_config:/home/aaron/ur_ws/install/moveit_resources_fanuc_moveit_config:/home/aaron/ur_ws/install/moveit_configs_utils:/home/aaron/ur_ws/install/srdfdom:/home/aaron/ur_ws/install/moveit_resources_pr2_description:/home/aaron/ur_ws/install/moveit_resources_panda_description:/home/aaron/ur_ws/install/moveit_resources_fanuc_description:/home/aaron/ur_ws/install/moveit_common:/home/aaron/ur_ws/install/launch_param_builder:${AMENT_PREFIX_PATH} CMAKE_PREFIX_PATH=/home/aaron/ur_ws/install/moveit_ros_move_group:/home/aaron/ur_ws/install/moveit_ros_warehouse:/home/aaron/ur_ws/install/moveit_planners_ompl:/home/aaron/ur_ws/install/moveit_kinematics:/home/aaron/ur_ws/install/moveit_ros_planning:/home/aaron/ur_ws/install/moveit_simple_controller_manager:/home/aaron/ur_ws/install/moveit_ros_occupancy_map_monitor:/home/aaron/ur_ws/install/moveit_core:/home/aaron/ur_ws/install/moveit_resources_panda_moveit_config:/home/aaron/ur_ws/install/moveit_resources_fanuc_moveit_config:/home/aaron/ur_ws/install/srdfdom:/home/aaron/ur_ws/install/moveit_resources_pr2_description:/home/aaron/ur_ws/install/moveit_resources_panda_description:/home/aaron/ur_ws/install/moveit_resources_fanuc_description:/home/aaron/ur_ws/install/moveit_common:/opt/ros/humble LD_LIBRARY_PATH=/home/aaron/ur_ws/install/moveit_ros_move_group/lib:/home/aaron/ur_ws/install/moveit_ros_warehouse/lib:/home/aaron/ur_ws/install/moveit_planners_ompl/lib:/home/aaron/ur_ws/install/moveit_kinematics/lib:/home/aaron/ur_ws/install/moveit_ros_planning/lib:/home/aaron/ur_ws/install/moveit_simple_controller_manager/lib:/home/aaron/ur_ws/install/moveit_ros_occupancy_map_monitor/lib:/home/aaron/ur_ws/install/moveit_core/lib:/home/aaron/ur_ws/install/srdfdom/lib:${LD_LIBRARY_PATH} PATH=/home/aaron/ur_ws/install/moveit_core/bin:${PATH} PYTHONPATH=/home/aaron/ur_ws/install/moveit_configs_utils/lib/python3.10/site-packages:/home/aaron/ur_ws/install/srdfdom/local/lib/python3.10/dist-packages:/home/aaron/ur_ws/install/launch_param_builder/lib/python3.10/site-packages:${PYTHONPATH} /usr/bin/cmake --build /home/aaron/ur_ws/build/moveit_ros_planning_interface -- -j20 -l20
[3.053s] DEBUG:colcon.colcon_core.event_handler.log_command:Invoking command in '/home/aaron/ur_ws/build/moveit_ros_planning_interface': AMENT_PREFIX_PATH=/home/aaron/ur_ws/install/moveit_ros_move_group:/home/aaron/ur_ws/install/moveit_ros_warehouse:/home/aaron/ur_ws/install/moveit_planners_ompl:/home/aaron/ur_ws/install/moveit_kinematics:/home/aaron/ur_ws/install/moveit_ros_planning:/home/aaron/ur_ws/install/moveit_simple_controller_manager:/home/aaron/ur_ws/install/moveit_ros_occupancy_map_monitor:/home/aaron/ur_ws/install/moveit_core:/home/aaron/ur_ws/install/moveit_resources_panda_moveit_config:/home/aaron/ur_ws/install/moveit_resources_fanuc_moveit_config:/home/aaron/ur_ws/install/moveit_configs_utils:/home/aaron/ur_ws/install/srdfdom:/home/aaron/ur_ws/install/moveit_resources_pr2_description:/home/aaron/ur_ws/install/moveit_resources_panda_description:/home/aaron/ur_ws/install/moveit_resources_fanuc_description:/home/aaron/ur_ws/install/moveit_common:/home/aaron/ur_ws/install/launch_param_builder:${AMENT_PREFIX_PATH} CMAKE_PREFIX_PATH=/home/aaron/ur_ws/install/moveit_ros_move_group:/home/aaron/ur_ws/install/moveit_ros_warehouse:/home/aaron/ur_ws/install/moveit_planners_ompl:/home/aaron/ur_ws/install/moveit_kinematics:/home/aaron/ur_ws/install/moveit_ros_planning:/home/aaron/ur_ws/install/moveit_simple_controller_manager:/home/aaron/ur_ws/install/moveit_ros_occupancy_map_monitor:/home/aaron/ur_ws/install/moveit_core:/home/aaron/ur_ws/install/moveit_resources_panda_moveit_config:/home/aaron/ur_ws/install/moveit_resources_fanuc_moveit_config:/home/aaron/ur_ws/install/srdfdom:/home/aaron/ur_ws/install/moveit_resources_pr2_description:/home/aaron/ur_ws/install/moveit_resources_panda_description:/home/aaron/ur_ws/install/moveit_resources_fanuc_description:/home/aaron/ur_ws/install/moveit_common:/opt/ros/humble LD_LIBRARY_PATH=/home/aaron/ur_ws/install/moveit_ros_move_group/lib:/home/aaron/ur_ws/install/moveit_ros_warehouse/lib:/home/aaron/ur_ws/install/moveit_planners_ompl/lib:/home/aaron/ur_ws/install/moveit_kinematics/lib:/home/aaron/ur_ws/install/moveit_ros_planning/lib:/home/aaron/ur_ws/install/moveit_simple_controller_manager/lib:/home/aaron/ur_ws/install/moveit_ros_occupancy_map_monitor/lib:/home/aaron/ur_ws/install/moveit_core/lib:/home/aaron/ur_ws/install/srdfdom/lib:${LD_LIBRARY_PATH} PATH=/home/aaron/ur_ws/install/moveit_core/bin:${PATH} PYTHONPATH=/home/aaron/ur_ws/install/moveit_configs_utils/lib/python3.10/site-packages:/home/aaron/ur_ws/install/srdfdom/local/lib/python3.10/dist-packages:/home/aaron/ur_ws/install/launch_param_builder/lib/python3.10/site-packages:${PYTHONPATH} /usr/bin/cmake --install /home/aaron/ur_ws/build/moveit_ros_planning_interface
[3.065s] Level 1:colcon.colcon_core.environment:create_environment_scripts_only(moveit_ros_planning_interface)
[3.065s] Level 1:colcon.colcon_core.environment:checking '/home/aaron/ur_ws/install/moveit_ros_planning_interface' for CMake module files
[3.066s] DEBUG:colcon.colcon_core.event_handler.log_command:Invoked command in '/home/aaron/ur_ws/build/moveit_ros_planning_interface' returned '0': AMENT_PREFIX_PATH=/home/aaron/ur_ws/install/moveit_ros_move_group:/home/aaron/ur_ws/install/moveit_ros_warehouse:/home/aaron/ur_ws/install/moveit_planners_ompl:/home/aaron/ur_ws/install/moveit_kinematics:/home/aaron/ur_ws/install/moveit_ros_planning:/home/aaron/ur_ws/install/moveit_simple_controller_manager:/home/aaron/ur_ws/install/moveit_ros_occupancy_map_monitor:/home/aaron/ur_ws/install/moveit_core:/home/aaron/ur_ws/install/moveit_resources_panda_moveit_config:/home/aaron/ur_ws/install/moveit_resources_fanuc_moveit_config:/home/aaron/ur_ws/install/moveit_configs_utils:/home/aaron/ur_ws/install/srdfdom:/home/aaron/ur_ws/install/moveit_resources_pr2_description:/home/aaron/ur_ws/install/moveit_resources_panda_description:/home/aaron/ur_ws/install/moveit_resources_fanuc_description:/home/aaron/ur_ws/install/moveit_common:/home/aaron/ur_ws/install/launch_param_builder:${AMENT_PREFIX_PATH} CMAKE_PREFIX_PATH=/home/aaron/ur_ws/install/moveit_ros_move_group:/home/aaron/ur_ws/install/moveit_ros_warehouse:/home/aaron/ur_ws/install/moveit_planners_ompl:/home/aaron/ur_ws/install/moveit_kinematics:/home/aaron/ur_ws/install/moveit_ros_planning:/home/aaron/ur_ws/install/moveit_simple_controller_manager:/home/aaron/ur_ws/install/moveit_ros_occupancy_map_monitor:/home/aaron/ur_ws/install/moveit_core:/home/aaron/ur_ws/install/moveit_resources_panda_moveit_config:/home/aaron/ur_ws/install/moveit_resources_fanuc_moveit_config:/home/aaron/ur_ws/install/srdfdom:/home/aaron/ur_ws/install/moveit_resources_pr2_description:/home/aaron/ur_ws/install/moveit_resources_panda_description:/home/aaron/ur_ws/install/moveit_resources_fanuc_description:/home/aaron/ur_ws/install/moveit_common:/opt/ros/humble LD_LIBRARY_PATH=/home/aaron/ur_ws/install/moveit_ros_move_group/lib:/home/aaron/ur_ws/install/moveit_ros_warehouse/lib:/home/aaron/ur_ws/install/moveit_planners_ompl/lib:/home/aaron/ur_ws/install/moveit_kinematics/lib:/home/aaron/ur_ws/install/moveit_ros_planning/lib:/home/aaron/ur_ws/install/moveit_simple_controller_manager/lib:/home/aaron/ur_ws/install/moveit_ros_occupancy_map_monitor/lib:/home/aaron/ur_ws/install/moveit_core/lib:/home/aaron/ur_ws/install/srdfdom/lib:${LD_LIBRARY_PATH} PATH=/home/aaron/ur_ws/install/moveit_core/bin:${PATH} PYTHONPATH=/home/aaron/ur_ws/install/moveit_configs_utils/lib/python3.10/site-packages:/home/aaron/ur_ws/install/srdfdom/local/lib/python3.10/dist-packages:/home/aaron/ur_ws/install/launch_param_builder/lib/python3.10/site-packages:${PYTHONPATH} /usr/bin/cmake --install /home/aaron/ur_ws/build/moveit_ros_planning_interface
[3.066s] Level 1:colcon.colcon_core.environment:checking '/home/aaron/ur_ws/install/moveit_ros_planning_interface' for CMake config files
[3.066s] Level 1:colcon.colcon_core.shell:create_environment_hook('moveit_ros_planning_interface', 'cmake_prefix_path')
[3.066s] INFO:colcon.colcon_core.shell:Creating environment hook '/home/aaron/ur_ws/install/moveit_ros_planning_interface/share/moveit_ros_planning_interface/hook/cmake_prefix_path.ps1'
[3.067s] INFO:colcon.colcon_core.shell:Creating environment descriptor '/home/aaron/ur_ws/install/moveit_ros_planning_interface/share/moveit_ros_planning_interface/hook/cmake_prefix_path.dsv'
[3.067s] INFO:colcon.colcon_core.shell:Creating environment hook '/home/aaron/ur_ws/install/moveit_ros_planning_interface/share/moveit_ros_planning_interface/hook/cmake_prefix_path.sh'
[3.067s] Level 1:colcon.colcon_core.environment:checking '/home/aaron/ur_ws/install/moveit_ros_planning_interface/lib'
[3.067s] Level 1:colcon.colcon_core.shell:create_environment_hook('moveit_ros_planning_interface', 'ld_library_path_lib')
[3.067s] INFO:colcon.colcon_core.shell:Creating environment hook '/home/aaron/ur_ws/install/moveit_ros_planning_interface/share/moveit_ros_planning_interface/hook/ld_library_path_lib.ps1'
[3.068s] INFO:colcon.colcon_core.shell:Creating environment descriptor '/home/aaron/ur_ws/install/moveit_ros_planning_interface/share/moveit_ros_planning_interface/hook/ld_library_path_lib.dsv'
[3.068s] INFO:colcon.colcon_core.shell:Creating environment hook '/home/aaron/ur_ws/install/moveit_ros_planning_interface/share/moveit_ros_planning_interface/hook/ld_library_path_lib.sh'
[3.068s] Level 1:colcon.colcon_core.environment:checking '/home/aaron/ur_ws/install/moveit_ros_planning_interface/bin'
[3.068s] Level 1:colcon.colcon_core.environment:checking '/home/aaron/ur_ws/install/moveit_ros_planning_interface/lib/pkgconfig/moveit_ros_planning_interface.pc'
[3.068s] Level 1:colcon.colcon_core.environment:checking '/home/aaron/ur_ws/install/moveit_ros_planning_interface/lib/python3.10/site-packages'
[3.068s] Level 1:colcon.colcon_core.environment:checking '/home/aaron/ur_ws/install/moveit_ros_planning_interface/bin'
[3.069s] INFO:colcon.colcon_core.shell:Creating package script '/home/aaron/ur_ws/install/moveit_ros_planning_interface/share/moveit_ros_planning_interface/package.ps1'
[3.069s] INFO:colcon.colcon_core.shell:Creating package descriptor '/home/aaron/ur_ws/install/moveit_ros_planning_interface/share/moveit_ros_planning_interface/package.dsv'
[3.069s] INFO:colcon.colcon_core.shell:Creating package script '/home/aaron/ur_ws/install/moveit_ros_planning_interface/share/moveit_ros_planning_interface/package.sh'
[3.069s] INFO:colcon.colcon_core.shell:Creating package script '/home/aaron/ur_ws/install/moveit_ros_planning_interface/share/moveit_ros_planning_interface/package.bash'
[3.070s] INFO:colcon.colcon_core.shell:Creating package script '/home/aaron/ur_ws/install/moveit_ros_planning_interface/share/moveit_ros_planning_interface/package.zsh'
[3.070s] Level 1:colcon.colcon_core.environment:create_file_with_runtime_dependencies(/home/aaron/ur_ws/install/moveit_ros_planning_interface/share/colcon-core/packages/moveit_ros_planning_interface)
[3.070s] Level 1:colcon.colcon_core.environment:create_environment_scripts_only(moveit_ros_planning_interface)
[3.070s] Level 1:colcon.colcon_core.environment:checking '/home/aaron/ur_ws/install/moveit_ros_planning_interface' for CMake module files
[3.070s] Level 1:colcon.colcon_core.environment:checking '/home/aaron/ur_ws/install/moveit_ros_planning_interface' for CMake config files
[3.071s] Level 1:colcon.colcon_core.shell:create_environment_hook('moveit_ros_planning_interface', 'cmake_prefix_path')
[3.071s] INFO:colcon.colcon_core.shell:Creating environment hook '/home/aaron/ur_ws/install/moveit_ros_planning_interface/share/moveit_ros_planning_interface/hook/cmake_prefix_path.ps1'
[3.071s] INFO:colcon.colcon_core.shell:Creating environment descriptor '/home/aaron/ur_ws/install/moveit_ros_planning_interface/share/moveit_ros_planning_interface/hook/cmake_prefix_path.dsv'
[3.071s] INFO:colcon.colcon_core.shell:Creating environment hook '/home/aaron/ur_ws/install/moveit_ros_planning_interface/share/moveit_ros_planning_interface/hook/cmake_prefix_path.sh'
[3.071s] Level 1:colcon.colcon_core.environment:checking '/home/aaron/ur_ws/install/moveit_ros_planning_interface/lib'
[3.072s] Level 1:colcon.colcon_core.shell:create_environment_hook('moveit_ros_planning_interface', 'ld_library_path_lib')
[3.072s] INFO:colcon.colcon_core.shell:Creating environment hook '/home/aaron/ur_ws/install/moveit_ros_planning_interface/share/moveit_ros_planning_interface/hook/ld_library_path_lib.ps1'
[3.072s] INFO:colcon.colcon_core.shell:Creating environment descriptor '/home/aaron/ur_ws/install/moveit_ros_planning_interface/share/moveit_ros_planning_interface/hook/ld_library_path_lib.dsv'
[3.072s] INFO:colcon.colcon_core.shell:Creating environment hook '/home/aaron/ur_ws/install/moveit_ros_planning_interface/share/moveit_ros_planning_interface/hook/ld_library_path_lib.sh'
[3.072s] Level 1:colcon.colcon_core.environment:checking '/home/aaron/ur_ws/install/moveit_ros_planning_interface/bin'
[3.072s] Level 1:colcon.colcon_core.environment:checking '/home/aaron/ur_ws/install/moveit_ros_planning_interface/lib/pkgconfig/moveit_ros_planning_interface.pc'
[3.072s] Level 1:colcon.colcon_core.environment:checking '/home/aaron/ur_ws/install/moveit_ros_planning_interface/lib/python3.10/site-packages'
[3.073s] Level 1:colcon.colcon_core.environment:checking '/home/aaron/ur_ws/install/moveit_ros_planning_interface/bin'
[3.073s] INFO:colcon.colcon_core.shell:Creating package script '/home/aaron/ur_ws/install/moveit_ros_planning_interface/share/moveit_ros_planning_interface/package.ps1'
[3.073s] INFO:colcon.colcon_core.shell:Creating package descriptor '/home/aaron/ur_ws/install/moveit_ros_planning_interface/share/moveit_ros_planning_interface/package.dsv'
[3.074s] INFO:colcon.colcon_core.shell:Creating package script '/home/aaron/ur_ws/install/moveit_ros_planning_interface/share/moveit_ros_planning_interface/package.sh'
[3.074s] INFO:colcon.colcon_core.shell:Creating package script '/home/aaron/ur_ws/install/moveit_ros_planning_interface/share/moveit_ros_planning_interface/package.bash'
[3.074s] INFO:colcon.colcon_core.shell:Creating package script '/home/aaron/ur_ws/install/moveit_ros_planning_interface/share/moveit_ros_planning_interface/package.zsh'
[3.074s] Level 1:colcon.colcon_core.environment:create_file_with_runtime_dependencies(/home/aaron/ur_ws/install/moveit_ros_planning_interface/share/colcon-core/packages/moveit_ros_planning_interface)
[3.075s] INFO:colcon.colcon_ros.task.ament_cmake.build:Building ROS package in '/home/aaron/ur_ws/src/moveit2/moveit_ros/visualization' with build type 'ament_cmake'
[3.075s] INFO:colcon.colcon_cmake.task.cmake.build:Building CMake package in '/home/aaron/ur_ws/src/moveit2/moveit_ros/visualization'
[3.075s] INFO:colcon.colcon_core.shell:Skip shell extension 'powershell' for command environment: Not usable outside of PowerShell
[3.075s] DEBUG:colcon.colcon_core.shell:Skip shell extension 'dsv' for command environment
[3.078s] INFO:colcon.colcon_ros.task.ament_cmake.build:Building ROS package in '/home/aaron/ur_ws/src/moveit2/moveit_ros/hybrid_planning' with build type 'ament_cmake'
[3.078s] INFO:colcon.colcon_cmake.task.cmake.build:Building CMake package in '/home/aaron/ur_ws/src/moveit2/moveit_ros/hybrid_planning'
[3.078s] INFO:colcon.colcon_core.shell:Skip shell extension 'powershell' for command environment: Not usable outside of PowerShell
[3.078s] DEBUG:colcon.colcon_core.shell:Skip shell extension 'dsv' for command environment
[3.080s] INFO:colcon.colcon_ros.task.ament_cmake.build:Building ROS package in '/home/aaron/ur_ws/src/moveit2/moveit_ros/moveit_servo' with build type 'ament_cmake'
[3.080s] INFO:colcon.colcon_cmake.task.cmake.build:Building CMake package in '/home/aaron/ur_ws/src/moveit2/moveit_ros/moveit_servo'
[3.080s] INFO:colcon.colcon_core.shell:Skip shell extension 'powershell' for command environment: Not usable outside of PowerShell
[3.081s] DEBUG:colcon.colcon_core.shell:Skip shell extension 'dsv' for command environment
[3.083s] INFO:colcon.colcon_ros.task.ament_cmake.build:Building ROS package in '/home/aaron/ur_ws/src/moveit2/moveit_py' with build type 'ament_cmake'
[3.083s] INFO:colcon.colcon_cmake.task.cmake.build:Building CMake package in '/home/aaron/ur_ws/src/moveit2/moveit_py'
[3.083s] INFO:colcon.colcon_core.shell:Skip shell extension 'powershell' for command environment: Not usable outside of PowerShell
[3.083s] DEBUG:colcon.colcon_core.shell:Skip shell extension 'dsv' for command environment
[3.086s] DEBUG:colcon.colcon_core.event_handler.log_command:Invoked command in '/home/aaron/ur_ws/build/moveit_resources_prbt_pg70_support' returned '0': AMENT_PREFIX_PATH=/home/aaron/ur_ws/install/moveit_resources_prbt_moveit_config:/home/aaron/ur_ws/install/moveit_ros_move_group:/home/aaron/ur_ws/install/moveit_kinematics:/home/aaron/ur_ws/install/moveit_ros_planning:/home/aaron/ur_ws/install/moveit_ros_occupancy_map_monitor:/home/aaron/ur_ws/install/moveit_resources_prbt_ikfast_manipulator_plugin:/home/aaron/ur_ws/install/moveit_core:/home/aaron/ur_ws/install/moveit_resources_panda_moveit_config:/home/aaron/ur_ws/install/moveit_resources_fanuc_moveit_config:/home/aaron/ur_ws/install/moveit_configs_utils:/home/aaron/ur_ws/install/srdfdom:/home/aaron/ur_ws/install/moveit_resources_prbt_support:/home/aaron/ur_ws/install/moveit_resources_pr2_description:/home/aaron/ur_ws/install/moveit_resources_panda_description:/home/aaron/ur_ws/install/moveit_resources_fanuc_description:/home/aaron/ur_ws/install/moveit_common:/home/aaron/ur_ws/install/launch_param_builder:${AMENT_PREFIX_PATH} CMAKE_PREFIX_PATH=/home/aaron/ur_ws/install/moveit_resources_prbt_moveit_config:/home/aaron/ur_ws/install/moveit_ros_move_group:/home/aaron/ur_ws/install/moveit_kinematics:/home/aaron/ur_ws/install/moveit_ros_planning:/home/aaron/ur_ws/install/moveit_ros_occupancy_map_monitor:/home/aaron/ur_ws/install/moveit_resources_prbt_ikfast_manipulator_plugin:/home/aaron/ur_ws/install/moveit_core:/home/aaron/ur_ws/install/moveit_resources_panda_moveit_config:/home/aaron/ur_ws/install/moveit_resources_fanuc_moveit_config:/home/aaron/ur_ws/install/srdfdom:/home/aaron/ur_ws/install/moveit_resources_prbt_support:/home/aaron/ur_ws/install/moveit_resources_pr2_description:/home/aaron/ur_ws/install/moveit_resources_panda_description:/home/aaron/ur_ws/install/moveit_resources_fanuc_description:/home/aaron/ur_ws/install/moveit_common:/opt/ros/humble LD_LIBRARY_PATH=/home/aaron/ur_ws/install/moveit_ros_move_group/lib:/home/aaron/ur_ws/install/moveit_kinematics/lib:/home/aaron/ur_ws/install/moveit_ros_planning/lib:/home/aaron/ur_ws/install/moveit_ros_occupancy_map_monitor/lib:/home/aaron/ur_ws/install/moveit_resources_prbt_ikfast_manipulator_plugin/lib:/home/aaron/ur_ws/install/moveit_core/lib:/home/aaron/ur_ws/install/srdfdom/lib:${LD_LIBRARY_PATH} PATH=/home/aaron/ur_ws/install/moveit_core/bin:${PATH} PYTHONPATH=/home/aaron/ur_ws/install/moveit_configs_utils/lib/python3.10/site-packages:/home/aaron/ur_ws/install/srdfdom/local/lib/python3.10/dist-packages:/home/aaron/ur_ws/install/launch_param_builder/lib/python3.10/site-packages:${PYTHONPATH} /usr/bin/cmake --build /home/aaron/ur_ws/build/moveit_resources_prbt_pg70_support -- -j20 -l20
[3.087s] DEBUG:colcon.colcon_core.event_handler.log_command:Invoking command in '/home/aaron/ur_ws/build/moveit_resources_prbt_pg70_support': AMENT_PREFIX_PATH=/home/aaron/ur_ws/install/moveit_resources_prbt_moveit_config:/home/aaron/ur_ws/install/moveit_ros_move_group:/home/aaron/ur_ws/install/moveit_kinematics:/home/aaron/ur_ws/install/moveit_ros_planning:/home/aaron/ur_ws/install/moveit_ros_occupancy_map_monitor:/home/aaron/ur_ws/install/moveit_resources_prbt_ikfast_manipulator_plugin:/home/aaron/ur_ws/install/moveit_core:/home/aaron/ur_ws/install/moveit_resources_panda_moveit_config:/home/aaron/ur_ws/install/moveit_resources_fanuc_moveit_config:/home/aaron/ur_ws/install/moveit_configs_utils:/home/aaron/ur_ws/install/srdfdom:/home/aaron/ur_ws/install/moveit_resources_prbt_support:/home/aaron/ur_ws/install/moveit_resources_pr2_description:/home/aaron/ur_ws/install/moveit_resources_panda_description:/home/aaron/ur_ws/install/moveit_resources_fanuc_description:/home/aaron/ur_ws/install/moveit_common:/home/aaron/ur_ws/install/launch_param_builder:${AMENT_PREFIX_PATH} CMAKE_PREFIX_PATH=/home/aaron/ur_ws/install/moveit_resources_prbt_moveit_config:/home/aaron/ur_ws/install/moveit_ros_move_group:/home/aaron/ur_ws/install/moveit_kinematics:/home/aaron/ur_ws/install/moveit_ros_planning:/home/aaron/ur_ws/install/moveit_ros_occupancy_map_monitor:/home/aaron/ur_ws/install/moveit_resources_prbt_ikfast_manipulator_plugin:/home/aaron/ur_ws/install/moveit_core:/home/aaron/ur_ws/install/moveit_resources_panda_moveit_config:/home/aaron/ur_ws/install/moveit_resources_fanuc_moveit_config:/home/aaron/ur_ws/install/srdfdom:/home/aaron/ur_ws/install/moveit_resources_prbt_support:/home/aaron/ur_ws/install/moveit_resources_pr2_description:/home/aaron/ur_ws/install/moveit_resources_panda_description:/home/aaron/ur_ws/install/moveit_resources_fanuc_description:/home/aaron/ur_ws/install/moveit_common:/opt/ros/humble LD_LIBRARY_PATH=/home/aaron/ur_ws/install/moveit_ros_move_group/lib:/home/aaron/ur_ws/install/moveit_kinematics/lib:/home/aaron/ur_ws/install/moveit_ros_planning/lib:/home/aaron/ur_ws/install/moveit_ros_occupancy_map_monitor/lib:/home/aaron/ur_ws/install/moveit_resources_prbt_ikfast_manipulator_plugin/lib:/home/aaron/ur_ws/install/moveit_core/lib:/home/aaron/ur_ws/install/srdfdom/lib:${LD_LIBRARY_PATH} PATH=/home/aaron/ur_ws/install/moveit_core/bin:${PATH} PYTHONPATH=/home/aaron/ur_ws/install/moveit_configs_utils/lib/python3.10/site-packages:/home/aaron/ur_ws/install/srdfdom/local/lib/python3.10/dist-packages:/home/aaron/ur_ws/install/launch_param_builder/lib/python3.10/site-packages:${PYTHONPATH} /usr/bin/cmake --install /home/aaron/ur_ws/build/moveit_resources_prbt_pg70_support
[3.093s] Level 1:colcon.colcon_core.environment:create_environment_scripts_only(moveit_resources_prbt_pg70_support)
[3.094s] Level 1:colcon.colcon_core.environment:checking '/home/aaron/ur_ws/install/moveit_resources_prbt_pg70_support' for CMake module files
[3.094s] DEBUG:colcon.colcon_core.event_handler.log_command:Invoked command in '/home/aaron/ur_ws/build/moveit_resources_prbt_pg70_support' returned '0': AMENT_PREFIX_PATH=/home/aaron/ur_ws/install/moveit_resources_prbt_moveit_config:/home/aaron/ur_ws/install/moveit_ros_move_group:/home/aaron/ur_ws/install/moveit_kinematics:/home/aaron/ur_ws/install/moveit_ros_planning:/home/aaron/ur_ws/install/moveit_ros_occupancy_map_monitor:/home/aaron/ur_ws/install/moveit_resources_prbt_ikfast_manipulator_plugin:/home/aaron/ur_ws/install/moveit_core:/home/aaron/ur_ws/install/moveit_resources_panda_moveit_config:/home/aaron/ur_ws/install/moveit_resources_fanuc_moveit_config:/home/aaron/ur_ws/install/moveit_configs_utils:/home/aaron/ur_ws/install/srdfdom:/home/aaron/ur_ws/install/moveit_resources_prbt_support:/home/aaron/ur_ws/install/moveit_resources_pr2_description:/home/aaron/ur_ws/install/moveit_resources_panda_description:/home/aaron/ur_ws/install/moveit_resources_fanuc_description:/home/aaron/ur_ws/install/moveit_common:/home/aaron/ur_ws/install/launch_param_builder:${AMENT_PREFIX_PATH} CMAKE_PREFIX_PATH=/home/aaron/ur_ws/install/moveit_resources_prbt_moveit_config:/home/aaron/ur_ws/install/moveit_ros_move_group:/home/aaron/ur_ws/install/moveit_kinematics:/home/aaron/ur_ws/install/moveit_ros_planning:/home/aaron/ur_ws/install/moveit_ros_occupancy_map_monitor:/home/aaron/ur_ws/install/moveit_resources_prbt_ikfast_manipulator_plugin:/home/aaron/ur_ws/install/moveit_core:/home/aaron/ur_ws/install/moveit_resources_panda_moveit_config:/home/aaron/ur_ws/install/moveit_resources_fanuc_moveit_config:/home/aaron/ur_ws/install/srdfdom:/home/aaron/ur_ws/install/moveit_resources_prbt_support:/home/aaron/ur_ws/install/moveit_resources_pr2_description:/home/aaron/ur_ws/install/moveit_resources_panda_description:/home/aaron/ur_ws/install/moveit_resources_fanuc_description:/home/aaron/ur_ws/install/moveit_common:/opt/ros/humble LD_LIBRARY_PATH=/home/aaron/ur_ws/install/moveit_ros_move_group/lib:/home/aaron/ur_ws/install/moveit_kinematics/lib:/home/aaron/ur_ws/install/moveit_ros_planning/lib:/home/aaron/ur_ws/install/moveit_ros_occupancy_map_monitor/lib:/home/aaron/ur_ws/install/moveit_resources_prbt_ikfast_manipulator_plugin/lib:/home/aaron/ur_ws/install/moveit_core/lib:/home/aaron/ur_ws/install/srdfdom/lib:${LD_LIBRARY_PATH} PATH=/home/aaron/ur_ws/install/moveit_core/bin:${PATH} PYTHONPATH=/home/aaron/ur_ws/install/moveit_configs_utils/lib/python3.10/site-packages:/home/aaron/ur_ws/install/srdfdom/local/lib/python3.10/dist-packages:/home/aaron/ur_ws/install/launch_param_builder/lib/python3.10/site-packages:${PYTHONPATH} /usr/bin/cmake --install /home/aaron/ur_ws/build/moveit_resources_prbt_pg70_support
[3.094s] Level 1:colcon.colcon_core.environment:checking '/home/aaron/ur_ws/install/moveit_resources_prbt_pg70_support' for CMake config files
[3.095s] Level 1:colcon.colcon_core.shell:create_environment_hook('moveit_resources_prbt_pg70_support', 'cmake_prefix_path')
[3.095s] INFO:colcon.colcon_core.shell:Creating environment hook '/home/aaron/ur_ws/install/moveit_resources_prbt_pg70_support/share/moveit_resources_prbt_pg70_support/hook/cmake_prefix_path.ps1'
[3.096s] INFO:colcon.colcon_core.shell:Creating environment descriptor '/home/aaron/ur_ws/install/moveit_resources_prbt_pg70_support/share/moveit_resources_prbt_pg70_support/hook/cmake_prefix_path.dsv'
[3.096s] INFO:colcon.colcon_core.shell:Creating environment hook '/home/aaron/ur_ws/install/moveit_resources_prbt_pg70_support/share/moveit_resources_prbt_pg70_support/hook/cmake_prefix_path.sh'
[3.096s] Level 1:colcon.colcon_core.environment:checking '/home/aaron/ur_ws/install/moveit_resources_prbt_pg70_support/bin'
[3.096s] Level 1:colcon.colcon_core.environment:checking '/home/aaron/ur_ws/install/moveit_resources_prbt_pg70_support/lib/pkgconfig/moveit_resources_prbt_pg70_support.pc'
[3.096s] Level 1:colcon.colcon_core.environment:checking '/home/aaron/ur_ws/install/moveit_resources_prbt_pg70_support/lib/python3.10/site-packages'
[3.097s] Level 1:colcon.colcon_core.environment:checking '/home/aaron/ur_ws/install/moveit_resources_prbt_pg70_support/bin'
[3.097s] INFO:colcon.colcon_core.shell:Creating package script '/home/aaron/ur_ws/install/moveit_resources_prbt_pg70_support/share/moveit_resources_prbt_pg70_support/package.ps1'
[3.097s] INFO:colcon.colcon_core.shell:Creating package descriptor '/home/aaron/ur_ws/install/moveit_resources_prbt_pg70_support/share/moveit_resources_prbt_pg70_support/package.dsv'
[3.097s] INFO:colcon.colcon_core.shell:Creating package script '/home/aaron/ur_ws/install/moveit_resources_prbt_pg70_support/share/moveit_resources_prbt_pg70_support/package.sh'
[3.098s] INFO:colcon.colcon_core.shell:Creating package script '/home/aaron/ur_ws/install/moveit_resources_prbt_pg70_support/share/moveit_resources_prbt_pg70_support/package.bash'
[3.098s] INFO:colcon.colcon_core.shell:Creating package script '/home/aaron/ur_ws/install/moveit_resources_prbt_pg70_support/share/moveit_resources_prbt_pg70_support/package.zsh'
[3.098s] Level 1:colcon.colcon_core.environment:create_file_with_runtime_dependencies(/home/aaron/ur_ws/install/moveit_resources_prbt_pg70_support/share/colcon-core/packages/moveit_resources_prbt_pg70_support)
[3.098s] Level 1:colcon.colcon_core.environment:create_environment_scripts_only(moveit_resources_prbt_pg70_support)
[3.098s] Level 1:colcon.colcon_core.environment:checking '/home/aaron/ur_ws/install/moveit_resources_prbt_pg70_support' for CMake module files
[3.099s] Level 1:colcon.colcon_core.environment:checking '/home/aaron/ur_ws/install/moveit_resources_prbt_pg70_support' for CMake config files
[3.099s] Level 1:colcon.colcon_core.shell:create_environment_hook('moveit_resources_prbt_pg70_support', 'cmake_prefix_path')
[3.099s] INFO:colcon.colcon_core.shell:Creating environment hook '/home/aaron/ur_ws/install/moveit_resources_prbt_pg70_support/share/moveit_resources_prbt_pg70_support/hook/cmake_prefix_path.ps1'
[3.099s] INFO:colcon.colcon_core.shell:Creating environment descriptor '/home/aaron/ur_ws/install/moveit_resources_prbt_pg70_support/share/moveit_resources_prbt_pg70_support/hook/cmake_prefix_path.dsv'
[3.099s] INFO:colcon.colcon_core.shell:Creating environment hook '/home/aaron/ur_ws/install/moveit_resources_prbt_pg70_support/share/moveit_resources_prbt_pg70_support/hook/cmake_prefix_path.sh'
[3.100s] Level 1:colcon.colcon_core.environment:checking '/home/aaron/ur_ws/install/moveit_resources_prbt_pg70_support/bin'
[3.100s] Level 1:colcon.colcon_core.environment:checking '/home/aaron/ur_ws/install/moveit_resources_prbt_pg70_support/lib/pkgconfig/moveit_resources_prbt_pg70_support.pc'
[3.100s] Level 1:colcon.colcon_core.environment:checking '/home/aaron/ur_ws/install/moveit_resources_prbt_pg70_support/lib/python3.10/site-packages'
[3.100s] Level 1:colcon.colcon_core.environment:checking '/home/aaron/ur_ws/install/moveit_resources_prbt_pg70_support/bin'
[3.100s] INFO:colcon.colcon_core.shell:Creating package script '/home/aaron/ur_ws/install/moveit_resources_prbt_pg70_support/share/moveit_resources_prbt_pg70_support/package.ps1'
[3.101s] INFO:colcon.colcon_core.shell:Creating package descriptor '/home/aaron/ur_ws/install/moveit_resources_prbt_pg70_support/share/moveit_resources_prbt_pg70_support/package.dsv'
[3.101s] INFO:colcon.colcon_core.shell:Creating package script '/home/aaron/ur_ws/install/moveit_resources_prbt_pg70_support/share/moveit_resources_prbt_pg70_support/package.sh'
[3.101s] INFO:colcon.colcon_core.shell:Creating package script '/home/aaron/ur_ws/install/moveit_resources_prbt_pg70_support/share/moveit_resources_prbt_pg70_support/package.bash'
[3.101s] INFO:colcon.colcon_core.shell:Creating package script '/home/aaron/ur_ws/install/moveit_resources_prbt_pg70_support/share/moveit_resources_prbt_pg70_support/package.zsh'
[3.102s] Level 1:colcon.colcon_core.environment:create_file_with_runtime_dependencies(/home/aaron/ur_ws/install/moveit_resources_prbt_pg70_support/share/colcon-core/packages/moveit_resources_prbt_pg70_support)
[3.102s] INFO:colcon.colcon_ros.task.ament_cmake.build:Building ROS package in '/home/aaron/ur_ws/src/moveit2/moveit_planners/pilz_industrial_motion_planner' with build type 'ament_cmake'
[3.102s] INFO:colcon.colcon_cmake.task.cmake.build:Building CMake package in '/home/aaron/ur_ws/src/moveit2/moveit_planners/pilz_industrial_motion_planner'
[3.102s] INFO:colcon.colcon_core.shell:Skip shell extension 'powershell' for command environment: Not usable outside of PowerShell
[3.102s] DEBUG:colcon.colcon_core.shell:Skip shell extension 'dsv' for command environment
[3.108s] DEBUG:colcon.colcon_core.event_handler.log_command:Invoking command in '/home/aaron/ur_ws/build/moveit_ros_visualization': AMENT_PREFIX_PATH=/home/aaron/ur_ws/install/moveit_ros_planning_interface:/home/aaron/ur_ws/install/moveit_ros_move_group:/home/aaron/ur_ws/install/moveit_ros_warehouse:/home/aaron/ur_ws/install/moveit_ros_robot_interaction:/home/aaron/ur_ws/install/moveit_planners_ompl:/home/aaron/ur_ws/install/moveit_kinematics:/home/aaron/ur_ws/install/moveit_ros_planning:/home/aaron/ur_ws/install/moveit_simple_controller_manager:/home/aaron/ur_ws/install/moveit_ros_occupancy_map_monitor:/home/aaron/ur_ws/install/moveit_core:/home/aaron/ur_ws/install/moveit_resources_panda_moveit_config:/home/aaron/ur_ws/install/moveit_resources_fanuc_moveit_config:/home/aaron/ur_ws/install/moveit_configs_utils:/home/aaron/ur_ws/install/srdfdom:/home/aaron/ur_ws/install/moveit_resources_pr2_description:/home/aaron/ur_ws/install/moveit_resources_panda_description:/home/aaron/ur_ws/install/moveit_resources_fanuc_description:/home/aaron/ur_ws/install/moveit_common:/home/aaron/ur_ws/install/launch_param_builder:${AMENT_PREFIX_PATH} CMAKE_PREFIX_PATH=/home/aaron/ur_ws/install/moveit_ros_planning_interface:/home/aaron/ur_ws/install/moveit_ros_move_group:/home/aaron/ur_ws/install/moveit_ros_warehouse:/home/aaron/ur_ws/install/moveit_ros_robot_interaction:/home/aaron/ur_ws/install/moveit_planners_ompl:/home/aaron/ur_ws/install/moveit_kinematics:/home/aaron/ur_ws/install/moveit_ros_planning:/home/aaron/ur_ws/install/moveit_simple_controller_manager:/home/aaron/ur_ws/install/moveit_ros_occupancy_map_monitor:/home/aaron/ur_ws/install/moveit_core:/home/aaron/ur_ws/install/moveit_resources_panda_moveit_config:/home/aaron/ur_ws/install/moveit_resources_fanuc_moveit_config:/home/aaron/ur_ws/install/srdfdom:/home/aaron/ur_ws/install/moveit_resources_pr2_description:/home/aaron/ur_ws/install/moveit_resources_panda_description:/home/aaron/ur_ws/install/moveit_resources_fanuc_description:/home/aaron/ur_ws/install/moveit_common:/opt/ros/humble LD_LIBRARY_PATH=/home/aaron/ur_ws/install/moveit_ros_planning_interface/lib:/home/aaron/ur_ws/install/moveit_ros_move_group/lib:/home/aaron/ur_ws/install/moveit_ros_warehouse/lib:/home/aaron/ur_ws/install/moveit_ros_robot_interaction/lib:/home/aaron/ur_ws/install/moveit_planners_ompl/lib:/home/aaron/ur_ws/install/moveit_kinematics/lib:/home/aaron/ur_ws/install/moveit_ros_planning/lib:/home/aaron/ur_ws/install/moveit_simple_controller_manager/lib:/home/aaron/ur_ws/install/moveit_ros_occupancy_map_monitor/lib:/home/aaron/ur_ws/install/moveit_core/lib:/home/aaron/ur_ws/install/srdfdom/lib:${LD_LIBRARY_PATH} PATH=/home/aaron/ur_ws/install/moveit_core/bin:${PATH} PYTHONPATH=/home/aaron/ur_ws/install/moveit_configs_utils/lib/python3.10/site-packages:/home/aaron/ur_ws/install/srdfdom/local/lib/python3.10/dist-packages:/home/aaron/ur_ws/install/launch_param_builder/lib/python3.10/site-packages:${PYTHONPATH} /usr/bin/cmake --build /home/aaron/ur_ws/build/moveit_ros_visualization -- -j20 -l20
[3.110s] DEBUG:colcon.colcon_core.event_handler.log_command:Invoking command in '/home/aaron/ur_ws/build/moveit_hybrid_planning': AMENT_PREFIX_PATH=/home/aaron/ur_ws/install/moveit_ros_planning_interface:/home/aaron/ur_ws/install/moveit_ros_move_group:/home/aaron/ur_ws/install/moveit_ros_warehouse:/home/aaron/ur_ws/install/moveit_planners_ompl:/home/aaron/ur_ws/install/moveit_kinematics:/home/aaron/ur_ws/install/moveit_ros_planning:/home/aaron/ur_ws/install/moveit_simple_controller_manager:/home/aaron/ur_ws/install/moveit_ros_occupancy_map_monitor:/home/aaron/ur_ws/install/moveit_core:/home/aaron/ur_ws/install/moveit_resources_panda_moveit_config:/home/aaron/ur_ws/install/moveit_resources_fanuc_moveit_config:/home/aaron/ur_ws/install/moveit_configs_utils:/home/aaron/ur_ws/install/srdfdom:/home/aaron/ur_ws/install/moveit_resources_pr2_description:/home/aaron/ur_ws/install/moveit_resources_panda_description:/home/aaron/ur_ws/install/moveit_resources_fanuc_description:/home/aaron/ur_ws/install/moveit_common:/home/aaron/ur_ws/install/launch_param_builder:${AMENT_PREFIX_PATH} CMAKE_PREFIX_PATH=/home/aaron/ur_ws/install/moveit_ros_planning_interface:/home/aaron/ur_ws/install/moveit_ros_move_group:/home/aaron/ur_ws/install/moveit_ros_warehouse:/home/aaron/ur_ws/install/moveit_planners_ompl:/home/aaron/ur_ws/install/moveit_kinematics:/home/aaron/ur_ws/install/moveit_ros_planning:/home/aaron/ur_ws/install/moveit_simple_controller_manager:/home/aaron/ur_ws/install/moveit_ros_occupancy_map_monitor:/home/aaron/ur_ws/install/moveit_core:/home/aaron/ur_ws/install/moveit_resources_panda_moveit_config:/home/aaron/ur_ws/install/moveit_resources_fanuc_moveit_config:/home/aaron/ur_ws/install/srdfdom:/home/aaron/ur_ws/install/moveit_resources_pr2_description:/home/aaron/ur_ws/install/moveit_resources_panda_description:/home/aaron/ur_ws/install/moveit_resources_fanuc_description:/home/aaron/ur_ws/install/moveit_common:/opt/ros/humble LD_LIBRARY_PATH=/home/aaron/ur_ws/install/moveit_ros_planning_interface/lib:/home/aaron/ur_ws/install/moveit_ros_move_group/lib:/home/aaron/ur_ws/install/moveit_ros_warehouse/lib:/home/aaron/ur_ws/install/moveit_planners_ompl/lib:/home/aaron/ur_ws/install/moveit_kinematics/lib:/home/aaron/ur_ws/install/moveit_ros_planning/lib:/home/aaron/ur_ws/install/moveit_simple_controller_manager/lib:/home/aaron/ur_ws/install/moveit_ros_occupancy_map_monitor/lib:/home/aaron/ur_ws/install/moveit_core/lib:/home/aaron/ur_ws/install/srdfdom/lib:${LD_LIBRARY_PATH} PATH=/home/aaron/ur_ws/install/moveit_core/bin:${PATH} PYTHONPATH=/home/aaron/ur_ws/install/moveit_configs_utils/lib/python3.10/site-packages:/home/aaron/ur_ws/install/srdfdom/local/lib/python3.10/dist-packages:/home/aaron/ur_ws/install/launch_param_builder/lib/python3.10/site-packages:${PYTHONPATH} /usr/bin/cmake --build /home/aaron/ur_ws/build/moveit_hybrid_planning -- -j20 -l20
[3.112s] DEBUG:colcon.colcon_core.event_handler.log_command:Invoking command in '/home/aaron/ur_ws/build/moveit_servo': AMENT_PREFIX_PATH=/home/aaron/ur_ws/install/moveit_ros_planning_interface:/home/aaron/ur_ws/install/moveit_ros_move_group:/home/aaron/ur_ws/install/moveit_ros_warehouse:/home/aaron/ur_ws/install/moveit_planners_ompl:/home/aaron/ur_ws/install/moveit_kinematics:/home/aaron/ur_ws/install/moveit_ros_planning:/home/aaron/ur_ws/install/moveit_simple_controller_manager:/home/aaron/ur_ws/install/moveit_ros_occupancy_map_monitor:/home/aaron/ur_ws/install/moveit_core:/home/aaron/ur_ws/install/moveit_resources_panda_moveit_config:/home/aaron/ur_ws/install/moveit_resources_fanuc_moveit_config:/home/aaron/ur_ws/install/moveit_configs_utils:/home/aaron/ur_ws/install/srdfdom:/home/aaron/ur_ws/install/moveit_resources_pr2_description:/home/aaron/ur_ws/install/moveit_resources_panda_description:/home/aaron/ur_ws/install/moveit_resources_fanuc_description:/home/aaron/ur_ws/install/moveit_common:/home/aaron/ur_ws/install/launch_param_builder:${AMENT_PREFIX_PATH} CMAKE_PREFIX_PATH=/home/aaron/ur_ws/install/moveit_ros_planning_interface:/home/aaron/ur_ws/install/moveit_ros_move_group:/home/aaron/ur_ws/install/moveit_ros_warehouse:/home/aaron/ur_ws/install/moveit_planners_ompl:/home/aaron/ur_ws/install/moveit_kinematics:/home/aaron/ur_ws/install/moveit_ros_planning:/home/aaron/ur_ws/install/moveit_simple_controller_manager:/home/aaron/ur_ws/install/moveit_ros_occupancy_map_monitor:/home/aaron/ur_ws/install/moveit_core:/home/aaron/ur_ws/install/moveit_resources_panda_moveit_config:/home/aaron/ur_ws/install/moveit_resources_fanuc_moveit_config:/home/aaron/ur_ws/install/srdfdom:/home/aaron/ur_ws/install/moveit_resources_pr2_description:/home/aaron/ur_ws/install/moveit_resources_panda_description:/home/aaron/ur_ws/install/moveit_resources_fanuc_description:/home/aaron/ur_ws/install/moveit_common:/opt/ros/humble LD_LIBRARY_PATH=/home/aaron/ur_ws/install/moveit_ros_planning_interface/lib:/home/aaron/ur_ws/install/moveit_ros_move_group/lib:/home/aaron/ur_ws/install/moveit_ros_warehouse/lib:/home/aaron/ur_ws/install/moveit_planners_ompl/lib:/home/aaron/ur_ws/install/moveit_kinematics/lib:/home/aaron/ur_ws/install/moveit_ros_planning/lib:/home/aaron/ur_ws/install/moveit_simple_controller_manager/lib:/home/aaron/ur_ws/install/moveit_ros_occupancy_map_monitor/lib:/home/aaron/ur_ws/install/moveit_core/lib:/home/aaron/ur_ws/install/srdfdom/lib:${LD_LIBRARY_PATH} PATH=/home/aaron/ur_ws/install/moveit_core/bin:${PATH} PYTHONPATH=/home/aaron/ur_ws/install/moveit_configs_utils/lib/python3.10/site-packages:/home/aaron/ur_ws/install/srdfdom/local/lib/python3.10/dist-packages:/home/aaron/ur_ws/install/launch_param_builder/lib/python3.10/site-packages:${PYTHONPATH} /usr/bin/cmake --build /home/aaron/ur_ws/build/moveit_servo -- -j20 -l20
[3.115s] DEBUG:colcon.colcon_core.event_handler.log_command:Invoking command in '/home/aaron/ur_ws/build/moveit_py': AMENT_PREFIX_PATH=/home/aaron/ur_ws/install/moveit_ros_planning_interface:/home/aaron/ur_ws/install/moveit_ros_move_group:/home/aaron/ur_ws/install/moveit_ros_warehouse:/home/aaron/ur_ws/install/moveit_planners_ompl:/home/aaron/ur_ws/install/moveit_kinematics:/home/aaron/ur_ws/install/moveit_ros_planning:/home/aaron/ur_ws/install/moveit_simple_controller_manager:/home/aaron/ur_ws/install/moveit_ros_occupancy_map_monitor:/home/aaron/ur_ws/install/moveit_core:/home/aaron/ur_ws/install/moveit_resources_panda_moveit_config:/home/aaron/ur_ws/install/moveit_resources_fanuc_moveit_config:/home/aaron/ur_ws/install/moveit_configs_utils:/home/aaron/ur_ws/install/srdfdom:/home/aaron/ur_ws/install/moveit_resources_pr2_description:/home/aaron/ur_ws/install/moveit_resources_panda_description:/home/aaron/ur_ws/install/moveit_resources_fanuc_description:/home/aaron/ur_ws/install/moveit_common:/home/aaron/ur_ws/install/launch_param_builder:${AMENT_PREFIX_PATH} CMAKE_PREFIX_PATH=/home/aaron/ur_ws/install/moveit_ros_planning_interface:/home/aaron/ur_ws/install/moveit_ros_move_group:/home/aaron/ur_ws/install/moveit_ros_warehouse:/home/aaron/ur_ws/install/moveit_planners_ompl:/home/aaron/ur_ws/install/moveit_kinematics:/home/aaron/ur_ws/install/moveit_ros_planning:/home/aaron/ur_ws/install/moveit_simple_controller_manager:/home/aaron/ur_ws/install/moveit_ros_occupancy_map_monitor:/home/aaron/ur_ws/install/moveit_core:/home/aaron/ur_ws/install/moveit_resources_panda_moveit_config:/home/aaron/ur_ws/install/moveit_resources_fanuc_moveit_config:/home/aaron/ur_ws/install/srdfdom:/home/aaron/ur_ws/install/moveit_resources_pr2_description:/home/aaron/ur_ws/install/moveit_resources_panda_description:/home/aaron/ur_ws/install/moveit_resources_fanuc_description:/home/aaron/ur_ws/install/moveit_common:/opt/ros/humble LD_LIBRARY_PATH=/home/aaron/ur_ws/install/moveit_ros_planning_interface/lib:/home/aaron/ur_ws/install/moveit_ros_move_group/lib:/home/aaron/ur_ws/install/moveit_ros_warehouse/lib:/home/aaron/ur_ws/install/moveit_planners_ompl/lib:/home/aaron/ur_ws/install/moveit_kinematics/lib:/home/aaron/ur_ws/install/moveit_ros_planning/lib:/home/aaron/ur_ws/install/moveit_simple_controller_manager/lib:/home/aaron/ur_ws/install/moveit_ros_occupancy_map_monitor/lib:/home/aaron/ur_ws/install/moveit_core/lib:/home/aaron/ur_ws/install/srdfdom/lib:${LD_LIBRARY_PATH} PATH=/home/aaron/ur_ws/install/moveit_core/bin:${PATH} PYTHONPATH=/home/aaron/ur_ws/install/moveit_configs_utils/lib/python3.10/site-packages:/home/aaron/ur_ws/install/srdfdom/local/lib/python3.10/dist-packages:/home/aaron/ur_ws/install/launch_param_builder/lib/python3.10/site-packages:${PYTHONPATH} /usr/bin/cmake --build /home/aaron/ur_ws/build/moveit_py -- -j20 -l20
[3.137s] DEBUG:colcon.colcon_core.event_handler.log_command:Invoking command in '/home/aaron/ur_ws/build/pilz_industrial_motion_planner': AMENT_PREFIX_PATH=/home/aaron/ur_ws/install/moveit_resources_prbt_pg70_support:/home/aaron/ur_ws/install/moveit_ros_planning_interface:/home/aaron/ur_ws/install/moveit_resources_prbt_moveit_config:/home/aaron/ur_ws/install/moveit_ros_move_group:/home/aaron/ur_ws/install/moveit_ros_warehouse:/home/aaron/ur_ws/install/moveit_planners_ompl:/home/aaron/ur_ws/install/moveit_kinematics:/home/aaron/ur_ws/install/moveit_ros_planning:/home/aaron/ur_ws/install/pilz_industrial_motion_planner_testutils:/home/aaron/ur_ws/install/moveit_simple_controller_manager:/home/aaron/ur_ws/install/moveit_ros_occupancy_map_monitor:/home/aaron/ur_ws/install/moveit_resources_prbt_ikfast_manipulator_plugin:/home/aaron/ur_ws/install/moveit_core:/home/aaron/ur_ws/install/moveit_resources_panda_moveit_config:/home/aaron/ur_ws/install/moveit_resources_fanuc_moveit_config:/home/aaron/ur_ws/install/moveit_configs_utils:/home/aaron/ur_ws/install/srdfdom:/home/aaron/ur_ws/install/moveit_resources_prbt_support:/home/aaron/ur_ws/install/moveit_resources_pr2_description:/home/aaron/ur_ws/install/moveit_resources_panda_description:/home/aaron/ur_ws/install/moveit_resources_fanuc_description:/home/aaron/ur_ws/install/moveit_common:/home/aaron/ur_ws/install/launch_param_builder:${AMENT_PREFIX_PATH} CMAKE_PREFIX_PATH=/home/aaron/ur_ws/install/moveit_resources_prbt_pg70_support:/home/aaron/ur_ws/install/moveit_ros_planning_interface:/home/aaron/ur_ws/install/moveit_resources_prbt_moveit_config:/home/aaron/ur_ws/install/moveit_ros_move_group:/home/aaron/ur_ws/install/moveit_ros_warehouse:/home/aaron/ur_ws/install/moveit_planners_ompl:/home/aaron/ur_ws/install/moveit_kinematics:/home/aaron/ur_ws/install/moveit_ros_planning:/home/aaron/ur_ws/install/pilz_industrial_motion_planner_testutils:/home/aaron/ur_ws/install/moveit_simple_controller_manager:/home/aaron/ur_ws/install/moveit_ros_occupancy_map_monitor:/home/aaron/ur_ws/install/moveit_resources_prbt_ikfast_manipulator_plugin:/home/aaron/ur_ws/install/moveit_core:/home/aaron/ur_ws/install/moveit_resources_panda_moveit_config:/home/aaron/ur_ws/install/moveit_resources_fanuc_moveit_config:/home/aaron/ur_ws/install/srdfdom:/home/aaron/ur_ws/install/moveit_resources_prbt_support:/home/aaron/ur_ws/install/moveit_resources_pr2_description:/home/aaron/ur_ws/install/moveit_resources_panda_description:/home/aaron/ur_ws/install/moveit_resources_fanuc_description:/home/aaron/ur_ws/install/moveit_common:/opt/ros/humble LD_LIBRARY_PATH=/home/aaron/ur_ws/install/moveit_ros_planning_interface/lib:/home/aaron/ur_ws/install/moveit_ros_move_group/lib:/home/aaron/ur_ws/install/moveit_ros_warehouse/lib:/home/aaron/ur_ws/install/moveit_planners_ompl/lib:/home/aaron/ur_ws/install/moveit_kinematics/lib:/home/aaron/ur_ws/install/moveit_ros_planning/lib:/home/aaron/ur_ws/install/pilz_industrial_motion_planner_testutils/lib:/home/aaron/ur_ws/install/moveit_simple_controller_manager/lib:/home/aaron/ur_ws/install/moveit_ros_occupancy_map_monitor/lib:/home/aaron/ur_ws/install/moveit_resources_prbt_ikfast_manipulator_plugin/lib:/home/aaron/ur_ws/install/moveit_core/lib:/home/aaron/ur_ws/install/srdfdom/lib:${LD_LIBRARY_PATH} PATH=/home/aaron/ur_ws/install/moveit_core/bin:${PATH} PYTHONPATH=/home/aaron/ur_ws/install/moveit_configs_utils/lib/python3.10/site-packages:/home/aaron/ur_ws/install/srdfdom/local/lib/python3.10/dist-packages:/home/aaron/ur_ws/install/launch_param_builder/lib/python3.10/site-packages:${PYTHONPATH} /usr/bin/cmake --build /home/aaron/ur_ws/build/pilz_industrial_motion_planner -- -j20 -l20
[3.312s] DEBUG:colcon.colcon_core.event_handler.log_command:Invoked command in '/home/aaron/ur_ws/build/moveit_hybrid_planning' returned '0': AMENT_PREFIX_PATH=/home/aaron/ur_ws/install/moveit_ros_planning_interface:/home/aaron/ur_ws/install/moveit_ros_move_group:/home/aaron/ur_ws/install/moveit_ros_warehouse:/home/aaron/ur_ws/install/moveit_planners_ompl:/home/aaron/ur_ws/install/moveit_kinematics:/home/aaron/ur_ws/install/moveit_ros_planning:/home/aaron/ur_ws/install/moveit_simple_controller_manager:/home/aaron/ur_ws/install/moveit_ros_occupancy_map_monitor:/home/aaron/ur_ws/install/moveit_core:/home/aaron/ur_ws/install/moveit_resources_panda_moveit_config:/home/aaron/ur_ws/install/moveit_resources_fanuc_moveit_config:/home/aaron/ur_ws/install/moveit_configs_utils:/home/aaron/ur_ws/install/srdfdom:/home/aaron/ur_ws/install/moveit_resources_pr2_description:/home/aaron/ur_ws/install/moveit_resources_panda_description:/home/aaron/ur_ws/install/moveit_resources_fanuc_description:/home/aaron/ur_ws/install/moveit_common:/home/aaron/ur_ws/install/launch_param_builder:${AMENT_PREFIX_PATH} CMAKE_PREFIX_PATH=/home/aaron/ur_ws/install/moveit_ros_planning_interface:/home/aaron/ur_ws/install/moveit_ros_move_group:/home/aaron/ur_ws/install/moveit_ros_warehouse:/home/aaron/ur_ws/install/moveit_planners_ompl:/home/aaron/ur_ws/install/moveit_kinematics:/home/aaron/ur_ws/install/moveit_ros_planning:/home/aaron/ur_ws/install/moveit_simple_controller_manager:/home/aaron/ur_ws/install/moveit_ros_occupancy_map_monitor:/home/aaron/ur_ws/install/moveit_core:/home/aaron/ur_ws/install/moveit_resources_panda_moveit_config:/home/aaron/ur_ws/install/moveit_resources_fanuc_moveit_config:/home/aaron/ur_ws/install/srdfdom:/home/aaron/ur_ws/install/moveit_resources_pr2_description:/home/aaron/ur_ws/install/moveit_resources_panda_description:/home/aaron/ur_ws/install/moveit_resources_fanuc_description:/home/aaron/ur_ws/install/moveit_common:/opt/ros/humble LD_LIBRARY_PATH=/home/aaron/ur_ws/install/moveit_ros_planning_interface/lib:/home/aaron/ur_ws/install/moveit_ros_move_group/lib:/home/aaron/ur_ws/install/moveit_ros_warehouse/lib:/home/aaron/ur_ws/install/moveit_planners_ompl/lib:/home/aaron/ur_ws/install/moveit_kinematics/lib:/home/aaron/ur_ws/install/moveit_ros_planning/lib:/home/aaron/ur_ws/install/moveit_simple_controller_manager/lib:/home/aaron/ur_ws/install/moveit_ros_occupancy_map_monitor/lib:/home/aaron/ur_ws/install/moveit_core/lib:/home/aaron/ur_ws/install/srdfdom/lib:${LD_LIBRARY_PATH} PATH=/home/aaron/ur_ws/install/moveit_core/bin:${PATH} PYTHONPATH=/home/aaron/ur_ws/install/moveit_configs_utils/lib/python3.10/site-packages:/home/aaron/ur_ws/install/srdfdom/local/lib/python3.10/dist-packages:/home/aaron/ur_ws/install/launch_param_builder/lib/python3.10/site-packages:${PYTHONPATH} /usr/bin/cmake --build /home/aaron/ur_ws/build/moveit_hybrid_planning -- -j20 -l20
[3.319s] DEBUG:colcon.colcon_core.event_handler.log_command:Invoking command in '/home/aaron/ur_ws/build/moveit_hybrid_planning': AMENT_PREFIX_PATH=/home/aaron/ur_ws/install/moveit_ros_planning_interface:/home/aaron/ur_ws/install/moveit_ros_move_group:/home/aaron/ur_ws/install/moveit_ros_warehouse:/home/aaron/ur_ws/install/moveit_planners_ompl:/home/aaron/ur_ws/install/moveit_kinematics:/home/aaron/ur_ws/install/moveit_ros_planning:/home/aaron/ur_ws/install/moveit_simple_controller_manager:/home/aaron/ur_ws/install/moveit_ros_occupancy_map_monitor:/home/aaron/ur_ws/install/moveit_core:/home/aaron/ur_ws/install/moveit_resources_panda_moveit_config:/home/aaron/ur_ws/install/moveit_resources_fanuc_moveit_config:/home/aaron/ur_ws/install/moveit_configs_utils:/home/aaron/ur_ws/install/srdfdom:/home/aaron/ur_ws/install/moveit_resources_pr2_description:/home/aaron/ur_ws/install/moveit_resources_panda_description:/home/aaron/ur_ws/install/moveit_resources_fanuc_description:/home/aaron/ur_ws/install/moveit_common:/home/aaron/ur_ws/install/launch_param_builder:${AMENT_PREFIX_PATH} CMAKE_PREFIX_PATH=/home/aaron/ur_ws/install/moveit_ros_planning_interface:/home/aaron/ur_ws/install/moveit_ros_move_group:/home/aaron/ur_ws/install/moveit_ros_warehouse:/home/aaron/ur_ws/install/moveit_planners_ompl:/home/aaron/ur_ws/install/moveit_kinematics:/home/aaron/ur_ws/install/moveit_ros_planning:/home/aaron/ur_ws/install/moveit_simple_controller_manager:/home/aaron/ur_ws/install/moveit_ros_occupancy_map_monitor:/home/aaron/ur_ws/install/moveit_core:/home/aaron/ur_ws/install/moveit_resources_panda_moveit_config:/home/aaron/ur_ws/install/moveit_resources_fanuc_moveit_config:/home/aaron/ur_ws/install/srdfdom:/home/aaron/ur_ws/install/moveit_resources_pr2_description:/home/aaron/ur_ws/install/moveit_resources_panda_description:/home/aaron/ur_ws/install/moveit_resources_fanuc_description:/home/aaron/ur_ws/install/moveit_common:/opt/ros/humble LD_LIBRARY_PATH=/home/aaron/ur_ws/install/moveit_ros_planning_interface/lib:/home/aaron/ur_ws/install/moveit_ros_move_group/lib:/home/aaron/ur_ws/install/moveit_ros_warehouse/lib:/home/aaron/ur_ws/install/moveit_planners_ompl/lib:/home/aaron/ur_ws/install/moveit_kinematics/lib:/home/aaron/ur_ws/install/moveit_ros_planning/lib:/home/aaron/ur_ws/install/moveit_simple_controller_manager/lib:/home/aaron/ur_ws/install/moveit_ros_occupancy_map_monitor/lib:/home/aaron/ur_ws/install/moveit_core/lib:/home/aaron/ur_ws/install/srdfdom/lib:${LD_LIBRARY_PATH} PATH=/home/aaron/ur_ws/install/moveit_core/bin:${PATH} PYTHONPATH=/home/aaron/ur_ws/install/moveit_configs_utils/lib/python3.10/site-packages:/home/aaron/ur_ws/install/srdfdom/local/lib/python3.10/dist-packages:/home/aaron/ur_ws/install/launch_param_builder/lib/python3.10/site-packages:${PYTHONPATH} /usr/bin/cmake --install /home/aaron/ur_ws/build/moveit_hybrid_planning
[3.337s] Level 1:colcon.colcon_core.environment:create_environment_scripts_only(moveit_hybrid_planning)
[3.337s] Level 1:colcon.colcon_core.environment:checking '/home/aaron/ur_ws/install/moveit_hybrid_planning' for CMake module files
[3.338s] DEBUG:colcon.colcon_core.event_handler.log_command:Invoked command in '/home/aaron/ur_ws/build/moveit_hybrid_planning' returned '0': AMENT_PREFIX_PATH=/home/aaron/ur_ws/install/moveit_ros_planning_interface:/home/aaron/ur_ws/install/moveit_ros_move_group:/home/aaron/ur_ws/install/moveit_ros_warehouse:/home/aaron/ur_ws/install/moveit_planners_ompl:/home/aaron/ur_ws/install/moveit_kinematics:/home/aaron/ur_ws/install/moveit_ros_planning:/home/aaron/ur_ws/install/moveit_simple_controller_manager:/home/aaron/ur_ws/install/moveit_ros_occupancy_map_monitor:/home/aaron/ur_ws/install/moveit_core:/home/aaron/ur_ws/install/moveit_resources_panda_moveit_config:/home/aaron/ur_ws/install/moveit_resources_fanuc_moveit_config:/home/aaron/ur_ws/install/moveit_configs_utils:/home/aaron/ur_ws/install/srdfdom:/home/aaron/ur_ws/install/moveit_resources_pr2_description:/home/aaron/ur_ws/install/moveit_resources_panda_description:/home/aaron/ur_ws/install/moveit_resources_fanuc_description:/home/aaron/ur_ws/install/moveit_common:/home/aaron/ur_ws/install/launch_param_builder:${AMENT_PREFIX_PATH} CMAKE_PREFIX_PATH=/home/aaron/ur_ws/install/moveit_ros_planning_interface:/home/aaron/ur_ws/install/moveit_ros_move_group:/home/aaron/ur_ws/install/moveit_ros_warehouse:/home/aaron/ur_ws/install/moveit_planners_ompl:/home/aaron/ur_ws/install/moveit_kinematics:/home/aaron/ur_ws/install/moveit_ros_planning:/home/aaron/ur_ws/install/moveit_simple_controller_manager:/home/aaron/ur_ws/install/moveit_ros_occupancy_map_monitor:/home/aaron/ur_ws/install/moveit_core:/home/aaron/ur_ws/install/moveit_resources_panda_moveit_config:/home/aaron/ur_ws/install/moveit_resources_fanuc_moveit_config:/home/aaron/ur_ws/install/srdfdom:/home/aaron/ur_ws/install/moveit_resources_pr2_description:/home/aaron/ur_ws/install/moveit_resources_panda_description:/home/aaron/ur_ws/install/moveit_resources_fanuc_description:/home/aaron/ur_ws/install/moveit_common:/opt/ros/humble LD_LIBRARY_PATH=/home/aaron/ur_ws/install/moveit_ros_planning_interface/lib:/home/aaron/ur_ws/install/moveit_ros_move_group/lib:/home/aaron/ur_ws/install/moveit_ros_warehouse/lib:/home/aaron/ur_ws/install/moveit_planners_ompl/lib:/home/aaron/ur_ws/install/moveit_kinematics/lib:/home/aaron/ur_ws/install/moveit_ros_planning/lib:/home/aaron/ur_ws/install/moveit_simple_controller_manager/lib:/home/aaron/ur_ws/install/moveit_ros_occupancy_map_monitor/lib:/home/aaron/ur_ws/install/moveit_core/lib:/home/aaron/ur_ws/install/srdfdom/lib:${LD_LIBRARY_PATH} PATH=/home/aaron/ur_ws/install/moveit_core/bin:${PATH} PYTHONPATH=/home/aaron/ur_ws/install/moveit_configs_utils/lib/python3.10/site-packages:/home/aaron/ur_ws/install/srdfdom/local/lib/python3.10/dist-packages:/home/aaron/ur_ws/install/launch_param_builder/lib/python3.10/site-packages:${PYTHONPATH} /usr/bin/cmake --install /home/aaron/ur_ws/build/moveit_hybrid_planning
[3.339s] Level 1:colcon.colcon_core.environment:checking '/home/aaron/ur_ws/install/moveit_hybrid_planning' for CMake config files
[3.339s] Level 1:colcon.colcon_core.shell:create_environment_hook('moveit_hybrid_planning', 'cmake_prefix_path')
[3.339s] INFO:colcon.colcon_core.shell:Creating environment hook '/home/aaron/ur_ws/install/moveit_hybrid_planning/share/moveit_hybrid_planning/hook/cmake_prefix_path.ps1'
[3.340s] INFO:colcon.colcon_core.shell:Creating environment descriptor '/home/aaron/ur_ws/install/moveit_hybrid_planning/share/moveit_hybrid_planning/hook/cmake_prefix_path.dsv'
[3.341s] INFO:colcon.colcon_core.shell:Creating environment hook '/home/aaron/ur_ws/install/moveit_hybrid_planning/share/moveit_hybrid_planning/hook/cmake_prefix_path.sh'
[3.341s] Level 1:colcon.colcon_core.environment:checking '/home/aaron/ur_ws/install/moveit_hybrid_planning/lib'
[3.341s] Level 1:colcon.colcon_core.shell:create_environment_hook('moveit_hybrid_planning', 'ld_library_path_lib')
[3.342s] INFO:colcon.colcon_core.shell:Creating environment hook '/home/aaron/ur_ws/install/moveit_hybrid_planning/share/moveit_hybrid_planning/hook/ld_library_path_lib.ps1'
[3.342s] INFO:colcon.colcon_core.shell:Creating environment descriptor '/home/aaron/ur_ws/install/moveit_hybrid_planning/share/moveit_hybrid_planning/hook/ld_library_path_lib.dsv'
[3.343s] INFO:colcon.colcon_core.shell:Creating environment hook '/home/aaron/ur_ws/install/moveit_hybrid_planning/share/moveit_hybrid_planning/hook/ld_library_path_lib.sh'
[3.343s] Level 1:colcon.colcon_core.environment:checking '/home/aaron/ur_ws/install/moveit_hybrid_planning/bin'
[3.343s] Level 1:colcon.colcon_core.environment:checking '/home/aaron/ur_ws/install/moveit_hybrid_planning/lib/pkgconfig/moveit_hybrid_planning.pc'
[3.344s] Level 1:colcon.colcon_core.environment:checking '/home/aaron/ur_ws/install/moveit_hybrid_planning/lib/python3.10/site-packages'
[3.344s] Level 1:colcon.colcon_core.environment:checking '/home/aaron/ur_ws/install/moveit_hybrid_planning/bin'
[3.345s] INFO:colcon.colcon_core.shell:Creating package script '/home/aaron/ur_ws/install/moveit_hybrid_planning/share/moveit_hybrid_planning/package.ps1'
[3.346s] INFO:colcon.colcon_core.shell:Creating package descriptor '/home/aaron/ur_ws/install/moveit_hybrid_planning/share/moveit_hybrid_planning/package.dsv'
[3.346s] INFO:colcon.colcon_core.shell:Creating package script '/home/aaron/ur_ws/install/moveit_hybrid_planning/share/moveit_hybrid_planning/package.sh'
[3.347s] INFO:colcon.colcon_core.shell:Creating package script '/home/aaron/ur_ws/install/moveit_hybrid_planning/share/moveit_hybrid_planning/package.bash'
[3.348s] INFO:colcon.colcon_core.shell:Creating package script '/home/aaron/ur_ws/install/moveit_hybrid_planning/share/moveit_hybrid_planning/package.zsh'
[3.348s] Level 1:colcon.colcon_core.environment:create_file_with_runtime_dependencies(/home/aaron/ur_ws/install/moveit_hybrid_planning/share/colcon-core/packages/moveit_hybrid_planning)
[3.350s] Level 1:colcon.colcon_core.environment:create_environment_scripts_only(moveit_hybrid_planning)
[3.350s] Level 1:colcon.colcon_core.environment:checking '/home/aaron/ur_ws/install/moveit_hybrid_planning' for CMake module files
[3.352s] Level 1:colcon.colcon_core.environment:checking '/home/aaron/ur_ws/install/moveit_hybrid_planning' for CMake config files
[3.352s] Level 1:colcon.colcon_core.shell:create_environment_hook('moveit_hybrid_planning', 'cmake_prefix_path')
[3.353s] INFO:colcon.colcon_core.shell:Creating environment hook '/home/aaron/ur_ws/install/moveit_hybrid_planning/share/moveit_hybrid_planning/hook/cmake_prefix_path.ps1'
[3.353s] INFO:colcon.colcon_core.shell:Creating environment descriptor '/home/aaron/ur_ws/install/moveit_hybrid_planning/share/moveit_hybrid_planning/hook/cmake_prefix_path.dsv'
[3.354s] INFO:colcon.colcon_core.shell:Creating environment hook '/home/aaron/ur_ws/install/moveit_hybrid_planning/share/moveit_hybrid_planning/hook/cmake_prefix_path.sh'
[3.355s] Level 1:colcon.colcon_core.environment:checking '/home/aaron/ur_ws/install/moveit_hybrid_planning/lib'
[3.355s] Level 1:colcon.colcon_core.shell:create_environment_hook('moveit_hybrid_planning', 'ld_library_path_lib')
[3.356s] INFO:colcon.colcon_core.shell:Creating environment hook '/home/aaron/ur_ws/install/moveit_hybrid_planning/share/moveit_hybrid_planning/hook/ld_library_path_lib.ps1'
[3.357s] INFO:colcon.colcon_core.shell:Creating environment descriptor '/home/aaron/ur_ws/install/moveit_hybrid_planning/share/moveit_hybrid_planning/hook/ld_library_path_lib.dsv'
[3.357s] INFO:colcon.colcon_core.shell:Creating environment hook '/home/aaron/ur_ws/install/moveit_hybrid_planning/share/moveit_hybrid_planning/hook/ld_library_path_lib.sh'
[3.358s] Level 1:colcon.colcon_core.environment:checking '/home/aaron/ur_ws/install/moveit_hybrid_planning/bin'
[3.358s] Level 1:colcon.colcon_core.environment:checking '/home/aaron/ur_ws/install/moveit_hybrid_planning/lib/pkgconfig/moveit_hybrid_planning.pc'
[3.358s] Level 1:colcon.colcon_core.environment:checking '/home/aaron/ur_ws/install/moveit_hybrid_planning/lib/python3.10/site-packages'
[3.359s] Level 1:colcon.colcon_core.environment:checking '/home/aaron/ur_ws/install/moveit_hybrid_planning/bin'
[3.360s] INFO:colcon.colcon_core.shell:Creating package script '/home/aaron/ur_ws/install/moveit_hybrid_planning/share/moveit_hybrid_planning/package.ps1'
[3.361s] INFO:colcon.colcon_core.shell:Creating package descriptor '/home/aaron/ur_ws/install/moveit_hybrid_planning/share/moveit_hybrid_planning/package.dsv'
[3.362s] INFO:colcon.colcon_core.shell:Creating package script '/home/aaron/ur_ws/install/moveit_hybrid_planning/share/moveit_hybrid_planning/package.sh'
[3.363s] INFO:colcon.colcon_core.shell:Creating package script '/home/aaron/ur_ws/install/moveit_hybrid_planning/share/moveit_hybrid_planning/package.bash'
[3.364s] INFO:colcon.colcon_core.shell:Creating package script '/home/aaron/ur_ws/install/moveit_hybrid_planning/share/moveit_hybrid_planning/package.zsh'
[3.365s] Level 1:colcon.colcon_core.environment:create_file_with_runtime_dependencies(/home/aaron/ur_ws/install/moveit_hybrid_planning/share/colcon-core/packages/moveit_hybrid_planning)
[3.381s] DEBUG:colcon.colcon_core.event_handler.log_command:Invoked command in '/home/aaron/ur_ws/build/pilz_industrial_motion_planner' returned '0': AMENT_PREFIX_PATH=/home/aaron/ur_ws/install/moveit_resources_prbt_pg70_support:/home/aaron/ur_ws/install/moveit_ros_planning_interface:/home/aaron/ur_ws/install/moveit_resources_prbt_moveit_config:/home/aaron/ur_ws/install/moveit_ros_move_group:/home/aaron/ur_ws/install/moveit_ros_warehouse:/home/aaron/ur_ws/install/moveit_planners_ompl:/home/aaron/ur_ws/install/moveit_kinematics:/home/aaron/ur_ws/install/moveit_ros_planning:/home/aaron/ur_ws/install/pilz_industrial_motion_planner_testutils:/home/aaron/ur_ws/install/moveit_simple_controller_manager:/home/aaron/ur_ws/install/moveit_ros_occupancy_map_monitor:/home/aaron/ur_ws/install/moveit_resources_prbt_ikfast_manipulator_plugin:/home/aaron/ur_ws/install/moveit_core:/home/aaron/ur_ws/install/moveit_resources_panda_moveit_config:/home/aaron/ur_ws/install/moveit_resources_fanuc_moveit_config:/home/aaron/ur_ws/install/moveit_configs_utils:/home/aaron/ur_ws/install/srdfdom:/home/aaron/ur_ws/install/moveit_resources_prbt_support:/home/aaron/ur_ws/install/moveit_resources_pr2_description:/home/aaron/ur_ws/install/moveit_resources_panda_description:/home/aaron/ur_ws/install/moveit_resources_fanuc_description:/home/aaron/ur_ws/install/moveit_common:/home/aaron/ur_ws/install/launch_param_builder:${AMENT_PREFIX_PATH} CMAKE_PREFIX_PATH=/home/aaron/ur_ws/install/moveit_resources_prbt_pg70_support:/home/aaron/ur_ws/install/moveit_ros_planning_interface:/home/aaron/ur_ws/install/moveit_resources_prbt_moveit_config:/home/aaron/ur_ws/install/moveit_ros_move_group:/home/aaron/ur_ws/install/moveit_ros_warehouse:/home/aaron/ur_ws/install/moveit_planners_ompl:/home/aaron/ur_ws/install/moveit_kinematics:/home/aaron/ur_ws/install/moveit_ros_planning:/home/aaron/ur_ws/install/pilz_industrial_motion_planner_testutils:/home/aaron/ur_ws/install/moveit_simple_controller_manager:/home/aaron/ur_ws/install/moveit_ros_occupancy_map_monitor:/home/aaron/ur_ws/install/moveit_resources_prbt_ikfast_manipulator_plugin:/home/aaron/ur_ws/install/moveit_core:/home/aaron/ur_ws/install/moveit_resources_panda_moveit_config:/home/aaron/ur_ws/install/moveit_resources_fanuc_moveit_config:/home/aaron/ur_ws/install/srdfdom:/home/aaron/ur_ws/install/moveit_resources_prbt_support:/home/aaron/ur_ws/install/moveit_resources_pr2_description:/home/aaron/ur_ws/install/moveit_resources_panda_description:/home/aaron/ur_ws/install/moveit_resources_fanuc_description:/home/aaron/ur_ws/install/moveit_common:/opt/ros/humble LD_LIBRARY_PATH=/home/aaron/ur_ws/install/moveit_ros_planning_interface/lib:/home/aaron/ur_ws/install/moveit_ros_move_group/lib:/home/aaron/ur_ws/install/moveit_ros_warehouse/lib:/home/aaron/ur_ws/install/moveit_planners_ompl/lib:/home/aaron/ur_ws/install/moveit_kinematics/lib:/home/aaron/ur_ws/install/moveit_ros_planning/lib:/home/aaron/ur_ws/install/pilz_industrial_motion_planner_testutils/lib:/home/aaron/ur_ws/install/moveit_simple_controller_manager/lib:/home/aaron/ur_ws/install/moveit_ros_occupancy_map_monitor/lib:/home/aaron/ur_ws/install/moveit_resources_prbt_ikfast_manipulator_plugin/lib:/home/aaron/ur_ws/install/moveit_core/lib:/home/aaron/ur_ws/install/srdfdom/lib:${LD_LIBRARY_PATH} PATH=/home/aaron/ur_ws/install/moveit_core/bin:${PATH} PYTHONPATH=/home/aaron/ur_ws/install/moveit_configs_utils/lib/python3.10/site-packages:/home/aaron/ur_ws/install/srdfdom/local/lib/python3.10/dist-packages:/home/aaron/ur_ws/install/launch_param_builder/lib/python3.10/site-packages:${PYTHONPATH} /usr/bin/cmake --build /home/aaron/ur_ws/build/pilz_industrial_motion_planner -- -j20 -l20
[3.384s] DEBUG:colcon.colcon_core.event_handler.log_command:Invoking command in '/home/aaron/ur_ws/build/pilz_industrial_motion_planner': AMENT_PREFIX_PATH=/home/aaron/ur_ws/install/moveit_resources_prbt_pg70_support:/home/aaron/ur_ws/install/moveit_ros_planning_interface:/home/aaron/ur_ws/install/moveit_resources_prbt_moveit_config:/home/aaron/ur_ws/install/moveit_ros_move_group:/home/aaron/ur_ws/install/moveit_ros_warehouse:/home/aaron/ur_ws/install/moveit_planners_ompl:/home/aaron/ur_ws/install/moveit_kinematics:/home/aaron/ur_ws/install/moveit_ros_planning:/home/aaron/ur_ws/install/pilz_industrial_motion_planner_testutils:/home/aaron/ur_ws/install/moveit_simple_controller_manager:/home/aaron/ur_ws/install/moveit_ros_occupancy_map_monitor:/home/aaron/ur_ws/install/moveit_resources_prbt_ikfast_manipulator_plugin:/home/aaron/ur_ws/install/moveit_core:/home/aaron/ur_ws/install/moveit_resources_panda_moveit_config:/home/aaron/ur_ws/install/moveit_resources_fanuc_moveit_config:/home/aaron/ur_ws/install/moveit_configs_utils:/home/aaron/ur_ws/install/srdfdom:/home/aaron/ur_ws/install/moveit_resources_prbt_support:/home/aaron/ur_ws/install/moveit_resources_pr2_description:/home/aaron/ur_ws/install/moveit_resources_panda_description:/home/aaron/ur_ws/install/moveit_resources_fanuc_description:/home/aaron/ur_ws/install/moveit_common:/home/aaron/ur_ws/install/launch_param_builder:${AMENT_PREFIX_PATH} CMAKE_PREFIX_PATH=/home/aaron/ur_ws/install/moveit_resources_prbt_pg70_support:/home/aaron/ur_ws/install/moveit_ros_planning_interface:/home/aaron/ur_ws/install/moveit_resources_prbt_moveit_config:/home/aaron/ur_ws/install/moveit_ros_move_group:/home/aaron/ur_ws/install/moveit_ros_warehouse:/home/aaron/ur_ws/install/moveit_planners_ompl:/home/aaron/ur_ws/install/moveit_kinematics:/home/aaron/ur_ws/install/moveit_ros_planning:/home/aaron/ur_ws/install/pilz_industrial_motion_planner_testutils:/home/aaron/ur_ws/install/moveit_simple_controller_manager:/home/aaron/ur_ws/install/moveit_ros_occupancy_map_monitor:/home/aaron/ur_ws/install/moveit_resources_prbt_ikfast_manipulator_plugin:/home/aaron/ur_ws/install/moveit_core:/home/aaron/ur_ws/install/moveit_resources_panda_moveit_config:/home/aaron/ur_ws/install/moveit_resources_fanuc_moveit_config:/home/aaron/ur_ws/install/srdfdom:/home/aaron/ur_ws/install/moveit_resources_prbt_support:/home/aaron/ur_ws/install/moveit_resources_pr2_description:/home/aaron/ur_ws/install/moveit_resources_panda_description:/home/aaron/ur_ws/install/moveit_resources_fanuc_description:/home/aaron/ur_ws/install/moveit_common:/opt/ros/humble LD_LIBRARY_PATH=/home/aaron/ur_ws/install/moveit_ros_planning_interface/lib:/home/aaron/ur_ws/install/moveit_ros_move_group/lib:/home/aaron/ur_ws/install/moveit_ros_warehouse/lib:/home/aaron/ur_ws/install/moveit_planners_ompl/lib:/home/aaron/ur_ws/install/moveit_kinematics/lib:/home/aaron/ur_ws/install/moveit_ros_planning/lib:/home/aaron/ur_ws/install/pilz_industrial_motion_planner_testutils/lib:/home/aaron/ur_ws/install/moveit_simple_controller_manager/lib:/home/aaron/ur_ws/install/moveit_ros_occupancy_map_monitor/lib:/home/aaron/ur_ws/install/moveit_resources_prbt_ikfast_manipulator_plugin/lib:/home/aaron/ur_ws/install/moveit_core/lib:/home/aaron/ur_ws/install/srdfdom/lib:${LD_LIBRARY_PATH} PATH=/home/aaron/ur_ws/install/moveit_core/bin:${PATH} PYTHONPATH=/home/aaron/ur_ws/install/moveit_configs_utils/lib/python3.10/site-packages:/home/aaron/ur_ws/install/srdfdom/local/lib/python3.10/dist-packages:/home/aaron/ur_ws/install/launch_param_builder/lib/python3.10/site-packages:${PYTHONPATH} /usr/bin/cmake --install /home/aaron/ur_ws/build/pilz_industrial_motion_planner
[3.407s] Level 1:colcon.colcon_core.environment:create_environment_scripts_only(pilz_industrial_motion_planner)
[3.408s] Level 1:colcon.colcon_core.environment:checking '/home/aaron/ur_ws/install/pilz_industrial_motion_planner' for CMake module files
[3.411s] DEBUG:colcon.colcon_core.event_handler.log_command:Invoked command in '/home/aaron/ur_ws/build/pilz_industrial_motion_planner' returned '0': AMENT_PREFIX_PATH=/home/aaron/ur_ws/install/moveit_resources_prbt_pg70_support:/home/aaron/ur_ws/install/moveit_ros_planning_interface:/home/aaron/ur_ws/install/moveit_resources_prbt_moveit_config:/home/aaron/ur_ws/install/moveit_ros_move_group:/home/aaron/ur_ws/install/moveit_ros_warehouse:/home/aaron/ur_ws/install/moveit_planners_ompl:/home/aaron/ur_ws/install/moveit_kinematics:/home/aaron/ur_ws/install/moveit_ros_planning:/home/aaron/ur_ws/install/pilz_industrial_motion_planner_testutils:/home/aaron/ur_ws/install/moveit_simple_controller_manager:/home/aaron/ur_ws/install/moveit_ros_occupancy_map_monitor:/home/aaron/ur_ws/install/moveit_resources_prbt_ikfast_manipulator_plugin:/home/aaron/ur_ws/install/moveit_core:/home/aaron/ur_ws/install/moveit_resources_panda_moveit_config:/home/aaron/ur_ws/install/moveit_resources_fanuc_moveit_config:/home/aaron/ur_ws/install/moveit_configs_utils:/home/aaron/ur_ws/install/srdfdom:/home/aaron/ur_ws/install/moveit_resources_prbt_support:/home/aaron/ur_ws/install/moveit_resources_pr2_description:/home/aaron/ur_ws/install/moveit_resources_panda_description:/home/aaron/ur_ws/install/moveit_resources_fanuc_description:/home/aaron/ur_ws/install/moveit_common:/home/aaron/ur_ws/install/launch_param_builder:${AMENT_PREFIX_PATH} CMAKE_PREFIX_PATH=/home/aaron/ur_ws/install/moveit_resources_prbt_pg70_support:/home/aaron/ur_ws/install/moveit_ros_planning_interface:/home/aaron/ur_ws/install/moveit_resources_prbt_moveit_config:/home/aaron/ur_ws/install/moveit_ros_move_group:/home/aaron/ur_ws/install/moveit_ros_warehouse:/home/aaron/ur_ws/install/moveit_planners_ompl:/home/aaron/ur_ws/install/moveit_kinematics:/home/aaron/ur_ws/install/moveit_ros_planning:/home/aaron/ur_ws/install/pilz_industrial_motion_planner_testutils:/home/aaron/ur_ws/install/moveit_simple_controller_manager:/home/aaron/ur_ws/install/moveit_ros_occupancy_map_monitor:/home/aaron/ur_ws/install/moveit_resources_prbt_ikfast_manipulator_plugin:/home/aaron/ur_ws/install/moveit_core:/home/aaron/ur_ws/install/moveit_resources_panda_moveit_config:/home/aaron/ur_ws/install/moveit_resources_fanuc_moveit_config:/home/aaron/ur_ws/install/srdfdom:/home/aaron/ur_ws/install/moveit_resources_prbt_support:/home/aaron/ur_ws/install/moveit_resources_pr2_description:/home/aaron/ur_ws/install/moveit_resources_panda_description:/home/aaron/ur_ws/install/moveit_resources_fanuc_description:/home/aaron/ur_ws/install/moveit_common:/opt/ros/humble LD_LIBRARY_PATH=/home/aaron/ur_ws/install/moveit_ros_planning_interface/lib:/home/aaron/ur_ws/install/moveit_ros_move_group/lib:/home/aaron/ur_ws/install/moveit_ros_warehouse/lib:/home/aaron/ur_ws/install/moveit_planners_ompl/lib:/home/aaron/ur_ws/install/moveit_kinematics/lib:/home/aaron/ur_ws/install/moveit_ros_planning/lib:/home/aaron/ur_ws/install/pilz_industrial_motion_planner_testutils/lib:/home/aaron/ur_ws/install/moveit_simple_controller_manager/lib:/home/aaron/ur_ws/install/moveit_ros_occupancy_map_monitor/lib:/home/aaron/ur_ws/install/moveit_resources_prbt_ikfast_manipulator_plugin/lib:/home/aaron/ur_ws/install/moveit_core/lib:/home/aaron/ur_ws/install/srdfdom/lib:${LD_LIBRARY_PATH} PATH=/home/aaron/ur_ws/install/moveit_core/bin:${PATH} PYTHONPATH=/home/aaron/ur_ws/install/moveit_configs_utils/lib/python3.10/site-packages:/home/aaron/ur_ws/install/srdfdom/local/lib/python3.10/dist-packages:/home/aaron/ur_ws/install/launch_param_builder/lib/python3.10/site-packages:${PYTHONPATH} /usr/bin/cmake --install /home/aaron/ur_ws/build/pilz_industrial_motion_planner
[3.411s] Level 1:colcon.colcon_core.environment:checking '/home/aaron/ur_ws/install/pilz_industrial_motion_planner' for CMake config files
[3.412s] Level 1:colcon.colcon_core.shell:create_environment_hook('pilz_industrial_motion_planner', 'cmake_prefix_path')
[3.413s] INFO:colcon.colcon_core.shell:Creating environment hook '/home/aaron/ur_ws/install/pilz_industrial_motion_planner/share/pilz_industrial_motion_planner/hook/cmake_prefix_path.ps1'
[3.414s] INFO:colcon.colcon_core.shell:Creating environment descriptor '/home/aaron/ur_ws/install/pilz_industrial_motion_planner/share/pilz_industrial_motion_planner/hook/cmake_prefix_path.dsv'
[3.414s] INFO:colcon.colcon_core.shell:Creating environment hook '/home/aaron/ur_ws/install/pilz_industrial_motion_planner/share/pilz_industrial_motion_planner/hook/cmake_prefix_path.sh'
[3.415s] Level 1:colcon.colcon_core.environment:checking '/home/aaron/ur_ws/install/pilz_industrial_motion_planner/lib'
[3.416s] Level 1:colcon.colcon_core.shell:create_environment_hook('pilz_industrial_motion_planner', 'ld_library_path_lib')
[3.416s] INFO:colcon.colcon_core.shell:Creating environment hook '/home/aaron/ur_ws/install/pilz_industrial_motion_planner/share/pilz_industrial_motion_planner/hook/ld_library_path_lib.ps1'
[3.417s] INFO:colcon.colcon_core.shell:Creating environment descriptor '/home/aaron/ur_ws/install/pilz_industrial_motion_planner/share/pilz_industrial_motion_planner/hook/ld_library_path_lib.dsv'
[3.418s] INFO:colcon.colcon_core.shell:Creating environment hook '/home/aaron/ur_ws/install/pilz_industrial_motion_planner/share/pilz_industrial_motion_planner/hook/ld_library_path_lib.sh'
[3.418s] Level 1:colcon.colcon_core.environment:checking '/home/aaron/ur_ws/install/pilz_industrial_motion_planner/bin'
[3.419s] Level 1:colcon.colcon_core.environment:checking '/home/aaron/ur_ws/install/pilz_industrial_motion_planner/lib/pkgconfig/pilz_industrial_motion_planner.pc'
[3.419s] Level 1:colcon.colcon_core.environment:checking '/home/aaron/ur_ws/install/pilz_industrial_motion_planner/lib/python3.10/site-packages'
[3.420s] Level 1:colcon.colcon_core.environment:checking '/home/aaron/ur_ws/install/pilz_industrial_motion_planner/bin'
[3.420s] INFO:colcon.colcon_core.shell:Creating package script '/home/aaron/ur_ws/install/pilz_industrial_motion_planner/share/pilz_industrial_motion_planner/package.ps1'
[3.421s] INFO:colcon.colcon_core.shell:Creating package descriptor '/home/aaron/ur_ws/install/pilz_industrial_motion_planner/share/pilz_industrial_motion_planner/package.dsv'
[3.422s] INFO:colcon.colcon_core.shell:Creating package script '/home/aaron/ur_ws/install/pilz_industrial_motion_planner/share/pilz_industrial_motion_planner/package.sh'
[3.423s] INFO:colcon.colcon_core.shell:Creating package script '/home/aaron/ur_ws/install/pilz_industrial_motion_planner/share/pilz_industrial_motion_planner/package.bash'
[3.424s] INFO:colcon.colcon_core.shell:Creating package script '/home/aaron/ur_ws/install/pilz_industrial_motion_planner/share/pilz_industrial_motion_planner/package.zsh'
[3.424s] Level 1:colcon.colcon_core.environment:create_file_with_runtime_dependencies(/home/aaron/ur_ws/install/pilz_industrial_motion_planner/share/colcon-core/packages/pilz_industrial_motion_planner)
[3.425s] Level 1:colcon.colcon_core.environment:create_environment_scripts_only(pilz_industrial_motion_planner)
[3.426s] Level 1:colcon.colcon_core.environment:checking '/home/aaron/ur_ws/install/pilz_industrial_motion_planner' for CMake module files
[3.427s] Level 1:colcon.colcon_core.environment:checking '/home/aaron/ur_ws/install/pilz_industrial_motion_planner' for CMake config files
[3.428s] Level 1:colcon.colcon_core.shell:create_environment_hook('pilz_industrial_motion_planner', 'cmake_prefix_path')
[3.428s] INFO:colcon.colcon_core.shell:Creating environment hook '/home/aaron/ur_ws/install/pilz_industrial_motion_planner/share/pilz_industrial_motion_planner/hook/cmake_prefix_path.ps1'
[3.429s] INFO:colcon.colcon_core.shell:Creating environment descriptor '/home/aaron/ur_ws/install/pilz_industrial_motion_planner/share/pilz_industrial_motion_planner/hook/cmake_prefix_path.dsv'
[3.430s] INFO:colcon.colcon_core.shell:Creating environment hook '/home/aaron/ur_ws/install/pilz_industrial_motion_planner/share/pilz_industrial_motion_planner/hook/cmake_prefix_path.sh'
[3.431s] Level 1:colcon.colcon_core.environment:checking '/home/aaron/ur_ws/install/pilz_industrial_motion_planner/lib'
[3.431s] Level 1:colcon.colcon_core.shell:create_environment_hook('pilz_industrial_motion_planner', 'ld_library_path_lib')
[3.431s] INFO:colcon.colcon_core.shell:Creating environment hook '/home/aaron/ur_ws/install/pilz_industrial_motion_planner/share/pilz_industrial_motion_planner/hook/ld_library_path_lib.ps1'
[3.432s] INFO:colcon.colcon_core.shell:Creating environment descriptor '/home/aaron/ur_ws/install/pilz_industrial_motion_planner/share/pilz_industrial_motion_planner/hook/ld_library_path_lib.dsv'
[3.433s] INFO:colcon.colcon_core.shell:Creating environment hook '/home/aaron/ur_ws/install/pilz_industrial_motion_planner/share/pilz_industrial_motion_planner/hook/ld_library_path_lib.sh'
[3.433s] Level 1:colcon.colcon_core.environment:checking '/home/aaron/ur_ws/install/pilz_industrial_motion_planner/bin'
[3.433s] Level 1:colcon.colcon_core.environment:checking '/home/aaron/ur_ws/install/pilz_industrial_motion_planner/lib/pkgconfig/pilz_industrial_motion_planner.pc'
[3.434s] Level 1:colcon.colcon_core.environment:checking '/home/aaron/ur_ws/install/pilz_industrial_motion_planner/lib/python3.10/site-packages'
[3.434s] Level 1:colcon.colcon_core.environment:checking '/home/aaron/ur_ws/install/pilz_industrial_motion_planner/bin'
[3.435s] INFO:colcon.colcon_core.shell:Creating package script '/home/aaron/ur_ws/install/pilz_industrial_motion_planner/share/pilz_industrial_motion_planner/package.ps1'
[3.436s] INFO:colcon.colcon_core.shell:Creating package descriptor '/home/aaron/ur_ws/install/pilz_industrial_motion_planner/share/pilz_industrial_motion_planner/package.dsv'
[3.437s] INFO:colcon.colcon_core.shell:Creating package script '/home/aaron/ur_ws/install/pilz_industrial_motion_planner/share/pilz_industrial_motion_planner/package.sh'
[3.438s] INFO:colcon.colcon_core.shell:Creating package script '/home/aaron/ur_ws/install/pilz_industrial_motion_planner/share/pilz_industrial_motion_planner/package.bash'
[3.438s] INFO:colcon.colcon_core.shell:Creating package script '/home/aaron/ur_ws/install/pilz_industrial_motion_planner/share/pilz_industrial_motion_planner/package.zsh'
[3.439s] Level 1:colcon.colcon_core.environment:create_file_with_runtime_dependencies(/home/aaron/ur_ws/install/pilz_industrial_motion_planner/share/colcon-core/packages/pilz_industrial_motion_planner)
[3.440s] INFO:colcon.colcon_ros.task.ament_cmake.build:Building ROS package in '/home/aaron/ur_ws/src/moveit2/moveit_planners/moveit_planners' with build type 'ament_cmake'
[3.441s] INFO:colcon.colcon_cmake.task.cmake.build:Building CMake package in '/home/aaron/ur_ws/src/moveit2/moveit_planners/moveit_planners'
[3.441s] INFO:colcon.colcon_core.shell:Skip shell extension 'powershell' for command environment: Not usable outside of PowerShell
[3.441s] DEBUG:colcon.colcon_core.shell:Skip shell extension 'dsv' for command environment
[3.452s] DEBUG:colcon.colcon_core.event_handler.log_command:Invoked command in '/home/aaron/ur_ws/build/moveit_servo' returned '0': AMENT_PREFIX_PATH=/home/aaron/ur_ws/install/moveit_ros_planning_interface:/home/aaron/ur_ws/install/moveit_ros_move_group:/home/aaron/ur_ws/install/moveit_ros_warehouse:/home/aaron/ur_ws/install/moveit_planners_ompl:/home/aaron/ur_ws/install/moveit_kinematics:/home/aaron/ur_ws/install/moveit_ros_planning:/home/aaron/ur_ws/install/moveit_simple_controller_manager:/home/aaron/ur_ws/install/moveit_ros_occupancy_map_monitor:/home/aaron/ur_ws/install/moveit_core:/home/aaron/ur_ws/install/moveit_resources_panda_moveit_config:/home/aaron/ur_ws/install/moveit_resources_fanuc_moveit_config:/home/aaron/ur_ws/install/moveit_configs_utils:/home/aaron/ur_ws/install/srdfdom:/home/aaron/ur_ws/install/moveit_resources_pr2_description:/home/aaron/ur_ws/install/moveit_resources_panda_description:/home/aaron/ur_ws/install/moveit_resources_fanuc_description:/home/aaron/ur_ws/install/moveit_common:/home/aaron/ur_ws/install/launch_param_builder:${AMENT_PREFIX_PATH} CMAKE_PREFIX_PATH=/home/aaron/ur_ws/install/moveit_ros_planning_interface:/home/aaron/ur_ws/install/moveit_ros_move_group:/home/aaron/ur_ws/install/moveit_ros_warehouse:/home/aaron/ur_ws/install/moveit_planners_ompl:/home/aaron/ur_ws/install/moveit_kinematics:/home/aaron/ur_ws/install/moveit_ros_planning:/home/aaron/ur_ws/install/moveit_simple_controller_manager:/home/aaron/ur_ws/install/moveit_ros_occupancy_map_monitor:/home/aaron/ur_ws/install/moveit_core:/home/aaron/ur_ws/install/moveit_resources_panda_moveit_config:/home/aaron/ur_ws/install/moveit_resources_fanuc_moveit_config:/home/aaron/ur_ws/install/srdfdom:/home/aaron/ur_ws/install/moveit_resources_pr2_description:/home/aaron/ur_ws/install/moveit_resources_panda_description:/home/aaron/ur_ws/install/moveit_resources_fanuc_description:/home/aaron/ur_ws/install/moveit_common:/opt/ros/humble LD_LIBRARY_PATH=/home/aaron/ur_ws/install/moveit_ros_planning_interface/lib:/home/aaron/ur_ws/install/moveit_ros_move_group/lib:/home/aaron/ur_ws/install/moveit_ros_warehouse/lib:/home/aaron/ur_ws/install/moveit_planners_ompl/lib:/home/aaron/ur_ws/install/moveit_kinematics/lib:/home/aaron/ur_ws/install/moveit_ros_planning/lib:/home/aaron/ur_ws/install/moveit_simple_controller_manager/lib:/home/aaron/ur_ws/install/moveit_ros_occupancy_map_monitor/lib:/home/aaron/ur_ws/install/moveit_core/lib:/home/aaron/ur_ws/install/srdfdom/lib:${LD_LIBRARY_PATH} PATH=/home/aaron/ur_ws/install/moveit_core/bin:${PATH} PYTHONPATH=/home/aaron/ur_ws/install/moveit_configs_utils/lib/python3.10/site-packages:/home/aaron/ur_ws/install/srdfdom/local/lib/python3.10/dist-packages:/home/aaron/ur_ws/install/launch_param_builder/lib/python3.10/site-packages:${PYTHONPATH} /usr/bin/cmake --build /home/aaron/ur_ws/build/moveit_servo -- -j20 -l20
[3.455s] DEBUG:colcon.colcon_core.event_handler.log_command:Invoking command in '/home/aaron/ur_ws/build/moveit_servo': AMENT_PREFIX_PATH=/home/aaron/ur_ws/install/moveit_ros_planning_interface:/home/aaron/ur_ws/install/moveit_ros_move_group:/home/aaron/ur_ws/install/moveit_ros_warehouse:/home/aaron/ur_ws/install/moveit_planners_ompl:/home/aaron/ur_ws/install/moveit_kinematics:/home/aaron/ur_ws/install/moveit_ros_planning:/home/aaron/ur_ws/install/moveit_simple_controller_manager:/home/aaron/ur_ws/install/moveit_ros_occupancy_map_monitor:/home/aaron/ur_ws/install/moveit_core:/home/aaron/ur_ws/install/moveit_resources_panda_moveit_config:/home/aaron/ur_ws/install/moveit_resources_fanuc_moveit_config:/home/aaron/ur_ws/install/moveit_configs_utils:/home/aaron/ur_ws/install/srdfdom:/home/aaron/ur_ws/install/moveit_resources_pr2_description:/home/aaron/ur_ws/install/moveit_resources_panda_description:/home/aaron/ur_ws/install/moveit_resources_fanuc_description:/home/aaron/ur_ws/install/moveit_common:/home/aaron/ur_ws/install/launch_param_builder:${AMENT_PREFIX_PATH} CMAKE_PREFIX_PATH=/home/aaron/ur_ws/install/moveit_ros_planning_interface:/home/aaron/ur_ws/install/moveit_ros_move_group:/home/aaron/ur_ws/install/moveit_ros_warehouse:/home/aaron/ur_ws/install/moveit_planners_ompl:/home/aaron/ur_ws/install/moveit_kinematics:/home/aaron/ur_ws/install/moveit_ros_planning:/home/aaron/ur_ws/install/moveit_simple_controller_manager:/home/aaron/ur_ws/install/moveit_ros_occupancy_map_monitor:/home/aaron/ur_ws/install/moveit_core:/home/aaron/ur_ws/install/moveit_resources_panda_moveit_config:/home/aaron/ur_ws/install/moveit_resources_fanuc_moveit_config:/home/aaron/ur_ws/install/srdfdom:/home/aaron/ur_ws/install/moveit_resources_pr2_description:/home/aaron/ur_ws/install/moveit_resources_panda_description:/home/aaron/ur_ws/install/moveit_resources_fanuc_description:/home/aaron/ur_ws/install/moveit_common:/opt/ros/humble LD_LIBRARY_PATH=/home/aaron/ur_ws/install/moveit_ros_planning_interface/lib:/home/aaron/ur_ws/install/moveit_ros_move_group/lib:/home/aaron/ur_ws/install/moveit_ros_warehouse/lib:/home/aaron/ur_ws/install/moveit_planners_ompl/lib:/home/aaron/ur_ws/install/moveit_kinematics/lib:/home/aaron/ur_ws/install/moveit_ros_planning/lib:/home/aaron/ur_ws/install/moveit_simple_controller_manager/lib:/home/aaron/ur_ws/install/moveit_ros_occupancy_map_monitor/lib:/home/aaron/ur_ws/install/moveit_core/lib:/home/aaron/ur_ws/install/srdfdom/lib:${LD_LIBRARY_PATH} PATH=/home/aaron/ur_ws/install/moveit_core/bin:${PATH} PYTHONPATH=/home/aaron/ur_ws/install/moveit_configs_utils/lib/python3.10/site-packages:/home/aaron/ur_ws/install/srdfdom/local/lib/python3.10/dist-packages:/home/aaron/ur_ws/install/launch_param_builder/lib/python3.10/site-packages:${PYTHONPATH} /usr/bin/cmake --install /home/aaron/ur_ws/build/moveit_servo
[3.474s] Level 1:colcon.colcon_core.environment:create_environment_scripts_only(moveit_servo)
[3.474s] Level 1:colcon.colcon_core.environment:checking '/home/aaron/ur_ws/install/moveit_servo' for CMake module files
[3.475s] DEBUG:colcon.colcon_core.event_handler.log_command:Invoked command in '/home/aaron/ur_ws/build/moveit_servo' returned '0': AMENT_PREFIX_PATH=/home/aaron/ur_ws/install/moveit_ros_planning_interface:/home/aaron/ur_ws/install/moveit_ros_move_group:/home/aaron/ur_ws/install/moveit_ros_warehouse:/home/aaron/ur_ws/install/moveit_planners_ompl:/home/aaron/ur_ws/install/moveit_kinematics:/home/aaron/ur_ws/install/moveit_ros_planning:/home/aaron/ur_ws/install/moveit_simple_controller_manager:/home/aaron/ur_ws/install/moveit_ros_occupancy_map_monitor:/home/aaron/ur_ws/install/moveit_core:/home/aaron/ur_ws/install/moveit_resources_panda_moveit_config:/home/aaron/ur_ws/install/moveit_resources_fanuc_moveit_config:/home/aaron/ur_ws/install/moveit_configs_utils:/home/aaron/ur_ws/install/srdfdom:/home/aaron/ur_ws/install/moveit_resources_pr2_description:/home/aaron/ur_ws/install/moveit_resources_panda_description:/home/aaron/ur_ws/install/moveit_resources_fanuc_description:/home/aaron/ur_ws/install/moveit_common:/home/aaron/ur_ws/install/launch_param_builder:${AMENT_PREFIX_PATH} CMAKE_PREFIX_PATH=/home/aaron/ur_ws/install/moveit_ros_planning_interface:/home/aaron/ur_ws/install/moveit_ros_move_group:/home/aaron/ur_ws/install/moveit_ros_warehouse:/home/aaron/ur_ws/install/moveit_planners_ompl:/home/aaron/ur_ws/install/moveit_kinematics:/home/aaron/ur_ws/install/moveit_ros_planning:/home/aaron/ur_ws/install/moveit_simple_controller_manager:/home/aaron/ur_ws/install/moveit_ros_occupancy_map_monitor:/home/aaron/ur_ws/install/moveit_core:/home/aaron/ur_ws/install/moveit_resources_panda_moveit_config:/home/aaron/ur_ws/install/moveit_resources_fanuc_moveit_config:/home/aaron/ur_ws/install/srdfdom:/home/aaron/ur_ws/install/moveit_resources_pr2_description:/home/aaron/ur_ws/install/moveit_resources_panda_description:/home/aaron/ur_ws/install/moveit_resources_fanuc_description:/home/aaron/ur_ws/install/moveit_common:/opt/ros/humble LD_LIBRARY_PATH=/home/aaron/ur_ws/install/moveit_ros_planning_interface/lib:/home/aaron/ur_ws/install/moveit_ros_move_group/lib:/home/aaron/ur_ws/install/moveit_ros_warehouse/lib:/home/aaron/ur_ws/install/moveit_planners_ompl/lib:/home/aaron/ur_ws/install/moveit_kinematics/lib:/home/aaron/ur_ws/install/moveit_ros_planning/lib:/home/aaron/ur_ws/install/moveit_simple_controller_manager/lib:/home/aaron/ur_ws/install/moveit_ros_occupancy_map_monitor/lib:/home/aaron/ur_ws/install/moveit_core/lib:/home/aaron/ur_ws/install/srdfdom/lib:${LD_LIBRARY_PATH} PATH=/home/aaron/ur_ws/install/moveit_core/bin:${PATH} PYTHONPATH=/home/aaron/ur_ws/install/moveit_configs_utils/lib/python3.10/site-packages:/home/aaron/ur_ws/install/srdfdom/local/lib/python3.10/dist-packages:/home/aaron/ur_ws/install/launch_param_builder/lib/python3.10/site-packages:${PYTHONPATH} /usr/bin/cmake --install /home/aaron/ur_ws/build/moveit_servo
[3.476s] Level 1:colcon.colcon_core.environment:checking '/home/aaron/ur_ws/install/moveit_servo' for CMake config files
[3.476s] Level 1:colcon.colcon_core.shell:create_environment_hook('moveit_servo', 'cmake_prefix_path')
[3.476s] INFO:colcon.colcon_core.shell:Creating environment hook '/home/aaron/ur_ws/install/moveit_servo/share/moveit_servo/hook/cmake_prefix_path.ps1'
[3.477s] INFO:colcon.colcon_core.shell:Creating environment descriptor '/home/aaron/ur_ws/install/moveit_servo/share/moveit_servo/hook/cmake_prefix_path.dsv'
[3.477s] INFO:colcon.colcon_core.shell:Creating environment hook '/home/aaron/ur_ws/install/moveit_servo/share/moveit_servo/hook/cmake_prefix_path.sh'
[3.478s] Level 1:colcon.colcon_core.environment:checking '/home/aaron/ur_ws/install/moveit_servo/lib'
[3.478s] Level 1:colcon.colcon_core.shell:create_environment_hook('moveit_servo', 'ld_library_path_lib')
[3.478s] INFO:colcon.colcon_core.shell:Creating environment hook '/home/aaron/ur_ws/install/moveit_servo/share/moveit_servo/hook/ld_library_path_lib.ps1'
[3.479s] INFO:colcon.colcon_core.shell:Creating environment descriptor '/home/aaron/ur_ws/install/moveit_servo/share/moveit_servo/hook/ld_library_path_lib.dsv'
[3.479s] INFO:colcon.colcon_core.shell:Creating environment hook '/home/aaron/ur_ws/install/moveit_servo/share/moveit_servo/hook/ld_library_path_lib.sh'
[3.480s] Level 1:colcon.colcon_core.environment:checking '/home/aaron/ur_ws/install/moveit_servo/bin'
[3.480s] Level 1:colcon.colcon_core.environment:checking '/home/aaron/ur_ws/install/moveit_servo/lib/pkgconfig/moveit_servo.pc'
[3.480s] Level 1:colcon.colcon_core.environment:checking '/home/aaron/ur_ws/install/moveit_servo/lib/python3.10/site-packages'
[3.480s] Level 1:colcon.colcon_core.environment:checking '/home/aaron/ur_ws/install/moveit_servo/bin'
[3.481s] INFO:colcon.colcon_core.shell:Creating package script '/home/aaron/ur_ws/install/moveit_servo/share/moveit_servo/package.ps1'
[3.482s] INFO:colcon.colcon_core.shell:Creating package descriptor '/home/aaron/ur_ws/install/moveit_servo/share/moveit_servo/package.dsv'
[3.482s] INFO:colcon.colcon_core.shell:Creating package script '/home/aaron/ur_ws/install/moveit_servo/share/moveit_servo/package.sh'
[3.482s] INFO:colcon.colcon_core.shell:Creating package script '/home/aaron/ur_ws/install/moveit_servo/share/moveit_servo/package.bash'
[3.483s] INFO:colcon.colcon_core.shell:Creating package script '/home/aaron/ur_ws/install/moveit_servo/share/moveit_servo/package.zsh'
[3.484s] Level 1:colcon.colcon_core.environment:create_file_with_runtime_dependencies(/home/aaron/ur_ws/install/moveit_servo/share/colcon-core/packages/moveit_servo)
[3.484s] Level 1:colcon.colcon_core.environment:create_environment_scripts_only(moveit_servo)
[3.485s] Level 1:colcon.colcon_core.environment:checking '/home/aaron/ur_ws/install/moveit_servo' for CMake module files
[3.485s] Level 1:colcon.colcon_core.environment:checking '/home/aaron/ur_ws/install/moveit_servo' for CMake config files
[3.485s] Level 1:colcon.colcon_core.shell:create_environment_hook('moveit_servo', 'cmake_prefix_path')
[3.486s] INFO:colcon.colcon_core.shell:Creating environment hook '/home/aaron/ur_ws/install/moveit_servo/share/moveit_servo/hook/cmake_prefix_path.ps1'
[3.486s] INFO:colcon.colcon_core.shell:Creating environment descriptor '/home/aaron/ur_ws/install/moveit_servo/share/moveit_servo/hook/cmake_prefix_path.dsv'
[3.487s] INFO:colcon.colcon_core.shell:Creating environment hook '/home/aaron/ur_ws/install/moveit_servo/share/moveit_servo/hook/cmake_prefix_path.sh'
[3.487s] Level 1:colcon.colcon_core.environment:checking '/home/aaron/ur_ws/install/moveit_servo/lib'
[3.487s] Level 1:colcon.colcon_core.shell:create_environment_hook('moveit_servo', 'ld_library_path_lib')
[3.488s] INFO:colcon.colcon_core.shell:Creating environment hook '/home/aaron/ur_ws/install/moveit_servo/share/moveit_servo/hook/ld_library_path_lib.ps1'
[3.488s] INFO:colcon.colcon_core.shell:Creating environment descriptor '/home/aaron/ur_ws/install/moveit_servo/share/moveit_servo/hook/ld_library_path_lib.dsv'
[3.488s] INFO:colcon.colcon_core.shell:Creating environment hook '/home/aaron/ur_ws/install/moveit_servo/share/moveit_servo/hook/ld_library_path_lib.sh'
[3.489s] Level 1:colcon.colcon_core.environment:checking '/home/aaron/ur_ws/install/moveit_servo/bin'
[3.489s] Level 1:colcon.colcon_core.environment:checking '/home/aaron/ur_ws/install/moveit_servo/lib/pkgconfig/moveit_servo.pc'
[3.489s] Level 1:colcon.colcon_core.environment:checking '/home/aaron/ur_ws/install/moveit_servo/lib/python3.10/site-packages'
[3.489s] Level 1:colcon.colcon_core.environment:checking '/home/aaron/ur_ws/install/moveit_servo/bin'
[3.490s] INFO:colcon.colcon_core.shell:Creating package script '/home/aaron/ur_ws/install/moveit_servo/share/moveit_servo/package.ps1'
[3.491s] INFO:colcon.colcon_core.shell:Creating package descriptor '/home/aaron/ur_ws/install/moveit_servo/share/moveit_servo/package.dsv'
[3.491s] INFO:colcon.colcon_core.shell:Creating package script '/home/aaron/ur_ws/install/moveit_servo/share/moveit_servo/package.sh'
[3.492s] INFO:colcon.colcon_core.shell:Creating package script '/home/aaron/ur_ws/install/moveit_servo/share/moveit_servo/package.bash'
[3.492s] INFO:colcon.colcon_core.shell:Creating package script '/home/aaron/ur_ws/install/moveit_servo/share/moveit_servo/package.zsh'
[3.493s] Level 1:colcon.colcon_core.environment:create_file_with_runtime_dependencies(/home/aaron/ur_ws/install/moveit_servo/share/colcon-core/packages/moveit_servo)
[3.519s] DEBUG:colcon.colcon_core.event_handler.log_command:Invoking command in '/home/aaron/ur_ws/build/moveit_planners': AMENT_PREFIX_PATH=/home/aaron/ur_ws/install/pilz_industrial_motion_planner:/home/aaron/ur_ws/install/moveit_resources_prbt_pg70_support:/home/aaron/ur_ws/install/moveit_ros_planning_interface:/home/aaron/ur_ws/install/moveit_resources_prbt_moveit_config:/home/aaron/ur_ws/install/moveit_ros_move_group:/home/aaron/ur_ws/install/moveit_ros_warehouse:/home/aaron/ur_ws/install/moveit_planners_ompl:/home/aaron/ur_ws/install/moveit_kinematics:/home/aaron/ur_ws/install/moveit_ros_planning:/home/aaron/ur_ws/install/moveit_planners_chomp:/home/aaron/ur_ws/install/pilz_industrial_motion_planner_testutils:/home/aaron/ur_ws/install/moveit_simple_controller_manager:/home/aaron/ur_ws/install/moveit_ros_occupancy_map_monitor:/home/aaron/ur_ws/install/moveit_resources_prbt_ikfast_manipulator_plugin:/home/aaron/ur_ws/install/chomp_motion_planner:/home/aaron/ur_ws/install/moveit_core:/home/aaron/ur_ws/install/moveit_resources_panda_moveit_config:/home/aaron/ur_ws/install/moveit_resources_fanuc_moveit_config:/home/aaron/ur_ws/install/moveit_configs_utils:/home/aaron/ur_ws/install/srdfdom:/home/aaron/ur_ws/install/moveit_resources_prbt_support:/home/aaron/ur_ws/install/moveit_resources_pr2_description:/home/aaron/ur_ws/install/moveit_resources_panda_description:/home/aaron/ur_ws/install/moveit_resources_fanuc_description:/home/aaron/ur_ws/install/moveit_common:/home/aaron/ur_ws/install/launch_param_builder:${AMENT_PREFIX_PATH} CMAKE_PREFIX_PATH=/home/aaron/ur_ws/install/pilz_industrial_motion_planner:/home/aaron/ur_ws/install/moveit_resources_prbt_pg70_support:/home/aaron/ur_ws/install/moveit_ros_planning_interface:/home/aaron/ur_ws/install/moveit_resources_prbt_moveit_config:/home/aaron/ur_ws/install/moveit_ros_move_group:/home/aaron/ur_ws/install/moveit_ros_warehouse:/home/aaron/ur_ws/install/moveit_planners_ompl:/home/aaron/ur_ws/install/moveit_kinematics:/home/aaron/ur_ws/install/moveit_ros_planning:/home/aaron/ur_ws/install/moveit_planners_chomp:/home/aaron/ur_ws/install/pilz_industrial_motion_planner_testutils:/home/aaron/ur_ws/install/moveit_simple_controller_manager:/home/aaron/ur_ws/install/moveit_ros_occupancy_map_monitor:/home/aaron/ur_ws/install/moveit_resources_prbt_ikfast_manipulator_plugin:/home/aaron/ur_ws/install/chomp_motion_planner:/home/aaron/ur_ws/install/moveit_core:/home/aaron/ur_ws/install/moveit_resources_panda_moveit_config:/home/aaron/ur_ws/install/moveit_resources_fanuc_moveit_config:/home/aaron/ur_ws/install/srdfdom:/home/aaron/ur_ws/install/moveit_resources_prbt_support:/home/aaron/ur_ws/install/moveit_resources_pr2_description:/home/aaron/ur_ws/install/moveit_resources_panda_description:/home/aaron/ur_ws/install/moveit_resources_fanuc_description:/home/aaron/ur_ws/install/moveit_common:/opt/ros/humble LD_LIBRARY_PATH=/home/aaron/ur_ws/install/pilz_industrial_motion_planner/lib:/home/aaron/ur_ws/install/moveit_ros_planning_interface/lib:/home/aaron/ur_ws/install/moveit_ros_move_group/lib:/home/aaron/ur_ws/install/moveit_ros_warehouse/lib:/home/aaron/ur_ws/install/moveit_planners_ompl/lib:/home/aaron/ur_ws/install/moveit_kinematics/lib:/home/aaron/ur_ws/install/moveit_ros_planning/lib:/home/aaron/ur_ws/install/moveit_planners_chomp/lib:/home/aaron/ur_ws/install/pilz_industrial_motion_planner_testutils/lib:/home/aaron/ur_ws/install/moveit_simple_controller_manager/lib:/home/aaron/ur_ws/install/moveit_ros_occupancy_map_monitor/lib:/home/aaron/ur_ws/install/moveit_resources_prbt_ikfast_manipulator_plugin/lib:/home/aaron/ur_ws/install/chomp_motion_planner/lib:/home/aaron/ur_ws/install/moveit_core/lib:/home/aaron/ur_ws/install/srdfdom/lib:${LD_LIBRARY_PATH} PATH=/home/aaron/ur_ws/install/moveit_core/bin:${PATH} PYTHONPATH=/home/aaron/ur_ws/install/moveit_configs_utils/lib/python3.10/site-packages:/home/aaron/ur_ws/install/srdfdom/local/lib/python3.10/dist-packages:/home/aaron/ur_ws/install/launch_param_builder/lib/python3.10/site-packages:${PYTHONPATH} /usr/bin/cmake --build /home/aaron/ur_ws/build/moveit_planners -- -j20 -l20
[3.530s] DEBUG:colcon.colcon_core.event_handler.log_command:Invoked command in '/home/aaron/ur_ws/build/moveit_py' returned '0': AMENT_PREFIX_PATH=/home/aaron/ur_ws/install/moveit_ros_planning_interface:/home/aaron/ur_ws/install/moveit_ros_move_group:/home/aaron/ur_ws/install/moveit_ros_warehouse:/home/aaron/ur_ws/install/moveit_planners_ompl:/home/aaron/ur_ws/install/moveit_kinematics:/home/aaron/ur_ws/install/moveit_ros_planning:/home/aaron/ur_ws/install/moveit_simple_controller_manager:/home/aaron/ur_ws/install/moveit_ros_occupancy_map_monitor:/home/aaron/ur_ws/install/moveit_core:/home/aaron/ur_ws/install/moveit_resources_panda_moveit_config:/home/aaron/ur_ws/install/moveit_resources_fanuc_moveit_config:/home/aaron/ur_ws/install/moveit_configs_utils:/home/aaron/ur_ws/install/srdfdom:/home/aaron/ur_ws/install/moveit_resources_pr2_description:/home/aaron/ur_ws/install/moveit_resources_panda_description:/home/aaron/ur_ws/install/moveit_resources_fanuc_description:/home/aaron/ur_ws/install/moveit_common:/home/aaron/ur_ws/install/launch_param_builder:${AMENT_PREFIX_PATH} CMAKE_PREFIX_PATH=/home/aaron/ur_ws/install/moveit_ros_planning_interface:/home/aaron/ur_ws/install/moveit_ros_move_group:/home/aaron/ur_ws/install/moveit_ros_warehouse:/home/aaron/ur_ws/install/moveit_planners_ompl:/home/aaron/ur_ws/install/moveit_kinematics:/home/aaron/ur_ws/install/moveit_ros_planning:/home/aaron/ur_ws/install/moveit_simple_controller_manager:/home/aaron/ur_ws/install/moveit_ros_occupancy_map_monitor:/home/aaron/ur_ws/install/moveit_core:/home/aaron/ur_ws/install/moveit_resources_panda_moveit_config:/home/aaron/ur_ws/install/moveit_resources_fanuc_moveit_config:/home/aaron/ur_ws/install/srdfdom:/home/aaron/ur_ws/install/moveit_resources_pr2_description:/home/aaron/ur_ws/install/moveit_resources_panda_description:/home/aaron/ur_ws/install/moveit_resources_fanuc_description:/home/aaron/ur_ws/install/moveit_common:/opt/ros/humble LD_LIBRARY_PATH=/home/aaron/ur_ws/install/moveit_ros_planning_interface/lib:/home/aaron/ur_ws/install/moveit_ros_move_group/lib:/home/aaron/ur_ws/install/moveit_ros_warehouse/lib:/home/aaron/ur_ws/install/moveit_planners_ompl/lib:/home/aaron/ur_ws/install/moveit_kinematics/lib:/home/aaron/ur_ws/install/moveit_ros_planning/lib:/home/aaron/ur_ws/install/moveit_simple_controller_manager/lib:/home/aaron/ur_ws/install/moveit_ros_occupancy_map_monitor/lib:/home/aaron/ur_ws/install/moveit_core/lib:/home/aaron/ur_ws/install/srdfdom/lib:${LD_LIBRARY_PATH} PATH=/home/aaron/ur_ws/install/moveit_core/bin:${PATH} PYTHONPATH=/home/aaron/ur_ws/install/moveit_configs_utils/lib/python3.10/site-packages:/home/aaron/ur_ws/install/srdfdom/local/lib/python3.10/dist-packages:/home/aaron/ur_ws/install/launch_param_builder/lib/python3.10/site-packages:${PYTHONPATH} /usr/bin/cmake --build /home/aaron/ur_ws/build/moveit_py -- -j20 -l20
[3.533s] DEBUG:colcon.colcon_core.event_handler.log_command:Invoking command in '/home/aaron/ur_ws/build/moveit_py': AMENT_PREFIX_PATH=/home/aaron/ur_ws/install/moveit_ros_planning_interface:/home/aaron/ur_ws/install/moveit_ros_move_group:/home/aaron/ur_ws/install/moveit_ros_warehouse:/home/aaron/ur_ws/install/moveit_planners_ompl:/home/aaron/ur_ws/install/moveit_kinematics:/home/aaron/ur_ws/install/moveit_ros_planning:/home/aaron/ur_ws/install/moveit_simple_controller_manager:/home/aaron/ur_ws/install/moveit_ros_occupancy_map_monitor:/home/aaron/ur_ws/install/moveit_core:/home/aaron/ur_ws/install/moveit_resources_panda_moveit_config:/home/aaron/ur_ws/install/moveit_resources_fanuc_moveit_config:/home/aaron/ur_ws/install/moveit_configs_utils:/home/aaron/ur_ws/install/srdfdom:/home/aaron/ur_ws/install/moveit_resources_pr2_description:/home/aaron/ur_ws/install/moveit_resources_panda_description:/home/aaron/ur_ws/install/moveit_resources_fanuc_description:/home/aaron/ur_ws/install/moveit_common:/home/aaron/ur_ws/install/launch_param_builder:${AMENT_PREFIX_PATH} CMAKE_PREFIX_PATH=/home/aaron/ur_ws/install/moveit_ros_planning_interface:/home/aaron/ur_ws/install/moveit_ros_move_group:/home/aaron/ur_ws/install/moveit_ros_warehouse:/home/aaron/ur_ws/install/moveit_planners_ompl:/home/aaron/ur_ws/install/moveit_kinematics:/home/aaron/ur_ws/install/moveit_ros_planning:/home/aaron/ur_ws/install/moveit_simple_controller_manager:/home/aaron/ur_ws/install/moveit_ros_occupancy_map_monitor:/home/aaron/ur_ws/install/moveit_core:/home/aaron/ur_ws/install/moveit_resources_panda_moveit_config:/home/aaron/ur_ws/install/moveit_resources_fanuc_moveit_config:/home/aaron/ur_ws/install/srdfdom:/home/aaron/ur_ws/install/moveit_resources_pr2_description:/home/aaron/ur_ws/install/moveit_resources_panda_description:/home/aaron/ur_ws/install/moveit_resources_fanuc_description:/home/aaron/ur_ws/install/moveit_common:/opt/ros/humble LD_LIBRARY_PATH=/home/aaron/ur_ws/install/moveit_ros_planning_interface/lib:/home/aaron/ur_ws/install/moveit_ros_move_group/lib:/home/aaron/ur_ws/install/moveit_ros_warehouse/lib:/home/aaron/ur_ws/install/moveit_planners_ompl/lib:/home/aaron/ur_ws/install/moveit_kinematics/lib:/home/aaron/ur_ws/install/moveit_ros_planning/lib:/home/aaron/ur_ws/install/moveit_simple_controller_manager/lib:/home/aaron/ur_ws/install/moveit_ros_occupancy_map_monitor/lib:/home/aaron/ur_ws/install/moveit_core/lib:/home/aaron/ur_ws/install/srdfdom/lib:${LD_LIBRARY_PATH} PATH=/home/aaron/ur_ws/install/moveit_core/bin:${PATH} PYTHONPATH=/home/aaron/ur_ws/install/moveit_configs_utils/lib/python3.10/site-packages:/home/aaron/ur_ws/install/srdfdom/local/lib/python3.10/dist-packages:/home/aaron/ur_ws/install/launch_param_builder/lib/python3.10/site-packages:${PYTHONPATH} /usr/bin/cmake --install /home/aaron/ur_ws/build/moveit_py
[3.568s] DEBUG:colcon.colcon_core.event_handler.log_command:Invoked command in '/home/aaron/ur_ws/build/moveit_planners' returned '0': AMENT_PREFIX_PATH=/home/aaron/ur_ws/install/pilz_industrial_motion_planner:/home/aaron/ur_ws/install/moveit_resources_prbt_pg70_support:/home/aaron/ur_ws/install/moveit_ros_planning_interface:/home/aaron/ur_ws/install/moveit_resources_prbt_moveit_config:/home/aaron/ur_ws/install/moveit_ros_move_group:/home/aaron/ur_ws/install/moveit_ros_warehouse:/home/aaron/ur_ws/install/moveit_planners_ompl:/home/aaron/ur_ws/install/moveit_kinematics:/home/aaron/ur_ws/install/moveit_ros_planning:/home/aaron/ur_ws/install/moveit_planners_chomp:/home/aaron/ur_ws/install/pilz_industrial_motion_planner_testutils:/home/aaron/ur_ws/install/moveit_simple_controller_manager:/home/aaron/ur_ws/install/moveit_ros_occupancy_map_monitor:/home/aaron/ur_ws/install/moveit_resources_prbt_ikfast_manipulator_plugin:/home/aaron/ur_ws/install/chomp_motion_planner:/home/aaron/ur_ws/install/moveit_core:/home/aaron/ur_ws/install/moveit_resources_panda_moveit_config:/home/aaron/ur_ws/install/moveit_resources_fanuc_moveit_config:/home/aaron/ur_ws/install/moveit_configs_utils:/home/aaron/ur_ws/install/srdfdom:/home/aaron/ur_ws/install/moveit_resources_prbt_support:/home/aaron/ur_ws/install/moveit_resources_pr2_description:/home/aaron/ur_ws/install/moveit_resources_panda_description:/home/aaron/ur_ws/install/moveit_resources_fanuc_description:/home/aaron/ur_ws/install/moveit_common:/home/aaron/ur_ws/install/launch_param_builder:${AMENT_PREFIX_PATH} CMAKE_PREFIX_PATH=/home/aaron/ur_ws/install/pilz_industrial_motion_planner:/home/aaron/ur_ws/install/moveit_resources_prbt_pg70_support:/home/aaron/ur_ws/install/moveit_ros_planning_interface:/home/aaron/ur_ws/install/moveit_resources_prbt_moveit_config:/home/aaron/ur_ws/install/moveit_ros_move_group:/home/aaron/ur_ws/install/moveit_ros_warehouse:/home/aaron/ur_ws/install/moveit_planners_ompl:/home/aaron/ur_ws/install/moveit_kinematics:/home/aaron/ur_ws/install/moveit_ros_planning:/home/aaron/ur_ws/install/moveit_planners_chomp:/home/aaron/ur_ws/install/pilz_industrial_motion_planner_testutils:/home/aaron/ur_ws/install/moveit_simple_controller_manager:/home/aaron/ur_ws/install/moveit_ros_occupancy_map_monitor:/home/aaron/ur_ws/install/moveit_resources_prbt_ikfast_manipulator_plugin:/home/aaron/ur_ws/install/chomp_motion_planner:/home/aaron/ur_ws/install/moveit_core:/home/aaron/ur_ws/install/moveit_resources_panda_moveit_config:/home/aaron/ur_ws/install/moveit_resources_fanuc_moveit_config:/home/aaron/ur_ws/install/srdfdom:/home/aaron/ur_ws/install/moveit_resources_prbt_support:/home/aaron/ur_ws/install/moveit_resources_pr2_description:/home/aaron/ur_ws/install/moveit_resources_panda_description:/home/aaron/ur_ws/install/moveit_resources_fanuc_description:/home/aaron/ur_ws/install/moveit_common:/opt/ros/humble LD_LIBRARY_PATH=/home/aaron/ur_ws/install/pilz_industrial_motion_planner/lib:/home/aaron/ur_ws/install/moveit_ros_planning_interface/lib:/home/aaron/ur_ws/install/moveit_ros_move_group/lib:/home/aaron/ur_ws/install/moveit_ros_warehouse/lib:/home/aaron/ur_ws/install/moveit_planners_ompl/lib:/home/aaron/ur_ws/install/moveit_kinematics/lib:/home/aaron/ur_ws/install/moveit_ros_planning/lib:/home/aaron/ur_ws/install/moveit_planners_chomp/lib:/home/aaron/ur_ws/install/pilz_industrial_motion_planner_testutils/lib:/home/aaron/ur_ws/install/moveit_simple_controller_manager/lib:/home/aaron/ur_ws/install/moveit_ros_occupancy_map_monitor/lib:/home/aaron/ur_ws/install/moveit_resources_prbt_ikfast_manipulator_plugin/lib:/home/aaron/ur_ws/install/chomp_motion_planner/lib:/home/aaron/ur_ws/install/moveit_core/lib:/home/aaron/ur_ws/install/srdfdom/lib:${LD_LIBRARY_PATH} PATH=/home/aaron/ur_ws/install/moveit_core/bin:${PATH} PYTHONPATH=/home/aaron/ur_ws/install/moveit_configs_utils/lib/python3.10/site-packages:/home/aaron/ur_ws/install/srdfdom/local/lib/python3.10/dist-packages:/home/aaron/ur_ws/install/launch_param_builder/lib/python3.10/site-packages:${PYTHONPATH} /usr/bin/cmake --build /home/aaron/ur_ws/build/moveit_planners -- -j20 -l20
[3.570s] DEBUG:colcon.colcon_core.event_handler.log_command:Invoking command in '/home/aaron/ur_ws/build/moveit_planners': AMENT_PREFIX_PATH=/home/aaron/ur_ws/install/pilz_industrial_motion_planner:/home/aaron/ur_ws/install/moveit_resources_prbt_pg70_support:/home/aaron/ur_ws/install/moveit_ros_planning_interface:/home/aaron/ur_ws/install/moveit_resources_prbt_moveit_config:/home/aaron/ur_ws/install/moveit_ros_move_group:/home/aaron/ur_ws/install/moveit_ros_warehouse:/home/aaron/ur_ws/install/moveit_planners_ompl:/home/aaron/ur_ws/install/moveit_kinematics:/home/aaron/ur_ws/install/moveit_ros_planning:/home/aaron/ur_ws/install/moveit_planners_chomp:/home/aaron/ur_ws/install/pilz_industrial_motion_planner_testutils:/home/aaron/ur_ws/install/moveit_simple_controller_manager:/home/aaron/ur_ws/install/moveit_ros_occupancy_map_monitor:/home/aaron/ur_ws/install/moveit_resources_prbt_ikfast_manipulator_plugin:/home/aaron/ur_ws/install/chomp_motion_planner:/home/aaron/ur_ws/install/moveit_core:/home/aaron/ur_ws/install/moveit_resources_panda_moveit_config:/home/aaron/ur_ws/install/moveit_resources_fanuc_moveit_config:/home/aaron/ur_ws/install/moveit_configs_utils:/home/aaron/ur_ws/install/srdfdom:/home/aaron/ur_ws/install/moveit_resources_prbt_support:/home/aaron/ur_ws/install/moveit_resources_pr2_description:/home/aaron/ur_ws/install/moveit_resources_panda_description:/home/aaron/ur_ws/install/moveit_resources_fanuc_description:/home/aaron/ur_ws/install/moveit_common:/home/aaron/ur_ws/install/launch_param_builder:${AMENT_PREFIX_PATH} CMAKE_PREFIX_PATH=/home/aaron/ur_ws/install/pilz_industrial_motion_planner:/home/aaron/ur_ws/install/moveit_resources_prbt_pg70_support:/home/aaron/ur_ws/install/moveit_ros_planning_interface:/home/aaron/ur_ws/install/moveit_resources_prbt_moveit_config:/home/aaron/ur_ws/install/moveit_ros_move_group:/home/aaron/ur_ws/install/moveit_ros_warehouse:/home/aaron/ur_ws/install/moveit_planners_ompl:/home/aaron/ur_ws/install/moveit_kinematics:/home/aaron/ur_ws/install/moveit_ros_planning:/home/aaron/ur_ws/install/moveit_planners_chomp:/home/aaron/ur_ws/install/pilz_industrial_motion_planner_testutils:/home/aaron/ur_ws/install/moveit_simple_controller_manager:/home/aaron/ur_ws/install/moveit_ros_occupancy_map_monitor:/home/aaron/ur_ws/install/moveit_resources_prbt_ikfast_manipulator_plugin:/home/aaron/ur_ws/install/chomp_motion_planner:/home/aaron/ur_ws/install/moveit_core:/home/aaron/ur_ws/install/moveit_resources_panda_moveit_config:/home/aaron/ur_ws/install/moveit_resources_fanuc_moveit_config:/home/aaron/ur_ws/install/srdfdom:/home/aaron/ur_ws/install/moveit_resources_prbt_support:/home/aaron/ur_ws/install/moveit_resources_pr2_description:/home/aaron/ur_ws/install/moveit_resources_panda_description:/home/aaron/ur_ws/install/moveit_resources_fanuc_description:/home/aaron/ur_ws/install/moveit_common:/opt/ros/humble LD_LIBRARY_PATH=/home/aaron/ur_ws/install/pilz_industrial_motion_planner/lib:/home/aaron/ur_ws/install/moveit_ros_planning_interface/lib:/home/aaron/ur_ws/install/moveit_ros_move_group/lib:/home/aaron/ur_ws/install/moveit_ros_warehouse/lib:/home/aaron/ur_ws/install/moveit_planners_ompl/lib:/home/aaron/ur_ws/install/moveit_kinematics/lib:/home/aaron/ur_ws/install/moveit_ros_planning/lib:/home/aaron/ur_ws/install/moveit_planners_chomp/lib:/home/aaron/ur_ws/install/pilz_industrial_motion_planner_testutils/lib:/home/aaron/ur_ws/install/moveit_simple_controller_manager/lib:/home/aaron/ur_ws/install/moveit_ros_occupancy_map_monitor/lib:/home/aaron/ur_ws/install/moveit_resources_prbt_ikfast_manipulator_plugin/lib:/home/aaron/ur_ws/install/chomp_motion_planner/lib:/home/aaron/ur_ws/install/moveit_core/lib:/home/aaron/ur_ws/install/srdfdom/lib:${LD_LIBRARY_PATH} PATH=/home/aaron/ur_ws/install/moveit_core/bin:${PATH} PYTHONPATH=/home/aaron/ur_ws/install/moveit_configs_utils/lib/python3.10/site-packages:/home/aaron/ur_ws/install/srdfdom/local/lib/python3.10/dist-packages:/home/aaron/ur_ws/install/launch_param_builder/lib/python3.10/site-packages:${PYTHONPATH} /usr/bin/cmake --install /home/aaron/ur_ws/build/moveit_planners
[3.586s] Level 1:colcon.colcon_core.environment:create_environment_scripts_only(moveit_planners)
[3.587s] Level 1:colcon.colcon_core.environment:checking '/home/aaron/ur_ws/install/moveit_planners' for CMake module files
[3.587s] DEBUG:colcon.colcon_core.event_handler.log_command:Invoked command in '/home/aaron/ur_ws/build/moveit_planners' returned '0': AMENT_PREFIX_PATH=/home/aaron/ur_ws/install/pilz_industrial_motion_planner:/home/aaron/ur_ws/install/moveit_resources_prbt_pg70_support:/home/aaron/ur_ws/install/moveit_ros_planning_interface:/home/aaron/ur_ws/install/moveit_resources_prbt_moveit_config:/home/aaron/ur_ws/install/moveit_ros_move_group:/home/aaron/ur_ws/install/moveit_ros_warehouse:/home/aaron/ur_ws/install/moveit_planners_ompl:/home/aaron/ur_ws/install/moveit_kinematics:/home/aaron/ur_ws/install/moveit_ros_planning:/home/aaron/ur_ws/install/moveit_planners_chomp:/home/aaron/ur_ws/install/pilz_industrial_motion_planner_testutils:/home/aaron/ur_ws/install/moveit_simple_controller_manager:/home/aaron/ur_ws/install/moveit_ros_occupancy_map_monitor:/home/aaron/ur_ws/install/moveit_resources_prbt_ikfast_manipulator_plugin:/home/aaron/ur_ws/install/chomp_motion_planner:/home/aaron/ur_ws/install/moveit_core:/home/aaron/ur_ws/install/moveit_resources_panda_moveit_config:/home/aaron/ur_ws/install/moveit_resources_fanuc_moveit_config:/home/aaron/ur_ws/install/moveit_configs_utils:/home/aaron/ur_ws/install/srdfdom:/home/aaron/ur_ws/install/moveit_resources_prbt_support:/home/aaron/ur_ws/install/moveit_resources_pr2_description:/home/aaron/ur_ws/install/moveit_resources_panda_description:/home/aaron/ur_ws/install/moveit_resources_fanuc_description:/home/aaron/ur_ws/install/moveit_common:/home/aaron/ur_ws/install/launch_param_builder:${AMENT_PREFIX_PATH} CMAKE_PREFIX_PATH=/home/aaron/ur_ws/install/pilz_industrial_motion_planner:/home/aaron/ur_ws/install/moveit_resources_prbt_pg70_support:/home/aaron/ur_ws/install/moveit_ros_planning_interface:/home/aaron/ur_ws/install/moveit_resources_prbt_moveit_config:/home/aaron/ur_ws/install/moveit_ros_move_group:/home/aaron/ur_ws/install/moveit_ros_warehouse:/home/aaron/ur_ws/install/moveit_planners_ompl:/home/aaron/ur_ws/install/moveit_kinematics:/home/aaron/ur_ws/install/moveit_ros_planning:/home/aaron/ur_ws/install/moveit_planners_chomp:/home/aaron/ur_ws/install/pilz_industrial_motion_planner_testutils:/home/aaron/ur_ws/install/moveit_simple_controller_manager:/home/aaron/ur_ws/install/moveit_ros_occupancy_map_monitor:/home/aaron/ur_ws/install/moveit_resources_prbt_ikfast_manipulator_plugin:/home/aaron/ur_ws/install/chomp_motion_planner:/home/aaron/ur_ws/install/moveit_core:/home/aaron/ur_ws/install/moveit_resources_panda_moveit_config:/home/aaron/ur_ws/install/moveit_resources_fanuc_moveit_config:/home/aaron/ur_ws/install/srdfdom:/home/aaron/ur_ws/install/moveit_resources_prbt_support:/home/aaron/ur_ws/install/moveit_resources_pr2_description:/home/aaron/ur_ws/install/moveit_resources_panda_description:/home/aaron/ur_ws/install/moveit_resources_fanuc_description:/home/aaron/ur_ws/install/moveit_common:/opt/ros/humble LD_LIBRARY_PATH=/home/aaron/ur_ws/install/pilz_industrial_motion_planner/lib:/home/aaron/ur_ws/install/moveit_ros_planning_interface/lib:/home/aaron/ur_ws/install/moveit_ros_move_group/lib:/home/aaron/ur_ws/install/moveit_ros_warehouse/lib:/home/aaron/ur_ws/install/moveit_planners_ompl/lib:/home/aaron/ur_ws/install/moveit_kinematics/lib:/home/aaron/ur_ws/install/moveit_ros_planning/lib:/home/aaron/ur_ws/install/moveit_planners_chomp/lib:/home/aaron/ur_ws/install/pilz_industrial_motion_planner_testutils/lib:/home/aaron/ur_ws/install/moveit_simple_controller_manager/lib:/home/aaron/ur_ws/install/moveit_ros_occupancy_map_monitor/lib:/home/aaron/ur_ws/install/moveit_resources_prbt_ikfast_manipulator_plugin/lib:/home/aaron/ur_ws/install/chomp_motion_planner/lib:/home/aaron/ur_ws/install/moveit_core/lib:/home/aaron/ur_ws/install/srdfdom/lib:${LD_LIBRARY_PATH} PATH=/home/aaron/ur_ws/install/moveit_core/bin:${PATH} PYTHONPATH=/home/aaron/ur_ws/install/moveit_configs_utils/lib/python3.10/site-packages:/home/aaron/ur_ws/install/srdfdom/local/lib/python3.10/dist-packages:/home/aaron/ur_ws/install/launch_param_builder/lib/python3.10/site-packages:${PYTHONPATH} /usr/bin/cmake --install /home/aaron/ur_ws/build/moveit_planners
[3.588s] Level 1:colcon.colcon_core.environment:checking '/home/aaron/ur_ws/install/moveit_planners' for CMake config files
[3.588s] Level 1:colcon.colcon_core.shell:create_environment_hook('moveit_planners', 'cmake_prefix_path')
[3.589s] INFO:colcon.colcon_core.shell:Creating environment hook '/home/aaron/ur_ws/install/moveit_planners/share/moveit_planners/hook/cmake_prefix_path.ps1'
[3.590s] INFO:colcon.colcon_core.shell:Creating environment descriptor '/home/aaron/ur_ws/install/moveit_planners/share/moveit_planners/hook/cmake_prefix_path.dsv'
[3.590s] INFO:colcon.colcon_core.shell:Creating environment hook '/home/aaron/ur_ws/install/moveit_planners/share/moveit_planners/hook/cmake_prefix_path.sh'
[3.593s] Level 1:colcon.colcon_core.environment:checking '/home/aaron/ur_ws/install/moveit_planners/bin'
[3.593s] Level 1:colcon.colcon_core.environment:checking '/home/aaron/ur_ws/install/moveit_planners/lib/pkgconfig/moveit_planners.pc'
[3.594s] Level 1:colcon.colcon_core.environment:checking '/home/aaron/ur_ws/install/moveit_planners/lib/python3.10/site-packages'
[3.595s] Level 1:colcon.colcon_core.environment:checking '/home/aaron/ur_ws/install/moveit_planners/bin'
[3.596s] INFO:colcon.colcon_core.shell:Creating package script '/home/aaron/ur_ws/install/moveit_planners/share/moveit_planners/package.ps1'
[3.599s] INFO:colcon.colcon_core.shell:Creating package descriptor '/home/aaron/ur_ws/install/moveit_planners/share/moveit_planners/package.dsv'
[3.600s] INFO:colcon.colcon_core.shell:Creating package script '/home/aaron/ur_ws/install/moveit_planners/share/moveit_planners/package.sh'
[3.601s] INFO:colcon.colcon_core.shell:Creating package script '/home/aaron/ur_ws/install/moveit_planners/share/moveit_planners/package.bash'
[3.601s] INFO:colcon.colcon_core.shell:Creating package script '/home/aaron/ur_ws/install/moveit_planners/share/moveit_planners/package.zsh'
[3.602s] Level 1:colcon.colcon_core.environment:create_file_with_runtime_dependencies(/home/aaron/ur_ws/install/moveit_planners/share/colcon-core/packages/moveit_planners)
[3.602s] Level 1:colcon.colcon_core.environment:create_environment_scripts_only(moveit_planners)
[3.603s] Level 1:colcon.colcon_core.environment:checking '/home/aaron/ur_ws/install/moveit_planners' for CMake module files
[3.603s] Level 1:colcon.colcon_core.environment:checking '/home/aaron/ur_ws/install/moveit_planners' for CMake config files
[3.603s] Level 1:colcon.colcon_core.shell:create_environment_hook('moveit_planners', 'cmake_prefix_path')
[3.604s] INFO:colcon.colcon_core.shell:Creating environment hook '/home/aaron/ur_ws/install/moveit_planners/share/moveit_planners/hook/cmake_prefix_path.ps1'
[3.604s] INFO:colcon.colcon_core.shell:Creating environment descriptor '/home/aaron/ur_ws/install/moveit_planners/share/moveit_planners/hook/cmake_prefix_path.dsv'
[3.604s] INFO:colcon.colcon_core.shell:Creating environment hook '/home/aaron/ur_ws/install/moveit_planners/share/moveit_planners/hook/cmake_prefix_path.sh'
[3.605s] Level 1:colcon.colcon_core.environment:checking '/home/aaron/ur_ws/install/moveit_planners/bin'
[3.605s] Level 1:colcon.colcon_core.environment:checking '/home/aaron/ur_ws/install/moveit_planners/lib/pkgconfig/moveit_planners.pc'
[3.605s] Level 1:colcon.colcon_core.environment:checking '/home/aaron/ur_ws/install/moveit_planners/lib/python3.10/site-packages'
[3.606s] Level 1:colcon.colcon_core.environment:checking '/home/aaron/ur_ws/install/moveit_planners/bin'
[3.606s] INFO:colcon.colcon_core.shell:Creating package script '/home/aaron/ur_ws/install/moveit_planners/share/moveit_planners/package.ps1'
[3.607s] INFO:colcon.colcon_core.shell:Creating package descriptor '/home/aaron/ur_ws/install/moveit_planners/share/moveit_planners/package.dsv'
[3.607s] INFO:colcon.colcon_core.shell:Creating package script '/home/aaron/ur_ws/install/moveit_planners/share/moveit_planners/package.sh'
[3.608s] INFO:colcon.colcon_core.shell:Creating package script '/home/aaron/ur_ws/install/moveit_planners/share/moveit_planners/package.bash'
[3.608s] INFO:colcon.colcon_core.shell:Creating package script '/home/aaron/ur_ws/install/moveit_planners/share/moveit_planners/package.zsh'
[3.609s] Level 1:colcon.colcon_core.environment:create_file_with_runtime_dependencies(/home/aaron/ur_ws/install/moveit_planners/share/colcon-core/packages/moveit_planners)
[3.609s] INFO:colcon.colcon_ros.task.ament_cmake.build:Building ROS package in '/home/aaron/ur_ws/src/moveit_task_constructor/core' with build type 'ament_cmake'
[3.609s] INFO:colcon.colcon_cmake.task.cmake.build:Building CMake package in '/home/aaron/ur_ws/src/moveit_task_constructor/core'
[3.610s] INFO:colcon.colcon_core.shell:Skip shell extension 'powershell' for command environment: Not usable outside of PowerShell
[3.610s] DEBUG:colcon.colcon_core.shell:Skip shell extension 'dsv' for command environment
[3.617s] INFO:colcon.colcon_ros.task.ament_cmake.build:Building ROS package in '/home/aaron/ur_ws/src/moveit2/moveit_runtime' with build type 'ament_cmake'
[3.617s] INFO:colcon.colcon_cmake.task.cmake.build:Building CMake package in '/home/aaron/ur_ws/src/moveit2/moveit_runtime'
[3.617s] INFO:colcon.colcon_core.shell:Skip shell extension 'powershell' for command environment: Not usable outside of PowerShell
[3.617s] DEBUG:colcon.colcon_core.shell:Skip shell extension 'dsv' for command environment
[3.624s] Level 1:colcon.colcon_core.environment:create_environment_scripts_only(moveit_py)
[3.624s] Level 1:colcon.colcon_core.environment:checking '/home/aaron/ur_ws/install/moveit_py' for CMake module files
[3.625s] DEBUG:colcon.colcon_core.event_handler.log_command:Invoked command in '/home/aaron/ur_ws/build/moveit_py' returned '0': AMENT_PREFIX_PATH=/home/aaron/ur_ws/install/moveit_ros_planning_interface:/home/aaron/ur_ws/install/moveit_ros_move_group:/home/aaron/ur_ws/install/moveit_ros_warehouse:/home/aaron/ur_ws/install/moveit_planners_ompl:/home/aaron/ur_ws/install/moveit_kinematics:/home/aaron/ur_ws/install/moveit_ros_planning:/home/aaron/ur_ws/install/moveit_simple_controller_manager:/home/aaron/ur_ws/install/moveit_ros_occupancy_map_monitor:/home/aaron/ur_ws/install/moveit_core:/home/aaron/ur_ws/install/moveit_resources_panda_moveit_config:/home/aaron/ur_ws/install/moveit_resources_fanuc_moveit_config:/home/aaron/ur_ws/install/moveit_configs_utils:/home/aaron/ur_ws/install/srdfdom:/home/aaron/ur_ws/install/moveit_resources_pr2_description:/home/aaron/ur_ws/install/moveit_resources_panda_description:/home/aaron/ur_ws/install/moveit_resources_fanuc_description:/home/aaron/ur_ws/install/moveit_common:/home/aaron/ur_ws/install/launch_param_builder:${AMENT_PREFIX_PATH} CMAKE_PREFIX_PATH=/home/aaron/ur_ws/install/moveit_ros_planning_interface:/home/aaron/ur_ws/install/moveit_ros_move_group:/home/aaron/ur_ws/install/moveit_ros_warehouse:/home/aaron/ur_ws/install/moveit_planners_ompl:/home/aaron/ur_ws/install/moveit_kinematics:/home/aaron/ur_ws/install/moveit_ros_planning:/home/aaron/ur_ws/install/moveit_simple_controller_manager:/home/aaron/ur_ws/install/moveit_ros_occupancy_map_monitor:/home/aaron/ur_ws/install/moveit_core:/home/aaron/ur_ws/install/moveit_resources_panda_moveit_config:/home/aaron/ur_ws/install/moveit_resources_fanuc_moveit_config:/home/aaron/ur_ws/install/srdfdom:/home/aaron/ur_ws/install/moveit_resources_pr2_description:/home/aaron/ur_ws/install/moveit_resources_panda_description:/home/aaron/ur_ws/install/moveit_resources_fanuc_description:/home/aaron/ur_ws/install/moveit_common:/opt/ros/humble LD_LIBRARY_PATH=/home/aaron/ur_ws/install/moveit_ros_planning_interface/lib:/home/aaron/ur_ws/install/moveit_ros_move_group/lib:/home/aaron/ur_ws/install/moveit_ros_warehouse/lib:/home/aaron/ur_ws/install/moveit_planners_ompl/lib:/home/aaron/ur_ws/install/moveit_kinematics/lib:/home/aaron/ur_ws/install/moveit_ros_planning/lib:/home/aaron/ur_ws/install/moveit_simple_controller_manager/lib:/home/aaron/ur_ws/install/moveit_ros_occupancy_map_monitor/lib:/home/aaron/ur_ws/install/moveit_core/lib:/home/aaron/ur_ws/install/srdfdom/lib:${LD_LIBRARY_PATH} PATH=/home/aaron/ur_ws/install/moveit_core/bin:${PATH} PYTHONPATH=/home/aaron/ur_ws/install/moveit_configs_utils/lib/python3.10/site-packages:/home/aaron/ur_ws/install/srdfdom/local/lib/python3.10/dist-packages:/home/aaron/ur_ws/install/launch_param_builder/lib/python3.10/site-packages:${PYTHONPATH} /usr/bin/cmake --install /home/aaron/ur_ws/build/moveit_py
[3.626s] Level 1:colcon.colcon_core.environment:checking '/home/aaron/ur_ws/install/moveit_py' for CMake config files
[3.626s] Level 1:colcon.colcon_core.shell:create_environment_hook('moveit_py', 'cmake_prefix_path')
[3.627s] INFO:colcon.colcon_core.shell:Creating environment hook '/home/aaron/ur_ws/install/moveit_py/share/moveit_py/hook/cmake_prefix_path.ps1'
[3.628s] INFO:colcon.colcon_core.shell:Creating environment descriptor '/home/aaron/ur_ws/install/moveit_py/share/moveit_py/hook/cmake_prefix_path.dsv'
[3.629s] INFO:colcon.colcon_core.shell:Creating environment hook '/home/aaron/ur_ws/install/moveit_py/share/moveit_py/hook/cmake_prefix_path.sh'
[3.630s] Level 1:colcon.colcon_core.environment:checking '/home/aaron/ur_ws/install/moveit_py/lib'
[3.630s] Level 1:colcon.colcon_core.shell:create_environment_hook('moveit_py', 'ld_library_path_lib')
[3.631s] INFO:colcon.colcon_core.shell:Creating environment hook '/home/aaron/ur_ws/install/moveit_py/share/moveit_py/hook/ld_library_path_lib.ps1'
[3.632s] INFO:colcon.colcon_core.shell:Creating environment descriptor '/home/aaron/ur_ws/install/moveit_py/share/moveit_py/hook/ld_library_path_lib.dsv'
[3.632s] INFO:colcon.colcon_core.shell:Creating environment hook '/home/aaron/ur_ws/install/moveit_py/share/moveit_py/hook/ld_library_path_lib.sh'
[3.633s] Level 1:colcon.colcon_core.environment:checking '/home/aaron/ur_ws/install/moveit_py/bin'
[3.633s] Level 1:colcon.colcon_core.environment:checking '/home/aaron/ur_ws/install/moveit_py/lib/pkgconfig/moveit_py.pc'
[3.634s] Level 1:colcon.colcon_core.environment:checking '/home/aaron/ur_ws/install/moveit_py/lib/python3.10/site-packages'
[3.635s] Level 1:colcon.colcon_core.environment:checking '/home/aaron/ur_ws/install/moveit_py/bin'
[3.635s] INFO:colcon.colcon_core.shell:Creating package script '/home/aaron/ur_ws/install/moveit_py/share/moveit_py/package.ps1'
[3.637s] INFO:colcon.colcon_core.shell:Creating package descriptor '/home/aaron/ur_ws/install/moveit_py/share/moveit_py/package.dsv'
[3.638s] INFO:colcon.colcon_core.shell:Creating package script '/home/aaron/ur_ws/install/moveit_py/share/moveit_py/package.sh'
[3.639s] INFO:colcon.colcon_core.shell:Creating package script '/home/aaron/ur_ws/install/moveit_py/share/moveit_py/package.bash'
[3.639s] INFO:colcon.colcon_core.shell:Creating package script '/home/aaron/ur_ws/install/moveit_py/share/moveit_py/package.zsh'
[3.640s] Level 1:colcon.colcon_core.environment:create_file_with_runtime_dependencies(/home/aaron/ur_ws/install/moveit_py/share/colcon-core/packages/moveit_py)
[3.641s] Level 1:colcon.colcon_core.environment:create_environment_scripts_only(moveit_py)
[3.642s] Level 1:colcon.colcon_core.environment:checking '/home/aaron/ur_ws/install/moveit_py' for CMake module files
[3.643s] Level 1:colcon.colcon_core.environment:checking '/home/aaron/ur_ws/install/moveit_py' for CMake config files
[3.643s] Level 1:colcon.colcon_core.shell:create_environment_hook('moveit_py', 'cmake_prefix_path')
[3.644s] INFO:colcon.colcon_core.shell:Creating environment hook '/home/aaron/ur_ws/install/moveit_py/share/moveit_py/hook/cmake_prefix_path.ps1'
[3.645s] INFO:colcon.colcon_core.shell:Creating environment descriptor '/home/aaron/ur_ws/install/moveit_py/share/moveit_py/hook/cmake_prefix_path.dsv'
[3.646s] INFO:colcon.colcon_core.shell:Creating environment hook '/home/aaron/ur_ws/install/moveit_py/share/moveit_py/hook/cmake_prefix_path.sh'
[3.647s] Level 1:colcon.colcon_core.environment:checking '/home/aaron/ur_ws/install/moveit_py/lib'
[3.647s] Level 1:colcon.colcon_core.shell:create_environment_hook('moveit_py', 'ld_library_path_lib')
[3.648s] INFO:colcon.colcon_core.shell:Creating environment hook '/home/aaron/ur_ws/install/moveit_py/share/moveit_py/hook/ld_library_path_lib.ps1'
[3.648s] INFO:colcon.colcon_core.shell:Creating environment descriptor '/home/aaron/ur_ws/install/moveit_py/share/moveit_py/hook/ld_library_path_lib.dsv'
[3.649s] INFO:colcon.colcon_core.shell:Creating environment hook '/home/aaron/ur_ws/install/moveit_py/share/moveit_py/hook/ld_library_path_lib.sh'
[3.650s] Level 1:colcon.colcon_core.environment:checking '/home/aaron/ur_ws/install/moveit_py/bin'
[3.650s] Level 1:colcon.colcon_core.environment:checking '/home/aaron/ur_ws/install/moveit_py/lib/pkgconfig/moveit_py.pc'
[3.650s] Level 1:colcon.colcon_core.environment:checking '/home/aaron/ur_ws/install/moveit_py/lib/python3.10/site-packages'
[3.651s] Level 1:colcon.colcon_core.environment:checking '/home/aaron/ur_ws/install/moveit_py/bin'
[3.652s] INFO:colcon.colcon_core.shell:Creating package script '/home/aaron/ur_ws/install/moveit_py/share/moveit_py/package.ps1'
[3.653s] INFO:colcon.colcon_core.shell:Creating package descriptor '/home/aaron/ur_ws/install/moveit_py/share/moveit_py/package.dsv'
[3.654s] INFO:colcon.colcon_core.shell:Creating package script '/home/aaron/ur_ws/install/moveit_py/share/moveit_py/package.sh'
[3.655s] INFO:colcon.colcon_core.shell:Creating package script '/home/aaron/ur_ws/install/moveit_py/share/moveit_py/package.bash'
[3.656s] INFO:colcon.colcon_core.shell:Creating package script '/home/aaron/ur_ws/install/moveit_py/share/moveit_py/package.zsh'
[3.657s] Level 1:colcon.colcon_core.environment:create_file_with_runtime_dependencies(/home/aaron/ur_ws/install/moveit_py/share/colcon-core/packages/moveit_py)
[3.704s] DEBUG:colcon.colcon_core.event_handler.log_command:Invoking command in '/home/aaron/ur_ws/build/moveit_task_constructor_core': AMENT_PREFIX_PATH=/home/aaron/ur_ws/install/moveit_planners:/home/aaron/ur_ws/install/pilz_industrial_motion_planner:/home/aaron/ur_ws/install/moveit_resources_prbt_pg70_support:/home/aaron/ur_ws/install/moveit_ros_planning_interface:/home/aaron/ur_ws/install/moveit_resources_prbt_moveit_config:/home/aaron/ur_ws/install/moveit_ros_move_group:/home/aaron/ur_ws/install/moveit_ros_warehouse:/home/aaron/ur_ws/install/moveit_planners_ompl:/home/aaron/ur_ws/install/moveit_kinematics:/home/aaron/ur_ws/install/moveit_ros_planning:/home/aaron/ur_ws/install/moveit_planners_chomp:/home/aaron/ur_ws/install/pilz_industrial_motion_planner_testutils:/home/aaron/ur_ws/install/moveit_simple_controller_manager:/home/aaron/ur_ws/install/moveit_ros_occupancy_map_monitor:/home/aaron/ur_ws/install/moveit_resources_prbt_ikfast_manipulator_plugin:/home/aaron/ur_ws/install/chomp_motion_planner:/home/aaron/ur_ws/install/moveit_core:/home/aaron/ur_ws/install/rviz_marker_tools:/home/aaron/ur_ws/install/moveit_resources_panda_moveit_config:/home/aaron/ur_ws/install/moveit_resources_fanuc_moveit_config:/home/aaron/ur_ws/install/moveit_configs_utils:/home/aaron/ur_ws/install/srdfdom:/home/aaron/ur_ws/install/moveit_task_constructor_msgs:/home/aaron/ur_ws/install/moveit_resources_prbt_support:/home/aaron/ur_ws/install/moveit_resources_pr2_description:/home/aaron/ur_ws/install/moveit_resources_panda_description:/home/aaron/ur_ws/install/moveit_resources_fanuc_description:/home/aaron/ur_ws/install/moveit_common:/home/aaron/ur_ws/install/launch_param_builder:${AMENT_PREFIX_PATH} CMAKE_PREFIX_PATH=/home/aaron/ur_ws/install/moveit_planners:/home/aaron/ur_ws/install/pilz_industrial_motion_planner:/home/aaron/ur_ws/install/moveit_resources_prbt_pg70_support:/home/aaron/ur_ws/install/moveit_ros_planning_interface:/home/aaron/ur_ws/install/moveit_resources_prbt_moveit_config:/home/aaron/ur_ws/install/moveit_ros_move_group:/home/aaron/ur_ws/install/moveit_ros_warehouse:/home/aaron/ur_ws/install/moveit_planners_ompl:/home/aaron/ur_ws/install/moveit_kinematics:/home/aaron/ur_ws/install/moveit_ros_planning:/home/aaron/ur_ws/install/moveit_planners_chomp:/home/aaron/ur_ws/install/pilz_industrial_motion_planner_testutils:/home/aaron/ur_ws/install/moveit_simple_controller_manager:/home/aaron/ur_ws/install/moveit_ros_occupancy_map_monitor:/home/aaron/ur_ws/install/moveit_resources_prbt_ikfast_manipulator_plugin:/home/aaron/ur_ws/install/chomp_motion_planner:/home/aaron/ur_ws/install/moveit_core:/home/aaron/ur_ws/install/rviz_marker_tools:/home/aaron/ur_ws/install/moveit_resources_panda_moveit_config:/home/aaron/ur_ws/install/moveit_resources_fanuc_moveit_config:/home/aaron/ur_ws/install/srdfdom:/home/aaron/ur_ws/install/moveit_task_constructor_msgs:/home/aaron/ur_ws/install/moveit_resources_prbt_support:/home/aaron/ur_ws/install/moveit_resources_pr2_description:/home/aaron/ur_ws/install/moveit_resources_panda_description:/home/aaron/ur_ws/install/moveit_resources_fanuc_description:/home/aaron/ur_ws/install/moveit_common:/opt/ros/humble LD_LIBRARY_PATH=/home/aaron/ur_ws/install/pilz_industrial_motion_planner/lib:/home/aaron/ur_ws/install/moveit_ros_planning_interface/lib:/home/aaron/ur_ws/install/moveit_ros_move_group/lib:/home/aaron/ur_ws/install/moveit_ros_warehouse/lib:/home/aaron/ur_ws/install/moveit_planners_ompl/lib:/home/aaron/ur_ws/install/moveit_kinematics/lib:/home/aaron/ur_ws/install/moveit_ros_planning/lib:/home/aaron/ur_ws/install/moveit_planners_chomp/lib:/home/aaron/ur_ws/install/pilz_industrial_motion_planner_testutils/lib:/home/aaron/ur_ws/install/moveit_simple_controller_manager/lib:/home/aaron/ur_ws/install/moveit_ros_occupancy_map_monitor/lib:/home/aaron/ur_ws/install/moveit_resources_prbt_ikfast_manipulator_plugin/lib:/home/aaron/ur_ws/install/chomp_motion_planner/lib:/home/aaron/ur_ws/install/moveit_core/lib:/home/aaron/ur_ws/install/rviz_marker_tools/lib:/home/aaron/ur_ws/install/srdfdom/lib:/home/aaron/ur_ws/install/moveit_task_constructor_msgs/lib:${LD_LIBRARY_PATH} PATH=/home/aaron/ur_ws/install/moveit_core/bin:${PATH} PYTHONPATH=/home/aaron/ur_ws/install/moveit_configs_utils/lib/python3.10/site-packages:/home/aaron/ur_ws/install/srdfdom/local/lib/python3.10/dist-packages:/home/aaron/ur_ws/install/moveit_task_constructor_msgs/local/lib/python3.10/dist-packages:/home/aaron/ur_ws/install/launch_param_builder/lib/python3.10/site-packages:${PYTHONPATH} /usr/bin/cmake --build /home/aaron/ur_ws/build/moveit_task_constructor_core -- -j20 -l20
[3.711s] DEBUG:colcon.colcon_core.event_handler.log_command:Invoking command in '/home/aaron/ur_ws/build/moveit_runtime': AMENT_PREFIX_PATH=/home/aaron/ur_ws/install/moveit_planners:/home/aaron/ur_ws/install/pilz_industrial_motion_planner:/home/aaron/ur_ws/install/moveit_resources_prbt_pg70_support:/home/aaron/ur_ws/install/moveit_ros_planning_interface:/home/aaron/ur_ws/install/moveit_resources_prbt_moveit_config:/home/aaron/ur_ws/install/moveit_ros_move_group:/home/aaron/ur_ws/install/moveit_ros_warehouse:/home/aaron/ur_ws/install/moveit_ros_perception:/home/aaron/ur_ws/install/moveit_planners_ompl:/home/aaron/ur_ws/install/moveit_kinematics:/home/aaron/ur_ws/install/moveit_ros_planning:/home/aaron/ur_ws/install/moveit_plugins:/home/aaron/ur_ws/install/moveit_planners_chomp:/home/aaron/ur_ws/install/pilz_industrial_motion_planner_testutils:/home/aaron/ur_ws/install/moveit_simple_controller_manager:/home/aaron/ur_ws/install/moveit_ros_occupancy_map_monitor:/home/aaron/ur_ws/install/moveit_resources_prbt_ikfast_manipulator_plugin:/home/aaron/ur_ws/install/chomp_motion_planner:/home/aaron/ur_ws/install/moveit_core:/home/aaron/ur_ws/install/moveit_resources_panda_moveit_config:/home/aaron/ur_ws/install/moveit_resources_fanuc_moveit_config:/home/aaron/ur_ws/install/moveit_configs_utils:/home/aaron/ur_ws/install/srdfdom:/home/aaron/ur_ws/install/moveit_resources_prbt_support:/home/aaron/ur_ws/install/moveit_resources_pr2_description:/home/aaron/ur_ws/install/moveit_resources_panda_description:/home/aaron/ur_ws/install/moveit_resources_fanuc_description:/home/aaron/ur_ws/install/moveit_common:/home/aaron/ur_ws/install/launch_param_builder:${AMENT_PREFIX_PATH} CMAKE_PREFIX_PATH=/home/aaron/ur_ws/install/moveit_planners:/home/aaron/ur_ws/install/pilz_industrial_motion_planner:/home/aaron/ur_ws/install/moveit_resources_prbt_pg70_support:/home/aaron/ur_ws/install/moveit_ros_planning_interface:/home/aaron/ur_ws/install/moveit_resources_prbt_moveit_config:/home/aaron/ur_ws/install/moveit_ros_move_group:/home/aaron/ur_ws/install/moveit_ros_warehouse:/home/aaron/ur_ws/install/moveit_ros_perception:/home/aaron/ur_ws/install/moveit_planners_ompl:/home/aaron/ur_ws/install/moveit_kinematics:/home/aaron/ur_ws/install/moveit_ros_planning:/home/aaron/ur_ws/install/moveit_plugins:/home/aaron/ur_ws/install/moveit_planners_chomp:/home/aaron/ur_ws/install/pilz_industrial_motion_planner_testutils:/home/aaron/ur_ws/install/moveit_simple_controller_manager:/home/aaron/ur_ws/install/moveit_ros_occupancy_map_monitor:/home/aaron/ur_ws/install/moveit_resources_prbt_ikfast_manipulator_plugin:/home/aaron/ur_ws/install/chomp_motion_planner:/home/aaron/ur_ws/install/moveit_core:/home/aaron/ur_ws/install/moveit_resources_panda_moveit_config:/home/aaron/ur_ws/install/moveit_resources_fanuc_moveit_config:/home/aaron/ur_ws/install/srdfdom:/home/aaron/ur_ws/install/moveit_resources_prbt_support:/home/aaron/ur_ws/install/moveit_resources_pr2_description:/home/aaron/ur_ws/install/moveit_resources_panda_description:/home/aaron/ur_ws/install/moveit_resources_fanuc_description:/home/aaron/ur_ws/install/moveit_common:/opt/ros/humble LD_LIBRARY_PATH=/home/aaron/ur_ws/install/pilz_industrial_motion_planner/lib:/home/aaron/ur_ws/install/moveit_ros_planning_interface/lib:/home/aaron/ur_ws/install/moveit_ros_move_group/lib:/home/aaron/ur_ws/install/moveit_ros_warehouse/lib:/home/aaron/ur_ws/install/moveit_ros_perception/lib:/home/aaron/ur_ws/install/moveit_planners_ompl/lib:/home/aaron/ur_ws/install/moveit_kinematics/lib:/home/aaron/ur_ws/install/moveit_ros_planning/lib:/home/aaron/ur_ws/install/moveit_planners_chomp/lib:/home/aaron/ur_ws/install/pilz_industrial_motion_planner_testutils/lib:/home/aaron/ur_ws/install/moveit_simple_controller_manager/lib:/home/aaron/ur_ws/install/moveit_ros_occupancy_map_monitor/lib:/home/aaron/ur_ws/install/moveit_resources_prbt_ikfast_manipulator_plugin/lib:/home/aaron/ur_ws/install/chomp_motion_planner/lib:/home/aaron/ur_ws/install/moveit_core/lib:/home/aaron/ur_ws/install/srdfdom/lib:${LD_LIBRARY_PATH} PATH=/home/aaron/ur_ws/install/moveit_core/bin:${PATH} PYTHONPATH=/home/aaron/ur_ws/install/moveit_configs_utils/lib/python3.10/site-packages:/home/aaron/ur_ws/install/srdfdom/local/lib/python3.10/dist-packages:/home/aaron/ur_ws/install/launch_param_builder/lib/python3.10/site-packages:${PYTHONPATH} /usr/bin/cmake --build /home/aaron/ur_ws/build/moveit_runtime -- -j20 -l20
[3.770s] DEBUG:colcon.colcon_core.event_handler.log_command:Invoked command in '/home/aaron/ur_ws/build/moveit_runtime' returned '0': AMENT_PREFIX_PATH=/home/aaron/ur_ws/install/moveit_planners:/home/aaron/ur_ws/install/pilz_industrial_motion_planner:/home/aaron/ur_ws/install/moveit_resources_prbt_pg70_support:/home/aaron/ur_ws/install/moveit_ros_planning_interface:/home/aaron/ur_ws/install/moveit_resources_prbt_moveit_config:/home/aaron/ur_ws/install/moveit_ros_move_group:/home/aaron/ur_ws/install/moveit_ros_warehouse:/home/aaron/ur_ws/install/moveit_ros_perception:/home/aaron/ur_ws/install/moveit_planners_ompl:/home/aaron/ur_ws/install/moveit_kinematics:/home/aaron/ur_ws/install/moveit_ros_planning:/home/aaron/ur_ws/install/moveit_plugins:/home/aaron/ur_ws/install/moveit_planners_chomp:/home/aaron/ur_ws/install/pilz_industrial_motion_planner_testutils:/home/aaron/ur_ws/install/moveit_simple_controller_manager:/home/aaron/ur_ws/install/moveit_ros_occupancy_map_monitor:/home/aaron/ur_ws/install/moveit_resources_prbt_ikfast_manipulator_plugin:/home/aaron/ur_ws/install/chomp_motion_planner:/home/aaron/ur_ws/install/moveit_core:/home/aaron/ur_ws/install/moveit_resources_panda_moveit_config:/home/aaron/ur_ws/install/moveit_resources_fanuc_moveit_config:/home/aaron/ur_ws/install/moveit_configs_utils:/home/aaron/ur_ws/install/srdfdom:/home/aaron/ur_ws/install/moveit_resources_prbt_support:/home/aaron/ur_ws/install/moveit_resources_pr2_description:/home/aaron/ur_ws/install/moveit_resources_panda_description:/home/aaron/ur_ws/install/moveit_resources_fanuc_description:/home/aaron/ur_ws/install/moveit_common:/home/aaron/ur_ws/install/launch_param_builder:${AMENT_PREFIX_PATH} CMAKE_PREFIX_PATH=/home/aaron/ur_ws/install/moveit_planners:/home/aaron/ur_ws/install/pilz_industrial_motion_planner:/home/aaron/ur_ws/install/moveit_resources_prbt_pg70_support:/home/aaron/ur_ws/install/moveit_ros_planning_interface:/home/aaron/ur_ws/install/moveit_resources_prbt_moveit_config:/home/aaron/ur_ws/install/moveit_ros_move_group:/home/aaron/ur_ws/install/moveit_ros_warehouse:/home/aaron/ur_ws/install/moveit_ros_perception:/home/aaron/ur_ws/install/moveit_planners_ompl:/home/aaron/ur_ws/install/moveit_kinematics:/home/aaron/ur_ws/install/moveit_ros_planning:/home/aaron/ur_ws/install/moveit_plugins:/home/aaron/ur_ws/install/moveit_planners_chomp:/home/aaron/ur_ws/install/pilz_industrial_motion_planner_testutils:/home/aaron/ur_ws/install/moveit_simple_controller_manager:/home/aaron/ur_ws/install/moveit_ros_occupancy_map_monitor:/home/aaron/ur_ws/install/moveit_resources_prbt_ikfast_manipulator_plugin:/home/aaron/ur_ws/install/chomp_motion_planner:/home/aaron/ur_ws/install/moveit_core:/home/aaron/ur_ws/install/moveit_resources_panda_moveit_config:/home/aaron/ur_ws/install/moveit_resources_fanuc_moveit_config:/home/aaron/ur_ws/install/srdfdom:/home/aaron/ur_ws/install/moveit_resources_prbt_support:/home/aaron/ur_ws/install/moveit_resources_pr2_description:/home/aaron/ur_ws/install/moveit_resources_panda_description:/home/aaron/ur_ws/install/moveit_resources_fanuc_description:/home/aaron/ur_ws/install/moveit_common:/opt/ros/humble LD_LIBRARY_PATH=/home/aaron/ur_ws/install/pilz_industrial_motion_planner/lib:/home/aaron/ur_ws/install/moveit_ros_planning_interface/lib:/home/aaron/ur_ws/install/moveit_ros_move_group/lib:/home/aaron/ur_ws/install/moveit_ros_warehouse/lib:/home/aaron/ur_ws/install/moveit_ros_perception/lib:/home/aaron/ur_ws/install/moveit_planners_ompl/lib:/home/aaron/ur_ws/install/moveit_kinematics/lib:/home/aaron/ur_ws/install/moveit_ros_planning/lib:/home/aaron/ur_ws/install/moveit_planners_chomp/lib:/home/aaron/ur_ws/install/pilz_industrial_motion_planner_testutils/lib:/home/aaron/ur_ws/install/moveit_simple_controller_manager/lib:/home/aaron/ur_ws/install/moveit_ros_occupancy_map_monitor/lib:/home/aaron/ur_ws/install/moveit_resources_prbt_ikfast_manipulator_plugin/lib:/home/aaron/ur_ws/install/chomp_motion_planner/lib:/home/aaron/ur_ws/install/moveit_core/lib:/home/aaron/ur_ws/install/srdfdom/lib:${LD_LIBRARY_PATH} PATH=/home/aaron/ur_ws/install/moveit_core/bin:${PATH} PYTHONPATH=/home/aaron/ur_ws/install/moveit_configs_utils/lib/python3.10/site-packages:/home/aaron/ur_ws/install/srdfdom/local/lib/python3.10/dist-packages:/home/aaron/ur_ws/install/launch_param_builder/lib/python3.10/site-packages:${PYTHONPATH} /usr/bin/cmake --build /home/aaron/ur_ws/build/moveit_runtime -- -j20 -l20
[3.773s] DEBUG:colcon.colcon_core.event_handler.log_command:Invoking command in '/home/aaron/ur_ws/build/moveit_runtime': AMENT_PREFIX_PATH=/home/aaron/ur_ws/install/moveit_planners:/home/aaron/ur_ws/install/pilz_industrial_motion_planner:/home/aaron/ur_ws/install/moveit_resources_prbt_pg70_support:/home/aaron/ur_ws/install/moveit_ros_planning_interface:/home/aaron/ur_ws/install/moveit_resources_prbt_moveit_config:/home/aaron/ur_ws/install/moveit_ros_move_group:/home/aaron/ur_ws/install/moveit_ros_warehouse:/home/aaron/ur_ws/install/moveit_ros_perception:/home/aaron/ur_ws/install/moveit_planners_ompl:/home/aaron/ur_ws/install/moveit_kinematics:/home/aaron/ur_ws/install/moveit_ros_planning:/home/aaron/ur_ws/install/moveit_plugins:/home/aaron/ur_ws/install/moveit_planners_chomp:/home/aaron/ur_ws/install/pilz_industrial_motion_planner_testutils:/home/aaron/ur_ws/install/moveit_simple_controller_manager:/home/aaron/ur_ws/install/moveit_ros_occupancy_map_monitor:/home/aaron/ur_ws/install/moveit_resources_prbt_ikfast_manipulator_plugin:/home/aaron/ur_ws/install/chomp_motion_planner:/home/aaron/ur_ws/install/moveit_core:/home/aaron/ur_ws/install/moveit_resources_panda_moveit_config:/home/aaron/ur_ws/install/moveit_resources_fanuc_moveit_config:/home/aaron/ur_ws/install/moveit_configs_utils:/home/aaron/ur_ws/install/srdfdom:/home/aaron/ur_ws/install/moveit_resources_prbt_support:/home/aaron/ur_ws/install/moveit_resources_pr2_description:/home/aaron/ur_ws/install/moveit_resources_panda_description:/home/aaron/ur_ws/install/moveit_resources_fanuc_description:/home/aaron/ur_ws/install/moveit_common:/home/aaron/ur_ws/install/launch_param_builder:${AMENT_PREFIX_PATH} CMAKE_PREFIX_PATH=/home/aaron/ur_ws/install/moveit_planners:/home/aaron/ur_ws/install/pilz_industrial_motion_planner:/home/aaron/ur_ws/install/moveit_resources_prbt_pg70_support:/home/aaron/ur_ws/install/moveit_ros_planning_interface:/home/aaron/ur_ws/install/moveit_resources_prbt_moveit_config:/home/aaron/ur_ws/install/moveit_ros_move_group:/home/aaron/ur_ws/install/moveit_ros_warehouse:/home/aaron/ur_ws/install/moveit_ros_perception:/home/aaron/ur_ws/install/moveit_planners_ompl:/home/aaron/ur_ws/install/moveit_kinematics:/home/aaron/ur_ws/install/moveit_ros_planning:/home/aaron/ur_ws/install/moveit_plugins:/home/aaron/ur_ws/install/moveit_planners_chomp:/home/aaron/ur_ws/install/pilz_industrial_motion_planner_testutils:/home/aaron/ur_ws/install/moveit_simple_controller_manager:/home/aaron/ur_ws/install/moveit_ros_occupancy_map_monitor:/home/aaron/ur_ws/install/moveit_resources_prbt_ikfast_manipulator_plugin:/home/aaron/ur_ws/install/chomp_motion_planner:/home/aaron/ur_ws/install/moveit_core:/home/aaron/ur_ws/install/moveit_resources_panda_moveit_config:/home/aaron/ur_ws/install/moveit_resources_fanuc_moveit_config:/home/aaron/ur_ws/install/srdfdom:/home/aaron/ur_ws/install/moveit_resources_prbt_support:/home/aaron/ur_ws/install/moveit_resources_pr2_description:/home/aaron/ur_ws/install/moveit_resources_panda_description:/home/aaron/ur_ws/install/moveit_resources_fanuc_description:/home/aaron/ur_ws/install/moveit_common:/opt/ros/humble LD_LIBRARY_PATH=/home/aaron/ur_ws/install/pilz_industrial_motion_planner/lib:/home/aaron/ur_ws/install/moveit_ros_planning_interface/lib:/home/aaron/ur_ws/install/moveit_ros_move_group/lib:/home/aaron/ur_ws/install/moveit_ros_warehouse/lib:/home/aaron/ur_ws/install/moveit_ros_perception/lib:/home/aaron/ur_ws/install/moveit_planners_ompl/lib:/home/aaron/ur_ws/install/moveit_kinematics/lib:/home/aaron/ur_ws/install/moveit_ros_planning/lib:/home/aaron/ur_ws/install/moveit_planners_chomp/lib:/home/aaron/ur_ws/install/pilz_industrial_motion_planner_testutils/lib:/home/aaron/ur_ws/install/moveit_simple_controller_manager/lib:/home/aaron/ur_ws/install/moveit_ros_occupancy_map_monitor/lib:/home/aaron/ur_ws/install/moveit_resources_prbt_ikfast_manipulator_plugin/lib:/home/aaron/ur_ws/install/chomp_motion_planner/lib:/home/aaron/ur_ws/install/moveit_core/lib:/home/aaron/ur_ws/install/srdfdom/lib:${LD_LIBRARY_PATH} PATH=/home/aaron/ur_ws/install/moveit_core/bin:${PATH} PYTHONPATH=/home/aaron/ur_ws/install/moveit_configs_utils/lib/python3.10/site-packages:/home/aaron/ur_ws/install/srdfdom/local/lib/python3.10/dist-packages:/home/aaron/ur_ws/install/launch_param_builder/lib/python3.10/site-packages:${PYTHONPATH} /usr/bin/cmake --install /home/aaron/ur_ws/build/moveit_runtime
[3.785s] Level 1:colcon.colcon_core.environment:create_environment_scripts_only(moveit_runtime)
[3.786s] Level 1:colcon.colcon_core.environment:checking '/home/aaron/ur_ws/install/moveit_runtime' for CMake module files
[3.787s] DEBUG:colcon.colcon_core.event_handler.log_command:Invoked command in '/home/aaron/ur_ws/build/moveit_runtime' returned '0': AMENT_PREFIX_PATH=/home/aaron/ur_ws/install/moveit_planners:/home/aaron/ur_ws/install/pilz_industrial_motion_planner:/home/aaron/ur_ws/install/moveit_resources_prbt_pg70_support:/home/aaron/ur_ws/install/moveit_ros_planning_interface:/home/aaron/ur_ws/install/moveit_resources_prbt_moveit_config:/home/aaron/ur_ws/install/moveit_ros_move_group:/home/aaron/ur_ws/install/moveit_ros_warehouse:/home/aaron/ur_ws/install/moveit_ros_perception:/home/aaron/ur_ws/install/moveit_planners_ompl:/home/aaron/ur_ws/install/moveit_kinematics:/home/aaron/ur_ws/install/moveit_ros_planning:/home/aaron/ur_ws/install/moveit_plugins:/home/aaron/ur_ws/install/moveit_planners_chomp:/home/aaron/ur_ws/install/pilz_industrial_motion_planner_testutils:/home/aaron/ur_ws/install/moveit_simple_controller_manager:/home/aaron/ur_ws/install/moveit_ros_occupancy_map_monitor:/home/aaron/ur_ws/install/moveit_resources_prbt_ikfast_manipulator_plugin:/home/aaron/ur_ws/install/chomp_motion_planner:/home/aaron/ur_ws/install/moveit_core:/home/aaron/ur_ws/install/moveit_resources_panda_moveit_config:/home/aaron/ur_ws/install/moveit_resources_fanuc_moveit_config:/home/aaron/ur_ws/install/moveit_configs_utils:/home/aaron/ur_ws/install/srdfdom:/home/aaron/ur_ws/install/moveit_resources_prbt_support:/home/aaron/ur_ws/install/moveit_resources_pr2_description:/home/aaron/ur_ws/install/moveit_resources_panda_description:/home/aaron/ur_ws/install/moveit_resources_fanuc_description:/home/aaron/ur_ws/install/moveit_common:/home/aaron/ur_ws/install/launch_param_builder:${AMENT_PREFIX_PATH} CMAKE_PREFIX_PATH=/home/aaron/ur_ws/install/moveit_planners:/home/aaron/ur_ws/install/pilz_industrial_motion_planner:/home/aaron/ur_ws/install/moveit_resources_prbt_pg70_support:/home/aaron/ur_ws/install/moveit_ros_planning_interface:/home/aaron/ur_ws/install/moveit_resources_prbt_moveit_config:/home/aaron/ur_ws/install/moveit_ros_move_group:/home/aaron/ur_ws/install/moveit_ros_warehouse:/home/aaron/ur_ws/install/moveit_ros_perception:/home/aaron/ur_ws/install/moveit_planners_ompl:/home/aaron/ur_ws/install/moveit_kinematics:/home/aaron/ur_ws/install/moveit_ros_planning:/home/aaron/ur_ws/install/moveit_plugins:/home/aaron/ur_ws/install/moveit_planners_chomp:/home/aaron/ur_ws/install/pilz_industrial_motion_planner_testutils:/home/aaron/ur_ws/install/moveit_simple_controller_manager:/home/aaron/ur_ws/install/moveit_ros_occupancy_map_monitor:/home/aaron/ur_ws/install/moveit_resources_prbt_ikfast_manipulator_plugin:/home/aaron/ur_ws/install/chomp_motion_planner:/home/aaron/ur_ws/install/moveit_core:/home/aaron/ur_ws/install/moveit_resources_panda_moveit_config:/home/aaron/ur_ws/install/moveit_resources_fanuc_moveit_config:/home/aaron/ur_ws/install/srdfdom:/home/aaron/ur_ws/install/moveit_resources_prbt_support:/home/aaron/ur_ws/install/moveit_resources_pr2_description:/home/aaron/ur_ws/install/moveit_resources_panda_description:/home/aaron/ur_ws/install/moveit_resources_fanuc_description:/home/aaron/ur_ws/install/moveit_common:/opt/ros/humble LD_LIBRARY_PATH=/home/aaron/ur_ws/install/pilz_industrial_motion_planner/lib:/home/aaron/ur_ws/install/moveit_ros_planning_interface/lib:/home/aaron/ur_ws/install/moveit_ros_move_group/lib:/home/aaron/ur_ws/install/moveit_ros_warehouse/lib:/home/aaron/ur_ws/install/moveit_ros_perception/lib:/home/aaron/ur_ws/install/moveit_planners_ompl/lib:/home/aaron/ur_ws/install/moveit_kinematics/lib:/home/aaron/ur_ws/install/moveit_ros_planning/lib:/home/aaron/ur_ws/install/moveit_planners_chomp/lib:/home/aaron/ur_ws/install/pilz_industrial_motion_planner_testutils/lib:/home/aaron/ur_ws/install/moveit_simple_controller_manager/lib:/home/aaron/ur_ws/install/moveit_ros_occupancy_map_monitor/lib:/home/aaron/ur_ws/install/moveit_resources_prbt_ikfast_manipulator_plugin/lib:/home/aaron/ur_ws/install/chomp_motion_planner/lib:/home/aaron/ur_ws/install/moveit_core/lib:/home/aaron/ur_ws/install/srdfdom/lib:${LD_LIBRARY_PATH} PATH=/home/aaron/ur_ws/install/moveit_core/bin:${PATH} PYTHONPATH=/home/aaron/ur_ws/install/moveit_configs_utils/lib/python3.10/site-packages:/home/aaron/ur_ws/install/srdfdom/local/lib/python3.10/dist-packages:/home/aaron/ur_ws/install/launch_param_builder/lib/python3.10/site-packages:${PYTHONPATH} /usr/bin/cmake --install /home/aaron/ur_ws/build/moveit_runtime
[3.787s] Level 1:colcon.colcon_core.environment:checking '/home/aaron/ur_ws/install/moveit_runtime' for CMake config files
[3.787s] Level 1:colcon.colcon_core.shell:create_environment_hook('moveit_runtime', 'cmake_prefix_path')
[3.788s] INFO:colcon.colcon_core.shell:Creating environment hook '/home/aaron/ur_ws/install/moveit_runtime/share/moveit_runtime/hook/cmake_prefix_path.ps1'
[3.788s] INFO:colcon.colcon_core.shell:Creating environment descriptor '/home/aaron/ur_ws/install/moveit_runtime/share/moveit_runtime/hook/cmake_prefix_path.dsv'
[3.789s] INFO:colcon.colcon_core.shell:Creating environment hook '/home/aaron/ur_ws/install/moveit_runtime/share/moveit_runtime/hook/cmake_prefix_path.sh'
[3.790s] Level 1:colcon.colcon_core.environment:checking '/home/aaron/ur_ws/install/moveit_runtime/bin'
[3.790s] Level 1:colcon.colcon_core.environment:checking '/home/aaron/ur_ws/install/moveit_runtime/lib/pkgconfig/moveit_runtime.pc'
[3.790s] Level 1:colcon.colcon_core.environment:checking '/home/aaron/ur_ws/install/moveit_runtime/lib/python3.10/site-packages'
[3.791s] Level 1:colcon.colcon_core.environment:checking '/home/aaron/ur_ws/install/moveit_runtime/bin'
[3.791s] INFO:colcon.colcon_core.shell:Creating package script '/home/aaron/ur_ws/install/moveit_runtime/share/moveit_runtime/package.ps1'
[3.792s] INFO:colcon.colcon_core.shell:Creating package descriptor '/home/aaron/ur_ws/install/moveit_runtime/share/moveit_runtime/package.dsv'
[3.792s] INFO:colcon.colcon_core.shell:Creating package script '/home/aaron/ur_ws/install/moveit_runtime/share/moveit_runtime/package.sh'
[3.792s] INFO:colcon.colcon_core.shell:Creating package script '/home/aaron/ur_ws/install/moveit_runtime/share/moveit_runtime/package.bash'
[3.793s] INFO:colcon.colcon_core.shell:Creating package script '/home/aaron/ur_ws/install/moveit_runtime/share/moveit_runtime/package.zsh'
[3.793s] Level 1:colcon.colcon_core.environment:create_file_with_runtime_dependencies(/home/aaron/ur_ws/install/moveit_runtime/share/colcon-core/packages/moveit_runtime)
[3.794s] Level 1:colcon.colcon_core.environment:create_environment_scripts_only(moveit_runtime)
[3.794s] Level 1:colcon.colcon_core.environment:checking '/home/aaron/ur_ws/install/moveit_runtime' for CMake module files
[3.795s] Level 1:colcon.colcon_core.environment:checking '/home/aaron/ur_ws/install/moveit_runtime' for CMake config files
[3.795s] Level 1:colcon.colcon_core.shell:create_environment_hook('moveit_runtime', 'cmake_prefix_path')
[3.795s] INFO:colcon.colcon_core.shell:Creating environment hook '/home/aaron/ur_ws/install/moveit_runtime/share/moveit_runtime/hook/cmake_prefix_path.ps1'
[3.796s] INFO:colcon.colcon_core.shell:Creating environment descriptor '/home/aaron/ur_ws/install/moveit_runtime/share/moveit_runtime/hook/cmake_prefix_path.dsv'
[3.796s] INFO:colcon.colcon_core.shell:Creating environment hook '/home/aaron/ur_ws/install/moveit_runtime/share/moveit_runtime/hook/cmake_prefix_path.sh'
[3.797s] Level 1:colcon.colcon_core.environment:checking '/home/aaron/ur_ws/install/moveit_runtime/bin'
[3.797s] Level 1:colcon.colcon_core.environment:checking '/home/aaron/ur_ws/install/moveit_runtime/lib/pkgconfig/moveit_runtime.pc'
[3.798s] Level 1:colcon.colcon_core.environment:checking '/home/aaron/ur_ws/install/moveit_runtime/lib/python3.10/site-packages'
[3.798s] Level 1:colcon.colcon_core.environment:checking '/home/aaron/ur_ws/install/moveit_runtime/bin'
[3.798s] INFO:colcon.colcon_core.shell:Creating package script '/home/aaron/ur_ws/install/moveit_runtime/share/moveit_runtime/package.ps1'
[3.799s] INFO:colcon.colcon_core.shell:Creating package descriptor '/home/aaron/ur_ws/install/moveit_runtime/share/moveit_runtime/package.dsv'
[3.800s] INFO:colcon.colcon_core.shell:Creating package script '/home/aaron/ur_ws/install/moveit_runtime/share/moveit_runtime/package.sh'
[3.800s] INFO:colcon.colcon_core.shell:Creating package script '/home/aaron/ur_ws/install/moveit_runtime/share/moveit_runtime/package.bash'
[3.801s] INFO:colcon.colcon_core.shell:Creating package script '/home/aaron/ur_ws/install/moveit_runtime/share/moveit_runtime/package.zsh'
[3.801s] Level 1:colcon.colcon_core.environment:create_file_with_runtime_dependencies(/home/aaron/ur_ws/install/moveit_runtime/share/colcon-core/packages/moveit_runtime)
[3.932s] DEBUG:colcon.colcon_core.event_handler.log_command:Invoked command in '/home/aaron/ur_ws/build/moveit_ros_visualization' returned '0': AMENT_PREFIX_PATH=/home/aaron/ur_ws/install/moveit_ros_planning_interface:/home/aaron/ur_ws/install/moveit_ros_move_group:/home/aaron/ur_ws/install/moveit_ros_warehouse:/home/aaron/ur_ws/install/moveit_ros_robot_interaction:/home/aaron/ur_ws/install/moveit_planners_ompl:/home/aaron/ur_ws/install/moveit_kinematics:/home/aaron/ur_ws/install/moveit_ros_planning:/home/aaron/ur_ws/install/moveit_simple_controller_manager:/home/aaron/ur_ws/install/moveit_ros_occupancy_map_monitor:/home/aaron/ur_ws/install/moveit_core:/home/aaron/ur_ws/install/moveit_resources_panda_moveit_config:/home/aaron/ur_ws/install/moveit_resources_fanuc_moveit_config:/home/aaron/ur_ws/install/moveit_configs_utils:/home/aaron/ur_ws/install/srdfdom:/home/aaron/ur_ws/install/moveit_resources_pr2_description:/home/aaron/ur_ws/install/moveit_resources_panda_description:/home/aaron/ur_ws/install/moveit_resources_fanuc_description:/home/aaron/ur_ws/install/moveit_common:/home/aaron/ur_ws/install/launch_param_builder:${AMENT_PREFIX_PATH} CMAKE_PREFIX_PATH=/home/aaron/ur_ws/install/moveit_ros_planning_interface:/home/aaron/ur_ws/install/moveit_ros_move_group:/home/aaron/ur_ws/install/moveit_ros_warehouse:/home/aaron/ur_ws/install/moveit_ros_robot_interaction:/home/aaron/ur_ws/install/moveit_planners_ompl:/home/aaron/ur_ws/install/moveit_kinematics:/home/aaron/ur_ws/install/moveit_ros_planning:/home/aaron/ur_ws/install/moveit_simple_controller_manager:/home/aaron/ur_ws/install/moveit_ros_occupancy_map_monitor:/home/aaron/ur_ws/install/moveit_core:/home/aaron/ur_ws/install/moveit_resources_panda_moveit_config:/home/aaron/ur_ws/install/moveit_resources_fanuc_moveit_config:/home/aaron/ur_ws/install/srdfdom:/home/aaron/ur_ws/install/moveit_resources_pr2_description:/home/aaron/ur_ws/install/moveit_resources_panda_description:/home/aaron/ur_ws/install/moveit_resources_fanuc_description:/home/aaron/ur_ws/install/moveit_common:/opt/ros/humble LD_LIBRARY_PATH=/home/aaron/ur_ws/install/moveit_ros_planning_interface/lib:/home/aaron/ur_ws/install/moveit_ros_move_group/lib:/home/aaron/ur_ws/install/moveit_ros_warehouse/lib:/home/aaron/ur_ws/install/moveit_ros_robot_interaction/lib:/home/aaron/ur_ws/install/moveit_planners_ompl/lib:/home/aaron/ur_ws/install/moveit_kinematics/lib:/home/aaron/ur_ws/install/moveit_ros_planning/lib:/home/aaron/ur_ws/install/moveit_simple_controller_manager/lib:/home/aaron/ur_ws/install/moveit_ros_occupancy_map_monitor/lib:/home/aaron/ur_ws/install/moveit_core/lib:/home/aaron/ur_ws/install/srdfdom/lib:${LD_LIBRARY_PATH} PATH=/home/aaron/ur_ws/install/moveit_core/bin:${PATH} PYTHONPATH=/home/aaron/ur_ws/install/moveit_configs_utils/lib/python3.10/site-packages:/home/aaron/ur_ws/install/srdfdom/local/lib/python3.10/dist-packages:/home/aaron/ur_ws/install/launch_param_builder/lib/python3.10/site-packages:${PYTHONPATH} /usr/bin/cmake --build /home/aaron/ur_ws/build/moveit_ros_visualization -- -j20 -l20
[3.936s] DEBUG:colcon.colcon_core.event_handler.log_command:Invoking command in '/home/aaron/ur_ws/build/moveit_ros_visualization': AMENT_PREFIX_PATH=/home/aaron/ur_ws/install/moveit_ros_planning_interface:/home/aaron/ur_ws/install/moveit_ros_move_group:/home/aaron/ur_ws/install/moveit_ros_warehouse:/home/aaron/ur_ws/install/moveit_ros_robot_interaction:/home/aaron/ur_ws/install/moveit_planners_ompl:/home/aaron/ur_ws/install/moveit_kinematics:/home/aaron/ur_ws/install/moveit_ros_planning:/home/aaron/ur_ws/install/moveit_simple_controller_manager:/home/aaron/ur_ws/install/moveit_ros_occupancy_map_monitor:/home/aaron/ur_ws/install/moveit_core:/home/aaron/ur_ws/install/moveit_resources_panda_moveit_config:/home/aaron/ur_ws/install/moveit_resources_fanuc_moveit_config:/home/aaron/ur_ws/install/moveit_configs_utils:/home/aaron/ur_ws/install/srdfdom:/home/aaron/ur_ws/install/moveit_resources_pr2_description:/home/aaron/ur_ws/install/moveit_resources_panda_description:/home/aaron/ur_ws/install/moveit_resources_fanuc_description:/home/aaron/ur_ws/install/moveit_common:/home/aaron/ur_ws/install/launch_param_builder:${AMENT_PREFIX_PATH} CMAKE_PREFIX_PATH=/home/aaron/ur_ws/install/moveit_ros_planning_interface:/home/aaron/ur_ws/install/moveit_ros_move_group:/home/aaron/ur_ws/install/moveit_ros_warehouse:/home/aaron/ur_ws/install/moveit_ros_robot_interaction:/home/aaron/ur_ws/install/moveit_planners_ompl:/home/aaron/ur_ws/install/moveit_kinematics:/home/aaron/ur_ws/install/moveit_ros_planning:/home/aaron/ur_ws/install/moveit_simple_controller_manager:/home/aaron/ur_ws/install/moveit_ros_occupancy_map_monitor:/home/aaron/ur_ws/install/moveit_core:/home/aaron/ur_ws/install/moveit_resources_panda_moveit_config:/home/aaron/ur_ws/install/moveit_resources_fanuc_moveit_config:/home/aaron/ur_ws/install/srdfdom:/home/aaron/ur_ws/install/moveit_resources_pr2_description:/home/aaron/ur_ws/install/moveit_resources_panda_description:/home/aaron/ur_ws/install/moveit_resources_fanuc_description:/home/aaron/ur_ws/install/moveit_common:/opt/ros/humble LD_LIBRARY_PATH=/home/aaron/ur_ws/install/moveit_ros_planning_interface/lib:/home/aaron/ur_ws/install/moveit_ros_move_group/lib:/home/aaron/ur_ws/install/moveit_ros_warehouse/lib:/home/aaron/ur_ws/install/moveit_ros_robot_interaction/lib:/home/aaron/ur_ws/install/moveit_planners_ompl/lib:/home/aaron/ur_ws/install/moveit_kinematics/lib:/home/aaron/ur_ws/install/moveit_ros_planning/lib:/home/aaron/ur_ws/install/moveit_simple_controller_manager/lib:/home/aaron/ur_ws/install/moveit_ros_occupancy_map_monitor/lib:/home/aaron/ur_ws/install/moveit_core/lib:/home/aaron/ur_ws/install/srdfdom/lib:${LD_LIBRARY_PATH} PATH=/home/aaron/ur_ws/install/moveit_core/bin:${PATH} PYTHONPATH=/home/aaron/ur_ws/install/moveit_configs_utils/lib/python3.10/site-packages:/home/aaron/ur_ws/install/srdfdom/local/lib/python3.10/dist-packages:/home/aaron/ur_ws/install/launch_param_builder/lib/python3.10/site-packages:${PYTHONPATH} /usr/bin/cmake --install /home/aaron/ur_ws/build/moveit_ros_visualization
[3.958s] Level 1:colcon.colcon_core.environment:create_environment_scripts_only(moveit_ros_visualization)
[3.958s] Level 1:colcon.colcon_core.environment:checking '/home/aaron/ur_ws/install/moveit_ros_visualization' for CMake module files
[3.961s] DEBUG:colcon.colcon_core.event_handler.log_command:Invoked command in '/home/aaron/ur_ws/build/moveit_ros_visualization' returned '0': AMENT_PREFIX_PATH=/home/aaron/ur_ws/install/moveit_ros_planning_interface:/home/aaron/ur_ws/install/moveit_ros_move_group:/home/aaron/ur_ws/install/moveit_ros_warehouse:/home/aaron/ur_ws/install/moveit_ros_robot_interaction:/home/aaron/ur_ws/install/moveit_planners_ompl:/home/aaron/ur_ws/install/moveit_kinematics:/home/aaron/ur_ws/install/moveit_ros_planning:/home/aaron/ur_ws/install/moveit_simple_controller_manager:/home/aaron/ur_ws/install/moveit_ros_occupancy_map_monitor:/home/aaron/ur_ws/install/moveit_core:/home/aaron/ur_ws/install/moveit_resources_panda_moveit_config:/home/aaron/ur_ws/install/moveit_resources_fanuc_moveit_config:/home/aaron/ur_ws/install/moveit_configs_utils:/home/aaron/ur_ws/install/srdfdom:/home/aaron/ur_ws/install/moveit_resources_pr2_description:/home/aaron/ur_ws/install/moveit_resources_panda_description:/home/aaron/ur_ws/install/moveit_resources_fanuc_description:/home/aaron/ur_ws/install/moveit_common:/home/aaron/ur_ws/install/launch_param_builder:${AMENT_PREFIX_PATH} CMAKE_PREFIX_PATH=/home/aaron/ur_ws/install/moveit_ros_planning_interface:/home/aaron/ur_ws/install/moveit_ros_move_group:/home/aaron/ur_ws/install/moveit_ros_warehouse:/home/aaron/ur_ws/install/moveit_ros_robot_interaction:/home/aaron/ur_ws/install/moveit_planners_ompl:/home/aaron/ur_ws/install/moveit_kinematics:/home/aaron/ur_ws/install/moveit_ros_planning:/home/aaron/ur_ws/install/moveit_simple_controller_manager:/home/aaron/ur_ws/install/moveit_ros_occupancy_map_monitor:/home/aaron/ur_ws/install/moveit_core:/home/aaron/ur_ws/install/moveit_resources_panda_moveit_config:/home/aaron/ur_ws/install/moveit_resources_fanuc_moveit_config:/home/aaron/ur_ws/install/srdfdom:/home/aaron/ur_ws/install/moveit_resources_pr2_description:/home/aaron/ur_ws/install/moveit_resources_panda_description:/home/aaron/ur_ws/install/moveit_resources_fanuc_description:/home/aaron/ur_ws/install/moveit_common:/opt/ros/humble LD_LIBRARY_PATH=/home/aaron/ur_ws/install/moveit_ros_planning_interface/lib:/home/aaron/ur_ws/install/moveit_ros_move_group/lib:/home/aaron/ur_ws/install/moveit_ros_warehouse/lib:/home/aaron/ur_ws/install/moveit_ros_robot_interaction/lib:/home/aaron/ur_ws/install/moveit_planners_ompl/lib:/home/aaron/ur_ws/install/moveit_kinematics/lib:/home/aaron/ur_ws/install/moveit_ros_planning/lib:/home/aaron/ur_ws/install/moveit_simple_controller_manager/lib:/home/aaron/ur_ws/install/moveit_ros_occupancy_map_monitor/lib:/home/aaron/ur_ws/install/moveit_core/lib:/home/aaron/ur_ws/install/srdfdom/lib:${LD_LIBRARY_PATH} PATH=/home/aaron/ur_ws/install/moveit_core/bin:${PATH} PYTHONPATH=/home/aaron/ur_ws/install/moveit_configs_utils/lib/python3.10/site-packages:/home/aaron/ur_ws/install/srdfdom/local/lib/python3.10/dist-packages:/home/aaron/ur_ws/install/launch_param_builder/lib/python3.10/site-packages:${PYTHONPATH} /usr/bin/cmake --install /home/aaron/ur_ws/build/moveit_ros_visualization
[3.961s] Level 1:colcon.colcon_core.environment:checking '/home/aaron/ur_ws/install/moveit_ros_visualization' for CMake config files
[3.962s] Level 1:colcon.colcon_core.shell:create_environment_hook('moveit_ros_visualization', 'cmake_prefix_path')
[3.962s] INFO:colcon.colcon_core.shell:Creating environment hook '/home/aaron/ur_ws/install/moveit_ros_visualization/share/moveit_ros_visualization/hook/cmake_prefix_path.ps1'
[3.963s] INFO:colcon.colcon_core.shell:Creating environment descriptor '/home/aaron/ur_ws/install/moveit_ros_visualization/share/moveit_ros_visualization/hook/cmake_prefix_path.dsv'
[3.963s] INFO:colcon.colcon_core.shell:Creating environment hook '/home/aaron/ur_ws/install/moveit_ros_visualization/share/moveit_ros_visualization/hook/cmake_prefix_path.sh'
[3.964s] Level 1:colcon.colcon_core.environment:checking '/home/aaron/ur_ws/install/moveit_ros_visualization/lib'
[3.964s] Level 1:colcon.colcon_core.shell:create_environment_hook('moveit_ros_visualization', 'ld_library_path_lib')
[3.964s] INFO:colcon.colcon_core.shell:Creating environment hook '/home/aaron/ur_ws/install/moveit_ros_visualization/share/moveit_ros_visualization/hook/ld_library_path_lib.ps1'
[3.966s] INFO:colcon.colcon_core.shell:Creating environment descriptor '/home/aaron/ur_ws/install/moveit_ros_visualization/share/moveit_ros_visualization/hook/ld_library_path_lib.dsv'
[3.966s] INFO:colcon.colcon_core.shell:Creating environment hook '/home/aaron/ur_ws/install/moveit_ros_visualization/share/moveit_ros_visualization/hook/ld_library_path_lib.sh'
[3.967s] Level 1:colcon.colcon_core.environment:checking '/home/aaron/ur_ws/install/moveit_ros_visualization/bin'
[3.967s] Level 1:colcon.colcon_core.environment:checking '/home/aaron/ur_ws/install/moveit_ros_visualization/lib/pkgconfig/moveit_ros_visualization.pc'
[3.967s] Level 1:colcon.colcon_core.environment:checking '/home/aaron/ur_ws/install/moveit_ros_visualization/lib/python3.10/site-packages'
[3.967s] Level 1:colcon.colcon_core.environment:checking '/home/aaron/ur_ws/install/moveit_ros_visualization/bin'
[3.968s] INFO:colcon.colcon_core.shell:Creating package script '/home/aaron/ur_ws/install/moveit_ros_visualization/share/moveit_ros_visualization/package.ps1'
[3.968s] INFO:colcon.colcon_core.shell:Creating package descriptor '/home/aaron/ur_ws/install/moveit_ros_visualization/share/moveit_ros_visualization/package.dsv'
[3.969s] INFO:colcon.colcon_core.shell:Creating package script '/home/aaron/ur_ws/install/moveit_ros_visualization/share/moveit_ros_visualization/package.sh'
[3.969s] INFO:colcon.colcon_core.shell:Creating package script '/home/aaron/ur_ws/install/moveit_ros_visualization/share/moveit_ros_visualization/package.bash'
[3.970s] INFO:colcon.colcon_core.shell:Creating package script '/home/aaron/ur_ws/install/moveit_ros_visualization/share/moveit_ros_visualization/package.zsh'
[3.970s] Level 1:colcon.colcon_core.environment:create_file_with_runtime_dependencies(/home/aaron/ur_ws/install/moveit_ros_visualization/share/colcon-core/packages/moveit_ros_visualization)
[3.971s] Level 1:colcon.colcon_core.environment:create_environment_scripts_only(moveit_ros_visualization)
[3.971s] Level 1:colcon.colcon_core.environment:checking '/home/aaron/ur_ws/install/moveit_ros_visualization' for CMake module files
[3.972s] Level 1:colcon.colcon_core.environment:checking '/home/aaron/ur_ws/install/moveit_ros_visualization' for CMake config files
[3.972s] Level 1:colcon.colcon_core.shell:create_environment_hook('moveit_ros_visualization', 'cmake_prefix_path')
[3.972s] INFO:colcon.colcon_core.shell:Creating environment hook '/home/aaron/ur_ws/install/moveit_ros_visualization/share/moveit_ros_visualization/hook/cmake_prefix_path.ps1'
[3.973s] INFO:colcon.colcon_core.shell:Creating environment descriptor '/home/aaron/ur_ws/install/moveit_ros_visualization/share/moveit_ros_visualization/hook/cmake_prefix_path.dsv'
[3.973s] INFO:colcon.colcon_core.shell:Creating environment hook '/home/aaron/ur_ws/install/moveit_ros_visualization/share/moveit_ros_visualization/hook/cmake_prefix_path.sh'
[3.974s] Level 1:colcon.colcon_core.environment:checking '/home/aaron/ur_ws/install/moveit_ros_visualization/lib'
[3.974s] Level 1:colcon.colcon_core.shell:create_environment_hook('moveit_ros_visualization', 'ld_library_path_lib')
[3.974s] INFO:colcon.colcon_core.shell:Creating environment hook '/home/aaron/ur_ws/install/moveit_ros_visualization/share/moveit_ros_visualization/hook/ld_library_path_lib.ps1'
[3.975s] INFO:colcon.colcon_core.shell:Creating environment descriptor '/home/aaron/ur_ws/install/moveit_ros_visualization/share/moveit_ros_visualization/hook/ld_library_path_lib.dsv'
[3.975s] INFO:colcon.colcon_core.shell:Creating environment hook '/home/aaron/ur_ws/install/moveit_ros_visualization/share/moveit_ros_visualization/hook/ld_library_path_lib.sh'
[3.976s] Level 1:colcon.colcon_core.environment:checking '/home/aaron/ur_ws/install/moveit_ros_visualization/bin'
[3.976s] Level 1:colcon.colcon_core.environment:checking '/home/aaron/ur_ws/install/moveit_ros_visualization/lib/pkgconfig/moveit_ros_visualization.pc'
[3.976s] Level 1:colcon.colcon_core.environment:checking '/home/aaron/ur_ws/install/moveit_ros_visualization/lib/python3.10/site-packages'
[3.977s] Level 1:colcon.colcon_core.environment:checking '/home/aaron/ur_ws/install/moveit_ros_visualization/bin'
[3.977s] INFO:colcon.colcon_core.shell:Creating package script '/home/aaron/ur_ws/install/moveit_ros_visualization/share/moveit_ros_visualization/package.ps1'
[3.978s] INFO:colcon.colcon_core.shell:Creating package descriptor '/home/aaron/ur_ws/install/moveit_ros_visualization/share/moveit_ros_visualization/package.dsv'
[3.978s] INFO:colcon.colcon_core.shell:Creating package script '/home/aaron/ur_ws/install/moveit_ros_visualization/share/moveit_ros_visualization/package.sh'
[3.979s] INFO:colcon.colcon_core.shell:Creating package script '/home/aaron/ur_ws/install/moveit_ros_visualization/share/moveit_ros_visualization/package.bash'
[3.979s] INFO:colcon.colcon_core.shell:Creating package script '/home/aaron/ur_ws/install/moveit_ros_visualization/share/moveit_ros_visualization/package.zsh'
[3.980s] Level 1:colcon.colcon_core.environment:create_file_with_runtime_dependencies(/home/aaron/ur_ws/install/moveit_ros_visualization/share/colcon-core/packages/moveit_ros_visualization)
[3.980s] INFO:colcon.colcon_ros.task.ament_cmake.build:Building ROS package in '/home/aaron/ur_ws/src/moveit2/moveit_setup_assistant/moveit_setup_framework' with build type 'ament_cmake'
[3.980s] INFO:colcon.colcon_cmake.task.cmake.build:Building CMake package in '/home/aaron/ur_ws/src/moveit2/moveit_setup_assistant/moveit_setup_framework'
[3.981s] INFO:colcon.colcon_core.shell:Skip shell extension 'powershell' for command environment: Not usable outside of PowerShell
[3.981s] DEBUG:colcon.colcon_core.shell:Skip shell extension 'dsv' for command environment
[3.991s] INFO:colcon.colcon_ros.task.ament_cmake.build:Building ROS package in '/home/aaron/ur_ws/src/moveit2/moveit_ros/moveit_ros' with build type 'ament_cmake'
[3.991s] INFO:colcon.colcon_cmake.task.cmake.build:Building CMake package in '/home/aaron/ur_ws/src/moveit2/moveit_ros/moveit_ros'
[3.992s] INFO:colcon.colcon_core.shell:Skip shell extension 'powershell' for command environment: Not usable outside of PowerShell
[3.992s] DEBUG:colcon.colcon_core.shell:Skip shell extension 'dsv' for command environment
[4.061s] DEBUG:colcon.colcon_core.event_handler.log_command:Invoking command in '/home/aaron/ur_ws/build/moveit_setup_framework': AMENT_PREFIX_PATH=/home/aaron/ur_ws/install/moveit_ros_visualization:/home/aaron/ur_ws/install/moveit_ros_planning_interface:/home/aaron/ur_ws/install/moveit_ros_move_group:/home/aaron/ur_ws/install/moveit_ros_warehouse:/home/aaron/ur_ws/install/moveit_ros_robot_interaction:/home/aaron/ur_ws/install/moveit_planners_ompl:/home/aaron/ur_ws/install/moveit_kinematics:/home/aaron/ur_ws/install/moveit_ros_planning:/home/aaron/ur_ws/install/moveit_simple_controller_manager:/home/aaron/ur_ws/install/moveit_ros_occupancy_map_monitor:/home/aaron/ur_ws/install/moveit_core:/home/aaron/ur_ws/install/moveit_resources_panda_moveit_config:/home/aaron/ur_ws/install/moveit_resources_fanuc_moveit_config:/home/aaron/ur_ws/install/moveit_configs_utils:/home/aaron/ur_ws/install/srdfdom:/home/aaron/ur_ws/install/moveit_resources_pr2_description:/home/aaron/ur_ws/install/moveit_resources_panda_description:/home/aaron/ur_ws/install/moveit_resources_fanuc_description:/home/aaron/ur_ws/install/moveit_common:/home/aaron/ur_ws/install/launch_param_builder:${AMENT_PREFIX_PATH} CMAKE_PREFIX_PATH=/home/aaron/ur_ws/install/moveit_ros_visualization:/home/aaron/ur_ws/install/moveit_ros_planning_interface:/home/aaron/ur_ws/install/moveit_ros_move_group:/home/aaron/ur_ws/install/moveit_ros_warehouse:/home/aaron/ur_ws/install/moveit_ros_robot_interaction:/home/aaron/ur_ws/install/moveit_planners_ompl:/home/aaron/ur_ws/install/moveit_kinematics:/home/aaron/ur_ws/install/moveit_ros_planning:/home/aaron/ur_ws/install/moveit_simple_controller_manager:/home/aaron/ur_ws/install/moveit_ros_occupancy_map_monitor:/home/aaron/ur_ws/install/moveit_core:/home/aaron/ur_ws/install/moveit_resources_panda_moveit_config:/home/aaron/ur_ws/install/moveit_resources_fanuc_moveit_config:/home/aaron/ur_ws/install/srdfdom:/home/aaron/ur_ws/install/moveit_resources_pr2_description:/home/aaron/ur_ws/install/moveit_resources_panda_description:/home/aaron/ur_ws/install/moveit_resources_fanuc_description:/home/aaron/ur_ws/install/moveit_common:/opt/ros/humble LD_LIBRARY_PATH=/home/aaron/ur_ws/install/moveit_ros_visualization/lib:/home/aaron/ur_ws/install/moveit_ros_planning_interface/lib:/home/aaron/ur_ws/install/moveit_ros_move_group/lib:/home/aaron/ur_ws/install/moveit_ros_warehouse/lib:/home/aaron/ur_ws/install/moveit_ros_robot_interaction/lib:/home/aaron/ur_ws/install/moveit_planners_ompl/lib:/home/aaron/ur_ws/install/moveit_kinematics/lib:/home/aaron/ur_ws/install/moveit_ros_planning/lib:/home/aaron/ur_ws/install/moveit_simple_controller_manager/lib:/home/aaron/ur_ws/install/moveit_ros_occupancy_map_monitor/lib:/home/aaron/ur_ws/install/moveit_core/lib:/home/aaron/ur_ws/install/srdfdom/lib:${LD_LIBRARY_PATH} PATH=/home/aaron/ur_ws/install/moveit_core/bin:${PATH} PYTHONPATH=/home/aaron/ur_ws/install/moveit_configs_utils/lib/python3.10/site-packages:/home/aaron/ur_ws/install/srdfdom/local/lib/python3.10/dist-packages:/home/aaron/ur_ws/install/launch_param_builder/lib/python3.10/site-packages:${PYTHONPATH} /usr/bin/cmake --build /home/aaron/ur_ws/build/moveit_setup_framework -- -j20 -l20
[4.074s] DEBUG:colcon.colcon_core.event_handler.log_command:Invoking command in '/home/aaron/ur_ws/build/moveit_ros': AMENT_PREFIX_PATH=/home/aaron/ur_ws/install/moveit_ros_visualization:/home/aaron/ur_ws/install/moveit_ros_planning_interface:/home/aaron/ur_ws/install/moveit_ros_move_group:/home/aaron/ur_ws/install/moveit_ros_benchmarks:/home/aaron/ur_ws/install/moveit_ros_warehouse:/home/aaron/ur_ws/install/moveit_ros_robot_interaction:/home/aaron/ur_ws/install/moveit_planners_ompl:/home/aaron/ur_ws/install/moveit_kinematics:/home/aaron/ur_ws/install/moveit_ros_planning:/home/aaron/ur_ws/install/moveit_simple_controller_manager:/home/aaron/ur_ws/install/moveit_ros_occupancy_map_monitor:/home/aaron/ur_ws/install/moveit_core:/home/aaron/ur_ws/install/moveit_resources_panda_moveit_config:/home/aaron/ur_ws/install/moveit_resources_fanuc_moveit_config:/home/aaron/ur_ws/install/moveit_configs_utils:/home/aaron/ur_ws/install/srdfdom:/home/aaron/ur_ws/install/moveit_resources_pr2_description:/home/aaron/ur_ws/install/moveit_resources_panda_description:/home/aaron/ur_ws/install/moveit_resources_fanuc_description:/home/aaron/ur_ws/install/moveit_common:/home/aaron/ur_ws/install/launch_param_builder:${AMENT_PREFIX_PATH} CMAKE_PREFIX_PATH=/home/aaron/ur_ws/install/moveit_ros_visualization:/home/aaron/ur_ws/install/moveit_ros_planning_interface:/home/aaron/ur_ws/install/moveit_ros_move_group:/home/aaron/ur_ws/install/moveit_ros_benchmarks:/home/aaron/ur_ws/install/moveit_ros_warehouse:/home/aaron/ur_ws/install/moveit_ros_robot_interaction:/home/aaron/ur_ws/install/moveit_planners_ompl:/home/aaron/ur_ws/install/moveit_kinematics:/home/aaron/ur_ws/install/moveit_ros_planning:/home/aaron/ur_ws/install/moveit_simple_controller_manager:/home/aaron/ur_ws/install/moveit_ros_occupancy_map_monitor:/home/aaron/ur_ws/install/moveit_core:/home/aaron/ur_ws/install/moveit_resources_panda_moveit_config:/home/aaron/ur_ws/install/moveit_resources_fanuc_moveit_config:/home/aaron/ur_ws/install/srdfdom:/home/aaron/ur_ws/install/moveit_resources_pr2_description:/home/aaron/ur_ws/install/moveit_resources_panda_description:/home/aaron/ur_ws/install/moveit_resources_fanuc_description:/home/aaron/ur_ws/install/moveit_common:/opt/ros/humble LD_LIBRARY_PATH=/home/aaron/ur_ws/install/moveit_ros_visualization/lib:/home/aaron/ur_ws/install/moveit_ros_planning_interface/lib:/home/aaron/ur_ws/install/moveit_ros_move_group/lib:/home/aaron/ur_ws/install/moveit_ros_benchmarks/lib:/home/aaron/ur_ws/install/moveit_ros_warehouse/lib:/home/aaron/ur_ws/install/moveit_ros_robot_interaction/lib:/home/aaron/ur_ws/install/moveit_planners_ompl/lib:/home/aaron/ur_ws/install/moveit_kinematics/lib:/home/aaron/ur_ws/install/moveit_ros_planning/lib:/home/aaron/ur_ws/install/moveit_simple_controller_manager/lib:/home/aaron/ur_ws/install/moveit_ros_occupancy_map_monitor/lib:/home/aaron/ur_ws/install/moveit_core/lib:/home/aaron/ur_ws/install/srdfdom/lib:${LD_LIBRARY_PATH} PATH=/home/aaron/ur_ws/install/moveit_core/bin:${PATH} PYTHONPATH=/home/aaron/ur_ws/install/moveit_configs_utils/lib/python3.10/site-packages:/home/aaron/ur_ws/install/srdfdom/local/lib/python3.10/dist-packages:/home/aaron/ur_ws/install/launch_param_builder/lib/python3.10/site-packages:${PYTHONPATH} /usr/bin/cmake --build /home/aaron/ur_ws/build/moveit_ros -- -j20 -l20
[4.141s] DEBUG:colcon.colcon_core.event_handler.log_command:Invoked command in '/home/aaron/ur_ws/build/moveit_ros' returned '0': AMENT_PREFIX_PATH=/home/aaron/ur_ws/install/moveit_ros_visualization:/home/aaron/ur_ws/install/moveit_ros_planning_interface:/home/aaron/ur_ws/install/moveit_ros_move_group:/home/aaron/ur_ws/install/moveit_ros_benchmarks:/home/aaron/ur_ws/install/moveit_ros_warehouse:/home/aaron/ur_ws/install/moveit_ros_robot_interaction:/home/aaron/ur_ws/install/moveit_planners_ompl:/home/aaron/ur_ws/install/moveit_kinematics:/home/aaron/ur_ws/install/moveit_ros_planning:/home/aaron/ur_ws/install/moveit_simple_controller_manager:/home/aaron/ur_ws/install/moveit_ros_occupancy_map_monitor:/home/aaron/ur_ws/install/moveit_core:/home/aaron/ur_ws/install/moveit_resources_panda_moveit_config:/home/aaron/ur_ws/install/moveit_resources_fanuc_moveit_config:/home/aaron/ur_ws/install/moveit_configs_utils:/home/aaron/ur_ws/install/srdfdom:/home/aaron/ur_ws/install/moveit_resources_pr2_description:/home/aaron/ur_ws/install/moveit_resources_panda_description:/home/aaron/ur_ws/install/moveit_resources_fanuc_description:/home/aaron/ur_ws/install/moveit_common:/home/aaron/ur_ws/install/launch_param_builder:${AMENT_PREFIX_PATH} CMAKE_PREFIX_PATH=/home/aaron/ur_ws/install/moveit_ros_visualization:/home/aaron/ur_ws/install/moveit_ros_planning_interface:/home/aaron/ur_ws/install/moveit_ros_move_group:/home/aaron/ur_ws/install/moveit_ros_benchmarks:/home/aaron/ur_ws/install/moveit_ros_warehouse:/home/aaron/ur_ws/install/moveit_ros_robot_interaction:/home/aaron/ur_ws/install/moveit_planners_ompl:/home/aaron/ur_ws/install/moveit_kinematics:/home/aaron/ur_ws/install/moveit_ros_planning:/home/aaron/ur_ws/install/moveit_simple_controller_manager:/home/aaron/ur_ws/install/moveit_ros_occupancy_map_monitor:/home/aaron/ur_ws/install/moveit_core:/home/aaron/ur_ws/install/moveit_resources_panda_moveit_config:/home/aaron/ur_ws/install/moveit_resources_fanuc_moveit_config:/home/aaron/ur_ws/install/srdfdom:/home/aaron/ur_ws/install/moveit_resources_pr2_description:/home/aaron/ur_ws/install/moveit_resources_panda_description:/home/aaron/ur_ws/install/moveit_resources_fanuc_description:/home/aaron/ur_ws/install/moveit_common:/opt/ros/humble LD_LIBRARY_PATH=/home/aaron/ur_ws/install/moveit_ros_visualization/lib:/home/aaron/ur_ws/install/moveit_ros_planning_interface/lib:/home/aaron/ur_ws/install/moveit_ros_move_group/lib:/home/aaron/ur_ws/install/moveit_ros_benchmarks/lib:/home/aaron/ur_ws/install/moveit_ros_warehouse/lib:/home/aaron/ur_ws/install/moveit_ros_robot_interaction/lib:/home/aaron/ur_ws/install/moveit_planners_ompl/lib:/home/aaron/ur_ws/install/moveit_kinematics/lib:/home/aaron/ur_ws/install/moveit_ros_planning/lib:/home/aaron/ur_ws/install/moveit_simple_controller_manager/lib:/home/aaron/ur_ws/install/moveit_ros_occupancy_map_monitor/lib:/home/aaron/ur_ws/install/moveit_core/lib:/home/aaron/ur_ws/install/srdfdom/lib:${LD_LIBRARY_PATH} PATH=/home/aaron/ur_ws/install/moveit_core/bin:${PATH} PYTHONPATH=/home/aaron/ur_ws/install/moveit_configs_utils/lib/python3.10/site-packages:/home/aaron/ur_ws/install/srdfdom/local/lib/python3.10/dist-packages:/home/aaron/ur_ws/install/launch_param_builder/lib/python3.10/site-packages:${PYTHONPATH} /usr/bin/cmake --build /home/aaron/ur_ws/build/moveit_ros -- -j20 -l20
[4.144s] DEBUG:colcon.colcon_core.event_handler.log_command:Invoking command in '/home/aaron/ur_ws/build/moveit_ros': AMENT_PREFIX_PATH=/home/aaron/ur_ws/install/moveit_ros_visualization:/home/aaron/ur_ws/install/moveit_ros_planning_interface:/home/aaron/ur_ws/install/moveit_ros_move_group:/home/aaron/ur_ws/install/moveit_ros_benchmarks:/home/aaron/ur_ws/install/moveit_ros_warehouse:/home/aaron/ur_ws/install/moveit_ros_robot_interaction:/home/aaron/ur_ws/install/moveit_planners_ompl:/home/aaron/ur_ws/install/moveit_kinematics:/home/aaron/ur_ws/install/moveit_ros_planning:/home/aaron/ur_ws/install/moveit_simple_controller_manager:/home/aaron/ur_ws/install/moveit_ros_occupancy_map_monitor:/home/aaron/ur_ws/install/moveit_core:/home/aaron/ur_ws/install/moveit_resources_panda_moveit_config:/home/aaron/ur_ws/install/moveit_resources_fanuc_moveit_config:/home/aaron/ur_ws/install/moveit_configs_utils:/home/aaron/ur_ws/install/srdfdom:/home/aaron/ur_ws/install/moveit_resources_pr2_description:/home/aaron/ur_ws/install/moveit_resources_panda_description:/home/aaron/ur_ws/install/moveit_resources_fanuc_description:/home/aaron/ur_ws/install/moveit_common:/home/aaron/ur_ws/install/launch_param_builder:${AMENT_PREFIX_PATH} CMAKE_PREFIX_PATH=/home/aaron/ur_ws/install/moveit_ros_visualization:/home/aaron/ur_ws/install/moveit_ros_planning_interface:/home/aaron/ur_ws/install/moveit_ros_move_group:/home/aaron/ur_ws/install/moveit_ros_benchmarks:/home/aaron/ur_ws/install/moveit_ros_warehouse:/home/aaron/ur_ws/install/moveit_ros_robot_interaction:/home/aaron/ur_ws/install/moveit_planners_ompl:/home/aaron/ur_ws/install/moveit_kinematics:/home/aaron/ur_ws/install/moveit_ros_planning:/home/aaron/ur_ws/install/moveit_simple_controller_manager:/home/aaron/ur_ws/install/moveit_ros_occupancy_map_monitor:/home/aaron/ur_ws/install/moveit_core:/home/aaron/ur_ws/install/moveit_resources_panda_moveit_config:/home/aaron/ur_ws/install/moveit_resources_fanuc_moveit_config:/home/aaron/ur_ws/install/srdfdom:/home/aaron/ur_ws/install/moveit_resources_pr2_description:/home/aaron/ur_ws/install/moveit_resources_panda_description:/home/aaron/ur_ws/install/moveit_resources_fanuc_description:/home/aaron/ur_ws/install/moveit_common:/opt/ros/humble LD_LIBRARY_PATH=/home/aaron/ur_ws/install/moveit_ros_visualization/lib:/home/aaron/ur_ws/install/moveit_ros_planning_interface/lib:/home/aaron/ur_ws/install/moveit_ros_move_group/lib:/home/aaron/ur_ws/install/moveit_ros_benchmarks/lib:/home/aaron/ur_ws/install/moveit_ros_warehouse/lib:/home/aaron/ur_ws/install/moveit_ros_robot_interaction/lib:/home/aaron/ur_ws/install/moveit_planners_ompl/lib:/home/aaron/ur_ws/install/moveit_kinematics/lib:/home/aaron/ur_ws/install/moveit_ros_planning/lib:/home/aaron/ur_ws/install/moveit_simple_controller_manager/lib:/home/aaron/ur_ws/install/moveit_ros_occupancy_map_monitor/lib:/home/aaron/ur_ws/install/moveit_core/lib:/home/aaron/ur_ws/install/srdfdom/lib:${LD_LIBRARY_PATH} PATH=/home/aaron/ur_ws/install/moveit_core/bin:${PATH} PYTHONPATH=/home/aaron/ur_ws/install/moveit_configs_utils/lib/python3.10/site-packages:/home/aaron/ur_ws/install/srdfdom/local/lib/python3.10/dist-packages:/home/aaron/ur_ws/install/launch_param_builder/lib/python3.10/site-packages:${PYTHONPATH} /usr/bin/cmake --install /home/aaron/ur_ws/build/moveit_ros
[4.156s] Level 1:colcon.colcon_core.environment:create_environment_scripts_only(moveit_ros)
[4.158s] Level 1:colcon.colcon_core.environment:checking '/home/aaron/ur_ws/install/moveit_ros' for CMake module files
[4.158s] DEBUG:colcon.colcon_core.event_handler.log_command:Invoked command in '/home/aaron/ur_ws/build/moveit_ros' returned '0': AMENT_PREFIX_PATH=/home/aaron/ur_ws/install/moveit_ros_visualization:/home/aaron/ur_ws/install/moveit_ros_planning_interface:/home/aaron/ur_ws/install/moveit_ros_move_group:/home/aaron/ur_ws/install/moveit_ros_benchmarks:/home/aaron/ur_ws/install/moveit_ros_warehouse:/home/aaron/ur_ws/install/moveit_ros_robot_interaction:/home/aaron/ur_ws/install/moveit_planners_ompl:/home/aaron/ur_ws/install/moveit_kinematics:/home/aaron/ur_ws/install/moveit_ros_planning:/home/aaron/ur_ws/install/moveit_simple_controller_manager:/home/aaron/ur_ws/install/moveit_ros_occupancy_map_monitor:/home/aaron/ur_ws/install/moveit_core:/home/aaron/ur_ws/install/moveit_resources_panda_moveit_config:/home/aaron/ur_ws/install/moveit_resources_fanuc_moveit_config:/home/aaron/ur_ws/install/moveit_configs_utils:/home/aaron/ur_ws/install/srdfdom:/home/aaron/ur_ws/install/moveit_resources_pr2_description:/home/aaron/ur_ws/install/moveit_resources_panda_description:/home/aaron/ur_ws/install/moveit_resources_fanuc_description:/home/aaron/ur_ws/install/moveit_common:/home/aaron/ur_ws/install/launch_param_builder:${AMENT_PREFIX_PATH} CMAKE_PREFIX_PATH=/home/aaron/ur_ws/install/moveit_ros_visualization:/home/aaron/ur_ws/install/moveit_ros_planning_interface:/home/aaron/ur_ws/install/moveit_ros_move_group:/home/aaron/ur_ws/install/moveit_ros_benchmarks:/home/aaron/ur_ws/install/moveit_ros_warehouse:/home/aaron/ur_ws/install/moveit_ros_robot_interaction:/home/aaron/ur_ws/install/moveit_planners_ompl:/home/aaron/ur_ws/install/moveit_kinematics:/home/aaron/ur_ws/install/moveit_ros_planning:/home/aaron/ur_ws/install/moveit_simple_controller_manager:/home/aaron/ur_ws/install/moveit_ros_occupancy_map_monitor:/home/aaron/ur_ws/install/moveit_core:/home/aaron/ur_ws/install/moveit_resources_panda_moveit_config:/home/aaron/ur_ws/install/moveit_resources_fanuc_moveit_config:/home/aaron/ur_ws/install/srdfdom:/home/aaron/ur_ws/install/moveit_resources_pr2_description:/home/aaron/ur_ws/install/moveit_resources_panda_description:/home/aaron/ur_ws/install/moveit_resources_fanuc_description:/home/aaron/ur_ws/install/moveit_common:/opt/ros/humble LD_LIBRARY_PATH=/home/aaron/ur_ws/install/moveit_ros_visualization/lib:/home/aaron/ur_ws/install/moveit_ros_planning_interface/lib:/home/aaron/ur_ws/install/moveit_ros_move_group/lib:/home/aaron/ur_ws/install/moveit_ros_benchmarks/lib:/home/aaron/ur_ws/install/moveit_ros_warehouse/lib:/home/aaron/ur_ws/install/moveit_ros_robot_interaction/lib:/home/aaron/ur_ws/install/moveit_planners_ompl/lib:/home/aaron/ur_ws/install/moveit_kinematics/lib:/home/aaron/ur_ws/install/moveit_ros_planning/lib:/home/aaron/ur_ws/install/moveit_simple_controller_manager/lib:/home/aaron/ur_ws/install/moveit_ros_occupancy_map_monitor/lib:/home/aaron/ur_ws/install/moveit_core/lib:/home/aaron/ur_ws/install/srdfdom/lib:${LD_LIBRARY_PATH} PATH=/home/aaron/ur_ws/install/moveit_core/bin:${PATH} PYTHONPATH=/home/aaron/ur_ws/install/moveit_configs_utils/lib/python3.10/site-packages:/home/aaron/ur_ws/install/srdfdom/local/lib/python3.10/dist-packages:/home/aaron/ur_ws/install/launch_param_builder/lib/python3.10/site-packages:${PYTHONPATH} /usr/bin/cmake --install /home/aaron/ur_ws/build/moveit_ros
[4.159s] Level 1:colcon.colcon_core.environment:checking '/home/aaron/ur_ws/install/moveit_ros' for CMake config files
[4.160s] Level 1:colcon.colcon_core.shell:create_environment_hook('moveit_ros', 'cmake_prefix_path')
[4.160s] INFO:colcon.colcon_core.shell:Creating environment hook '/home/aaron/ur_ws/install/moveit_ros/share/moveit_ros/hook/cmake_prefix_path.ps1'
[4.161s] INFO:colcon.colcon_core.shell:Creating environment descriptor '/home/aaron/ur_ws/install/moveit_ros/share/moveit_ros/hook/cmake_prefix_path.dsv'
[4.163s] INFO:colcon.colcon_core.shell:Creating environment hook '/home/aaron/ur_ws/install/moveit_ros/share/moveit_ros/hook/cmake_prefix_path.sh'
[4.165s] Level 1:colcon.colcon_core.environment:checking '/home/aaron/ur_ws/install/moveit_ros/bin'
[4.165s] Level 1:colcon.colcon_core.environment:checking '/home/aaron/ur_ws/install/moveit_ros/lib/pkgconfig/moveit_ros.pc'
[4.166s] Level 1:colcon.colcon_core.environment:checking '/home/aaron/ur_ws/install/moveit_ros/lib/python3.10/site-packages'
[4.166s] Level 1:colcon.colcon_core.environment:checking '/home/aaron/ur_ws/install/moveit_ros/bin'
[4.167s] INFO:colcon.colcon_core.shell:Creating package script '/home/aaron/ur_ws/install/moveit_ros/share/moveit_ros/package.ps1'
[4.169s] INFO:colcon.colcon_core.shell:Creating package descriptor '/home/aaron/ur_ws/install/moveit_ros/share/moveit_ros/package.dsv'
[4.170s] INFO:colcon.colcon_core.shell:Creating package script '/home/aaron/ur_ws/install/moveit_ros/share/moveit_ros/package.sh'
[4.171s] INFO:colcon.colcon_core.shell:Creating package script '/home/aaron/ur_ws/install/moveit_ros/share/moveit_ros/package.bash'
[4.172s] INFO:colcon.colcon_core.shell:Creating package script '/home/aaron/ur_ws/install/moveit_ros/share/moveit_ros/package.zsh'
[4.173s] Level 1:colcon.colcon_core.environment:create_file_with_runtime_dependencies(/home/aaron/ur_ws/install/moveit_ros/share/colcon-core/packages/moveit_ros)
[4.174s] Level 1:colcon.colcon_core.environment:create_environment_scripts_only(moveit_ros)
[4.175s] Level 1:colcon.colcon_core.environment:checking '/home/aaron/ur_ws/install/moveit_ros' for CMake module files
[4.176s] Level 1:colcon.colcon_core.environment:checking '/home/aaron/ur_ws/install/moveit_ros' for CMake config files
[4.176s] Level 1:colcon.colcon_core.shell:create_environment_hook('moveit_ros', 'cmake_prefix_path')
[4.177s] INFO:colcon.colcon_core.shell:Creating environment hook '/home/aaron/ur_ws/install/moveit_ros/share/moveit_ros/hook/cmake_prefix_path.ps1'
[4.178s] INFO:colcon.colcon_core.shell:Creating environment descriptor '/home/aaron/ur_ws/install/moveit_ros/share/moveit_ros/hook/cmake_prefix_path.dsv'
[4.179s] INFO:colcon.colcon_core.shell:Creating environment hook '/home/aaron/ur_ws/install/moveit_ros/share/moveit_ros/hook/cmake_prefix_path.sh'
[4.180s] Level 1:colcon.colcon_core.environment:checking '/home/aaron/ur_ws/install/moveit_ros/bin'
[4.180s] Level 1:colcon.colcon_core.environment:checking '/home/aaron/ur_ws/install/moveit_ros/lib/pkgconfig/moveit_ros.pc'
[4.181s] Level 1:colcon.colcon_core.environment:checking '/home/aaron/ur_ws/install/moveit_ros/lib/python3.10/site-packages'
[4.182s] Level 1:colcon.colcon_core.environment:checking '/home/aaron/ur_ws/install/moveit_ros/bin'
[4.182s] INFO:colcon.colcon_core.shell:Creating package script '/home/aaron/ur_ws/install/moveit_ros/share/moveit_ros/package.ps1'
[4.184s] INFO:colcon.colcon_core.shell:Creating package descriptor '/home/aaron/ur_ws/install/moveit_ros/share/moveit_ros/package.dsv'
[4.185s] INFO:colcon.colcon_core.shell:Creating package script '/home/aaron/ur_ws/install/moveit_ros/share/moveit_ros/package.sh'
[4.186s] INFO:colcon.colcon_core.shell:Creating package script '/home/aaron/ur_ws/install/moveit_ros/share/moveit_ros/package.bash'
[4.187s] INFO:colcon.colcon_core.shell:Creating package script '/home/aaron/ur_ws/install/moveit_ros/share/moveit_ros/package.zsh'
[4.188s] Level 1:colcon.colcon_core.environment:create_file_with_runtime_dependencies(/home/aaron/ur_ws/install/moveit_ros/share/colcon-core/packages/moveit_ros)
[4.347s] DEBUG:colcon.colcon_core.event_handler.log_command:Invoked command in '/home/aaron/ur_ws/build/moveit_setup_framework' returned '0': AMENT_PREFIX_PATH=/home/aaron/ur_ws/install/moveit_ros_visualization:/home/aaron/ur_ws/install/moveit_ros_planning_interface:/home/aaron/ur_ws/install/moveit_ros_move_group:/home/aaron/ur_ws/install/moveit_ros_warehouse:/home/aaron/ur_ws/install/moveit_ros_robot_interaction:/home/aaron/ur_ws/install/moveit_planners_ompl:/home/aaron/ur_ws/install/moveit_kinematics:/home/aaron/ur_ws/install/moveit_ros_planning:/home/aaron/ur_ws/install/moveit_simple_controller_manager:/home/aaron/ur_ws/install/moveit_ros_occupancy_map_monitor:/home/aaron/ur_ws/install/moveit_core:/home/aaron/ur_ws/install/moveit_resources_panda_moveit_config:/home/aaron/ur_ws/install/moveit_resources_fanuc_moveit_config:/home/aaron/ur_ws/install/moveit_configs_utils:/home/aaron/ur_ws/install/srdfdom:/home/aaron/ur_ws/install/moveit_resources_pr2_description:/home/aaron/ur_ws/install/moveit_resources_panda_description:/home/aaron/ur_ws/install/moveit_resources_fanuc_description:/home/aaron/ur_ws/install/moveit_common:/home/aaron/ur_ws/install/launch_param_builder:${AMENT_PREFIX_PATH} CMAKE_PREFIX_PATH=/home/aaron/ur_ws/install/moveit_ros_visualization:/home/aaron/ur_ws/install/moveit_ros_planning_interface:/home/aaron/ur_ws/install/moveit_ros_move_group:/home/aaron/ur_ws/install/moveit_ros_warehouse:/home/aaron/ur_ws/install/moveit_ros_robot_interaction:/home/aaron/ur_ws/install/moveit_planners_ompl:/home/aaron/ur_ws/install/moveit_kinematics:/home/aaron/ur_ws/install/moveit_ros_planning:/home/aaron/ur_ws/install/moveit_simple_controller_manager:/home/aaron/ur_ws/install/moveit_ros_occupancy_map_monitor:/home/aaron/ur_ws/install/moveit_core:/home/aaron/ur_ws/install/moveit_resources_panda_moveit_config:/home/aaron/ur_ws/install/moveit_resources_fanuc_moveit_config:/home/aaron/ur_ws/install/srdfdom:/home/aaron/ur_ws/install/moveit_resources_pr2_description:/home/aaron/ur_ws/install/moveit_resources_panda_description:/home/aaron/ur_ws/install/moveit_resources_fanuc_description:/home/aaron/ur_ws/install/moveit_common:/opt/ros/humble LD_LIBRARY_PATH=/home/aaron/ur_ws/install/moveit_ros_visualization/lib:/home/aaron/ur_ws/install/moveit_ros_planning_interface/lib:/home/aaron/ur_ws/install/moveit_ros_move_group/lib:/home/aaron/ur_ws/install/moveit_ros_warehouse/lib:/home/aaron/ur_ws/install/moveit_ros_robot_interaction/lib:/home/aaron/ur_ws/install/moveit_planners_ompl/lib:/home/aaron/ur_ws/install/moveit_kinematics/lib:/home/aaron/ur_ws/install/moveit_ros_planning/lib:/home/aaron/ur_ws/install/moveit_simple_controller_manager/lib:/home/aaron/ur_ws/install/moveit_ros_occupancy_map_monitor/lib:/home/aaron/ur_ws/install/moveit_core/lib:/home/aaron/ur_ws/install/srdfdom/lib:${LD_LIBRARY_PATH} PATH=/home/aaron/ur_ws/install/moveit_core/bin:${PATH} PYTHONPATH=/home/aaron/ur_ws/install/moveit_configs_utils/lib/python3.10/site-packages:/home/aaron/ur_ws/install/srdfdom/local/lib/python3.10/dist-packages:/home/aaron/ur_ws/install/launch_param_builder/lib/python3.10/site-packages:${PYTHONPATH} /usr/bin/cmake --build /home/aaron/ur_ws/build/moveit_setup_framework -- -j20 -l20
[4.352s] DEBUG:colcon.colcon_core.event_handler.log_command:Invoking command in '/home/aaron/ur_ws/build/moveit_setup_framework': AMENT_PREFIX_PATH=/home/aaron/ur_ws/install/moveit_ros_visualization:/home/aaron/ur_ws/install/moveit_ros_planning_interface:/home/aaron/ur_ws/install/moveit_ros_move_group:/home/aaron/ur_ws/install/moveit_ros_warehouse:/home/aaron/ur_ws/install/moveit_ros_robot_interaction:/home/aaron/ur_ws/install/moveit_planners_ompl:/home/aaron/ur_ws/install/moveit_kinematics:/home/aaron/ur_ws/install/moveit_ros_planning:/home/aaron/ur_ws/install/moveit_simple_controller_manager:/home/aaron/ur_ws/install/moveit_ros_occupancy_map_monitor:/home/aaron/ur_ws/install/moveit_core:/home/aaron/ur_ws/install/moveit_resources_panda_moveit_config:/home/aaron/ur_ws/install/moveit_resources_fanuc_moveit_config:/home/aaron/ur_ws/install/moveit_configs_utils:/home/aaron/ur_ws/install/srdfdom:/home/aaron/ur_ws/install/moveit_resources_pr2_description:/home/aaron/ur_ws/install/moveit_resources_panda_description:/home/aaron/ur_ws/install/moveit_resources_fanuc_description:/home/aaron/ur_ws/install/moveit_common:/home/aaron/ur_ws/install/launch_param_builder:${AMENT_PREFIX_PATH} CMAKE_PREFIX_PATH=/home/aaron/ur_ws/install/moveit_ros_visualization:/home/aaron/ur_ws/install/moveit_ros_planning_interface:/home/aaron/ur_ws/install/moveit_ros_move_group:/home/aaron/ur_ws/install/moveit_ros_warehouse:/home/aaron/ur_ws/install/moveit_ros_robot_interaction:/home/aaron/ur_ws/install/moveit_planners_ompl:/home/aaron/ur_ws/install/moveit_kinematics:/home/aaron/ur_ws/install/moveit_ros_planning:/home/aaron/ur_ws/install/moveit_simple_controller_manager:/home/aaron/ur_ws/install/moveit_ros_occupancy_map_monitor:/home/aaron/ur_ws/install/moveit_core:/home/aaron/ur_ws/install/moveit_resources_panda_moveit_config:/home/aaron/ur_ws/install/moveit_resources_fanuc_moveit_config:/home/aaron/ur_ws/install/srdfdom:/home/aaron/ur_ws/install/moveit_resources_pr2_description:/home/aaron/ur_ws/install/moveit_resources_panda_description:/home/aaron/ur_ws/install/moveit_resources_fanuc_description:/home/aaron/ur_ws/install/moveit_common:/opt/ros/humble LD_LIBRARY_PATH=/home/aaron/ur_ws/install/moveit_ros_visualization/lib:/home/aaron/ur_ws/install/moveit_ros_planning_interface/lib:/home/aaron/ur_ws/install/moveit_ros_move_group/lib:/home/aaron/ur_ws/install/moveit_ros_warehouse/lib:/home/aaron/ur_ws/install/moveit_ros_robot_interaction/lib:/home/aaron/ur_ws/install/moveit_planners_ompl/lib:/home/aaron/ur_ws/install/moveit_kinematics/lib:/home/aaron/ur_ws/install/moveit_ros_planning/lib:/home/aaron/ur_ws/install/moveit_simple_controller_manager/lib:/home/aaron/ur_ws/install/moveit_ros_occupancy_map_monitor/lib:/home/aaron/ur_ws/install/moveit_core/lib:/home/aaron/ur_ws/install/srdfdom/lib:${LD_LIBRARY_PATH} PATH=/home/aaron/ur_ws/install/moveit_core/bin:${PATH} PYTHONPATH=/home/aaron/ur_ws/install/moveit_configs_utils/lib/python3.10/site-packages:/home/aaron/ur_ws/install/srdfdom/local/lib/python3.10/dist-packages:/home/aaron/ur_ws/install/launch_param_builder/lib/python3.10/site-packages:${PYTHONPATH} /usr/bin/cmake --install /home/aaron/ur_ws/build/moveit_setup_framework
[4.353s] DEBUG:colcon.colcon_core.event_handler.log_command:Invoked command in '/home/aaron/ur_ws/build/moveit_task_constructor_core' returned '0': AMENT_PREFIX_PATH=/home/aaron/ur_ws/install/moveit_planners:/home/aaron/ur_ws/install/pilz_industrial_motion_planner:/home/aaron/ur_ws/install/moveit_resources_prbt_pg70_support:/home/aaron/ur_ws/install/moveit_ros_planning_interface:/home/aaron/ur_ws/install/moveit_resources_prbt_moveit_config:/home/aaron/ur_ws/install/moveit_ros_move_group:/home/aaron/ur_ws/install/moveit_ros_warehouse:/home/aaron/ur_ws/install/moveit_planners_ompl:/home/aaron/ur_ws/install/moveit_kinematics:/home/aaron/ur_ws/install/moveit_ros_planning:/home/aaron/ur_ws/install/moveit_planners_chomp:/home/aaron/ur_ws/install/pilz_industrial_motion_planner_testutils:/home/aaron/ur_ws/install/moveit_simple_controller_manager:/home/aaron/ur_ws/install/moveit_ros_occupancy_map_monitor:/home/aaron/ur_ws/install/moveit_resources_prbt_ikfast_manipulator_plugin:/home/aaron/ur_ws/install/chomp_motion_planner:/home/aaron/ur_ws/install/moveit_core:/home/aaron/ur_ws/install/rviz_marker_tools:/home/aaron/ur_ws/install/moveit_resources_panda_moveit_config:/home/aaron/ur_ws/install/moveit_resources_fanuc_moveit_config:/home/aaron/ur_ws/install/moveit_configs_utils:/home/aaron/ur_ws/install/srdfdom:/home/aaron/ur_ws/install/moveit_task_constructor_msgs:/home/aaron/ur_ws/install/moveit_resources_prbt_support:/home/aaron/ur_ws/install/moveit_resources_pr2_description:/home/aaron/ur_ws/install/moveit_resources_panda_description:/home/aaron/ur_ws/install/moveit_resources_fanuc_description:/home/aaron/ur_ws/install/moveit_common:/home/aaron/ur_ws/install/launch_param_builder:${AMENT_PREFIX_PATH} CMAKE_PREFIX_PATH=/home/aaron/ur_ws/install/moveit_planners:/home/aaron/ur_ws/install/pilz_industrial_motion_planner:/home/aaron/ur_ws/install/moveit_resources_prbt_pg70_support:/home/aaron/ur_ws/install/moveit_ros_planning_interface:/home/aaron/ur_ws/install/moveit_resources_prbt_moveit_config:/home/aaron/ur_ws/install/moveit_ros_move_group:/home/aaron/ur_ws/install/moveit_ros_warehouse:/home/aaron/ur_ws/install/moveit_planners_ompl:/home/aaron/ur_ws/install/moveit_kinematics:/home/aaron/ur_ws/install/moveit_ros_planning:/home/aaron/ur_ws/install/moveit_planners_chomp:/home/aaron/ur_ws/install/pilz_industrial_motion_planner_testutils:/home/aaron/ur_ws/install/moveit_simple_controller_manager:/home/aaron/ur_ws/install/moveit_ros_occupancy_map_monitor:/home/aaron/ur_ws/install/moveit_resources_prbt_ikfast_manipulator_plugin:/home/aaron/ur_ws/install/chomp_motion_planner:/home/aaron/ur_ws/install/moveit_core:/home/aaron/ur_ws/install/rviz_marker_tools:/home/aaron/ur_ws/install/moveit_resources_panda_moveit_config:/home/aaron/ur_ws/install/moveit_resources_fanuc_moveit_config:/home/aaron/ur_ws/install/srdfdom:/home/aaron/ur_ws/install/moveit_task_constructor_msgs:/home/aaron/ur_ws/install/moveit_resources_prbt_support:/home/aaron/ur_ws/install/moveit_resources_pr2_description:/home/aaron/ur_ws/install/moveit_resources_panda_description:/home/aaron/ur_ws/install/moveit_resources_fanuc_description:/home/aaron/ur_ws/install/moveit_common:/opt/ros/humble LD_LIBRARY_PATH=/home/aaron/ur_ws/install/pilz_industrial_motion_planner/lib:/home/aaron/ur_ws/install/moveit_ros_planning_interface/lib:/home/aaron/ur_ws/install/moveit_ros_move_group/lib:/home/aaron/ur_ws/install/moveit_ros_warehouse/lib:/home/aaron/ur_ws/install/moveit_planners_ompl/lib:/home/aaron/ur_ws/install/moveit_kinematics/lib:/home/aaron/ur_ws/install/moveit_ros_planning/lib:/home/aaron/ur_ws/install/moveit_planners_chomp/lib:/home/aaron/ur_ws/install/pilz_industrial_motion_planner_testutils/lib:/home/aaron/ur_ws/install/moveit_simple_controller_manager/lib:/home/aaron/ur_ws/install/moveit_ros_occupancy_map_monitor/lib:/home/aaron/ur_ws/install/moveit_resources_prbt_ikfast_manipulator_plugin/lib:/home/aaron/ur_ws/install/chomp_motion_planner/lib:/home/aaron/ur_ws/install/moveit_core/lib:/home/aaron/ur_ws/install/rviz_marker_tools/lib:/home/aaron/ur_ws/install/srdfdom/lib:/home/aaron/ur_ws/install/moveit_task_constructor_msgs/lib:${LD_LIBRARY_PATH} PATH=/home/aaron/ur_ws/install/moveit_core/bin:${PATH} PYTHONPATH=/home/aaron/ur_ws/install/moveit_configs_utils/lib/python3.10/site-packages:/home/aaron/ur_ws/install/srdfdom/local/lib/python3.10/dist-packages:/home/aaron/ur_ws/install/moveit_task_constructor_msgs/local/lib/python3.10/dist-packages:/home/aaron/ur_ws/install/launch_param_builder/lib/python3.10/site-packages:${PYTHONPATH} /usr/bin/cmake --build /home/aaron/ur_ws/build/moveit_task_constructor_core -- -j20 -l20
[4.357s] DEBUG:colcon.colcon_core.event_handler.log_command:Invoking command in '/home/aaron/ur_ws/build/moveit_task_constructor_core': AMENT_PREFIX_PATH=/home/aaron/ur_ws/install/moveit_planners:/home/aaron/ur_ws/install/pilz_industrial_motion_planner:/home/aaron/ur_ws/install/moveit_resources_prbt_pg70_support:/home/aaron/ur_ws/install/moveit_ros_planning_interface:/home/aaron/ur_ws/install/moveit_resources_prbt_moveit_config:/home/aaron/ur_ws/install/moveit_ros_move_group:/home/aaron/ur_ws/install/moveit_ros_warehouse:/home/aaron/ur_ws/install/moveit_planners_ompl:/home/aaron/ur_ws/install/moveit_kinematics:/home/aaron/ur_ws/install/moveit_ros_planning:/home/aaron/ur_ws/install/moveit_planners_chomp:/home/aaron/ur_ws/install/pilz_industrial_motion_planner_testutils:/home/aaron/ur_ws/install/moveit_simple_controller_manager:/home/aaron/ur_ws/install/moveit_ros_occupancy_map_monitor:/home/aaron/ur_ws/install/moveit_resources_prbt_ikfast_manipulator_plugin:/home/aaron/ur_ws/install/chomp_motion_planner:/home/aaron/ur_ws/install/moveit_core:/home/aaron/ur_ws/install/rviz_marker_tools:/home/aaron/ur_ws/install/moveit_resources_panda_moveit_config:/home/aaron/ur_ws/install/moveit_resources_fanuc_moveit_config:/home/aaron/ur_ws/install/moveit_configs_utils:/home/aaron/ur_ws/install/srdfdom:/home/aaron/ur_ws/install/moveit_task_constructor_msgs:/home/aaron/ur_ws/install/moveit_resources_prbt_support:/home/aaron/ur_ws/install/moveit_resources_pr2_description:/home/aaron/ur_ws/install/moveit_resources_panda_description:/home/aaron/ur_ws/install/moveit_resources_fanuc_description:/home/aaron/ur_ws/install/moveit_common:/home/aaron/ur_ws/install/launch_param_builder:${AMENT_PREFIX_PATH} CMAKE_PREFIX_PATH=/home/aaron/ur_ws/install/moveit_planners:/home/aaron/ur_ws/install/pilz_industrial_motion_planner:/home/aaron/ur_ws/install/moveit_resources_prbt_pg70_support:/home/aaron/ur_ws/install/moveit_ros_planning_interface:/home/aaron/ur_ws/install/moveit_resources_prbt_moveit_config:/home/aaron/ur_ws/install/moveit_ros_move_group:/home/aaron/ur_ws/install/moveit_ros_warehouse:/home/aaron/ur_ws/install/moveit_planners_ompl:/home/aaron/ur_ws/install/moveit_kinematics:/home/aaron/ur_ws/install/moveit_ros_planning:/home/aaron/ur_ws/install/moveit_planners_chomp:/home/aaron/ur_ws/install/pilz_industrial_motion_planner_testutils:/home/aaron/ur_ws/install/moveit_simple_controller_manager:/home/aaron/ur_ws/install/moveit_ros_occupancy_map_monitor:/home/aaron/ur_ws/install/moveit_resources_prbt_ikfast_manipulator_plugin:/home/aaron/ur_ws/install/chomp_motion_planner:/home/aaron/ur_ws/install/moveit_core:/home/aaron/ur_ws/install/rviz_marker_tools:/home/aaron/ur_ws/install/moveit_resources_panda_moveit_config:/home/aaron/ur_ws/install/moveit_resources_fanuc_moveit_config:/home/aaron/ur_ws/install/srdfdom:/home/aaron/ur_ws/install/moveit_task_constructor_msgs:/home/aaron/ur_ws/install/moveit_resources_prbt_support:/home/aaron/ur_ws/install/moveit_resources_pr2_description:/home/aaron/ur_ws/install/moveit_resources_panda_description:/home/aaron/ur_ws/install/moveit_resources_fanuc_description:/home/aaron/ur_ws/install/moveit_common:/opt/ros/humble LD_LIBRARY_PATH=/home/aaron/ur_ws/install/pilz_industrial_motion_planner/lib:/home/aaron/ur_ws/install/moveit_ros_planning_interface/lib:/home/aaron/ur_ws/install/moveit_ros_move_group/lib:/home/aaron/ur_ws/install/moveit_ros_warehouse/lib:/home/aaron/ur_ws/install/moveit_planners_ompl/lib:/home/aaron/ur_ws/install/moveit_kinematics/lib:/home/aaron/ur_ws/install/moveit_ros_planning/lib:/home/aaron/ur_ws/install/moveit_planners_chomp/lib:/home/aaron/ur_ws/install/pilz_industrial_motion_planner_testutils/lib:/home/aaron/ur_ws/install/moveit_simple_controller_manager/lib:/home/aaron/ur_ws/install/moveit_ros_occupancy_map_monitor/lib:/home/aaron/ur_ws/install/moveit_resources_prbt_ikfast_manipulator_plugin/lib:/home/aaron/ur_ws/install/chomp_motion_planner/lib:/home/aaron/ur_ws/install/moveit_core/lib:/home/aaron/ur_ws/install/rviz_marker_tools/lib:/home/aaron/ur_ws/install/srdfdom/lib:/home/aaron/ur_ws/install/moveit_task_constructor_msgs/lib:${LD_LIBRARY_PATH} PATH=/home/aaron/ur_ws/install/moveit_core/bin:${PATH} PYTHONPATH=/home/aaron/ur_ws/install/moveit_configs_utils/lib/python3.10/site-packages:/home/aaron/ur_ws/install/srdfdom/local/lib/python3.10/dist-packages:/home/aaron/ur_ws/install/moveit_task_constructor_msgs/local/lib/python3.10/dist-packages:/home/aaron/ur_ws/install/launch_param_builder/lib/python3.10/site-packages:${PYTHONPATH} /usr/bin/cmake --install /home/aaron/ur_ws/build/moveit_task_constructor_core
[4.371s] Level 1:colcon.colcon_core.environment:create_environment_scripts_only(moveit_setup_framework)
[4.372s] Level 1:colcon.colcon_core.environment:checking '/home/aaron/ur_ws/install/moveit_setup_framework' for CMake module files
[4.375s] Level 1:colcon.colcon_core.environment:checking '/home/aaron/ur_ws/install/moveit_setup_framework' for CMake config files
[4.376s] DEBUG:colcon.colcon_core.event_handler.log_command:Invoked command in '/home/aaron/ur_ws/build/moveit_setup_framework' returned '0': AMENT_PREFIX_PATH=/home/aaron/ur_ws/install/moveit_ros_visualization:/home/aaron/ur_ws/install/moveit_ros_planning_interface:/home/aaron/ur_ws/install/moveit_ros_move_group:/home/aaron/ur_ws/install/moveit_ros_warehouse:/home/aaron/ur_ws/install/moveit_ros_robot_interaction:/home/aaron/ur_ws/install/moveit_planners_ompl:/home/aaron/ur_ws/install/moveit_kinematics:/home/aaron/ur_ws/install/moveit_ros_planning:/home/aaron/ur_ws/install/moveit_simple_controller_manager:/home/aaron/ur_ws/install/moveit_ros_occupancy_map_monitor:/home/aaron/ur_ws/install/moveit_core:/home/aaron/ur_ws/install/moveit_resources_panda_moveit_config:/home/aaron/ur_ws/install/moveit_resources_fanuc_moveit_config:/home/aaron/ur_ws/install/moveit_configs_utils:/home/aaron/ur_ws/install/srdfdom:/home/aaron/ur_ws/install/moveit_resources_pr2_description:/home/aaron/ur_ws/install/moveit_resources_panda_description:/home/aaron/ur_ws/install/moveit_resources_fanuc_description:/home/aaron/ur_ws/install/moveit_common:/home/aaron/ur_ws/install/launch_param_builder:${AMENT_PREFIX_PATH} CMAKE_PREFIX_PATH=/home/aaron/ur_ws/install/moveit_ros_visualization:/home/aaron/ur_ws/install/moveit_ros_planning_interface:/home/aaron/ur_ws/install/moveit_ros_move_group:/home/aaron/ur_ws/install/moveit_ros_warehouse:/home/aaron/ur_ws/install/moveit_ros_robot_interaction:/home/aaron/ur_ws/install/moveit_planners_ompl:/home/aaron/ur_ws/install/moveit_kinematics:/home/aaron/ur_ws/install/moveit_ros_planning:/home/aaron/ur_ws/install/moveit_simple_controller_manager:/home/aaron/ur_ws/install/moveit_ros_occupancy_map_monitor:/home/aaron/ur_ws/install/moveit_core:/home/aaron/ur_ws/install/moveit_resources_panda_moveit_config:/home/aaron/ur_ws/install/moveit_resources_fanuc_moveit_config:/home/aaron/ur_ws/install/srdfdom:/home/aaron/ur_ws/install/moveit_resources_pr2_description:/home/aaron/ur_ws/install/moveit_resources_panda_description:/home/aaron/ur_ws/install/moveit_resources_fanuc_description:/home/aaron/ur_ws/install/moveit_common:/opt/ros/humble LD_LIBRARY_PATH=/home/aaron/ur_ws/install/moveit_ros_visualization/lib:/home/aaron/ur_ws/install/moveit_ros_planning_interface/lib:/home/aaron/ur_ws/install/moveit_ros_move_group/lib:/home/aaron/ur_ws/install/moveit_ros_warehouse/lib:/home/aaron/ur_ws/install/moveit_ros_robot_interaction/lib:/home/aaron/ur_ws/install/moveit_planners_ompl/lib:/home/aaron/ur_ws/install/moveit_kinematics/lib:/home/aaron/ur_ws/install/moveit_ros_planning/lib:/home/aaron/ur_ws/install/moveit_simple_controller_manager/lib:/home/aaron/ur_ws/install/moveit_ros_occupancy_map_monitor/lib:/home/aaron/ur_ws/install/moveit_core/lib:/home/aaron/ur_ws/install/srdfdom/lib:${LD_LIBRARY_PATH} PATH=/home/aaron/ur_ws/install/moveit_core/bin:${PATH} PYTHONPATH=/home/aaron/ur_ws/install/moveit_configs_utils/lib/python3.10/site-packages:/home/aaron/ur_ws/install/srdfdom/local/lib/python3.10/dist-packages:/home/aaron/ur_ws/install/launch_param_builder/lib/python3.10/site-packages:${PYTHONPATH} /usr/bin/cmake --install /home/aaron/ur_ws/build/moveit_setup_framework
[4.376s] Level 1:colcon.colcon_core.shell:create_environment_hook('moveit_setup_framework', 'cmake_prefix_path')
[4.376s] INFO:colcon.colcon_core.shell:Creating environment hook '/home/aaron/ur_ws/install/moveit_setup_framework/share/moveit_setup_framework/hook/cmake_prefix_path.ps1'
[4.377s] INFO:colcon.colcon_core.shell:Creating environment descriptor '/home/aaron/ur_ws/install/moveit_setup_framework/share/moveit_setup_framework/hook/cmake_prefix_path.dsv'
[4.378s] INFO:colcon.colcon_core.shell:Creating environment hook '/home/aaron/ur_ws/install/moveit_setup_framework/share/moveit_setup_framework/hook/cmake_prefix_path.sh'
[4.378s] Level 1:colcon.colcon_core.environment:checking '/home/aaron/ur_ws/install/moveit_setup_framework/lib'
[4.378s] Level 1:colcon.colcon_core.shell:create_environment_hook('moveit_setup_framework', 'ld_library_path_lib')
[4.379s] INFO:colcon.colcon_core.shell:Creating environment hook '/home/aaron/ur_ws/install/moveit_setup_framework/share/moveit_setup_framework/hook/ld_library_path_lib.ps1'
[4.379s] INFO:colcon.colcon_core.shell:Creating environment descriptor '/home/aaron/ur_ws/install/moveit_setup_framework/share/moveit_setup_framework/hook/ld_library_path_lib.dsv'
[4.380s] INFO:colcon.colcon_core.shell:Creating environment hook '/home/aaron/ur_ws/install/moveit_setup_framework/share/moveit_setup_framework/hook/ld_library_path_lib.sh'
[4.380s] Level 1:colcon.colcon_core.environment:checking '/home/aaron/ur_ws/install/moveit_setup_framework/bin'
[4.380s] Level 1:colcon.colcon_core.environment:checking '/home/aaron/ur_ws/install/moveit_setup_framework/lib/pkgconfig/moveit_setup_framework.pc'
[4.380s] Level 1:colcon.colcon_core.environment:checking '/home/aaron/ur_ws/install/moveit_setup_framework/lib/python3.10/site-packages'
[4.381s] Level 1:colcon.colcon_core.environment:checking '/home/aaron/ur_ws/install/moveit_setup_framework/bin'
[4.381s] INFO:colcon.colcon_core.shell:Creating package script '/home/aaron/ur_ws/install/moveit_setup_framework/share/moveit_setup_framework/package.ps1'
[4.382s] INFO:colcon.colcon_core.shell:Creating package descriptor '/home/aaron/ur_ws/install/moveit_setup_framework/share/moveit_setup_framework/package.dsv'
[4.383s] INFO:colcon.colcon_core.shell:Creating package script '/home/aaron/ur_ws/install/moveit_setup_framework/share/moveit_setup_framework/package.sh'
[4.383s] INFO:colcon.colcon_core.shell:Creating package script '/home/aaron/ur_ws/install/moveit_setup_framework/share/moveit_setup_framework/package.bash'
[4.383s] INFO:colcon.colcon_core.shell:Creating package script '/home/aaron/ur_ws/install/moveit_setup_framework/share/moveit_setup_framework/package.zsh'
[4.384s] Level 1:colcon.colcon_core.environment:create_file_with_runtime_dependencies(/home/aaron/ur_ws/install/moveit_setup_framework/share/colcon-core/packages/moveit_setup_framework)
[4.384s] Level 1:colcon.colcon_core.environment:create_environment_scripts_only(moveit_setup_framework)
[4.385s] Level 1:colcon.colcon_core.environment:checking '/home/aaron/ur_ws/install/moveit_setup_framework' for CMake module files
[4.385s] Level 1:colcon.colcon_core.environment:checking '/home/aaron/ur_ws/install/moveit_setup_framework' for CMake config files
[4.386s] Level 1:colcon.colcon_core.shell:create_environment_hook('moveit_setup_framework', 'cmake_prefix_path')
[4.386s] INFO:colcon.colcon_core.shell:Creating environment hook '/home/aaron/ur_ws/install/moveit_setup_framework/share/moveit_setup_framework/hook/cmake_prefix_path.ps1'
[4.386s] INFO:colcon.colcon_core.shell:Creating environment descriptor '/home/aaron/ur_ws/install/moveit_setup_framework/share/moveit_setup_framework/hook/cmake_prefix_path.dsv'
[4.387s] INFO:colcon.colcon_core.shell:Creating environment hook '/home/aaron/ur_ws/install/moveit_setup_framework/share/moveit_setup_framework/hook/cmake_prefix_path.sh'
[4.388s] Level 1:colcon.colcon_core.environment:checking '/home/aaron/ur_ws/install/moveit_setup_framework/lib'
[4.388s] Level 1:colcon.colcon_core.shell:create_environment_hook('moveit_setup_framework', 'ld_library_path_lib')
[4.388s] INFO:colcon.colcon_core.shell:Creating environment hook '/home/aaron/ur_ws/install/moveit_setup_framework/share/moveit_setup_framework/hook/ld_library_path_lib.ps1'
[4.388s] INFO:colcon.colcon_core.shell:Creating environment descriptor '/home/aaron/ur_ws/install/moveit_setup_framework/share/moveit_setup_framework/hook/ld_library_path_lib.dsv'
[4.389s] INFO:colcon.colcon_core.shell:Creating environment hook '/home/aaron/ur_ws/install/moveit_setup_framework/share/moveit_setup_framework/hook/ld_library_path_lib.sh'
[4.389s] Level 1:colcon.colcon_core.environment:checking '/home/aaron/ur_ws/install/moveit_setup_framework/bin'
[4.389s] Level 1:colcon.colcon_core.environment:checking '/home/aaron/ur_ws/install/moveit_setup_framework/lib/pkgconfig/moveit_setup_framework.pc'
[4.390s] Level 1:colcon.colcon_core.environment:checking '/home/aaron/ur_ws/install/moveit_setup_framework/lib/python3.10/site-packages'
[4.390s] Level 1:colcon.colcon_core.environment:checking '/home/aaron/ur_ws/install/moveit_setup_framework/bin'
[4.391s] INFO:colcon.colcon_core.shell:Creating package script '/home/aaron/ur_ws/install/moveit_setup_framework/share/moveit_setup_framework/package.ps1'
[4.391s] INFO:colcon.colcon_core.shell:Creating package descriptor '/home/aaron/ur_ws/install/moveit_setup_framework/share/moveit_setup_framework/package.dsv'
[4.392s] INFO:colcon.colcon_core.shell:Creating package script '/home/aaron/ur_ws/install/moveit_setup_framework/share/moveit_setup_framework/package.sh'
[4.392s] INFO:colcon.colcon_core.shell:Creating package script '/home/aaron/ur_ws/install/moveit_setup_framework/share/moveit_setup_framework/package.bash'
[4.393s] INFO:colcon.colcon_core.shell:Creating package script '/home/aaron/ur_ws/install/moveit_setup_framework/share/moveit_setup_framework/package.zsh'
[4.393s] Level 1:colcon.colcon_core.environment:create_file_with_runtime_dependencies(/home/aaron/ur_ws/install/moveit_setup_framework/share/colcon-core/packages/moveit_setup_framework)
[4.394s] INFO:colcon.colcon_ros.task.ament_cmake.build:Building ROS package in '/home/aaron/ur_ws/src/moveit2/moveit_setup_assistant/moveit_setup_app_plugins' with build type 'ament_cmake'
[4.395s] INFO:colcon.colcon_cmake.task.cmake.build:Building CMake package in '/home/aaron/ur_ws/src/moveit2/moveit_setup_assistant/moveit_setup_app_plugins'
[4.395s] INFO:colcon.colcon_core.shell:Skip shell extension 'powershell' for command environment: Not usable outside of PowerShell
[4.396s] DEBUG:colcon.colcon_core.shell:Skip shell extension 'dsv' for command environment
[4.402s] INFO:colcon.colcon_ros.task.ament_cmake.build:Building ROS package in '/home/aaron/ur_ws/src/moveit2/moveit_setup_assistant/moveit_setup_controllers' with build type 'ament_cmake'
[4.402s] INFO:colcon.colcon_cmake.task.cmake.build:Building CMake package in '/home/aaron/ur_ws/src/moveit2/moveit_setup_assistant/moveit_setup_controllers'
[4.403s] INFO:colcon.colcon_core.shell:Skip shell extension 'powershell' for command environment: Not usable outside of PowerShell
[4.403s] DEBUG:colcon.colcon_core.shell:Skip shell extension 'dsv' for command environment
[4.409s] INFO:colcon.colcon_ros.task.ament_cmake.build:Building ROS package in '/home/aaron/ur_ws/src/moveit2/moveit_setup_assistant/moveit_setup_core_plugins' with build type 'ament_cmake'
[4.409s] INFO:colcon.colcon_cmake.task.cmake.build:Building CMake package in '/home/aaron/ur_ws/src/moveit2/moveit_setup_assistant/moveit_setup_core_plugins'
[4.409s] INFO:colcon.colcon_core.shell:Skip shell extension 'powershell' for command environment: Not usable outside of PowerShell
[4.409s] DEBUG:colcon.colcon_core.shell:Skip shell extension 'dsv' for command environment
[4.415s] INFO:colcon.colcon_ros.task.ament_cmake.build:Building ROS package in '/home/aaron/ur_ws/src/moveit2/moveit_setup_assistant/moveit_setup_srdf_plugins' with build type 'ament_cmake'
[4.415s] INFO:colcon.colcon_cmake.task.cmake.build:Building CMake package in '/home/aaron/ur_ws/src/moveit2/moveit_setup_assistant/moveit_setup_srdf_plugins'
[4.415s] INFO:colcon.colcon_core.shell:Skip shell extension 'powershell' for command environment: Not usable outside of PowerShell
[4.415s] DEBUG:colcon.colcon_core.shell:Skip shell extension 'dsv' for command environment
[4.445s] Level 1:colcon.colcon_core.environment:create_environment_scripts_only(moveit_task_constructor_core)
[4.446s] Level 1:colcon.colcon_core.environment:checking '/home/aaron/ur_ws/install/moveit_task_constructor_core' for CMake module files
[4.446s] DEBUG:colcon.colcon_core.event_handler.log_command:Invoked command in '/home/aaron/ur_ws/build/moveit_task_constructor_core' returned '0': AMENT_PREFIX_PATH=/home/aaron/ur_ws/install/moveit_planners:/home/aaron/ur_ws/install/pilz_industrial_motion_planner:/home/aaron/ur_ws/install/moveit_resources_prbt_pg70_support:/home/aaron/ur_ws/install/moveit_ros_planning_interface:/home/aaron/ur_ws/install/moveit_resources_prbt_moveit_config:/home/aaron/ur_ws/install/moveit_ros_move_group:/home/aaron/ur_ws/install/moveit_ros_warehouse:/home/aaron/ur_ws/install/moveit_planners_ompl:/home/aaron/ur_ws/install/moveit_kinematics:/home/aaron/ur_ws/install/moveit_ros_planning:/home/aaron/ur_ws/install/moveit_planners_chomp:/home/aaron/ur_ws/install/pilz_industrial_motion_planner_testutils:/home/aaron/ur_ws/install/moveit_simple_controller_manager:/home/aaron/ur_ws/install/moveit_ros_occupancy_map_monitor:/home/aaron/ur_ws/install/moveit_resources_prbt_ikfast_manipulator_plugin:/home/aaron/ur_ws/install/chomp_motion_planner:/home/aaron/ur_ws/install/moveit_core:/home/aaron/ur_ws/install/rviz_marker_tools:/home/aaron/ur_ws/install/moveit_resources_panda_moveit_config:/home/aaron/ur_ws/install/moveit_resources_fanuc_moveit_config:/home/aaron/ur_ws/install/moveit_configs_utils:/home/aaron/ur_ws/install/srdfdom:/home/aaron/ur_ws/install/moveit_task_constructor_msgs:/home/aaron/ur_ws/install/moveit_resources_prbt_support:/home/aaron/ur_ws/install/moveit_resources_pr2_description:/home/aaron/ur_ws/install/moveit_resources_panda_description:/home/aaron/ur_ws/install/moveit_resources_fanuc_description:/home/aaron/ur_ws/install/moveit_common:/home/aaron/ur_ws/install/launch_param_builder:${AMENT_PREFIX_PATH} CMAKE_PREFIX_PATH=/home/aaron/ur_ws/install/moveit_planners:/home/aaron/ur_ws/install/pilz_industrial_motion_planner:/home/aaron/ur_ws/install/moveit_resources_prbt_pg70_support:/home/aaron/ur_ws/install/moveit_ros_planning_interface:/home/aaron/ur_ws/install/moveit_resources_prbt_moveit_config:/home/aaron/ur_ws/install/moveit_ros_move_group:/home/aaron/ur_ws/install/moveit_ros_warehouse:/home/aaron/ur_ws/install/moveit_planners_ompl:/home/aaron/ur_ws/install/moveit_kinematics:/home/aaron/ur_ws/install/moveit_ros_planning:/home/aaron/ur_ws/install/moveit_planners_chomp:/home/aaron/ur_ws/install/pilz_industrial_motion_planner_testutils:/home/aaron/ur_ws/install/moveit_simple_controller_manager:/home/aaron/ur_ws/install/moveit_ros_occupancy_map_monitor:/home/aaron/ur_ws/install/moveit_resources_prbt_ikfast_manipulator_plugin:/home/aaron/ur_ws/install/chomp_motion_planner:/home/aaron/ur_ws/install/moveit_core:/home/aaron/ur_ws/install/rviz_marker_tools:/home/aaron/ur_ws/install/moveit_resources_panda_moveit_config:/home/aaron/ur_ws/install/moveit_resources_fanuc_moveit_config:/home/aaron/ur_ws/install/srdfdom:/home/aaron/ur_ws/install/moveit_task_constructor_msgs:/home/aaron/ur_ws/install/moveit_resources_prbt_support:/home/aaron/ur_ws/install/moveit_resources_pr2_description:/home/aaron/ur_ws/install/moveit_resources_panda_description:/home/aaron/ur_ws/install/moveit_resources_fanuc_description:/home/aaron/ur_ws/install/moveit_common:/opt/ros/humble LD_LIBRARY_PATH=/home/aaron/ur_ws/install/pilz_industrial_motion_planner/lib:/home/aaron/ur_ws/install/moveit_ros_planning_interface/lib:/home/aaron/ur_ws/install/moveit_ros_move_group/lib:/home/aaron/ur_ws/install/moveit_ros_warehouse/lib:/home/aaron/ur_ws/install/moveit_planners_ompl/lib:/home/aaron/ur_ws/install/moveit_kinematics/lib:/home/aaron/ur_ws/install/moveit_ros_planning/lib:/home/aaron/ur_ws/install/moveit_planners_chomp/lib:/home/aaron/ur_ws/install/pilz_industrial_motion_planner_testutils/lib:/home/aaron/ur_ws/install/moveit_simple_controller_manager/lib:/home/aaron/ur_ws/install/moveit_ros_occupancy_map_monitor/lib:/home/aaron/ur_ws/install/moveit_resources_prbt_ikfast_manipulator_plugin/lib:/home/aaron/ur_ws/install/chomp_motion_planner/lib:/home/aaron/ur_ws/install/moveit_core/lib:/home/aaron/ur_ws/install/rviz_marker_tools/lib:/home/aaron/ur_ws/install/srdfdom/lib:/home/aaron/ur_ws/install/moveit_task_constructor_msgs/lib:${LD_LIBRARY_PATH} PATH=/home/aaron/ur_ws/install/moveit_core/bin:${PATH} PYTHONPATH=/home/aaron/ur_ws/install/moveit_configs_utils/lib/python3.10/site-packages:/home/aaron/ur_ws/install/srdfdom/local/lib/python3.10/dist-packages:/home/aaron/ur_ws/install/moveit_task_constructor_msgs/local/lib/python3.10/dist-packages:/home/aaron/ur_ws/install/launch_param_builder/lib/python3.10/site-packages:${PYTHONPATH} /usr/bin/cmake --install /home/aaron/ur_ws/build/moveit_task_constructor_core
[4.447s] Level 1:colcon.colcon_core.shell:create_environment_hook('moveit_task_constructor_core', 'cmake_module_path')
[4.447s] INFO:colcon.colcon_core.shell:Creating environment hook '/home/aaron/ur_ws/install/moveit_task_constructor_core/share/moveit_task_constructor_core/hook/cmake_module_path.ps1'
[4.448s] INFO:colcon.colcon_core.shell:Creating environment descriptor '/home/aaron/ur_ws/install/moveit_task_constructor_core/share/moveit_task_constructor_core/hook/cmake_module_path.dsv'
[4.449s] INFO:colcon.colcon_core.shell:Creating environment hook '/home/aaron/ur_ws/install/moveit_task_constructor_core/share/moveit_task_constructor_core/hook/cmake_module_path.sh'
[4.449s] Level 1:colcon.colcon_core.environment:checking '/home/aaron/ur_ws/install/moveit_task_constructor_core' for CMake config files
[4.450s] Level 1:colcon.colcon_core.shell:create_environment_hook('moveit_task_constructor_core', 'cmake_prefix_path')
[4.450s] INFO:colcon.colcon_core.shell:Creating environment hook '/home/aaron/ur_ws/install/moveit_task_constructor_core/share/moveit_task_constructor_core/hook/cmake_prefix_path.ps1'
[4.450s] INFO:colcon.colcon_core.shell:Creating environment descriptor '/home/aaron/ur_ws/install/moveit_task_constructor_core/share/moveit_task_constructor_core/hook/cmake_prefix_path.dsv'
[4.451s] INFO:colcon.colcon_core.shell:Creating environment hook '/home/aaron/ur_ws/install/moveit_task_constructor_core/share/moveit_task_constructor_core/hook/cmake_prefix_path.sh'
[4.452s] Level 1:colcon.colcon_core.environment:checking '/home/aaron/ur_ws/install/moveit_task_constructor_core/lib'
[4.452s] Level 1:colcon.colcon_core.shell:create_environment_hook('moveit_task_constructor_core', 'ld_library_path_lib')
[4.452s] INFO:colcon.colcon_core.shell:Creating environment hook '/home/aaron/ur_ws/install/moveit_task_constructor_core/share/moveit_task_constructor_core/hook/ld_library_path_lib.ps1'
[4.452s] INFO:colcon.colcon_core.shell:Creating environment descriptor '/home/aaron/ur_ws/install/moveit_task_constructor_core/share/moveit_task_constructor_core/hook/ld_library_path_lib.dsv'
[4.453s] INFO:colcon.colcon_core.shell:Creating environment hook '/home/aaron/ur_ws/install/moveit_task_constructor_core/share/moveit_task_constructor_core/hook/ld_library_path_lib.sh'
[4.453s] Level 1:colcon.colcon_core.environment:checking '/home/aaron/ur_ws/install/moveit_task_constructor_core/bin'
[4.453s] Level 1:colcon.colcon_core.environment:checking '/home/aaron/ur_ws/install/moveit_task_constructor_core/lib/pkgconfig/moveit_task_constructor_core.pc'
[4.454s] Level 1:colcon.colcon_core.environment:checking '/home/aaron/ur_ws/install/moveit_task_constructor_core/lib/python3.10/site-packages'
[4.454s] Level 1:colcon.colcon_core.environment:checking '/home/aaron/ur_ws/install/moveit_task_constructor_core/bin'
[4.455s] INFO:colcon.colcon_core.shell:Creating package script '/home/aaron/ur_ws/install/moveit_task_constructor_core/share/moveit_task_constructor_core/package.ps1'
[4.455s] INFO:colcon.colcon_core.shell:Creating package descriptor '/home/aaron/ur_ws/install/moveit_task_constructor_core/share/moveit_task_constructor_core/package.dsv'
[4.456s] INFO:colcon.colcon_core.shell:Creating package script '/home/aaron/ur_ws/install/moveit_task_constructor_core/share/moveit_task_constructor_core/package.sh'
[4.457s] INFO:colcon.colcon_core.shell:Creating package script '/home/aaron/ur_ws/install/moveit_task_constructor_core/share/moveit_task_constructor_core/package.bash'
[4.457s] INFO:colcon.colcon_core.shell:Creating package script '/home/aaron/ur_ws/install/moveit_task_constructor_core/share/moveit_task_constructor_core/package.zsh'
[4.458s] Level 1:colcon.colcon_core.environment:create_file_with_runtime_dependencies(/home/aaron/ur_ws/install/moveit_task_constructor_core/share/colcon-core/packages/moveit_task_constructor_core)
[4.458s] Level 1:colcon.colcon_core.environment:create_environment_scripts_only(moveit_task_constructor_core)
[4.459s] Level 1:colcon.colcon_core.environment:checking '/home/aaron/ur_ws/install/moveit_task_constructor_core' for CMake module files
[4.459s] Level 1:colcon.colcon_core.shell:create_environment_hook('moveit_task_constructor_core', 'cmake_module_path')
[4.460s] INFO:colcon.colcon_core.shell:Creating environment hook '/home/aaron/ur_ws/install/moveit_task_constructor_core/share/moveit_task_constructor_core/hook/cmake_module_path.ps1'
[4.460s] INFO:colcon.colcon_core.shell:Creating environment descriptor '/home/aaron/ur_ws/install/moveit_task_constructor_core/share/moveit_task_constructor_core/hook/cmake_module_path.dsv'
[4.461s] INFO:colcon.colcon_core.shell:Creating environment hook '/home/aaron/ur_ws/install/moveit_task_constructor_core/share/moveit_task_constructor_core/hook/cmake_module_path.sh'
[4.461s] Level 1:colcon.colcon_core.environment:checking '/home/aaron/ur_ws/install/moveit_task_constructor_core' for CMake config files
[4.461s] Level 1:colcon.colcon_core.shell:create_environment_hook('moveit_task_constructor_core', 'cmake_prefix_path')
[4.462s] INFO:colcon.colcon_core.shell:Creating environment hook '/home/aaron/ur_ws/install/moveit_task_constructor_core/share/moveit_task_constructor_core/hook/cmake_prefix_path.ps1'
[4.462s] INFO:colcon.colcon_core.shell:Creating environment descriptor '/home/aaron/ur_ws/install/moveit_task_constructor_core/share/moveit_task_constructor_core/hook/cmake_prefix_path.dsv'
[4.463s] INFO:colcon.colcon_core.shell:Creating environment hook '/home/aaron/ur_ws/install/moveit_task_constructor_core/share/moveit_task_constructor_core/hook/cmake_prefix_path.sh'
[4.463s] Level 1:colcon.colcon_core.environment:checking '/home/aaron/ur_ws/install/moveit_task_constructor_core/lib'
[4.463s] Level 1:colcon.colcon_core.shell:create_environment_hook('moveit_task_constructor_core', 'ld_library_path_lib')
[4.464s] INFO:colcon.colcon_core.shell:Creating environment hook '/home/aaron/ur_ws/install/moveit_task_constructor_core/share/moveit_task_constructor_core/hook/ld_library_path_lib.ps1'
[4.464s] INFO:colcon.colcon_core.shell:Creating environment descriptor '/home/aaron/ur_ws/install/moveit_task_constructor_core/share/moveit_task_constructor_core/hook/ld_library_path_lib.dsv'
[4.464s] INFO:colcon.colcon_core.shell:Creating environment hook '/home/aaron/ur_ws/install/moveit_task_constructor_core/share/moveit_task_constructor_core/hook/ld_library_path_lib.sh'
[4.465s] Level 1:colcon.colcon_core.environment:checking '/home/aaron/ur_ws/install/moveit_task_constructor_core/bin'
[4.465s] Level 1:colcon.colcon_core.environment:checking '/home/aaron/ur_ws/install/moveit_task_constructor_core/lib/pkgconfig/moveit_task_constructor_core.pc'
[4.466s] Level 1:colcon.colcon_core.environment:checking '/home/aaron/ur_ws/install/moveit_task_constructor_core/lib/python3.10/site-packages'
[4.466s] Level 1:colcon.colcon_core.environment:checking '/home/aaron/ur_ws/install/moveit_task_constructor_core/bin'
[4.466s] INFO:colcon.colcon_core.shell:Creating package script '/home/aaron/ur_ws/install/moveit_task_constructor_core/share/moveit_task_constructor_core/package.ps1'
[4.468s] INFO:colcon.colcon_core.shell:Creating package descriptor '/home/aaron/ur_ws/install/moveit_task_constructor_core/share/moveit_task_constructor_core/package.dsv'
[4.468s] INFO:colcon.colcon_core.shell:Creating package script '/home/aaron/ur_ws/install/moveit_task_constructor_core/share/moveit_task_constructor_core/package.sh'
[4.469s] INFO:colcon.colcon_core.shell:Creating package script '/home/aaron/ur_ws/install/moveit_task_constructor_core/share/moveit_task_constructor_core/package.bash'
[4.469s] INFO:colcon.colcon_core.shell:Creating package script '/home/aaron/ur_ws/install/moveit_task_constructor_core/share/moveit_task_constructor_core/package.zsh'
[4.470s] Level 1:colcon.colcon_core.environment:create_file_with_runtime_dependencies(/home/aaron/ur_ws/install/moveit_task_constructor_core/share/colcon-core/packages/moveit_task_constructor_core)
[4.471s] INFO:colcon.colcon_ros.task.ament_cmake.build:Building ROS package in '/home/aaron/ur_ws/src/moveit_task_constructor/capabilities' with build type 'ament_cmake'
[4.471s] INFO:colcon.colcon_cmake.task.cmake.build:Building CMake package in '/home/aaron/ur_ws/src/moveit_task_constructor/capabilities'
[4.471s] INFO:colcon.colcon_core.shell:Skip shell extension 'powershell' for command environment: Not usable outside of PowerShell
[4.472s] DEBUG:colcon.colcon_core.shell:Skip shell extension 'dsv' for command environment
[4.478s] INFO:colcon.colcon_ros.task.ament_cmake.build:Building ROS package in '/home/aaron/ur_ws/src/moveit_control' with build type 'ament_cmake'
[4.478s] INFO:colcon.colcon_cmake.task.cmake.build:Building CMake package in '/home/aaron/ur_ws/src/moveit_control'
[4.478s] INFO:colcon.colcon_core.shell:Skip shell extension 'powershell' for command environment: Not usable outside of PowerShell
[4.478s] DEBUG:colcon.colcon_core.shell:Skip shell extension 'dsv' for command environment
[4.485s] INFO:colcon.colcon_ros.task.ament_cmake.build:Building ROS package in '/home/aaron/ur_ws/src/moveit_task_constructor/visualization' with build type 'ament_cmake'
[4.486s] INFO:colcon.colcon_cmake.task.cmake.build:Building CMake package in '/home/aaron/ur_ws/src/moveit_task_constructor/visualization'
[4.486s] INFO:colcon.colcon_core.shell:Skip shell extension 'powershell' for command environment: Not usable outside of PowerShell
[4.486s] DEBUG:colcon.colcon_core.shell:Skip shell extension 'dsv' for command environment
[4.498s] DEBUG:colcon.colcon_core.event_handler.log_command:Invoking command in '/home/aaron/ur_ws/build/moveit_setup_app_plugins': AMENT_PREFIX_PATH=/home/aaron/ur_ws/install/moveit_setup_framework:/home/aaron/ur_ws/install/moveit_ros_visualization:/home/aaron/ur_ws/install/moveit_ros_planning_interface:/home/aaron/ur_ws/install/moveit_ros_move_group:/home/aaron/ur_ws/install/moveit_ros_warehouse:/home/aaron/ur_ws/install/moveit_ros_robot_interaction:/home/aaron/ur_ws/install/moveit_planners_ompl:/home/aaron/ur_ws/install/moveit_kinematics:/home/aaron/ur_ws/install/moveit_ros_planning:/home/aaron/ur_ws/install/moveit_simple_controller_manager:/home/aaron/ur_ws/install/moveit_ros_occupancy_map_monitor:/home/aaron/ur_ws/install/moveit_core:/home/aaron/ur_ws/install/moveit_resources_panda_moveit_config:/home/aaron/ur_ws/install/moveit_resources_fanuc_moveit_config:/home/aaron/ur_ws/install/moveit_configs_utils:/home/aaron/ur_ws/install/srdfdom:/home/aaron/ur_ws/install/moveit_resources_pr2_description:/home/aaron/ur_ws/install/moveit_resources_panda_description:/home/aaron/ur_ws/install/moveit_resources_fanuc_description:/home/aaron/ur_ws/install/moveit_common:/home/aaron/ur_ws/install/launch_param_builder:${AMENT_PREFIX_PATH} CMAKE_PREFIX_PATH=/home/aaron/ur_ws/install/moveit_setup_framework:/home/aaron/ur_ws/install/moveit_ros_visualization:/home/aaron/ur_ws/install/moveit_ros_planning_interface:/home/aaron/ur_ws/install/moveit_ros_move_group:/home/aaron/ur_ws/install/moveit_ros_warehouse:/home/aaron/ur_ws/install/moveit_ros_robot_interaction:/home/aaron/ur_ws/install/moveit_planners_ompl:/home/aaron/ur_ws/install/moveit_kinematics:/home/aaron/ur_ws/install/moveit_ros_planning:/home/aaron/ur_ws/install/moveit_simple_controller_manager:/home/aaron/ur_ws/install/moveit_ros_occupancy_map_monitor:/home/aaron/ur_ws/install/moveit_core:/home/aaron/ur_ws/install/moveit_resources_panda_moveit_config:/home/aaron/ur_ws/install/moveit_resources_fanuc_moveit_config:/home/aaron/ur_ws/install/srdfdom:/home/aaron/ur_ws/install/moveit_resources_pr2_description:/home/aaron/ur_ws/install/moveit_resources_panda_description:/home/aaron/ur_ws/install/moveit_resources_fanuc_description:/home/aaron/ur_ws/install/moveit_common:/opt/ros/humble LD_LIBRARY_PATH=/home/aaron/ur_ws/install/moveit_setup_framework/lib:/home/aaron/ur_ws/install/moveit_ros_visualization/lib:/home/aaron/ur_ws/install/moveit_ros_planning_interface/lib:/home/aaron/ur_ws/install/moveit_ros_move_group/lib:/home/aaron/ur_ws/install/moveit_ros_warehouse/lib:/home/aaron/ur_ws/install/moveit_ros_robot_interaction/lib:/home/aaron/ur_ws/install/moveit_planners_ompl/lib:/home/aaron/ur_ws/install/moveit_kinematics/lib:/home/aaron/ur_ws/install/moveit_ros_planning/lib:/home/aaron/ur_ws/install/moveit_simple_controller_manager/lib:/home/aaron/ur_ws/install/moveit_ros_occupancy_map_monitor/lib:/home/aaron/ur_ws/install/moveit_core/lib:/home/aaron/ur_ws/install/srdfdom/lib:${LD_LIBRARY_PATH} PATH=/home/aaron/ur_ws/install/moveit_core/bin:${PATH} PYTHONPATH=/home/aaron/ur_ws/install/moveit_configs_utils/lib/python3.10/site-packages:/home/aaron/ur_ws/install/srdfdom/local/lib/python3.10/dist-packages:/home/aaron/ur_ws/install/launch_param_builder/lib/python3.10/site-packages:${PYTHONPATH} /usr/bin/cmake --build /home/aaron/ur_ws/build/moveit_setup_app_plugins -- -j20 -l20
[4.502s] DEBUG:colcon.colcon_core.event_handler.log_command:Invoking command in '/home/aaron/ur_ws/build/moveit_setup_controllers': AMENT_PREFIX_PATH=/home/aaron/ur_ws/install/moveit_setup_framework:/home/aaron/ur_ws/install/moveit_ros_visualization:/home/aaron/ur_ws/install/moveit_ros_planning_interface:/home/aaron/ur_ws/install/moveit_ros_move_group:/home/aaron/ur_ws/install/moveit_ros_warehouse:/home/aaron/ur_ws/install/moveit_ros_robot_interaction:/home/aaron/ur_ws/install/moveit_planners_ompl:/home/aaron/ur_ws/install/moveit_kinematics:/home/aaron/ur_ws/install/moveit_ros_planning:/home/aaron/ur_ws/install/moveit_simple_controller_manager:/home/aaron/ur_ws/install/moveit_ros_occupancy_map_monitor:/home/aaron/ur_ws/install/moveit_core:/home/aaron/ur_ws/install/moveit_resources_panda_moveit_config:/home/aaron/ur_ws/install/moveit_resources_fanuc_moveit_config:/home/aaron/ur_ws/install/moveit_configs_utils:/home/aaron/ur_ws/install/srdfdom:/home/aaron/ur_ws/install/moveit_resources_pr2_description:/home/aaron/ur_ws/install/moveit_resources_panda_description:/home/aaron/ur_ws/install/moveit_resources_fanuc_description:/home/aaron/ur_ws/install/moveit_common:/home/aaron/ur_ws/install/launch_param_builder:${AMENT_PREFIX_PATH} CMAKE_PREFIX_PATH=/home/aaron/ur_ws/install/moveit_setup_framework:/home/aaron/ur_ws/install/moveit_ros_visualization:/home/aaron/ur_ws/install/moveit_ros_planning_interface:/home/aaron/ur_ws/install/moveit_ros_move_group:/home/aaron/ur_ws/install/moveit_ros_warehouse:/home/aaron/ur_ws/install/moveit_ros_robot_interaction:/home/aaron/ur_ws/install/moveit_planners_ompl:/home/aaron/ur_ws/install/moveit_kinematics:/home/aaron/ur_ws/install/moveit_ros_planning:/home/aaron/ur_ws/install/moveit_simple_controller_manager:/home/aaron/ur_ws/install/moveit_ros_occupancy_map_monitor:/home/aaron/ur_ws/install/moveit_core:/home/aaron/ur_ws/install/moveit_resources_panda_moveit_config:/home/aaron/ur_ws/install/moveit_resources_fanuc_moveit_config:/home/aaron/ur_ws/install/srdfdom:/home/aaron/ur_ws/install/moveit_resources_pr2_description:/home/aaron/ur_ws/install/moveit_resources_panda_description:/home/aaron/ur_ws/install/moveit_resources_fanuc_description:/home/aaron/ur_ws/install/moveit_common:/opt/ros/humble LD_LIBRARY_PATH=/home/aaron/ur_ws/install/moveit_setup_framework/lib:/home/aaron/ur_ws/install/moveit_ros_visualization/lib:/home/aaron/ur_ws/install/moveit_ros_planning_interface/lib:/home/aaron/ur_ws/install/moveit_ros_move_group/lib:/home/aaron/ur_ws/install/moveit_ros_warehouse/lib:/home/aaron/ur_ws/install/moveit_ros_robot_interaction/lib:/home/aaron/ur_ws/install/moveit_planners_ompl/lib:/home/aaron/ur_ws/install/moveit_kinematics/lib:/home/aaron/ur_ws/install/moveit_ros_planning/lib:/home/aaron/ur_ws/install/moveit_simple_controller_manager/lib:/home/aaron/ur_ws/install/moveit_ros_occupancy_map_monitor/lib:/home/aaron/ur_ws/install/moveit_core/lib:/home/aaron/ur_ws/install/srdfdom/lib:${LD_LIBRARY_PATH} PATH=/home/aaron/ur_ws/install/moveit_core/bin:${PATH} PYTHONPATH=/home/aaron/ur_ws/install/moveit_configs_utils/lib/python3.10/site-packages:/home/aaron/ur_ws/install/srdfdom/local/lib/python3.10/dist-packages:/home/aaron/ur_ws/install/launch_param_builder/lib/python3.10/site-packages:${PYTHONPATH} /usr/bin/cmake --build /home/aaron/ur_ws/build/moveit_setup_controllers -- -j20 -l20
[4.507s] DEBUG:colcon.colcon_core.event_handler.log_command:Invoking command in '/home/aaron/ur_ws/build/moveit_setup_core_plugins': AMENT_PREFIX_PATH=/home/aaron/ur_ws/install/moveit_setup_framework:/home/aaron/ur_ws/install/moveit_ros_visualization:/home/aaron/ur_ws/install/moveit_ros_planning_interface:/home/aaron/ur_ws/install/moveit_ros_move_group:/home/aaron/ur_ws/install/moveit_ros_warehouse:/home/aaron/ur_ws/install/moveit_ros_robot_interaction:/home/aaron/ur_ws/install/moveit_planners_ompl:/home/aaron/ur_ws/install/moveit_kinematics:/home/aaron/ur_ws/install/moveit_ros_planning:/home/aaron/ur_ws/install/moveit_simple_controller_manager:/home/aaron/ur_ws/install/moveit_ros_occupancy_map_monitor:/home/aaron/ur_ws/install/moveit_core:/home/aaron/ur_ws/install/moveit_resources_panda_moveit_config:/home/aaron/ur_ws/install/moveit_resources_fanuc_moveit_config:/home/aaron/ur_ws/install/moveit_configs_utils:/home/aaron/ur_ws/install/srdfdom:/home/aaron/ur_ws/install/moveit_resources_pr2_description:/home/aaron/ur_ws/install/moveit_resources_panda_description:/home/aaron/ur_ws/install/moveit_resources_fanuc_description:/home/aaron/ur_ws/install/moveit_common:/home/aaron/ur_ws/install/launch_param_builder:${AMENT_PREFIX_PATH} CMAKE_PREFIX_PATH=/home/aaron/ur_ws/install/moveit_setup_framework:/home/aaron/ur_ws/install/moveit_ros_visualization:/home/aaron/ur_ws/install/moveit_ros_planning_interface:/home/aaron/ur_ws/install/moveit_ros_move_group:/home/aaron/ur_ws/install/moveit_ros_warehouse:/home/aaron/ur_ws/install/moveit_ros_robot_interaction:/home/aaron/ur_ws/install/moveit_planners_ompl:/home/aaron/ur_ws/install/moveit_kinematics:/home/aaron/ur_ws/install/moveit_ros_planning:/home/aaron/ur_ws/install/moveit_simple_controller_manager:/home/aaron/ur_ws/install/moveit_ros_occupancy_map_monitor:/home/aaron/ur_ws/install/moveit_core:/home/aaron/ur_ws/install/moveit_resources_panda_moveit_config:/home/aaron/ur_ws/install/moveit_resources_fanuc_moveit_config:/home/aaron/ur_ws/install/srdfdom:/home/aaron/ur_ws/install/moveit_resources_pr2_description:/home/aaron/ur_ws/install/moveit_resources_panda_description:/home/aaron/ur_ws/install/moveit_resources_fanuc_description:/home/aaron/ur_ws/install/moveit_common:/opt/ros/humble LD_LIBRARY_PATH=/home/aaron/ur_ws/install/moveit_setup_framework/lib:/home/aaron/ur_ws/install/moveit_ros_visualization/lib:/home/aaron/ur_ws/install/moveit_ros_planning_interface/lib:/home/aaron/ur_ws/install/moveit_ros_move_group/lib:/home/aaron/ur_ws/install/moveit_ros_warehouse/lib:/home/aaron/ur_ws/install/moveit_ros_robot_interaction/lib:/home/aaron/ur_ws/install/moveit_planners_ompl/lib:/home/aaron/ur_ws/install/moveit_kinematics/lib:/home/aaron/ur_ws/install/moveit_ros_planning/lib:/home/aaron/ur_ws/install/moveit_simple_controller_manager/lib:/home/aaron/ur_ws/install/moveit_ros_occupancy_map_monitor/lib:/home/aaron/ur_ws/install/moveit_core/lib:/home/aaron/ur_ws/install/srdfdom/lib:${LD_LIBRARY_PATH} PATH=/home/aaron/ur_ws/install/moveit_core/bin:${PATH} PYTHONPATH=/home/aaron/ur_ws/install/moveit_configs_utils/lib/python3.10/site-packages:/home/aaron/ur_ws/install/srdfdom/local/lib/python3.10/dist-packages:/home/aaron/ur_ws/install/launch_param_builder/lib/python3.10/site-packages:${PYTHONPATH} /usr/bin/cmake --build /home/aaron/ur_ws/build/moveit_setup_core_plugins -- -j20 -l20
[4.514s] DEBUG:colcon.colcon_core.event_handler.log_command:Invoking command in '/home/aaron/ur_ws/build/moveit_setup_srdf_plugins': AMENT_PREFIX_PATH=/home/aaron/ur_ws/install/moveit_setup_framework:/home/aaron/ur_ws/install/moveit_ros_visualization:/home/aaron/ur_ws/install/moveit_ros_planning_interface:/home/aaron/ur_ws/install/moveit_ros_move_group:/home/aaron/ur_ws/install/moveit_ros_warehouse:/home/aaron/ur_ws/install/moveit_ros_robot_interaction:/home/aaron/ur_ws/install/moveit_planners_ompl:/home/aaron/ur_ws/install/moveit_kinematics:/home/aaron/ur_ws/install/moveit_ros_planning:/home/aaron/ur_ws/install/moveit_simple_controller_manager:/home/aaron/ur_ws/install/moveit_ros_occupancy_map_monitor:/home/aaron/ur_ws/install/moveit_core:/home/aaron/ur_ws/install/moveit_resources_panda_moveit_config:/home/aaron/ur_ws/install/moveit_resources_fanuc_moveit_config:/home/aaron/ur_ws/install/moveit_configs_utils:/home/aaron/ur_ws/install/srdfdom:/home/aaron/ur_ws/install/moveit_resources_pr2_description:/home/aaron/ur_ws/install/moveit_resources_panda_description:/home/aaron/ur_ws/install/moveit_resources_fanuc_description:/home/aaron/ur_ws/install/moveit_common:/home/aaron/ur_ws/install/launch_param_builder:${AMENT_PREFIX_PATH} CMAKE_PREFIX_PATH=/home/aaron/ur_ws/install/moveit_setup_framework:/home/aaron/ur_ws/install/moveit_ros_visualization:/home/aaron/ur_ws/install/moveit_ros_planning_interface:/home/aaron/ur_ws/install/moveit_ros_move_group:/home/aaron/ur_ws/install/moveit_ros_warehouse:/home/aaron/ur_ws/install/moveit_ros_robot_interaction:/home/aaron/ur_ws/install/moveit_planners_ompl:/home/aaron/ur_ws/install/moveit_kinematics:/home/aaron/ur_ws/install/moveit_ros_planning:/home/aaron/ur_ws/install/moveit_simple_controller_manager:/home/aaron/ur_ws/install/moveit_ros_occupancy_map_monitor:/home/aaron/ur_ws/install/moveit_core:/home/aaron/ur_ws/install/moveit_resources_panda_moveit_config:/home/aaron/ur_ws/install/moveit_resources_fanuc_moveit_config:/home/aaron/ur_ws/install/srdfdom:/home/aaron/ur_ws/install/moveit_resources_pr2_description:/home/aaron/ur_ws/install/moveit_resources_panda_description:/home/aaron/ur_ws/install/moveit_resources_fanuc_description:/home/aaron/ur_ws/install/moveit_common:/opt/ros/humble LD_LIBRARY_PATH=/home/aaron/ur_ws/install/moveit_setup_framework/lib:/home/aaron/ur_ws/install/moveit_ros_visualization/lib:/home/aaron/ur_ws/install/moveit_ros_planning_interface/lib:/home/aaron/ur_ws/install/moveit_ros_move_group/lib:/home/aaron/ur_ws/install/moveit_ros_warehouse/lib:/home/aaron/ur_ws/install/moveit_ros_robot_interaction/lib:/home/aaron/ur_ws/install/moveit_planners_ompl/lib:/home/aaron/ur_ws/install/moveit_kinematics/lib:/home/aaron/ur_ws/install/moveit_ros_planning/lib:/home/aaron/ur_ws/install/moveit_simple_controller_manager/lib:/home/aaron/ur_ws/install/moveit_ros_occupancy_map_monitor/lib:/home/aaron/ur_ws/install/moveit_core/lib:/home/aaron/ur_ws/install/srdfdom/lib:${LD_LIBRARY_PATH} PATH=/home/aaron/ur_ws/install/moveit_core/bin:${PATH} PYTHONPATH=/home/aaron/ur_ws/install/moveit_configs_utils/lib/python3.10/site-packages:/home/aaron/ur_ws/install/srdfdom/local/lib/python3.10/dist-packages:/home/aaron/ur_ws/install/launch_param_builder/lib/python3.10/site-packages:${PYTHONPATH} /usr/bin/cmake --build /home/aaron/ur_ws/build/moveit_setup_srdf_plugins -- -j20 -l20
[4.584s] DEBUG:colcon.colcon_core.event_handler.log_command:Invoking command in '/home/aaron/ur_ws/build/moveit_control': AMENT_PREFIX_PATH=/home/aaron/ur_ws/install/moveit_task_constructor_core:/home/aaron/ur_ws/install/moveit_planners:/home/aaron/ur_ws/install/pilz_industrial_motion_planner:/home/aaron/ur_ws/install/moveit_resources_prbt_pg70_support:/home/aaron/ur_ws/install/moveit_ros_planning_interface:/home/aaron/ur_ws/install/moveit_resources_prbt_moveit_config:/home/aaron/ur_ws/install/moveit_ros_move_group:/home/aaron/ur_ws/install/moveit_ros_warehouse:/home/aaron/ur_ws/install/moveit_planners_ompl:/home/aaron/ur_ws/install/moveit_kinematics:/home/aaron/ur_ws/install/moveit_ros_planning:/home/aaron/ur_ws/install/moveit_planners_chomp:/home/aaron/ur_ws/install/pilz_industrial_motion_planner_testutils:/home/aaron/ur_ws/install/moveit_simple_controller_manager:/home/aaron/ur_ws/install/moveit_ros_occupancy_map_monitor:/home/aaron/ur_ws/install/moveit_resources_prbt_ikfast_manipulator_plugin:/home/aaron/ur_ws/install/chomp_motion_planner:/home/aaron/ur_ws/install/moveit_core:/home/aaron/ur_ws/install/rviz_marker_tools:/home/aaron/ur_ws/install/moveit_resources_panda_moveit_config:/home/aaron/ur_ws/install/moveit_resources_fanuc_moveit_config:/home/aaron/ur_ws/install/moveit_configs_utils:/home/aaron/ur_ws/install/srdfdom:/home/aaron/ur_ws/install/moveit_task_constructor_msgs:/home/aaron/ur_ws/install/moveit_resources_prbt_support:/home/aaron/ur_ws/install/moveit_resources_pr2_description:/home/aaron/ur_ws/install/moveit_resources_panda_description:/home/aaron/ur_ws/install/moveit_resources_fanuc_description:/home/aaron/ur_ws/install/moveit_common:/home/aaron/ur_ws/install/launch_param_builder:${AMENT_PREFIX_PATH} CMAKE_MODULE_PATH=/home/aaron/ur_ws/install/moveit_task_constructor_core/share/moveit_task_constructor_core/cmake CMAKE_PREFIX_PATH=/home/aaron/ur_ws/install/moveit_task_constructor_core:/home/aaron/ur_ws/install/moveit_planners:/home/aaron/ur_ws/install/pilz_industrial_motion_planner:/home/aaron/ur_ws/install/moveit_resources_prbt_pg70_support:/home/aaron/ur_ws/install/moveit_ros_planning_interface:/home/aaron/ur_ws/install/moveit_resources_prbt_moveit_config:/home/aaron/ur_ws/install/moveit_ros_move_group:/home/aaron/ur_ws/install/moveit_ros_warehouse:/home/aaron/ur_ws/install/moveit_planners_ompl:/home/aaron/ur_ws/install/moveit_kinematics:/home/aaron/ur_ws/install/moveit_ros_planning:/home/aaron/ur_ws/install/moveit_planners_chomp:/home/aaron/ur_ws/install/pilz_industrial_motion_planner_testutils:/home/aaron/ur_ws/install/moveit_simple_controller_manager:/home/aaron/ur_ws/install/moveit_ros_occupancy_map_monitor:/home/aaron/ur_ws/install/moveit_resources_prbt_ikfast_manipulator_plugin:/home/aaron/ur_ws/install/chomp_motion_planner:/home/aaron/ur_ws/install/moveit_core:/home/aaron/ur_ws/install/rviz_marker_tools:/home/aaron/ur_ws/install/moveit_resources_panda_moveit_config:/home/aaron/ur_ws/install/moveit_resources_fanuc_moveit_config:/home/aaron/ur_ws/install/srdfdom:/home/aaron/ur_ws/install/moveit_task_constructor_msgs:/home/aaron/ur_ws/install/moveit_resources_prbt_support:/home/aaron/ur_ws/install/moveit_resources_pr2_description:/home/aaron/ur_ws/install/moveit_resources_panda_description:/home/aaron/ur_ws/install/moveit_resources_fanuc_description:/home/aaron/ur_ws/install/moveit_common:/opt/ros/humble LD_LIBRARY_PATH=/home/aaron/ur_ws/install/moveit_task_constructor_core/lib:/home/aaron/ur_ws/install/pilz_industrial_motion_planner/lib:/home/aaron/ur_ws/install/moveit_ros_planning_interface/lib:/home/aaron/ur_ws/install/moveit_ros_move_group/lib:/home/aaron/ur_ws/install/moveit_ros_warehouse/lib:/home/aaron/ur_ws/install/moveit_planners_ompl/lib:/home/aaron/ur_ws/install/moveit_kinematics/lib:/home/aaron/ur_ws/install/moveit_ros_planning/lib:/home/aaron/ur_ws/install/moveit_planners_chomp/lib:/home/aaron/ur_ws/install/pilz_industrial_motion_planner_testutils/lib:/home/aaron/ur_ws/install/moveit_simple_controller_manager/lib:/home/aaron/ur_ws/install/moveit_ros_occupancy_map_monitor/lib:/home/aaron/ur_ws/install/moveit_resources_prbt_ikfast_manipulator_plugin/lib:/home/aaron/ur_ws/install/chomp_motion_planner/lib:/home/aaron/ur_ws/install/moveit_core/lib:/home/aaron/ur_ws/install/rviz_marker_tools/lib:/home/aaron/ur_ws/install/srdfdom/lib:/home/aaron/ur_ws/install/moveit_task_constructor_msgs/lib:${LD_LIBRARY_PATH} PATH=/home/aaron/ur_ws/install/moveit_core/bin:${PATH} PYTHONPATH=/home/aaron/ur_ws/install/moveit_task_constructor_core/local/lib/python3.10/dist-packages:/home/aaron/ur_ws/install/moveit_configs_utils/lib/python3.10/site-packages:/home/aaron/ur_ws/install/srdfdom/local/lib/python3.10/dist-packages:/home/aaron/ur_ws/install/moveit_task_constructor_msgs/local/lib/python3.10/dist-packages:/home/aaron/ur_ws/install/launch_param_builder/lib/python3.10/site-packages:${PYTHONPATH} /usr/bin/cmake --build /home/aaron/ur_ws/build/moveit_control -- -j20 -l20
[4.591s] DEBUG:colcon.colcon_core.event_handler.log_command:Invoking command in '/home/aaron/ur_ws/build/moveit_task_constructor_capabilities': AMENT_PREFIX_PATH=/home/aaron/ur_ws/install/moveit_task_constructor_core:/home/aaron/ur_ws/install/moveit_planners:/home/aaron/ur_ws/install/pilz_industrial_motion_planner:/home/aaron/ur_ws/install/moveit_resources_prbt_pg70_support:/home/aaron/ur_ws/install/moveit_ros_planning_interface:/home/aaron/ur_ws/install/moveit_resources_prbt_moveit_config:/home/aaron/ur_ws/install/moveit_ros_move_group:/home/aaron/ur_ws/install/moveit_ros_warehouse:/home/aaron/ur_ws/install/moveit_planners_ompl:/home/aaron/ur_ws/install/moveit_kinematics:/home/aaron/ur_ws/install/moveit_ros_planning:/home/aaron/ur_ws/install/moveit_planners_chomp:/home/aaron/ur_ws/install/pilz_industrial_motion_planner_testutils:/home/aaron/ur_ws/install/moveit_simple_controller_manager:/home/aaron/ur_ws/install/moveit_ros_occupancy_map_monitor:/home/aaron/ur_ws/install/moveit_resources_prbt_ikfast_manipulator_plugin:/home/aaron/ur_ws/install/chomp_motion_planner:/home/aaron/ur_ws/install/moveit_core:/home/aaron/ur_ws/install/rviz_marker_tools:/home/aaron/ur_ws/install/moveit_resources_panda_moveit_config:/home/aaron/ur_ws/install/moveit_resources_fanuc_moveit_config:/home/aaron/ur_ws/install/moveit_configs_utils:/home/aaron/ur_ws/install/srdfdom:/home/aaron/ur_ws/install/moveit_task_constructor_msgs:/home/aaron/ur_ws/install/moveit_resources_prbt_support:/home/aaron/ur_ws/install/moveit_resources_pr2_description:/home/aaron/ur_ws/install/moveit_resources_panda_description:/home/aaron/ur_ws/install/moveit_resources_fanuc_description:/home/aaron/ur_ws/install/moveit_common:/home/aaron/ur_ws/install/launch_param_builder:${AMENT_PREFIX_PATH} CMAKE_MODULE_PATH=/home/aaron/ur_ws/install/moveit_task_constructor_core/share/moveit_task_constructor_core/cmake CMAKE_PREFIX_PATH=/home/aaron/ur_ws/install/moveit_task_constructor_core:/home/aaron/ur_ws/install/moveit_planners:/home/aaron/ur_ws/install/pilz_industrial_motion_planner:/home/aaron/ur_ws/install/moveit_resources_prbt_pg70_support:/home/aaron/ur_ws/install/moveit_ros_planning_interface:/home/aaron/ur_ws/install/moveit_resources_prbt_moveit_config:/home/aaron/ur_ws/install/moveit_ros_move_group:/home/aaron/ur_ws/install/moveit_ros_warehouse:/home/aaron/ur_ws/install/moveit_planners_ompl:/home/aaron/ur_ws/install/moveit_kinematics:/home/aaron/ur_ws/install/moveit_ros_planning:/home/aaron/ur_ws/install/moveit_planners_chomp:/home/aaron/ur_ws/install/pilz_industrial_motion_planner_testutils:/home/aaron/ur_ws/install/moveit_simple_controller_manager:/home/aaron/ur_ws/install/moveit_ros_occupancy_map_monitor:/home/aaron/ur_ws/install/moveit_resources_prbt_ikfast_manipulator_plugin:/home/aaron/ur_ws/install/chomp_motion_planner:/home/aaron/ur_ws/install/moveit_core:/home/aaron/ur_ws/install/rviz_marker_tools:/home/aaron/ur_ws/install/moveit_resources_panda_moveit_config:/home/aaron/ur_ws/install/moveit_resources_fanuc_moveit_config:/home/aaron/ur_ws/install/srdfdom:/home/aaron/ur_ws/install/moveit_task_constructor_msgs:/home/aaron/ur_ws/install/moveit_resources_prbt_support:/home/aaron/ur_ws/install/moveit_resources_pr2_description:/home/aaron/ur_ws/install/moveit_resources_panda_description:/home/aaron/ur_ws/install/moveit_resources_fanuc_description:/home/aaron/ur_ws/install/moveit_common:/opt/ros/humble LD_LIBRARY_PATH=/home/aaron/ur_ws/install/moveit_task_constructor_core/lib:/home/aaron/ur_ws/install/pilz_industrial_motion_planner/lib:/home/aaron/ur_ws/install/moveit_ros_planning_interface/lib:/home/aaron/ur_ws/install/moveit_ros_move_group/lib:/home/aaron/ur_ws/install/moveit_ros_warehouse/lib:/home/aaron/ur_ws/install/moveit_planners_ompl/lib:/home/aaron/ur_ws/install/moveit_kinematics/lib:/home/aaron/ur_ws/install/moveit_ros_planning/lib:/home/aaron/ur_ws/install/moveit_planners_chomp/lib:/home/aaron/ur_ws/install/pilz_industrial_motion_planner_testutils/lib:/home/aaron/ur_ws/install/moveit_simple_controller_manager/lib:/home/aaron/ur_ws/install/moveit_ros_occupancy_map_monitor/lib:/home/aaron/ur_ws/install/moveit_resources_prbt_ikfast_manipulator_plugin/lib:/home/aaron/ur_ws/install/chomp_motion_planner/lib:/home/aaron/ur_ws/install/moveit_core/lib:/home/aaron/ur_ws/install/rviz_marker_tools/lib:/home/aaron/ur_ws/install/srdfdom/lib:/home/aaron/ur_ws/install/moveit_task_constructor_msgs/lib:${LD_LIBRARY_PATH} PATH=/home/aaron/ur_ws/install/moveit_core/bin:${PATH} PYTHONPATH=/home/aaron/ur_ws/install/moveit_task_constructor_core/local/lib/python3.10/dist-packages:/home/aaron/ur_ws/install/moveit_configs_utils/lib/python3.10/site-packages:/home/aaron/ur_ws/install/srdfdom/local/lib/python3.10/dist-packages:/home/aaron/ur_ws/install/moveit_task_constructor_msgs/local/lib/python3.10/dist-packages:/home/aaron/ur_ws/install/launch_param_builder/lib/python3.10/site-packages:${PYTHONPATH} /usr/bin/cmake --build /home/aaron/ur_ws/build/moveit_task_constructor_capabilities -- -j20 -l20
[4.612s] DEBUG:colcon.colcon_core.event_handler.log_command:Invoking command in '/home/aaron/ur_ws/build/moveit_task_constructor_visualization': AMENT_PREFIX_PATH=/home/aaron/ur_ws/install/moveit_task_constructor_core:/home/aaron/ur_ws/install/moveit_planners:/home/aaron/ur_ws/install/pilz_industrial_motion_planner:/home/aaron/ur_ws/install/moveit_ros_visualization:/home/aaron/ur_ws/install/moveit_resources_prbt_pg70_support:/home/aaron/ur_ws/install/moveit_ros_planning_interface:/home/aaron/ur_ws/install/moveit_resources_prbt_moveit_config:/home/aaron/ur_ws/install/moveit_ros_move_group:/home/aaron/ur_ws/install/moveit_ros_warehouse:/home/aaron/ur_ws/install/moveit_ros_robot_interaction:/home/aaron/ur_ws/install/moveit_planners_ompl:/home/aaron/ur_ws/install/moveit_kinematics:/home/aaron/ur_ws/install/moveit_ros_planning:/home/aaron/ur_ws/install/moveit_planners_chomp:/home/aaron/ur_ws/install/pilz_industrial_motion_planner_testutils:/home/aaron/ur_ws/install/moveit_simple_controller_manager:/home/aaron/ur_ws/install/moveit_ros_occupancy_map_monitor:/home/aaron/ur_ws/install/moveit_resources_prbt_ikfast_manipulator_plugin:/home/aaron/ur_ws/install/chomp_motion_planner:/home/aaron/ur_ws/install/moveit_core:/home/aaron/ur_ws/install/rviz_marker_tools:/home/aaron/ur_ws/install/moveit_resources_panda_moveit_config:/home/aaron/ur_ws/install/moveit_resources_fanuc_moveit_config:/home/aaron/ur_ws/install/moveit_configs_utils:/home/aaron/ur_ws/install/srdfdom:/home/aaron/ur_ws/install/moveit_task_constructor_msgs:/home/aaron/ur_ws/install/moveit_resources_prbt_support:/home/aaron/ur_ws/install/moveit_resources_pr2_description:/home/aaron/ur_ws/install/moveit_resources_panda_description:/home/aaron/ur_ws/install/moveit_resources_fanuc_description:/home/aaron/ur_ws/install/moveit_common:/home/aaron/ur_ws/install/launch_param_builder:${AMENT_PREFIX_PATH} CMAKE_MODULE_PATH=/home/aaron/ur_ws/install/moveit_task_constructor_core/share/moveit_task_constructor_core/cmake CMAKE_PREFIX_PATH=/home/aaron/ur_ws/install/moveit_task_constructor_core:/home/aaron/ur_ws/install/moveit_planners:/home/aaron/ur_ws/install/pilz_industrial_motion_planner:/home/aaron/ur_ws/install/moveit_ros_visualization:/home/aaron/ur_ws/install/moveit_resources_prbt_pg70_support:/home/aaron/ur_ws/install/moveit_ros_planning_interface:/home/aaron/ur_ws/install/moveit_resources_prbt_moveit_config:/home/aaron/ur_ws/install/moveit_ros_move_group:/home/aaron/ur_ws/install/moveit_ros_warehouse:/home/aaron/ur_ws/install/moveit_ros_robot_interaction:/home/aaron/ur_ws/install/moveit_planners_ompl:/home/aaron/ur_ws/install/moveit_kinematics:/home/aaron/ur_ws/install/moveit_ros_planning:/home/aaron/ur_ws/install/moveit_planners_chomp:/home/aaron/ur_ws/install/pilz_industrial_motion_planner_testutils:/home/aaron/ur_ws/install/moveit_simple_controller_manager:/home/aaron/ur_ws/install/moveit_ros_occupancy_map_monitor:/home/aaron/ur_ws/install/moveit_resources_prbt_ikfast_manipulator_plugin:/home/aaron/ur_ws/install/chomp_motion_planner:/home/aaron/ur_ws/install/moveit_core:/home/aaron/ur_ws/install/rviz_marker_tools:/home/aaron/ur_ws/install/moveit_resources_panda_moveit_config:/home/aaron/ur_ws/install/moveit_resources_fanuc_moveit_config:/home/aaron/ur_ws/install/srdfdom:/home/aaron/ur_ws/install/moveit_task_constructor_msgs:/home/aaron/ur_ws/install/moveit_resources_prbt_support:/home/aaron/ur_ws/install/moveit_resources_pr2_description:/home/aaron/ur_ws/install/moveit_resources_panda_description:/home/aaron/ur_ws/install/moveit_resources_fanuc_description:/home/aaron/ur_ws/install/moveit_common:/opt/ros/humble LD_LIBRARY_PATH=/home/aaron/ur_ws/install/moveit_task_constructor_core/lib:/home/aaron/ur_ws/install/pilz_industrial_motion_planner/lib:/home/aaron/ur_ws/install/moveit_ros_visualization/lib:/home/aaron/ur_ws/install/moveit_ros_planning_interface/lib:/home/aaron/ur_ws/install/moveit_ros_move_group/lib:/home/aaron/ur_ws/install/moveit_ros_warehouse/lib:/home/aaron/ur_ws/install/moveit_ros_robot_interaction/lib:/home/aaron/ur_ws/install/moveit_planners_ompl/lib:/home/aaron/ur_ws/install/moveit_kinematics/lib:/home/aaron/ur_ws/install/moveit_ros_planning/lib:/home/aaron/ur_ws/install/moveit_planners_chomp/lib:/home/aaron/ur_ws/install/pilz_industrial_motion_planner_testutils/lib:/home/aaron/ur_ws/install/moveit_simple_controller_manager/lib:/home/aaron/ur_ws/install/moveit_ros_occupancy_map_monitor/lib:/home/aaron/ur_ws/install/moveit_resources_prbt_ikfast_manipulator_plugin/lib:/home/aaron/ur_ws/install/chomp_motion_planner/lib:/home/aaron/ur_ws/install/moveit_core/lib:/home/aaron/ur_ws/install/rviz_marker_tools/lib:/home/aaron/ur_ws/install/srdfdom/lib:/home/aaron/ur_ws/install/moveit_task_constructor_msgs/lib:${LD_LIBRARY_PATH} PATH=/home/aaron/ur_ws/install/moveit_core/bin:${PATH} PYTHONPATH=/home/aaron/ur_ws/install/moveit_task_constructor_core/local/lib/python3.10/dist-packages:/home/aaron/ur_ws/install/moveit_configs_utils/lib/python3.10/site-packages:/home/aaron/ur_ws/install/srdfdom/local/lib/python3.10/dist-packages:/home/aaron/ur_ws/install/moveit_task_constructor_msgs/local/lib/python3.10/dist-packages:/home/aaron/ur_ws/install/launch_param_builder/lib/python3.10/site-packages:${PYTHONPATH} /usr/bin/cmake --build /home/aaron/ur_ws/build/moveit_task_constructor_visualization -- -j20 -l20
[35.535s] DEBUG:colcon.colcon_core.event_handler.log_command:Invoked command in '/home/aaron/ur_ws/build/moveit_control' returned '2': AMENT_PREFIX_PATH=/home/aaron/ur_ws/install/moveit_task_constructor_core:/home/aaron/ur_ws/install/moveit_planners:/home/aaron/ur_ws/install/pilz_industrial_motion_planner:/home/aaron/ur_ws/install/moveit_resources_prbt_pg70_support:/home/aaron/ur_ws/install/moveit_ros_planning_interface:/home/aaron/ur_ws/install/moveit_resources_prbt_moveit_config:/home/aaron/ur_ws/install/moveit_ros_move_group:/home/aaron/ur_ws/install/moveit_ros_warehouse:/home/aaron/ur_ws/install/moveit_planners_ompl:/home/aaron/ur_ws/install/moveit_kinematics:/home/aaron/ur_ws/install/moveit_ros_planning:/home/aaron/ur_ws/install/moveit_planners_chomp:/home/aaron/ur_ws/install/pilz_industrial_motion_planner_testutils:/home/aaron/ur_ws/install/moveit_simple_controller_manager:/home/aaron/ur_ws/install/moveit_ros_occupancy_map_monitor:/home/aaron/ur_ws/install/moveit_resources_prbt_ikfast_manipulator_plugin:/home/aaron/ur_ws/install/chomp_motion_planner:/home/aaron/ur_ws/install/moveit_core:/home/aaron/ur_ws/install/rviz_marker_tools:/home/aaron/ur_ws/install/moveit_resources_panda_moveit_config:/home/aaron/ur_ws/install/moveit_resources_fanuc_moveit_config:/home/aaron/ur_ws/install/moveit_configs_utils:/home/aaron/ur_ws/install/srdfdom:/home/aaron/ur_ws/install/moveit_task_constructor_msgs:/home/aaron/ur_ws/install/moveit_resources_prbt_support:/home/aaron/ur_ws/install/moveit_resources_pr2_description:/home/aaron/ur_ws/install/moveit_resources_panda_description:/home/aaron/ur_ws/install/moveit_resources_fanuc_description:/home/aaron/ur_ws/install/moveit_common:/home/aaron/ur_ws/install/launch_param_builder:${AMENT_PREFIX_PATH} CMAKE_MODULE_PATH=/home/aaron/ur_ws/install/moveit_task_constructor_core/share/moveit_task_constructor_core/cmake CMAKE_PREFIX_PATH=/home/aaron/ur_ws/install/moveit_task_constructor_core:/home/aaron/ur_ws/install/moveit_planners:/home/aaron/ur_ws/install/pilz_industrial_motion_planner:/home/aaron/ur_ws/install/moveit_resources_prbt_pg70_support:/home/aaron/ur_ws/install/moveit_ros_planning_interface:/home/aaron/ur_ws/install/moveit_resources_prbt_moveit_config:/home/aaron/ur_ws/install/moveit_ros_move_group:/home/aaron/ur_ws/install/moveit_ros_warehouse:/home/aaron/ur_ws/install/moveit_planners_ompl:/home/aaron/ur_ws/install/moveit_kinematics:/home/aaron/ur_ws/install/moveit_ros_planning:/home/aaron/ur_ws/install/moveit_planners_chomp:/home/aaron/ur_ws/install/pilz_industrial_motion_planner_testutils:/home/aaron/ur_ws/install/moveit_simple_controller_manager:/home/aaron/ur_ws/install/moveit_ros_occupancy_map_monitor:/home/aaron/ur_ws/install/moveit_resources_prbt_ikfast_manipulator_plugin:/home/aaron/ur_ws/install/chomp_motion_planner:/home/aaron/ur_ws/install/moveit_core:/home/aaron/ur_ws/install/rviz_marker_tools:/home/aaron/ur_ws/install/moveit_resources_panda_moveit_config:/home/aaron/ur_ws/install/moveit_resources_fanuc_moveit_config:/home/aaron/ur_ws/install/srdfdom:/home/aaron/ur_ws/install/moveit_task_constructor_msgs:/home/aaron/ur_ws/install/moveit_resources_prbt_support:/home/aaron/ur_ws/install/moveit_resources_pr2_description:/home/aaron/ur_ws/install/moveit_resources_panda_description:/home/aaron/ur_ws/install/moveit_resources_fanuc_description:/home/aaron/ur_ws/install/moveit_common:/opt/ros/humble LD_LIBRARY_PATH=/home/aaron/ur_ws/install/moveit_task_constructor_core/lib:/home/aaron/ur_ws/install/pilz_industrial_motion_planner/lib:/home/aaron/ur_ws/install/moveit_ros_planning_interface/lib:/home/aaron/ur_ws/install/moveit_ros_move_group/lib:/home/aaron/ur_ws/install/moveit_ros_warehouse/lib:/home/aaron/ur_ws/install/moveit_planners_ompl/lib:/home/aaron/ur_ws/install/moveit_kinematics/lib:/home/aaron/ur_ws/install/moveit_ros_planning/lib:/home/aaron/ur_ws/install/moveit_planners_chomp/lib:/home/aaron/ur_ws/install/pilz_industrial_motion_planner_testutils/lib:/home/aaron/ur_ws/install/moveit_simple_controller_manager/lib:/home/aaron/ur_ws/install/moveit_ros_occupancy_map_monitor/lib:/home/aaron/ur_ws/install/moveit_resources_prbt_ikfast_manipulator_plugin/lib:/home/aaron/ur_ws/install/chomp_motion_planner/lib:/home/aaron/ur_ws/install/moveit_core/lib:/home/aaron/ur_ws/install/rviz_marker_tools/lib:/home/aaron/ur_ws/install/srdfdom/lib:/home/aaron/ur_ws/install/moveit_task_constructor_msgs/lib:${LD_LIBRARY_PATH} PATH=/home/aaron/ur_ws/install/moveit_core/bin:${PATH} PYTHONPATH=/home/aaron/ur_ws/install/moveit_task_constructor_core/local/lib/python3.10/dist-packages:/home/aaron/ur_ws/install/moveit_configs_utils/lib/python3.10/site-packages:/home/aaron/ur_ws/install/srdfdom/local/lib/python3.10/dist-packages:/home/aaron/ur_ws/install/moveit_task_constructor_msgs/local/lib/python3.10/dist-packages:/home/aaron/ur_ws/install/launch_param_builder/lib/python3.10/site-packages:${PYTHONPATH} /usr/bin/cmake --build /home/aaron/ur_ws/build/moveit_control -- -j20 -l20
[35.541s] Level 1:colcon.colcon_core.environment:create_environment_scripts_only(moveit_control)
[35.542s] Level 1:colcon.colcon_core.environment:checking '/home/aaron/ur_ws/install/moveit_control' for CMake module files
[35.547s] Level 1:colcon.colcon_core.environment:checking '/home/aaron/ur_ws/install/moveit_control' for CMake config files
[35.547s] Level 1:colcon.colcon_core.shell:create_environment_hook('moveit_control', 'cmake_prefix_path')
[35.548s] INFO:colcon.colcon_core.shell:Creating environment hook '/home/aaron/ur_ws/install/moveit_control/share/moveit_control/hook/cmake_prefix_path.ps1'
[35.556s] INFO:colcon.colcon_core.shell:Creating environment descriptor '/home/aaron/ur_ws/install/moveit_control/share/moveit_control/hook/cmake_prefix_path.dsv'
[35.557s] INFO:colcon.colcon_core.shell:Creating environment hook '/home/aaron/ur_ws/install/moveit_control/share/moveit_control/hook/cmake_prefix_path.sh'
[35.566s] Level 1:colcon.colcon_core.environment:checking '/home/aaron/ur_ws/install/moveit_control/lib'
[35.566s] Level 1:colcon.colcon_core.environment:checking '/home/aaron/ur_ws/install/moveit_control/bin'
[35.566s] Level 1:colcon.colcon_core.environment:checking '/home/aaron/ur_ws/install/moveit_control/lib/pkgconfig/moveit_control.pc'
[35.576s] Level 1:colcon.colcon_core.environment:checking '/home/aaron/ur_ws/install/moveit_control/lib/python3.10/site-packages'
[35.578s] Level 1:colcon.colcon_core.environment:checking '/home/aaron/ur_ws/install/moveit_control/bin'
[35.579s] INFO:colcon.colcon_core.shell:Creating package script '/home/aaron/ur_ws/install/moveit_control/share/moveit_control/package.ps1'
[35.590s] INFO:colcon.colcon_core.shell:Creating package descriptor '/home/aaron/ur_ws/install/moveit_control/share/moveit_control/package.dsv'
[35.601s] INFO:colcon.colcon_core.shell:Creating package script '/home/aaron/ur_ws/install/moveit_control/share/moveit_control/package.sh'
[35.602s] INFO:colcon.colcon_core.shell:Creating package script '/home/aaron/ur_ws/install/moveit_control/share/moveit_control/package.bash'
[35.613s] INFO:colcon.colcon_core.shell:Creating package script '/home/aaron/ur_ws/install/moveit_control/share/moveit_control/package.zsh'
[35.615s] Level 1:colcon.colcon_core.environment:create_file_with_runtime_dependencies(/home/aaron/ur_ws/install/moveit_control/share/colcon-core/packages/moveit_control)
