[0.083s] DEBUG:colcon:Command line arguments: ['/usr/bin/colcon', 'build']
[0.083s] DEBUG:colcon:Parsed command line arguments: Namespace(log_base=None, log_level=None, verb_name='build', build_base='build', install_base='install', merge_install=False, symlink_install=False, test_result_base=None, continue_on_error=False, executor='parallel', parallel_workers=20, event_handlers=None, ignore_user_meta=False, metas=['./colcon.meta'], base_paths=['.'], packages_ignore=None, packages_ignore_regex=None, paths=None, packages_up_to=None, packages_up_to_regex=None, packages_above=None, packages_above_and_dependencies=None, packages_above_depth=None, packages_select_by_dep=None, packages_skip_by_dep=None, packages_skip_up_to=None, packages_select_build_failed=False, packages_skip_build_finished=False, packages_select_test_failures=False, packages_skip_test_passed=False, packages_select=None, packages_skip=None, packages_select_regex=None, packages_skip_regex=None, packages_start=None, packages_end=None, allow_overriding=[], cmake_args=None, cmake_target=None, cmake_target_skip_unavailable=False, cmake_clean_cache=False, cmake_clean_first=False, cmake_force_configure=False, ament_cmake_args=None, catkin_cmake_args=None, catkin_skip_building_tests=False, verb_parser=<colcon_defaults.argument_parser.defaults.DefaultArgumentsDecorator object at 0x7cd2f956e590>, verb_extension=<colcon_core.verb.build.BuildVerb object at 0x7cd2f956d750>, main=<bound method BuildVerb.main of <colcon_core.verb.build.BuildVerb object at 0x7cd2f956d750>>)
[0.219s] Level 1:colcon.colcon_core.package_discovery:discover_packages(colcon_meta) check parameters
[0.219s] Level 1:colcon.colcon_core.package_discovery:discover_packages(recursive) check parameters
[0.219s] Level 1:colcon.colcon_core.package_discovery:discover_packages(ignore) check parameters
[0.219s] Level 1:colcon.colcon_core.package_discovery:discover_packages(path) check parameters
[0.219s] Level 1:colcon.colcon_core.package_discovery:discover_packages(colcon_meta) discover
[0.219s] Level 1:colcon.colcon_core.package_discovery:discover_packages(recursive) discover
[0.219s] INFO:colcon.colcon_core.package_discovery:Crawling recursively for packages in '/home/aaron/ur_ws'
[0.220s] Level 1:colcon.colcon_core.package_identification:_identify(.) by extensions ['ignore', 'ignore_ament_install']
[0.220s] Level 1:colcon.colcon_core.package_identification:_identify(.) by extension 'ignore'
[0.220s] Level 1:colcon.colcon_core.package_identification:_identify(.) by extension 'ignore_ament_install'
[0.220s] Level 1:colcon.colcon_core.package_identification:_identify(.) by extensions ['colcon_pkg']
[0.220s] Level 1:colcon.colcon_core.package_identification:_identify(.) by extension 'colcon_pkg'
[0.220s] Level 1:colcon.colcon_core.package_identification:_identify(.) by extensions ['colcon_meta']
[0.220s] Level 1:colcon.colcon_core.package_identification:_identify(.) by extension 'colcon_meta'
[0.220s] Level 1:colcon.colcon_core.package_identification:_identify(.) by extensions ['ros']
[0.220s] Level 1:colcon.colcon_core.package_identification:_identify(.) by extension 'ros'
[0.228s] Level 1:colcon.colcon_core.package_identification:_identify(.) by extensions ['cmake', 'python']
[0.228s] Level 1:colcon.colcon_core.package_identification:_identify(.) by extension 'cmake'
[0.228s] Level 1:colcon.colcon_core.package_identification:_identify(.) by extension 'python'
[0.228s] Level 1:colcon.colcon_core.package_identification:_identify(.) by extensions ['python_setup_py']
[0.228s] Level 1:colcon.colcon_core.package_identification:_identify(.) by extension 'python_setup_py'
[0.228s] Level 1:colcon.colcon_core.package_identification:_identify(build) by extensions ['ignore', 'ignore_ament_install']
[0.228s] Level 1:colcon.colcon_core.package_identification:_identify(build) by extension 'ignore'
[0.228s] Level 1:colcon.colcon_core.package_identification:_identify(build) ignored
[0.228s] Level 1:colcon.colcon_core.package_identification:_identify(install) by extensions ['ignore', 'ignore_ament_install']
[0.228s] Level 1:colcon.colcon_core.package_identification:_identify(install) by extension 'ignore'
[0.228s] Level 1:colcon.colcon_core.package_identification:_identify(install) ignored
[0.228s] Level 1:colcon.colcon_core.package_identification:_identify(log) by extensions ['ignore', 'ignore_ament_install']
[0.228s] Level 1:colcon.colcon_core.package_identification:_identify(log) by extension 'ignore'
[0.228s] Level 1:colcon.colcon_core.package_identification:_identify(log) ignored
[0.228s] Level 1:colcon.colcon_core.package_identification:_identify(src) by extensions ['ignore', 'ignore_ament_install']
[0.228s] Level 1:colcon.colcon_core.package_identification:_identify(src) by extension 'ignore'
[0.228s] Level 1:colcon.colcon_core.package_identification:_identify(src) by extension 'ignore_ament_install'
[0.228s] Level 1:colcon.colcon_core.package_identification:_identify(src) by extensions ['colcon_pkg']
[0.228s] Level 1:colcon.colcon_core.package_identification:_identify(src) by extension 'colcon_pkg'
[0.228s] Level 1:colcon.colcon_core.package_identification:_identify(src) by extensions ['colcon_meta']
[0.228s] Level 1:colcon.colcon_core.package_identification:_identify(src) by extension 'colcon_meta'
[0.228s] Level 1:colcon.colcon_core.package_identification:_identify(src) by extensions ['ros']
[0.228s] Level 1:colcon.colcon_core.package_identification:_identify(src) by extension 'ros'
[0.228s] Level 1:colcon.colcon_core.package_identification:_identify(src) by extensions ['cmake', 'python']
[0.228s] Level 1:colcon.colcon_core.package_identification:_identify(src) by extension 'cmake'
[0.229s] Level 1:colcon.colcon_core.package_identification:_identify(src) by extension 'python'
[0.229s] Level 1:colcon.colcon_core.package_identification:_identify(src) by extensions ['python_setup_py']
[0.229s] Level 1:colcon.colcon_core.package_identification:_identify(src) by extension 'python_setup_py'
[0.229s] Level 1:colcon.colcon_core.package_identification:_identify(src/Open_control) by extensions ['ignore', 'ignore_ament_install']
[0.229s] Level 1:colcon.colcon_core.package_identification:_identify(src/Open_control) by extension 'ignore'
[0.229s] Level 1:colcon.colcon_core.package_identification:_identify(src/Open_control) by extension 'ignore_ament_install'
[0.229s] Level 1:colcon.colcon_core.package_identification:_identify(src/Open_control) by extensions ['colcon_pkg']
[0.229s] Level 1:colcon.colcon_core.package_identification:_identify(src/Open_control) by extension 'colcon_pkg'
[0.229s] Level 1:colcon.colcon_core.package_identification:_identify(src/Open_control) by extensions ['colcon_meta']
[0.229s] Level 1:colcon.colcon_core.package_identification:_identify(src/Open_control) by extension 'colcon_meta'
[0.229s] Level 1:colcon.colcon_core.package_identification:_identify(src/Open_control) by extensions ['ros']
[0.229s] Level 1:colcon.colcon_core.package_identification:_identify(src/Open_control) by extension 'ros'
[0.230s] DEBUG:colcon.colcon_core.package_identification:Package 'src/Open_control' with type 'ros.ament_python' and name 'Open_control'
[0.231s] Level 1:colcon.colcon_core.package_identification:_identify(src/build) by extensions ['ignore', 'ignore_ament_install']
[0.231s] Level 1:colcon.colcon_core.package_identification:_identify(src/build) by extension 'ignore'
[0.231s] Level 1:colcon.colcon_core.package_identification:_identify(src/build) ignored
[0.231s] Level 1:colcon.colcon_core.package_identification:_identify(src/install) by extensions ['ignore', 'ignore_ament_install']
[0.231s] Level 1:colcon.colcon_core.package_identification:_identify(src/install) by extension 'ignore'
[0.231s] Level 1:colcon.colcon_core.package_identification:_identify(src/install) ignored
[0.231s] Level 1:colcon.colcon_core.package_identification:_identify(src/launch_param_builder) by extensions ['ignore', 'ignore_ament_install']
[0.231s] Level 1:colcon.colcon_core.package_identification:_identify(src/launch_param_builder) by extension 'ignore'
[0.231s] Level 1:colcon.colcon_core.package_identification:_identify(src/launch_param_builder) by extension 'ignore_ament_install'
[0.231s] Level 1:colcon.colcon_core.package_identification:_identify(src/launch_param_builder) by extensions ['colcon_pkg']
[0.231s] Level 1:colcon.colcon_core.package_identification:_identify(src/launch_param_builder) by extension 'colcon_pkg'
[0.231s] Level 1:colcon.colcon_core.package_identification:_identify(src/launch_param_builder) by extensions ['colcon_meta']
[0.231s] Level 1:colcon.colcon_core.package_identification:_identify(src/launch_param_builder) by extension 'colcon_meta'
[0.231s] Level 1:colcon.colcon_core.package_identification:_identify(src/launch_param_builder) by extensions ['ros']
[0.231s] Level 1:colcon.colcon_core.package_identification:_identify(src/launch_param_builder) by extension 'ros'
[0.231s] DEBUG:colcon.colcon_core.package_identification:Package 'src/launch_param_builder' with type 'ros.ament_python' and name 'launch_param_builder'
[0.231s] Level 1:colcon.colcon_core.package_identification:_identify(src/log) by extensions ['ignore', 'ignore_ament_install']
[0.231s] Level 1:colcon.colcon_core.package_identification:_identify(src/log) by extension 'ignore'
[0.231s] Level 1:colcon.colcon_core.package_identification:_identify(src/log) ignored
[0.232s] Level 1:colcon.colcon_core.package_identification:_identify(src/moveit2) by extensions ['ignore', 'ignore_ament_install']
[0.232s] Level 1:colcon.colcon_core.package_identification:_identify(src/moveit2) by extension 'ignore'
[0.232s] Level 1:colcon.colcon_core.package_identification:_identify(src/moveit2) by extension 'ignore_ament_install'
[0.232s] Level 1:colcon.colcon_core.package_identification:_identify(src/moveit2) by extensions ['colcon_pkg']
[0.232s] Level 1:colcon.colcon_core.package_identification:_identify(src/moveit2) by extension 'colcon_pkg'
[0.232s] Level 1:colcon.colcon_core.package_identification:_identify(src/moveit2) by extensions ['colcon_meta']
[0.232s] Level 1:colcon.colcon_core.package_identification:_identify(src/moveit2) by extension 'colcon_meta'
[0.232s] Level 1:colcon.colcon_core.package_identification:_identify(src/moveit2) by extensions ['ros']
[0.232s] Level 1:colcon.colcon_core.package_identification:_identify(src/moveit2) by extension 'ros'
[0.232s] Level 1:colcon.colcon_core.package_identification:_identify(src/moveit2) by extensions ['cmake', 'python']
[0.232s] Level 1:colcon.colcon_core.package_identification:_identify(src/moveit2) by extension 'cmake'
[0.232s] Level 1:colcon.colcon_core.package_identification:_identify(src/moveit2) by extension 'python'
[0.232s] Level 1:colcon.colcon_core.package_identification:_identify(src/moveit2) by extensions ['python_setup_py']
[0.232s] Level 1:colcon.colcon_core.package_identification:_identify(src/moveit2) by extension 'python_setup_py'
[0.232s] Level 1:colcon.colcon_core.package_identification:_identify(src/moveit2/doc) by extensions ['ignore', 'ignore_ament_install']
[0.232s] Level 1:colcon.colcon_core.package_identification:_identify(src/moveit2/doc) by extension 'ignore'
[0.232s] Level 1:colcon.colcon_core.package_identification:_identify(src/moveit2/doc) by extension 'ignore_ament_install'
[0.232s] Level 1:colcon.colcon_core.package_identification:_identify(src/moveit2/doc) by extensions ['colcon_pkg']
[0.232s] Level 1:colcon.colcon_core.package_identification:_identify(src/moveit2/doc) by extension 'colcon_pkg'
[0.232s] Level 1:colcon.colcon_core.package_identification:_identify(src/moveit2/doc) by extensions ['colcon_meta']
[0.232s] Level 1:colcon.colcon_core.package_identification:_identify(src/moveit2/doc) by extension 'colcon_meta'
[0.232s] Level 1:colcon.colcon_core.package_identification:_identify(src/moveit2/doc) by extensions ['ros']
[0.232s] Level 1:colcon.colcon_core.package_identification:_identify(src/moveit2/doc) by extension 'ros'
[0.232s] Level 1:colcon.colcon_core.package_identification:_identify(src/moveit2/doc) by extensions ['cmake', 'python']
[0.232s] Level 1:colcon.colcon_core.package_identification:_identify(src/moveit2/doc) by extension 'cmake'
[0.232s] Level 1:colcon.colcon_core.package_identification:_identify(src/moveit2/doc) by extension 'python'
[0.232s] Level 1:colcon.colcon_core.package_identification:_identify(src/moveit2/doc) by extensions ['python_setup_py']
[0.232s] Level 1:colcon.colcon_core.package_identification:_identify(src/moveit2/doc) by extension 'python_setup_py'
[0.232s] Level 1:colcon.colcon_core.package_identification:_identify(src/moveit2/moveit) by extensions ['ignore', 'ignore_ament_install']
[0.232s] Level 1:colcon.colcon_core.package_identification:_identify(src/moveit2/moveit) by extension 'ignore'
[0.232s] Level 1:colcon.colcon_core.package_identification:_identify(src/moveit2/moveit) by extension 'ignore_ament_install'
[0.232s] Level 1:colcon.colcon_core.package_identification:_identify(src/moveit2/moveit) by extensions ['colcon_pkg']
[0.232s] Level 1:colcon.colcon_core.package_identification:_identify(src/moveit2/moveit) by extension 'colcon_pkg'
[0.232s] Level 1:colcon.colcon_core.package_identification:_identify(src/moveit2/moveit) by extensions ['colcon_meta']
[0.232s] Level 1:colcon.colcon_core.package_identification:_identify(src/moveit2/moveit) by extension 'colcon_meta'
[0.232s] Level 1:colcon.colcon_core.package_identification:_identify(src/moveit2/moveit) by extensions ['ros']
[0.232s] Level 1:colcon.colcon_core.package_identification:_identify(src/moveit2/moveit) by extension 'ros'
[0.234s] DEBUG:colcon.colcon_core.package_identification:Package 'src/moveit2/moveit' with type 'ros.ament_cmake' and name 'moveit'
[0.234s] Level 1:colcon.colcon_core.package_identification:_identify(src/moveit2/moveit_common) by extensions ['ignore', 'ignore_ament_install']
[0.234s] Level 1:colcon.colcon_core.package_identification:_identify(src/moveit2/moveit_common) by extension 'ignore'
[0.234s] Level 1:colcon.colcon_core.package_identification:_identify(src/moveit2/moveit_common) by extension 'ignore_ament_install'
[0.234s] Level 1:colcon.colcon_core.package_identification:_identify(src/moveit2/moveit_common) by extensions ['colcon_pkg']
[0.234s] Level 1:colcon.colcon_core.package_identification:_identify(src/moveit2/moveit_common) by extension 'colcon_pkg'
[0.234s] Level 1:colcon.colcon_core.package_identification:_identify(src/moveit2/moveit_common) by extensions ['colcon_meta']
[0.234s] Level 1:colcon.colcon_core.package_identification:_identify(src/moveit2/moveit_common) by extension 'colcon_meta'
[0.234s] Level 1:colcon.colcon_core.package_identification:_identify(src/moveit2/moveit_common) by extensions ['ros']
[0.234s] Level 1:colcon.colcon_core.package_identification:_identify(src/moveit2/moveit_common) by extension 'ros'
[0.234s] DEBUG:colcon.colcon_core.package_identification:Package 'src/moveit2/moveit_common' with type 'ros.ament_cmake' and name 'moveit_common'
[0.235s] Level 1:colcon.colcon_core.package_identification:_identify(src/moveit2/moveit_configs_utils) by extensions ['ignore', 'ignore_ament_install']
[0.235s] Level 1:colcon.colcon_core.package_identification:_identify(src/moveit2/moveit_configs_utils) by extension 'ignore'
[0.235s] Level 1:colcon.colcon_core.package_identification:_identify(src/moveit2/moveit_configs_utils) by extension 'ignore_ament_install'
[0.235s] Level 1:colcon.colcon_core.package_identification:_identify(src/moveit2/moveit_configs_utils) by extensions ['colcon_pkg']
[0.235s] Level 1:colcon.colcon_core.package_identification:_identify(src/moveit2/moveit_configs_utils) by extension 'colcon_pkg'
[0.235s] Level 1:colcon.colcon_core.package_identification:_identify(src/moveit2/moveit_configs_utils) by extensions ['colcon_meta']
[0.235s] Level 1:colcon.colcon_core.package_identification:_identify(src/moveit2/moveit_configs_utils) by extension 'colcon_meta'
[0.235s] Level 1:colcon.colcon_core.package_identification:_identify(src/moveit2/moveit_configs_utils) by extensions ['ros']
[0.235s] Level 1:colcon.colcon_core.package_identification:_identify(src/moveit2/moveit_configs_utils) by extension 'ros'
[0.235s] DEBUG:colcon.colcon_core.package_identification:Package 'src/moveit2/moveit_configs_utils' with type 'ros.ament_python' and name 'moveit_configs_utils'
[0.235s] Level 1:colcon.colcon_core.package_identification:_identify(src/moveit2/moveit_core) by extensions ['ignore', 'ignore_ament_install']
[0.235s] Level 1:colcon.colcon_core.package_identification:_identify(src/moveit2/moveit_core) by extension 'ignore'
[0.235s] Level 1:colcon.colcon_core.package_identification:_identify(src/moveit2/moveit_core) by extension 'ignore_ament_install'
[0.235s] Level 1:colcon.colcon_core.package_identification:_identify(src/moveit2/moveit_core) by extensions ['colcon_pkg']
[0.235s] Level 1:colcon.colcon_core.package_identification:_identify(src/moveit2/moveit_core) by extension 'colcon_pkg'
[0.235s] Level 1:colcon.colcon_core.package_identification:_identify(src/moveit2/moveit_core) by extensions ['colcon_meta']
[0.235s] Level 1:colcon.colcon_core.package_identification:_identify(src/moveit2/moveit_core) by extension 'colcon_meta'
[0.235s] Level 1:colcon.colcon_core.package_identification:_identify(src/moveit2/moveit_core) by extensions ['ros']
[0.235s] Level 1:colcon.colcon_core.package_identification:_identify(src/moveit2/moveit_core) by extension 'ros'
[0.243s] DEBUG:colcon.colcon_core.package_identification:Package 'src/moveit2/moveit_core' with type 'ros.ament_cmake' and name 'moveit_core'
[0.243s] Level 1:colcon.colcon_core.package_identification:_identify(src/moveit2/moveit_experimental) by extensions ['ignore', 'ignore_ament_install']
[0.243s] Level 1:colcon.colcon_core.package_identification:_identify(src/moveit2/moveit_experimental) by extension 'ignore'
[0.243s] Level 1:colcon.colcon_core.package_identification:_identify(src/moveit2/moveit_experimental) ignored
[0.243s] Level 1:colcon.colcon_core.package_identification:_identify(src/moveit2/moveit_kinematics) by extensions ['ignore', 'ignore_ament_install']
[0.243s] Level 1:colcon.colcon_core.package_identification:_identify(src/moveit2/moveit_kinematics) by extension 'ignore'
[0.243s] Level 1:colcon.colcon_core.package_identification:_identify(src/moveit2/moveit_kinematics) by extension 'ignore_ament_install'
[0.243s] Level 1:colcon.colcon_core.package_identification:_identify(src/moveit2/moveit_kinematics) by extensions ['colcon_pkg']
[0.243s] Level 1:colcon.colcon_core.package_identification:_identify(src/moveit2/moveit_kinematics) by extension 'colcon_pkg'
[0.243s] Level 1:colcon.colcon_core.package_identification:_identify(src/moveit2/moveit_kinematics) by extensions ['colcon_meta']
[0.243s] Level 1:colcon.colcon_core.package_identification:_identify(src/moveit2/moveit_kinematics) by extension 'colcon_meta'
[0.243s] Level 1:colcon.colcon_core.package_identification:_identify(src/moveit2/moveit_kinematics) by extensions ['ros']
[0.244s] Level 1:colcon.colcon_core.package_identification:_identify(src/moveit2/moveit_kinematics) by extension 'ros'
[0.245s] DEBUG:colcon.colcon_core.package_identification:Package 'src/moveit2/moveit_kinematics' with type 'ros.ament_cmake' and name 'moveit_kinematics'
[0.245s] Level 1:colcon.colcon_core.package_identification:_identify(src/moveit2/moveit_planners) by extensions ['ignore', 'ignore_ament_install']
[0.245s] Level 1:colcon.colcon_core.package_identification:_identify(src/moveit2/moveit_planners) by extension 'ignore'
[0.245s] Level 1:colcon.colcon_core.package_identification:_identify(src/moveit2/moveit_planners) by extension 'ignore_ament_install'
[0.245s] Level 1:colcon.colcon_core.package_identification:_identify(src/moveit2/moveit_planners) by extensions ['colcon_pkg']
[0.245s] Level 1:colcon.colcon_core.package_identification:_identify(src/moveit2/moveit_planners) by extension 'colcon_pkg'
[0.245s] Level 1:colcon.colcon_core.package_identification:_identify(src/moveit2/moveit_planners) by extensions ['colcon_meta']
[0.245s] Level 1:colcon.colcon_core.package_identification:_identify(src/moveit2/moveit_planners) by extension 'colcon_meta'
[0.245s] Level 1:colcon.colcon_core.package_identification:_identify(src/moveit2/moveit_planners) by extensions ['ros']
[0.245s] Level 1:colcon.colcon_core.package_identification:_identify(src/moveit2/moveit_planners) by extension 'ros'
[0.245s] Level 1:colcon.colcon_core.package_identification:_identify(src/moveit2/moveit_planners) by extensions ['cmake', 'python']
[0.245s] Level 1:colcon.colcon_core.package_identification:_identify(src/moveit2/moveit_planners) by extension 'cmake'
[0.245s] Level 1:colcon.colcon_core.package_identification:_identify(src/moveit2/moveit_planners) by extension 'python'
[0.245s] Level 1:colcon.colcon_core.package_identification:_identify(src/moveit2/moveit_planners) by extensions ['python_setup_py']
[0.245s] Level 1:colcon.colcon_core.package_identification:_identify(src/moveit2/moveit_planners) by extension 'python_setup_py'
[0.245s] Level 1:colcon.colcon_core.package_identification:_identify(src/moveit2/moveit_planners/chomp) by extensions ['ignore', 'ignore_ament_install']
[0.245s] Level 1:colcon.colcon_core.package_identification:_identify(src/moveit2/moveit_planners/chomp) by extension 'ignore'
[0.245s] Level 1:colcon.colcon_core.package_identification:_identify(src/moveit2/moveit_planners/chomp) by extension 'ignore_ament_install'
[0.245s] Level 1:colcon.colcon_core.package_identification:_identify(src/moveit2/moveit_planners/chomp) by extensions ['colcon_pkg']
[0.245s] Level 1:colcon.colcon_core.package_identification:_identify(src/moveit2/moveit_planners/chomp) by extension 'colcon_pkg'
[0.245s] Level 1:colcon.colcon_core.package_identification:_identify(src/moveit2/moveit_planners/chomp) by extensions ['colcon_meta']
[0.245s] Level 1:colcon.colcon_core.package_identification:_identify(src/moveit2/moveit_planners/chomp) by extension 'colcon_meta'
[0.245s] Level 1:colcon.colcon_core.package_identification:_identify(src/moveit2/moveit_planners/chomp) by extensions ['ros']
[0.245s] Level 1:colcon.colcon_core.package_identification:_identify(src/moveit2/moveit_planners/chomp) by extension 'ros'
[0.245s] Level 1:colcon.colcon_core.package_identification:_identify(src/moveit2/moveit_planners/chomp) by extensions ['cmake', 'python']
[0.245s] Level 1:colcon.colcon_core.package_identification:_identify(src/moveit2/moveit_planners/chomp) by extension 'cmake'
[0.245s] Level 1:colcon.colcon_core.package_identification:_identify(src/moveit2/moveit_planners/chomp) by extension 'python'
[0.245s] Level 1:colcon.colcon_core.package_identification:_identify(src/moveit2/moveit_planners/chomp) by extensions ['python_setup_py']
[0.245s] Level 1:colcon.colcon_core.package_identification:_identify(src/moveit2/moveit_planners/chomp) by extension 'python_setup_py'
[0.245s] Level 1:colcon.colcon_core.package_identification:_identify(src/moveit2/moveit_planners/chomp/chomp_interface) by extensions ['ignore', 'ignore_ament_install']
[0.245s] Level 1:colcon.colcon_core.package_identification:_identify(src/moveit2/moveit_planners/chomp/chomp_interface) by extension 'ignore'
[0.245s] Level 1:colcon.colcon_core.package_identification:_identify(src/moveit2/moveit_planners/chomp/chomp_interface) by extension 'ignore_ament_install'
[0.246s] Level 1:colcon.colcon_core.package_identification:_identify(src/moveit2/moveit_planners/chomp/chomp_interface) by extensions ['colcon_pkg']
[0.246s] Level 1:colcon.colcon_core.package_identification:_identify(src/moveit2/moveit_planners/chomp/chomp_interface) by extension 'colcon_pkg'
[0.246s] Level 1:colcon.colcon_core.package_identification:_identify(src/moveit2/moveit_planners/chomp/chomp_interface) by extensions ['colcon_meta']
[0.246s] Level 1:colcon.colcon_core.package_identification:_identify(src/moveit2/moveit_planners/chomp/chomp_interface) by extension 'colcon_meta'
[0.246s] Level 1:colcon.colcon_core.package_identification:_identify(src/moveit2/moveit_planners/chomp/chomp_interface) by extensions ['ros']
[0.246s] Level 1:colcon.colcon_core.package_identification:_identify(src/moveit2/moveit_planners/chomp/chomp_interface) by extension 'ros'
[0.246s] DEBUG:colcon.colcon_core.package_identification:Package 'src/moveit2/moveit_planners/chomp/chomp_interface' with type 'ros.ament_cmake' and name 'moveit_planners_chomp'
[0.246s] Level 1:colcon.colcon_core.package_identification:_identify(src/moveit2/moveit_planners/chomp/chomp_motion_planner) by extensions ['ignore', 'ignore_ament_install']
[0.246s] Level 1:colcon.colcon_core.package_identification:_identify(src/moveit2/moveit_planners/chomp/chomp_motion_planner) by extension 'ignore'
[0.246s] Level 1:colcon.colcon_core.package_identification:_identify(src/moveit2/moveit_planners/chomp/chomp_motion_planner) by extension 'ignore_ament_install'
[0.246s] Level 1:colcon.colcon_core.package_identification:_identify(src/moveit2/moveit_planners/chomp/chomp_motion_planner) by extensions ['colcon_pkg']
[0.246s] Level 1:colcon.colcon_core.package_identification:_identify(src/moveit2/moveit_planners/chomp/chomp_motion_planner) by extension 'colcon_pkg'
[0.246s] Level 1:colcon.colcon_core.package_identification:_identify(src/moveit2/moveit_planners/chomp/chomp_motion_planner) by extensions ['colcon_meta']
[0.246s] Level 1:colcon.colcon_core.package_identification:_identify(src/moveit2/moveit_planners/chomp/chomp_motion_planner) by extension 'colcon_meta'
[0.246s] Level 1:colcon.colcon_core.package_identification:_identify(src/moveit2/moveit_planners/chomp/chomp_motion_planner) by extensions ['ros']
[0.246s] Level 1:colcon.colcon_core.package_identification:_identify(src/moveit2/moveit_planners/chomp/chomp_motion_planner) by extension 'ros'
[0.247s] DEBUG:colcon.colcon_core.package_identification:Package 'src/moveit2/moveit_planners/chomp/chomp_motion_planner' with type 'ros.ament_cmake' and name 'chomp_motion_planner'
[0.247s] Level 1:colcon.colcon_core.package_identification:_identify(src/moveit2/moveit_planners/chomp/chomp_optimizer_adapter) by extensions ['ignore', 'ignore_ament_install']
[0.247s] Level 1:colcon.colcon_core.package_identification:_identify(src/moveit2/moveit_planners/chomp/chomp_optimizer_adapter) by extension 'ignore'
[0.247s] Level 1:colcon.colcon_core.package_identification:_identify(src/moveit2/moveit_planners/chomp/chomp_optimizer_adapter) by extension 'ignore_ament_install'
[0.247s] Level 1:colcon.colcon_core.package_identification:_identify(src/moveit2/moveit_planners/chomp/chomp_optimizer_adapter) by extensions ['colcon_pkg']
[0.247s] Level 1:colcon.colcon_core.package_identification:_identify(src/moveit2/moveit_planners/chomp/chomp_optimizer_adapter) by extension 'colcon_pkg'
[0.247s] Level 1:colcon.colcon_core.package_identification:_identify(src/moveit2/moveit_planners/chomp/chomp_optimizer_adapter) by extensions ['colcon_meta']
[0.247s] Level 1:colcon.colcon_core.package_identification:_identify(src/moveit2/moveit_planners/chomp/chomp_optimizer_adapter) by extension 'colcon_meta'
[0.247s] Level 1:colcon.colcon_core.package_identification:_identify(src/moveit2/moveit_planners/chomp/chomp_optimizer_adapter) by extensions ['ros']
[0.247s] Level 1:colcon.colcon_core.package_identification:_identify(src/moveit2/moveit_planners/chomp/chomp_optimizer_adapter) by extension 'ros'
[0.248s] DEBUG:colcon.colcon_core.package_identification:Package 'src/moveit2/moveit_planners/chomp/chomp_optimizer_adapter' with type 'ros.ament_cmake' and name 'moveit_chomp_optimizer_adapter'
[0.248s] Level 1:colcon.colcon_core.package_identification:_identify(src/moveit2/moveit_planners/moveit_planners) by extensions ['ignore', 'ignore_ament_install']
[0.248s] Level 1:colcon.colcon_core.package_identification:_identify(src/moveit2/moveit_planners/moveit_planners) by extension 'ignore'
[0.248s] Level 1:colcon.colcon_core.package_identification:_identify(src/moveit2/moveit_planners/moveit_planners) by extension 'ignore_ament_install'
[0.248s] Level 1:colcon.colcon_core.package_identification:_identify(src/moveit2/moveit_planners/moveit_planners) by extensions ['colcon_pkg']
[0.248s] Level 1:colcon.colcon_core.package_identification:_identify(src/moveit2/moveit_planners/moveit_planners) by extension 'colcon_pkg'
[0.248s] Level 1:colcon.colcon_core.package_identification:_identify(src/moveit2/moveit_planners/moveit_planners) by extensions ['colcon_meta']
[0.248s] Level 1:colcon.colcon_core.package_identification:_identify(src/moveit2/moveit_planners/moveit_planners) by extension 'colcon_meta'
[0.248s] Level 1:colcon.colcon_core.package_identification:_identify(src/moveit2/moveit_planners/moveit_planners) by extensions ['ros']
[0.248s] Level 1:colcon.colcon_core.package_identification:_identify(src/moveit2/moveit_planners/moveit_planners) by extension 'ros'
[0.249s] DEBUG:colcon.colcon_core.package_identification:Package 'src/moveit2/moveit_planners/moveit_planners' with type 'ros.ament_cmake' and name 'moveit_planners'
[0.249s] Level 1:colcon.colcon_core.package_identification:_identify(src/moveit2/moveit_planners/ompl) by extensions ['ignore', 'ignore_ament_install']
[0.249s] Level 1:colcon.colcon_core.package_identification:_identify(src/moveit2/moveit_planners/ompl) by extension 'ignore'
[0.249s] Level 1:colcon.colcon_core.package_identification:_identify(src/moveit2/moveit_planners/ompl) by extension 'ignore_ament_install'
[0.249s] Level 1:colcon.colcon_core.package_identification:_identify(src/moveit2/moveit_planners/ompl) by extensions ['colcon_pkg']
[0.249s] Level 1:colcon.colcon_core.package_identification:_identify(src/moveit2/moveit_planners/ompl) by extension 'colcon_pkg'
[0.249s] Level 1:colcon.colcon_core.package_identification:_identify(src/moveit2/moveit_planners/ompl) by extensions ['colcon_meta']
[0.249s] Level 1:colcon.colcon_core.package_identification:_identify(src/moveit2/moveit_planners/ompl) by extension 'colcon_meta'
[0.249s] Level 1:colcon.colcon_core.package_identification:_identify(src/moveit2/moveit_planners/ompl) by extensions ['ros']
[0.249s] Level 1:colcon.colcon_core.package_identification:_identify(src/moveit2/moveit_planners/ompl) by extension 'ros'
[0.250s] DEBUG:colcon.colcon_core.package_identification:Package 'src/moveit2/moveit_planners/ompl' with type 'ros.ament_cmake' and name 'moveit_planners_ompl'
[0.250s] Level 1:colcon.colcon_core.package_identification:_identify(src/moveit2/moveit_planners/pilz_industrial_motion_planner) by extensions ['ignore', 'ignore_ament_install']
[0.250s] Level 1:colcon.colcon_core.package_identification:_identify(src/moveit2/moveit_planners/pilz_industrial_motion_planner) by extension 'ignore'
[0.250s] Level 1:colcon.colcon_core.package_identification:_identify(src/moveit2/moveit_planners/pilz_industrial_motion_planner) by extension 'ignore_ament_install'
[0.250s] Level 1:colcon.colcon_core.package_identification:_identify(src/moveit2/moveit_planners/pilz_industrial_motion_planner) by extensions ['colcon_pkg']
[0.250s] Level 1:colcon.colcon_core.package_identification:_identify(src/moveit2/moveit_planners/pilz_industrial_motion_planner) by extension 'colcon_pkg'
[0.250s] Level 1:colcon.colcon_core.package_identification:_identify(src/moveit2/moveit_planners/pilz_industrial_motion_planner) by extensions ['colcon_meta']
[0.250s] Level 1:colcon.colcon_core.package_identification:_identify(src/moveit2/moveit_planners/pilz_industrial_motion_planner) by extension 'colcon_meta'
[0.250s] Level 1:colcon.colcon_core.package_identification:_identify(src/moveit2/moveit_planners/pilz_industrial_motion_planner) by extensions ['ros']
[0.250s] Level 1:colcon.colcon_core.package_identification:_identify(src/moveit2/moveit_planners/pilz_industrial_motion_planner) by extension 'ros'
[0.251s] DEBUG:colcon.colcon_core.package_identification:Package 'src/moveit2/moveit_planners/pilz_industrial_motion_planner' with type 'ros.ament_cmake' and name 'pilz_industrial_motion_planner'
[0.251s] Level 1:colcon.colcon_core.package_identification:_identify(src/moveit2/moveit_planners/pilz_industrial_motion_planner_testutils) by extensions ['ignore', 'ignore_ament_install']
[0.251s] Level 1:colcon.colcon_core.package_identification:_identify(src/moveit2/moveit_planners/pilz_industrial_motion_planner_testutils) by extension 'ignore'
[0.251s] Level 1:colcon.colcon_core.package_identification:_identify(src/moveit2/moveit_planners/pilz_industrial_motion_planner_testutils) by extension 'ignore_ament_install'
[0.251s] Level 1:colcon.colcon_core.package_identification:_identify(src/moveit2/moveit_planners/pilz_industrial_motion_planner_testutils) by extensions ['colcon_pkg']
[0.252s] Level 1:colcon.colcon_core.package_identification:_identify(src/moveit2/moveit_planners/pilz_industrial_motion_planner_testutils) by extension 'colcon_pkg'
[0.252s] Level 1:colcon.colcon_core.package_identification:_identify(src/moveit2/moveit_planners/pilz_industrial_motion_planner_testutils) by extensions ['colcon_meta']
[0.252s] Level 1:colcon.colcon_core.package_identification:_identify(src/moveit2/moveit_planners/pilz_industrial_motion_planner_testutils) by extension 'colcon_meta'
[0.252s] Level 1:colcon.colcon_core.package_identification:_identify(src/moveit2/moveit_planners/pilz_industrial_motion_planner_testutils) by extensions ['ros']
[0.252s] Level 1:colcon.colcon_core.package_identification:_identify(src/moveit2/moveit_planners/pilz_industrial_motion_planner_testutils) by extension 'ros'
[0.252s] DEBUG:colcon.colcon_core.package_identification:Package 'src/moveit2/moveit_planners/pilz_industrial_motion_planner_testutils' with type 'ros.ament_cmake' and name 'pilz_industrial_motion_planner_testutils'
[0.252s] Level 1:colcon.colcon_core.package_identification:_identify(src/moveit2/moveit_planners/test_configs) by extensions ['ignore', 'ignore_ament_install']
[0.252s] Level 1:colcon.colcon_core.package_identification:_identify(src/moveit2/moveit_planners/test_configs) by extension 'ignore'
[0.252s] Level 1:colcon.colcon_core.package_identification:_identify(src/moveit2/moveit_planners/test_configs) by extension 'ignore_ament_install'
[0.252s] Level 1:colcon.colcon_core.package_identification:_identify(src/moveit2/moveit_planners/test_configs) by extensions ['colcon_pkg']
[0.252s] Level 1:colcon.colcon_core.package_identification:_identify(src/moveit2/moveit_planners/test_configs) by extension 'colcon_pkg'
[0.252s] Level 1:colcon.colcon_core.package_identification:_identify(src/moveit2/moveit_planners/test_configs) by extensions ['colcon_meta']
[0.252s] Level 1:colcon.colcon_core.package_identification:_identify(src/moveit2/moveit_planners/test_configs) by extension 'colcon_meta'
[0.252s] Level 1:colcon.colcon_core.package_identification:_identify(src/moveit2/moveit_planners/test_configs) by extensions ['ros']
[0.252s] Level 1:colcon.colcon_core.package_identification:_identify(src/moveit2/moveit_planners/test_configs) by extension 'ros'
[0.252s] Level 1:colcon.colcon_core.package_identification:_identify(src/moveit2/moveit_planners/test_configs) by extensions ['cmake', 'python']
[0.252s] Level 1:colcon.colcon_core.package_identification:_identify(src/moveit2/moveit_planners/test_configs) by extension 'cmake'
[0.252s] Level 1:colcon.colcon_core.package_identification:_identify(src/moveit2/moveit_planners/test_configs) by extension 'python'
[0.252s] Level 1:colcon.colcon_core.package_identification:_identify(src/moveit2/moveit_planners/test_configs) by extensions ['python_setup_py']
[0.253s] Level 1:colcon.colcon_core.package_identification:_identify(src/moveit2/moveit_planners/test_configs) by extension 'python_setup_py'
[0.253s] Level 1:colcon.colcon_core.package_identification:_identify(src/moveit2/moveit_planners/test_configs/prbt_ikfast_manipulator_plugin) by extensions ['ignore', 'ignore_ament_install']
[0.253s] Level 1:colcon.colcon_core.package_identification:_identify(src/moveit2/moveit_planners/test_configs/prbt_ikfast_manipulator_plugin) by extension 'ignore'
[0.253s] Level 1:colcon.colcon_core.package_identification:_identify(src/moveit2/moveit_planners/test_configs/prbt_ikfast_manipulator_plugin) by extension 'ignore_ament_install'
[0.253s] Level 1:colcon.colcon_core.package_identification:_identify(src/moveit2/moveit_planners/test_configs/prbt_ikfast_manipulator_plugin) by extensions ['colcon_pkg']
[0.253s] Level 1:colcon.colcon_core.package_identification:_identify(src/moveit2/moveit_planners/test_configs/prbt_ikfast_manipulator_plugin) by extension 'colcon_pkg'
[0.253s] Level 1:colcon.colcon_core.package_identification:_identify(src/moveit2/moveit_planners/test_configs/prbt_ikfast_manipulator_plugin) by extensions ['colcon_meta']
[0.253s] Level 1:colcon.colcon_core.package_identification:_identify(src/moveit2/moveit_planners/test_configs/prbt_ikfast_manipulator_plugin) by extension 'colcon_meta'
[0.253s] Level 1:colcon.colcon_core.package_identification:_identify(src/moveit2/moveit_planners/test_configs/prbt_ikfast_manipulator_plugin) by extensions ['ros']
[0.253s] Level 1:colcon.colcon_core.package_identification:_identify(src/moveit2/moveit_planners/test_configs/prbt_ikfast_manipulator_plugin) by extension 'ros'
[0.253s] DEBUG:colcon.colcon_core.package_identification:Package 'src/moveit2/moveit_planners/test_configs/prbt_ikfast_manipulator_plugin' with type 'ros.ament_cmake' and name 'moveit_resources_prbt_ikfast_manipulator_plugin'
[0.253s] Level 1:colcon.colcon_core.package_identification:_identify(src/moveit2/moveit_planners/test_configs/prbt_moveit_config) by extensions ['ignore', 'ignore_ament_install']
[0.253s] Level 1:colcon.colcon_core.package_identification:_identify(src/moveit2/moveit_planners/test_configs/prbt_moveit_config) by extension 'ignore'
[0.253s] Level 1:colcon.colcon_core.package_identification:_identify(src/moveit2/moveit_planners/test_configs/prbt_moveit_config) by extension 'ignore_ament_install'
[0.253s] Level 1:colcon.colcon_core.package_identification:_identify(src/moveit2/moveit_planners/test_configs/prbt_moveit_config) by extensions ['colcon_pkg']
[0.253s] Level 1:colcon.colcon_core.package_identification:_identify(src/moveit2/moveit_planners/test_configs/prbt_moveit_config) by extension 'colcon_pkg'
[0.253s] Level 1:colcon.colcon_core.package_identification:_identify(src/moveit2/moveit_planners/test_configs/prbt_moveit_config) by extensions ['colcon_meta']
[0.254s] Level 1:colcon.colcon_core.package_identification:_identify(src/moveit2/moveit_planners/test_configs/prbt_moveit_config) by extension 'colcon_meta'
[0.254s] Level 1:colcon.colcon_core.package_identification:_identify(src/moveit2/moveit_planners/test_configs/prbt_moveit_config) by extensions ['ros']
[0.254s] Level 1:colcon.colcon_core.package_identification:_identify(src/moveit2/moveit_planners/test_configs/prbt_moveit_config) by extension 'ros'
[0.254s] DEBUG:colcon.colcon_core.package_identification:Package 'src/moveit2/moveit_planners/test_configs/prbt_moveit_config' with type 'ros.ament_cmake' and name 'moveit_resources_prbt_moveit_config'
[0.254s] Level 1:colcon.colcon_core.package_identification:_identify(src/moveit2/moveit_planners/test_configs/prbt_pg70_support) by extensions ['ignore', 'ignore_ament_install']
[0.254s] Level 1:colcon.colcon_core.package_identification:_identify(src/moveit2/moveit_planners/test_configs/prbt_pg70_support) by extension 'ignore'
[0.254s] Level 1:colcon.colcon_core.package_identification:_identify(src/moveit2/moveit_planners/test_configs/prbt_pg70_support) by extension 'ignore_ament_install'
[0.254s] Level 1:colcon.colcon_core.package_identification:_identify(src/moveit2/moveit_planners/test_configs/prbt_pg70_support) by extensions ['colcon_pkg']
[0.254s] Level 1:colcon.colcon_core.package_identification:_identify(src/moveit2/moveit_planners/test_configs/prbt_pg70_support) by extension 'colcon_pkg'
[0.254s] Level 1:colcon.colcon_core.package_identification:_identify(src/moveit2/moveit_planners/test_configs/prbt_pg70_support) by extensions ['colcon_meta']
[0.254s] Level 1:colcon.colcon_core.package_identification:_identify(src/moveit2/moveit_planners/test_configs/prbt_pg70_support) by extension 'colcon_meta'
[0.254s] Level 1:colcon.colcon_core.package_identification:_identify(src/moveit2/moveit_planners/test_configs/prbt_pg70_support) by extensions ['ros']
[0.254s] Level 1:colcon.colcon_core.package_identification:_identify(src/moveit2/moveit_planners/test_configs/prbt_pg70_support) by extension 'ros'
[0.255s] DEBUG:colcon.colcon_core.package_identification:Package 'src/moveit2/moveit_planners/test_configs/prbt_pg70_support' with type 'ros.ament_cmake' and name 'moveit_resources_prbt_pg70_support'
[0.255s] Level 1:colcon.colcon_core.package_identification:_identify(src/moveit2/moveit_planners/test_configs/prbt_support) by extensions ['ignore', 'ignore_ament_install']
[0.255s] Level 1:colcon.colcon_core.package_identification:_identify(src/moveit2/moveit_planners/test_configs/prbt_support) by extension 'ignore'
[0.255s] Level 1:colcon.colcon_core.package_identification:_identify(src/moveit2/moveit_planners/test_configs/prbt_support) by extension 'ignore_ament_install'
[0.255s] Level 1:colcon.colcon_core.package_identification:_identify(src/moveit2/moveit_planners/test_configs/prbt_support) by extensions ['colcon_pkg']
[0.255s] Level 1:colcon.colcon_core.package_identification:_identify(src/moveit2/moveit_planners/test_configs/prbt_support) by extension 'colcon_pkg'
[0.255s] Level 1:colcon.colcon_core.package_identification:_identify(src/moveit2/moveit_planners/test_configs/prbt_support) by extensions ['colcon_meta']
[0.255s] Level 1:colcon.colcon_core.package_identification:_identify(src/moveit2/moveit_planners/test_configs/prbt_support) by extension 'colcon_meta'
[0.255s] Level 1:colcon.colcon_core.package_identification:_identify(src/moveit2/moveit_planners/test_configs/prbt_support) by extensions ['ros']
[0.255s] Level 1:colcon.colcon_core.package_identification:_identify(src/moveit2/moveit_planners/test_configs/prbt_support) by extension 'ros'
[0.255s] DEBUG:colcon.colcon_core.package_identification:Package 'src/moveit2/moveit_planners/test_configs/prbt_support' with type 'ros.ament_cmake' and name 'moveit_resources_prbt_support'
[0.255s] Level 1:colcon.colcon_core.package_identification:_identify(src/moveit2/moveit_planners/trajopt) by extensions ['ignore', 'ignore_ament_install']
[0.255s] Level 1:colcon.colcon_core.package_identification:_identify(src/moveit2/moveit_planners/trajopt) by extension 'ignore'
[0.255s] Level 1:colcon.colcon_core.package_identification:_identify(src/moveit2/moveit_planners/trajopt) ignored
[0.256s] Level 1:colcon.colcon_core.package_identification:_identify(src/moveit2/moveit_plugins) by extensions ['ignore', 'ignore_ament_install']
[0.256s] Level 1:colcon.colcon_core.package_identification:_identify(src/moveit2/moveit_plugins) by extension 'ignore'
[0.256s] Level 1:colcon.colcon_core.package_identification:_identify(src/moveit2/moveit_plugins) by extension 'ignore_ament_install'
[0.256s] Level 1:colcon.colcon_core.package_identification:_identify(src/moveit2/moveit_plugins) by extensions ['colcon_pkg']
[0.256s] Level 1:colcon.colcon_core.package_identification:_identify(src/moveit2/moveit_plugins) by extension 'colcon_pkg'
[0.256s] Level 1:colcon.colcon_core.package_identification:_identify(src/moveit2/moveit_plugins) by extensions ['colcon_meta']
[0.256s] Level 1:colcon.colcon_core.package_identification:_identify(src/moveit2/moveit_plugins) by extension 'colcon_meta'
[0.256s] Level 1:colcon.colcon_core.package_identification:_identify(src/moveit2/moveit_plugins) by extensions ['ros']
[0.256s] Level 1:colcon.colcon_core.package_identification:_identify(src/moveit2/moveit_plugins) by extension 'ros'
[0.256s] Level 1:colcon.colcon_core.package_identification:_identify(src/moveit2/moveit_plugins) by extensions ['cmake', 'python']
[0.256s] Level 1:colcon.colcon_core.package_identification:_identify(src/moveit2/moveit_plugins) by extension 'cmake'
[0.256s] Level 1:colcon.colcon_core.package_identification:_identify(src/moveit2/moveit_plugins) by extension 'python'
[0.256s] Level 1:colcon.colcon_core.package_identification:_identify(src/moveit2/moveit_plugins) by extensions ['python_setup_py']
[0.256s] Level 1:colcon.colcon_core.package_identification:_identify(src/moveit2/moveit_plugins) by extension 'python_setup_py'
[0.256s] Level 1:colcon.colcon_core.package_identification:_identify(src/moveit2/moveit_plugins/moveit_plugins) by extensions ['ignore', 'ignore_ament_install']
[0.256s] Level 1:colcon.colcon_core.package_identification:_identify(src/moveit2/moveit_plugins/moveit_plugins) by extension 'ignore'
[0.256s] Level 1:colcon.colcon_core.package_identification:_identify(src/moveit2/moveit_plugins/moveit_plugins) by extension 'ignore_ament_install'
[0.256s] Level 1:colcon.colcon_core.package_identification:_identify(src/moveit2/moveit_plugins/moveit_plugins) by extensions ['colcon_pkg']
[0.256s] Level 1:colcon.colcon_core.package_identification:_identify(src/moveit2/moveit_plugins/moveit_plugins) by extension 'colcon_pkg'
[0.256s] Level 1:colcon.colcon_core.package_identification:_identify(src/moveit2/moveit_plugins/moveit_plugins) by extensions ['colcon_meta']
[0.256s] Level 1:colcon.colcon_core.package_identification:_identify(src/moveit2/moveit_plugins/moveit_plugins) by extension 'colcon_meta'
[0.256s] Level 1:colcon.colcon_core.package_identification:_identify(src/moveit2/moveit_plugins/moveit_plugins) by extensions ['ros']
[0.256s] Level 1:colcon.colcon_core.package_identification:_identify(src/moveit2/moveit_plugins/moveit_plugins) by extension 'ros'
[0.256s] DEBUG:colcon.colcon_core.package_identification:Package 'src/moveit2/moveit_plugins/moveit_plugins' with type 'ros.ament_cmake' and name 'moveit_plugins'
[0.257s] Level 1:colcon.colcon_core.package_identification:_identify(src/moveit2/moveit_plugins/moveit_ros_control_interface) by extensions ['ignore', 'ignore_ament_install']
[0.257s] Level 1:colcon.colcon_core.package_identification:_identify(src/moveit2/moveit_plugins/moveit_ros_control_interface) by extension 'ignore'
[0.257s] Level 1:colcon.colcon_core.package_identification:_identify(src/moveit2/moveit_plugins/moveit_ros_control_interface) by extension 'ignore_ament_install'
[0.257s] Level 1:colcon.colcon_core.package_identification:_identify(src/moveit2/moveit_plugins/moveit_ros_control_interface) by extensions ['colcon_pkg']
[0.257s] Level 1:colcon.colcon_core.package_identification:_identify(src/moveit2/moveit_plugins/moveit_ros_control_interface) by extension 'colcon_pkg'
[0.257s] Level 1:colcon.colcon_core.package_identification:_identify(src/moveit2/moveit_plugins/moveit_ros_control_interface) by extensions ['colcon_meta']
[0.257s] Level 1:colcon.colcon_core.package_identification:_identify(src/moveit2/moveit_plugins/moveit_ros_control_interface) by extension 'colcon_meta'
[0.257s] Level 1:colcon.colcon_core.package_identification:_identify(src/moveit2/moveit_plugins/moveit_ros_control_interface) by extensions ['ros']
[0.257s] Level 1:colcon.colcon_core.package_identification:_identify(src/moveit2/moveit_plugins/moveit_ros_control_interface) by extension 'ros'
[0.257s] DEBUG:colcon.colcon_core.package_identification:Package 'src/moveit2/moveit_plugins/moveit_ros_control_interface' with type 'ros.ament_cmake' and name 'moveit_ros_control_interface'
[0.257s] Level 1:colcon.colcon_core.package_identification:_identify(src/moveit2/moveit_plugins/moveit_simple_controller_manager) by extensions ['ignore', 'ignore_ament_install']
[0.257s] Level 1:colcon.colcon_core.package_identification:_identify(src/moveit2/moveit_plugins/moveit_simple_controller_manager) by extension 'ignore'
[0.257s] Level 1:colcon.colcon_core.package_identification:_identify(src/moveit2/moveit_plugins/moveit_simple_controller_manager) by extension 'ignore_ament_install'
[0.258s] Level 1:colcon.colcon_core.package_identification:_identify(src/moveit2/moveit_plugins/moveit_simple_controller_manager) by extensions ['colcon_pkg']
[0.258s] Level 1:colcon.colcon_core.package_identification:_identify(src/moveit2/moveit_plugins/moveit_simple_controller_manager) by extension 'colcon_pkg'
[0.258s] Level 1:colcon.colcon_core.package_identification:_identify(src/moveit2/moveit_plugins/moveit_simple_controller_manager) by extensions ['colcon_meta']
[0.258s] Level 1:colcon.colcon_core.package_identification:_identify(src/moveit2/moveit_plugins/moveit_simple_controller_manager) by extension 'colcon_meta'
[0.258s] Level 1:colcon.colcon_core.package_identification:_identify(src/moveit2/moveit_plugins/moveit_simple_controller_manager) by extensions ['ros']
[0.258s] Level 1:colcon.colcon_core.package_identification:_identify(src/moveit2/moveit_plugins/moveit_simple_controller_manager) by extension 'ros'
[0.258s] DEBUG:colcon.colcon_core.package_identification:Package 'src/moveit2/moveit_plugins/moveit_simple_controller_manager' with type 'ros.ament_cmake' and name 'moveit_simple_controller_manager'
[0.258s] Level 1:colcon.colcon_core.package_identification:_identify(src/moveit2/moveit_py) by extensions ['ignore', 'ignore_ament_install']
[0.258s] Level 1:colcon.colcon_core.package_identification:_identify(src/moveit2/moveit_py) by extension 'ignore'
[0.258s] Level 1:colcon.colcon_core.package_identification:_identify(src/moveit2/moveit_py) by extension 'ignore_ament_install'
[0.258s] Level 1:colcon.colcon_core.package_identification:_identify(src/moveit2/moveit_py) by extensions ['colcon_pkg']
[0.258s] Level 1:colcon.colcon_core.package_identification:_identify(src/moveit2/moveit_py) by extension 'colcon_pkg'
[0.259s] Level 1:colcon.colcon_core.package_identification:_identify(src/moveit2/moveit_py) by extensions ['colcon_meta']
[0.259s] Level 1:colcon.colcon_core.package_identification:_identify(src/moveit2/moveit_py) by extension 'colcon_meta'
[0.259s] Level 1:colcon.colcon_core.package_identification:_identify(src/moveit2/moveit_py) by extensions ['ros']
[0.259s] Level 1:colcon.colcon_core.package_identification:_identify(src/moveit2/moveit_py) by extension 'ros'
[0.259s] DEBUG:colcon.colcon_core.package_identification:Package 'src/moveit2/moveit_py' with type 'ros.ament_cmake' and name 'moveit_py'
[0.259s] Level 1:colcon.colcon_core.package_identification:_identify(src/moveit2/moveit_ros) by extensions ['ignore', 'ignore_ament_install']
[0.259s] Level 1:colcon.colcon_core.package_identification:_identify(src/moveit2/moveit_ros) by extension 'ignore'
[0.259s] Level 1:colcon.colcon_core.package_identification:_identify(src/moveit2/moveit_ros) by extension 'ignore_ament_install'
[0.259s] Level 1:colcon.colcon_core.package_identification:_identify(src/moveit2/moveit_ros) by extensions ['colcon_pkg']
[0.259s] Level 1:colcon.colcon_core.package_identification:_identify(src/moveit2/moveit_ros) by extension 'colcon_pkg'
[0.259s] Level 1:colcon.colcon_core.package_identification:_identify(src/moveit2/moveit_ros) by extensions ['colcon_meta']
[0.259s] Level 1:colcon.colcon_core.package_identification:_identify(src/moveit2/moveit_ros) by extension 'colcon_meta'
[0.259s] Level 1:colcon.colcon_core.package_identification:_identify(src/moveit2/moveit_ros) by extensions ['ros']
[0.259s] Level 1:colcon.colcon_core.package_identification:_identify(src/moveit2/moveit_ros) by extension 'ros'
[0.259s] Level 1:colcon.colcon_core.package_identification:_identify(src/moveit2/moveit_ros) by extensions ['cmake', 'python']
[0.259s] Level 1:colcon.colcon_core.package_identification:_identify(src/moveit2/moveit_ros) by extension 'cmake'
[0.260s] Level 1:colcon.colcon_core.package_identification:_identify(src/moveit2/moveit_ros) by extension 'python'
[0.260s] Level 1:colcon.colcon_core.package_identification:_identify(src/moveit2/moveit_ros) by extensions ['python_setup_py']
[0.260s] Level 1:colcon.colcon_core.package_identification:_identify(src/moveit2/moveit_ros) by extension 'python_setup_py'
[0.260s] Level 1:colcon.colcon_core.package_identification:_identify(src/moveit2/moveit_ros/benchmarks) by extensions ['ignore', 'ignore_ament_install']
[0.260s] Level 1:colcon.colcon_core.package_identification:_identify(src/moveit2/moveit_ros/benchmarks) by extension 'ignore'
[0.260s] Level 1:colcon.colcon_core.package_identification:_identify(src/moveit2/moveit_ros/benchmarks) by extension 'ignore_ament_install'
[0.260s] Level 1:colcon.colcon_core.package_identification:_identify(src/moveit2/moveit_ros/benchmarks) by extensions ['colcon_pkg']
[0.260s] Level 1:colcon.colcon_core.package_identification:_identify(src/moveit2/moveit_ros/benchmarks) by extension 'colcon_pkg'
[0.260s] Level 1:colcon.colcon_core.package_identification:_identify(src/moveit2/moveit_ros/benchmarks) by extensions ['colcon_meta']
[0.260s] Level 1:colcon.colcon_core.package_identification:_identify(src/moveit2/moveit_ros/benchmarks) by extension 'colcon_meta'
[0.260s] Level 1:colcon.colcon_core.package_identification:_identify(src/moveit2/moveit_ros/benchmarks) by extensions ['ros']
[0.260s] Level 1:colcon.colcon_core.package_identification:_identify(src/moveit2/moveit_ros/benchmarks) by extension 'ros'
[0.260s] DEBUG:colcon.colcon_core.package_identification:Package 'src/moveit2/moveit_ros/benchmarks' with type 'ros.ament_cmake' and name 'moveit_ros_benchmarks'
[0.261s] Level 1:colcon.colcon_core.package_identification:_identify(src/moveit2/moveit_ros/hybrid_planning) by extensions ['ignore', 'ignore_ament_install']
[0.261s] Level 1:colcon.colcon_core.package_identification:_identify(src/moveit2/moveit_ros/hybrid_planning) by extension 'ignore'
[0.261s] Level 1:colcon.colcon_core.package_identification:_identify(src/moveit2/moveit_ros/hybrid_planning) by extension 'ignore_ament_install'
[0.261s] Level 1:colcon.colcon_core.package_identification:_identify(src/moveit2/moveit_ros/hybrid_planning) by extensions ['colcon_pkg']
[0.261s] Level 1:colcon.colcon_core.package_identification:_identify(src/moveit2/moveit_ros/hybrid_planning) by extension 'colcon_pkg'
[0.261s] Level 1:colcon.colcon_core.package_identification:_identify(src/moveit2/moveit_ros/hybrid_planning) by extensions ['colcon_meta']
[0.261s] Level 1:colcon.colcon_core.package_identification:_identify(src/moveit2/moveit_ros/hybrid_planning) by extension 'colcon_meta'
[0.261s] Level 1:colcon.colcon_core.package_identification:_identify(src/moveit2/moveit_ros/hybrid_planning) by extensions ['ros']
[0.261s] Level 1:colcon.colcon_core.package_identification:_identify(src/moveit2/moveit_ros/hybrid_planning) by extension 'ros'
[0.262s] DEBUG:colcon.colcon_core.package_identification:Package 'src/moveit2/moveit_ros/hybrid_planning' with type 'ros.ament_cmake' and name 'moveit_hybrid_planning'
[0.262s] Level 1:colcon.colcon_core.package_identification:_identify(src/moveit2/moveit_ros/move_group) by extensions ['ignore', 'ignore_ament_install']
[0.262s] Level 1:colcon.colcon_core.package_identification:_identify(src/moveit2/moveit_ros/move_group) by extension 'ignore'
[0.262s] Level 1:colcon.colcon_core.package_identification:_identify(src/moveit2/moveit_ros/move_group) by extension 'ignore_ament_install'
[0.262s] Level 1:colcon.colcon_core.package_identification:_identify(src/moveit2/moveit_ros/move_group) by extensions ['colcon_pkg']
[0.262s] Level 1:colcon.colcon_core.package_identification:_identify(src/moveit2/moveit_ros/move_group) by extension 'colcon_pkg'
[0.262s] Level 1:colcon.colcon_core.package_identification:_identify(src/moveit2/moveit_ros/move_group) by extensions ['colcon_meta']
[0.262s] Level 1:colcon.colcon_core.package_identification:_identify(src/moveit2/moveit_ros/move_group) by extension 'colcon_meta'
[0.262s] Level 1:colcon.colcon_core.package_identification:_identify(src/moveit2/moveit_ros/move_group) by extensions ['ros']
[0.262s] Level 1:colcon.colcon_core.package_identification:_identify(src/moveit2/moveit_ros/move_group) by extension 'ros'
[0.263s] DEBUG:colcon.colcon_core.package_identification:Package 'src/moveit2/moveit_ros/move_group' with type 'ros.ament_cmake' and name 'moveit_ros_move_group'
[0.263s] Level 1:colcon.colcon_core.package_identification:_identify(src/moveit2/moveit_ros/moveit_ros) by extensions ['ignore', 'ignore_ament_install']
[0.263s] Level 1:colcon.colcon_core.package_identification:_identify(src/moveit2/moveit_ros/moveit_ros) by extension 'ignore'
[0.263s] Level 1:colcon.colcon_core.package_identification:_identify(src/moveit2/moveit_ros/moveit_ros) by extension 'ignore_ament_install'
[0.263s] Level 1:colcon.colcon_core.package_identification:_identify(src/moveit2/moveit_ros/moveit_ros) by extensions ['colcon_pkg']
[0.263s] Level 1:colcon.colcon_core.package_identification:_identify(src/moveit2/moveit_ros/moveit_ros) by extension 'colcon_pkg'
[0.263s] Level 1:colcon.colcon_core.package_identification:_identify(src/moveit2/moveit_ros/moveit_ros) by extensions ['colcon_meta']
[0.263s] Level 1:colcon.colcon_core.package_identification:_identify(src/moveit2/moveit_ros/moveit_ros) by extension 'colcon_meta'
[0.263s] Level 1:colcon.colcon_core.package_identification:_identify(src/moveit2/moveit_ros/moveit_ros) by extensions ['ros']
[0.263s] Level 1:colcon.colcon_core.package_identification:_identify(src/moveit2/moveit_ros/moveit_ros) by extension 'ros'
[0.264s] DEBUG:colcon.colcon_core.package_identification:Package 'src/moveit2/moveit_ros/moveit_ros' with type 'ros.ament_cmake' and name 'moveit_ros'
[0.264s] Level 1:colcon.colcon_core.package_identification:_identify(src/moveit2/moveit_ros/moveit_servo) by extensions ['ignore', 'ignore_ament_install']
[0.264s] Level 1:colcon.colcon_core.package_identification:_identify(src/moveit2/moveit_ros/moveit_servo) by extension 'ignore'
[0.264s] Level 1:colcon.colcon_core.package_identification:_identify(src/moveit2/moveit_ros/moveit_servo) by extension 'ignore_ament_install'
[0.264s] Level 1:colcon.colcon_core.package_identification:_identify(src/moveit2/moveit_ros/moveit_servo) by extensions ['colcon_pkg']
[0.264s] Level 1:colcon.colcon_core.package_identification:_identify(src/moveit2/moveit_ros/moveit_servo) by extension 'colcon_pkg'
[0.264s] Level 1:colcon.colcon_core.package_identification:_identify(src/moveit2/moveit_ros/moveit_servo) by extensions ['colcon_meta']
[0.264s] Level 1:colcon.colcon_core.package_identification:_identify(src/moveit2/moveit_ros/moveit_servo) by extension 'colcon_meta'
[0.264s] Level 1:colcon.colcon_core.package_identification:_identify(src/moveit2/moveit_ros/moveit_servo) by extensions ['ros']
[0.264s] Level 1:colcon.colcon_core.package_identification:_identify(src/moveit2/moveit_ros/moveit_servo) by extension 'ros'
[0.265s] DEBUG:colcon.colcon_core.package_identification:Package 'src/moveit2/moveit_ros/moveit_servo' with type 'ros.ament_cmake' and name 'moveit_servo'
[0.265s] Level 1:colcon.colcon_core.package_identification:_identify(src/moveit2/moveit_ros/occupancy_map_monitor) by extensions ['ignore', 'ignore_ament_install']
[0.265s] Level 1:colcon.colcon_core.package_identification:_identify(src/moveit2/moveit_ros/occupancy_map_monitor) by extension 'ignore'
[0.265s] Level 1:colcon.colcon_core.package_identification:_identify(src/moveit2/moveit_ros/occupancy_map_monitor) by extension 'ignore_ament_install'
[0.265s] Level 1:colcon.colcon_core.package_identification:_identify(src/moveit2/moveit_ros/occupancy_map_monitor) by extensions ['colcon_pkg']
[0.265s] Level 1:colcon.colcon_core.package_identification:_identify(src/moveit2/moveit_ros/occupancy_map_monitor) by extension 'colcon_pkg'
[0.265s] Level 1:colcon.colcon_core.package_identification:_identify(src/moveit2/moveit_ros/occupancy_map_monitor) by extensions ['colcon_meta']
[0.265s] Level 1:colcon.colcon_core.package_identification:_identify(src/moveit2/moveit_ros/occupancy_map_monitor) by extension 'colcon_meta'
[0.265s] Level 1:colcon.colcon_core.package_identification:_identify(src/moveit2/moveit_ros/occupancy_map_monitor) by extensions ['ros']
[0.265s] Level 1:colcon.colcon_core.package_identification:_identify(src/moveit2/moveit_ros/occupancy_map_monitor) by extension 'ros'
[0.266s] DEBUG:colcon.colcon_core.package_identification:Package 'src/moveit2/moveit_ros/occupancy_map_monitor' with type 'ros.ament_cmake' and name 'moveit_ros_occupancy_map_monitor'
[0.266s] Level 1:colcon.colcon_core.package_identification:_identify(src/moveit2/moveit_ros/perception) by extensions ['ignore', 'ignore_ament_install']
[0.266s] Level 1:colcon.colcon_core.package_identification:_identify(src/moveit2/moveit_ros/perception) by extension 'ignore'
[0.266s] Level 1:colcon.colcon_core.package_identification:_identify(src/moveit2/moveit_ros/perception) by extension 'ignore_ament_install'
[0.266s] Level 1:colcon.colcon_core.package_identification:_identify(src/moveit2/moveit_ros/perception) by extensions ['colcon_pkg']
[0.266s] Level 1:colcon.colcon_core.package_identification:_identify(src/moveit2/moveit_ros/perception) by extension 'colcon_pkg'
[0.266s] Level 1:colcon.colcon_core.package_identification:_identify(src/moveit2/moveit_ros/perception) by extensions ['colcon_meta']
[0.266s] Level 1:colcon.colcon_core.package_identification:_identify(src/moveit2/moveit_ros/perception) by extension 'colcon_meta'
[0.266s] Level 1:colcon.colcon_core.package_identification:_identify(src/moveit2/moveit_ros/perception) by extensions ['ros']
[0.266s] Level 1:colcon.colcon_core.package_identification:_identify(src/moveit2/moveit_ros/perception) by extension 'ros'
[0.268s] DEBUG:colcon.colcon_core.package_identification:Package 'src/moveit2/moveit_ros/perception' with type 'ros.ament_cmake' and name 'moveit_ros_perception'
[0.268s] Level 1:colcon.colcon_core.package_identification:_identify(src/moveit2/moveit_ros/planning) by extensions ['ignore', 'ignore_ament_install']
[0.268s] Level 1:colcon.colcon_core.package_identification:_identify(src/moveit2/moveit_ros/planning) by extension 'ignore'
[0.268s] Level 1:colcon.colcon_core.package_identification:_identify(src/moveit2/moveit_ros/planning) by extension 'ignore_ament_install'
[0.268s] Level 1:colcon.colcon_core.package_identification:_identify(src/moveit2/moveit_ros/planning) by extensions ['colcon_pkg']
[0.268s] Level 1:colcon.colcon_core.package_identification:_identify(src/moveit2/moveit_ros/planning) by extension 'colcon_pkg'
[0.268s] Level 1:colcon.colcon_core.package_identification:_identify(src/moveit2/moveit_ros/planning) by extensions ['colcon_meta']
[0.268s] Level 1:colcon.colcon_core.package_identification:_identify(src/moveit2/moveit_ros/planning) by extension 'colcon_meta'
[0.268s] Level 1:colcon.colcon_core.package_identification:_identify(src/moveit2/moveit_ros/planning) by extensions ['ros']
[0.268s] Level 1:colcon.colcon_core.package_identification:_identify(src/moveit2/moveit_ros/planning) by extension 'ros'
[0.269s] DEBUG:colcon.colcon_core.package_identification:Package 'src/moveit2/moveit_ros/planning' with type 'ros.ament_cmake' and name 'moveit_ros_planning'
[0.269s] Level 1:colcon.colcon_core.package_identification:_identify(src/moveit2/moveit_ros/planning_interface) by extensions ['ignore', 'ignore_ament_install']
[0.269s] Level 1:colcon.colcon_core.package_identification:_identify(src/moveit2/moveit_ros/planning_interface) by extension 'ignore'
[0.269s] Level 1:colcon.colcon_core.package_identification:_identify(src/moveit2/moveit_ros/planning_interface) by extension 'ignore_ament_install'
[0.269s] Level 1:colcon.colcon_core.package_identification:_identify(src/moveit2/moveit_ros/planning_interface) by extensions ['colcon_pkg']
[0.269s] Level 1:colcon.colcon_core.package_identification:_identify(src/moveit2/moveit_ros/planning_interface) by extension 'colcon_pkg'
[0.269s] Level 1:colcon.colcon_core.package_identification:_identify(src/moveit2/moveit_ros/planning_interface) by extensions ['colcon_meta']
[0.269s] Level 1:colcon.colcon_core.package_identification:_identify(src/moveit2/moveit_ros/planning_interface) by extension 'colcon_meta'
[0.269s] Level 1:colcon.colcon_core.package_identification:_identify(src/moveit2/moveit_ros/planning_interface) by extensions ['ros']
[0.269s] Level 1:colcon.colcon_core.package_identification:_identify(src/moveit2/moveit_ros/planning_interface) by extension 'ros'
[0.270s] DEBUG:colcon.colcon_core.package_identification:Package 'src/moveit2/moveit_ros/planning_interface' with type 'ros.ament_cmake' and name 'moveit_ros_planning_interface'
[0.271s] Level 1:colcon.colcon_core.package_identification:_identify(src/moveit2/moveit_ros/robot_interaction) by extensions ['ignore', 'ignore_ament_install']
[0.271s] Level 1:colcon.colcon_core.package_identification:_identify(src/moveit2/moveit_ros/robot_interaction) by extension 'ignore'
[0.271s] Level 1:colcon.colcon_core.package_identification:_identify(src/moveit2/moveit_ros/robot_interaction) by extension 'ignore_ament_install'
[0.271s] Level 1:colcon.colcon_core.package_identification:_identify(src/moveit2/moveit_ros/robot_interaction) by extensions ['colcon_pkg']
[0.271s] Level 1:colcon.colcon_core.package_identification:_identify(src/moveit2/moveit_ros/robot_interaction) by extension 'colcon_pkg'
[0.271s] Level 1:colcon.colcon_core.package_identification:_identify(src/moveit2/moveit_ros/robot_interaction) by extensions ['colcon_meta']
[0.271s] Level 1:colcon.colcon_core.package_identification:_identify(src/moveit2/moveit_ros/robot_interaction) by extension 'colcon_meta'
[0.271s] Level 1:colcon.colcon_core.package_identification:_identify(src/moveit2/moveit_ros/robot_interaction) by extensions ['ros']
[0.271s] Level 1:colcon.colcon_core.package_identification:_identify(src/moveit2/moveit_ros/robot_interaction) by extension 'ros'
[0.271s] DEBUG:colcon.colcon_core.package_identification:Package 'src/moveit2/moveit_ros/robot_interaction' with type 'ros.ament_cmake' and name 'moveit_ros_robot_interaction'
[0.272s] Level 1:colcon.colcon_core.package_identification:_identify(src/moveit2/moveit_ros/visualization) by extensions ['ignore', 'ignore_ament_install']
[0.272s] Level 1:colcon.colcon_core.package_identification:_identify(src/moveit2/moveit_ros/visualization) by extension 'ignore'
[0.272s] Level 1:colcon.colcon_core.package_identification:_identify(src/moveit2/moveit_ros/visualization) by extension 'ignore_ament_install'
[0.272s] Level 1:colcon.colcon_core.package_identification:_identify(src/moveit2/moveit_ros/visualization) by extensions ['colcon_pkg']
[0.272s] Level 1:colcon.colcon_core.package_identification:_identify(src/moveit2/moveit_ros/visualization) by extension 'colcon_pkg'
[0.272s] Level 1:colcon.colcon_core.package_identification:_identify(src/moveit2/moveit_ros/visualization) by extensions ['colcon_meta']
[0.272s] Level 1:colcon.colcon_core.package_identification:_identify(src/moveit2/moveit_ros/visualization) by extension 'colcon_meta'
[0.272s] Level 1:colcon.colcon_core.package_identification:_identify(src/moveit2/moveit_ros/visualization) by extensions ['ros']
[0.272s] Level 1:colcon.colcon_core.package_identification:_identify(src/moveit2/moveit_ros/visualization) by extension 'ros'
[0.273s] DEBUG:colcon.colcon_core.package_identification:Package 'src/moveit2/moveit_ros/visualization' with type 'ros.ament_cmake' and name 'moveit_ros_visualization'
[0.273s] Level 1:colcon.colcon_core.package_identification:_identify(src/moveit2/moveit_ros/warehouse) by extensions ['ignore', 'ignore_ament_install']
[0.273s] Level 1:colcon.colcon_core.package_identification:_identify(src/moveit2/moveit_ros/warehouse) by extension 'ignore'
[0.273s] Level 1:colcon.colcon_core.package_identification:_identify(src/moveit2/moveit_ros/warehouse) by extension 'ignore_ament_install'
[0.273s] Level 1:colcon.colcon_core.package_identification:_identify(src/moveit2/moveit_ros/warehouse) by extensions ['colcon_pkg']
[0.273s] Level 1:colcon.colcon_core.package_identification:_identify(src/moveit2/moveit_ros/warehouse) by extension 'colcon_pkg'
[0.273s] Level 1:colcon.colcon_core.package_identification:_identify(src/moveit2/moveit_ros/warehouse) by extensions ['colcon_meta']
[0.273s] Level 1:colcon.colcon_core.package_identification:_identify(src/moveit2/moveit_ros/warehouse) by extension 'colcon_meta'
[0.273s] Level 1:colcon.colcon_core.package_identification:_identify(src/moveit2/moveit_ros/warehouse) by extensions ['ros']
[0.273s] Level 1:colcon.colcon_core.package_identification:_identify(src/moveit2/moveit_ros/warehouse) by extension 'ros'
[0.274s] DEBUG:colcon.colcon_core.package_identification:Package 'src/moveit2/moveit_ros/warehouse' with type 'ros.ament_cmake' and name 'moveit_ros_warehouse'
[0.274s] Level 1:colcon.colcon_core.package_identification:_identify(src/moveit2/moveit_runtime) by extensions ['ignore', 'ignore_ament_install']
[0.274s] Level 1:colcon.colcon_core.package_identification:_identify(src/moveit2/moveit_runtime) by extension 'ignore'
[0.274s] Level 1:colcon.colcon_core.package_identification:_identify(src/moveit2/moveit_runtime) by extension 'ignore_ament_install'
[0.274s] Level 1:colcon.colcon_core.package_identification:_identify(src/moveit2/moveit_runtime) by extensions ['colcon_pkg']
[0.274s] Level 1:colcon.colcon_core.package_identification:_identify(src/moveit2/moveit_runtime) by extension 'colcon_pkg'
[0.274s] Level 1:colcon.colcon_core.package_identification:_identify(src/moveit2/moveit_runtime) by extensions ['colcon_meta']
[0.274s] Level 1:colcon.colcon_core.package_identification:_identify(src/moveit2/moveit_runtime) by extension 'colcon_meta'
[0.274s] Level 1:colcon.colcon_core.package_identification:_identify(src/moveit2/moveit_runtime) by extensions ['ros']
[0.274s] Level 1:colcon.colcon_core.package_identification:_identify(src/moveit2/moveit_runtime) by extension 'ros'
[0.274s] DEBUG:colcon.colcon_core.package_identification:Package 'src/moveit2/moveit_runtime' with type 'ros.ament_cmake' and name 'moveit_runtime'
[0.274s] Level 1:colcon.colcon_core.package_identification:_identify(src/moveit2/moveit_setup_assistant) by extensions ['ignore', 'ignore_ament_install']
[0.274s] Level 1:colcon.colcon_core.package_identification:_identify(src/moveit2/moveit_setup_assistant) by extension 'ignore'
[0.274s] Level 1:colcon.colcon_core.package_identification:_identify(src/moveit2/moveit_setup_assistant) by extension 'ignore_ament_install'
[0.274s] Level 1:colcon.colcon_core.package_identification:_identify(src/moveit2/moveit_setup_assistant) by extensions ['colcon_pkg']
[0.274s] Level 1:colcon.colcon_core.package_identification:_identify(src/moveit2/moveit_setup_assistant) by extension 'colcon_pkg'
[0.275s] Level 1:colcon.colcon_core.package_identification:_identify(src/moveit2/moveit_setup_assistant) by extensions ['colcon_meta']
[0.275s] Level 1:colcon.colcon_core.package_identification:_identify(src/moveit2/moveit_setup_assistant) by extension 'colcon_meta'
[0.275s] Level 1:colcon.colcon_core.package_identification:_identify(src/moveit2/moveit_setup_assistant) by extensions ['ros']
[0.275s] Level 1:colcon.colcon_core.package_identification:_identify(src/moveit2/moveit_setup_assistant) by extension 'ros'
[0.275s] Level 1:colcon.colcon_core.package_identification:_identify(src/moveit2/moveit_setup_assistant) by extensions ['cmake', 'python']
[0.275s] Level 1:colcon.colcon_core.package_identification:_identify(src/moveit2/moveit_setup_assistant) by extension 'cmake'
[0.275s] Level 1:colcon.colcon_core.package_identification:_identify(src/moveit2/moveit_setup_assistant) by extension 'python'
[0.275s] Level 1:colcon.colcon_core.package_identification:_identify(src/moveit2/moveit_setup_assistant) by extensions ['python_setup_py']
[0.275s] Level 1:colcon.colcon_core.package_identification:_identify(src/moveit2/moveit_setup_assistant) by extension 'python_setup_py'
[0.275s] Level 1:colcon.colcon_core.package_identification:_identify(src/moveit2/moveit_setup_assistant/graphics) by extensions ['ignore', 'ignore_ament_install']
[0.275s] Level 1:colcon.colcon_core.package_identification:_identify(src/moveit2/moveit_setup_assistant/graphics) by extension 'ignore'
[0.275s] Level 1:colcon.colcon_core.package_identification:_identify(src/moveit2/moveit_setup_assistant/graphics) by extension 'ignore_ament_install'
[0.275s] Level 1:colcon.colcon_core.package_identification:_identify(src/moveit2/moveit_setup_assistant/graphics) by extensions ['colcon_pkg']
[0.275s] Level 1:colcon.colcon_core.package_identification:_identify(src/moveit2/moveit_setup_assistant/graphics) by extension 'colcon_pkg'
[0.275s] Level 1:colcon.colcon_core.package_identification:_identify(src/moveit2/moveit_setup_assistant/graphics) by extensions ['colcon_meta']
[0.275s] Level 1:colcon.colcon_core.package_identification:_identify(src/moveit2/moveit_setup_assistant/graphics) by extension 'colcon_meta'
[0.275s] Level 1:colcon.colcon_core.package_identification:_identify(src/moveit2/moveit_setup_assistant/graphics) by extensions ['ros']
[0.275s] Level 1:colcon.colcon_core.package_identification:_identify(src/moveit2/moveit_setup_assistant/graphics) by extension 'ros'
[0.275s] Level 1:colcon.colcon_core.package_identification:_identify(src/moveit2/moveit_setup_assistant/graphics) by extensions ['cmake', 'python']
[0.275s] Level 1:colcon.colcon_core.package_identification:_identify(src/moveit2/moveit_setup_assistant/graphics) by extension 'cmake'
[0.275s] Level 1:colcon.colcon_core.package_identification:_identify(src/moveit2/moveit_setup_assistant/graphics) by extension 'python'
[0.275s] Level 1:colcon.colcon_core.package_identification:_identify(src/moveit2/moveit_setup_assistant/graphics) by extensions ['python_setup_py']
[0.275s] Level 1:colcon.colcon_core.package_identification:_identify(src/moveit2/moveit_setup_assistant/graphics) by extension 'python_setup_py'
[0.275s] Level 1:colcon.colcon_core.package_identification:_identify(src/moveit2/moveit_setup_assistant/graphics/source) by extensions ['ignore', 'ignore_ament_install']
[0.275s] Level 1:colcon.colcon_core.package_identification:_identify(src/moveit2/moveit_setup_assistant/graphics/source) by extension 'ignore'
[0.275s] Level 1:colcon.colcon_core.package_identification:_identify(src/moveit2/moveit_setup_assistant/graphics/source) by extension 'ignore_ament_install'
[0.275s] Level 1:colcon.colcon_core.package_identification:_identify(src/moveit2/moveit_setup_assistant/graphics/source) by extensions ['colcon_pkg']
[0.275s] Level 1:colcon.colcon_core.package_identification:_identify(src/moveit2/moveit_setup_assistant/graphics/source) by extension 'colcon_pkg'
[0.275s] Level 1:colcon.colcon_core.package_identification:_identify(src/moveit2/moveit_setup_assistant/graphics/source) by extensions ['colcon_meta']
[0.275s] Level 1:colcon.colcon_core.package_identification:_identify(src/moveit2/moveit_setup_assistant/graphics/source) by extension 'colcon_meta'
[0.275s] Level 1:colcon.colcon_core.package_identification:_identify(src/moveit2/moveit_setup_assistant/graphics/source) by extensions ['ros']
[0.275s] Level 1:colcon.colcon_core.package_identification:_identify(src/moveit2/moveit_setup_assistant/graphics/source) by extension 'ros'
[0.275s] Level 1:colcon.colcon_core.package_identification:_identify(src/moveit2/moveit_setup_assistant/graphics/source) by extensions ['cmake', 'python']
[0.275s] Level 1:colcon.colcon_core.package_identification:_identify(src/moveit2/moveit_setup_assistant/graphics/source) by extension 'cmake'
[0.275s] Level 1:colcon.colcon_core.package_identification:_identify(src/moveit2/moveit_setup_assistant/graphics/source) by extension 'python'
[0.275s] Level 1:colcon.colcon_core.package_identification:_identify(src/moveit2/moveit_setup_assistant/graphics/source) by extensions ['python_setup_py']
[0.275s] Level 1:colcon.colcon_core.package_identification:_identify(src/moveit2/moveit_setup_assistant/graphics/source) by extension 'python_setup_py'
[0.275s] Level 1:colcon.colcon_core.package_identification:_identify(src/moveit2/moveit_setup_assistant/moveit_setup_app_plugins) by extensions ['ignore', 'ignore_ament_install']
[0.276s] Level 1:colcon.colcon_core.package_identification:_identify(src/moveit2/moveit_setup_assistant/moveit_setup_app_plugins) by extension 'ignore'
[0.276s] Level 1:colcon.colcon_core.package_identification:_identify(src/moveit2/moveit_setup_assistant/moveit_setup_app_plugins) by extension 'ignore_ament_install'
[0.276s] Level 1:colcon.colcon_core.package_identification:_identify(src/moveit2/moveit_setup_assistant/moveit_setup_app_plugins) by extensions ['colcon_pkg']
[0.276s] Level 1:colcon.colcon_core.package_identification:_identify(src/moveit2/moveit_setup_assistant/moveit_setup_app_plugins) by extension 'colcon_pkg'
[0.276s] Level 1:colcon.colcon_core.package_identification:_identify(src/moveit2/moveit_setup_assistant/moveit_setup_app_plugins) by extensions ['colcon_meta']
[0.276s] Level 1:colcon.colcon_core.package_identification:_identify(src/moveit2/moveit_setup_assistant/moveit_setup_app_plugins) by extension 'colcon_meta'
[0.276s] Level 1:colcon.colcon_core.package_identification:_identify(src/moveit2/moveit_setup_assistant/moveit_setup_app_plugins) by extensions ['ros']
[0.276s] Level 1:colcon.colcon_core.package_identification:_identify(src/moveit2/moveit_setup_assistant/moveit_setup_app_plugins) by extension 'ros'
[0.276s] DEBUG:colcon.colcon_core.package_identification:Package 'src/moveit2/moveit_setup_assistant/moveit_setup_app_plugins' with type 'ros.ament_cmake' and name 'moveit_setup_app_plugins'
[0.276s] Level 1:colcon.colcon_core.package_identification:_identify(src/moveit2/moveit_setup_assistant/moveit_setup_assistant) by extensions ['ignore', 'ignore_ament_install']
[0.276s] Level 1:colcon.colcon_core.package_identification:_identify(src/moveit2/moveit_setup_assistant/moveit_setup_assistant) by extension 'ignore'
[0.276s] Level 1:colcon.colcon_core.package_identification:_identify(src/moveit2/moveit_setup_assistant/moveit_setup_assistant) by extension 'ignore_ament_install'
[0.276s] Level 1:colcon.colcon_core.package_identification:_identify(src/moveit2/moveit_setup_assistant/moveit_setup_assistant) by extensions ['colcon_pkg']
[0.277s] Level 1:colcon.colcon_core.package_identification:_identify(src/moveit2/moveit_setup_assistant/moveit_setup_assistant) by extension 'colcon_pkg'
[0.277s] Level 1:colcon.colcon_core.package_identification:_identify(src/moveit2/moveit_setup_assistant/moveit_setup_assistant) by extensions ['colcon_meta']
[0.277s] Level 1:colcon.colcon_core.package_identification:_identify(src/moveit2/moveit_setup_assistant/moveit_setup_assistant) by extension 'colcon_meta'
[0.277s] Level 1:colcon.colcon_core.package_identification:_identify(src/moveit2/moveit_setup_assistant/moveit_setup_assistant) by extensions ['ros']
[0.277s] Level 1:colcon.colcon_core.package_identification:_identify(src/moveit2/moveit_setup_assistant/moveit_setup_assistant) by extension 'ros'
[0.277s] DEBUG:colcon.colcon_core.package_identification:Package 'src/moveit2/moveit_setup_assistant/moveit_setup_assistant' with type 'ros.ament_cmake' and name 'moveit_setup_assistant'
[0.277s] Level 1:colcon.colcon_core.package_identification:_identify(src/moveit2/moveit_setup_assistant/moveit_setup_controllers) by extensions ['ignore', 'ignore_ament_install']
[0.277s] Level 1:colcon.colcon_core.package_identification:_identify(src/moveit2/moveit_setup_assistant/moveit_setup_controllers) by extension 'ignore'
[0.277s] Level 1:colcon.colcon_core.package_identification:_identify(src/moveit2/moveit_setup_assistant/moveit_setup_controllers) by extension 'ignore_ament_install'
[0.277s] Level 1:colcon.colcon_core.package_identification:_identify(src/moveit2/moveit_setup_assistant/moveit_setup_controllers) by extensions ['colcon_pkg']
[0.277s] Level 1:colcon.colcon_core.package_identification:_identify(src/moveit2/moveit_setup_assistant/moveit_setup_controllers) by extension 'colcon_pkg'
[0.277s] Level 1:colcon.colcon_core.package_identification:_identify(src/moveit2/moveit_setup_assistant/moveit_setup_controllers) by extensions ['colcon_meta']
[0.277s] Level 1:colcon.colcon_core.package_identification:_identify(src/moveit2/moveit_setup_assistant/moveit_setup_controllers) by extension 'colcon_meta'
[0.278s] Level 1:colcon.colcon_core.package_identification:_identify(src/moveit2/moveit_setup_assistant/moveit_setup_controllers) by extensions ['ros']
[0.278s] Level 1:colcon.colcon_core.package_identification:_identify(src/moveit2/moveit_setup_assistant/moveit_setup_controllers) by extension 'ros'
[0.278s] DEBUG:colcon.colcon_core.package_identification:Package 'src/moveit2/moveit_setup_assistant/moveit_setup_controllers' with type 'ros.ament_cmake' and name 'moveit_setup_controllers'
[0.278s] Level 1:colcon.colcon_core.package_identification:_identify(src/moveit2/moveit_setup_assistant/moveit_setup_core_plugins) by extensions ['ignore', 'ignore_ament_install']
[0.278s] Level 1:colcon.colcon_core.package_identification:_identify(src/moveit2/moveit_setup_assistant/moveit_setup_core_plugins) by extension 'ignore'
[0.278s] Level 1:colcon.colcon_core.package_identification:_identify(src/moveit2/moveit_setup_assistant/moveit_setup_core_plugins) by extension 'ignore_ament_install'
[0.278s] Level 1:colcon.colcon_core.package_identification:_identify(src/moveit2/moveit_setup_assistant/moveit_setup_core_plugins) by extensions ['colcon_pkg']
[0.278s] Level 1:colcon.colcon_core.package_identification:_identify(src/moveit2/moveit_setup_assistant/moveit_setup_core_plugins) by extension 'colcon_pkg'
[0.278s] Level 1:colcon.colcon_core.package_identification:_identify(src/moveit2/moveit_setup_assistant/moveit_setup_core_plugins) by extensions ['colcon_meta']
[0.278s] Level 1:colcon.colcon_core.package_identification:_identify(src/moveit2/moveit_setup_assistant/moveit_setup_core_plugins) by extension 'colcon_meta'
[0.278s] Level 1:colcon.colcon_core.package_identification:_identify(src/moveit2/moveit_setup_assistant/moveit_setup_core_plugins) by extensions ['ros']
[0.278s] Level 1:colcon.colcon_core.package_identification:_identify(src/moveit2/moveit_setup_assistant/moveit_setup_core_plugins) by extension 'ros'
[0.279s] DEBUG:colcon.colcon_core.package_identification:Package 'src/moveit2/moveit_setup_assistant/moveit_setup_core_plugins' with type 'ros.ament_cmake' and name 'moveit_setup_core_plugins'
[0.279s] Level 1:colcon.colcon_core.package_identification:_identify(src/moveit2/moveit_setup_assistant/moveit_setup_framework) by extensions ['ignore', 'ignore_ament_install']
[0.279s] Level 1:colcon.colcon_core.package_identification:_identify(src/moveit2/moveit_setup_assistant/moveit_setup_framework) by extension 'ignore'
[0.280s] Level 1:colcon.colcon_core.package_identification:_identify(src/moveit2/moveit_setup_assistant/moveit_setup_framework) by extension 'ignore_ament_install'
[0.280s] Level 1:colcon.colcon_core.package_identification:_identify(src/moveit2/moveit_setup_assistant/moveit_setup_framework) by extensions ['colcon_pkg']
[0.280s] Level 1:colcon.colcon_core.package_identification:_identify(src/moveit2/moveit_setup_assistant/moveit_setup_framework) by extension 'colcon_pkg'
[0.280s] Level 1:colcon.colcon_core.package_identification:_identify(src/moveit2/moveit_setup_assistant/moveit_setup_framework) by extensions ['colcon_meta']
[0.280s] Level 1:colcon.colcon_core.package_identification:_identify(src/moveit2/moveit_setup_assistant/moveit_setup_framework) by extension 'colcon_meta'
[0.280s] Level 1:colcon.colcon_core.package_identification:_identify(src/moveit2/moveit_setup_assistant/moveit_setup_framework) by extensions ['ros']
[0.280s] Level 1:colcon.colcon_core.package_identification:_identify(src/moveit2/moveit_setup_assistant/moveit_setup_framework) by extension 'ros'
[0.280s] DEBUG:colcon.colcon_core.package_identification:Package 'src/moveit2/moveit_setup_assistant/moveit_setup_framework' with type 'ros.ament_cmake' and name 'moveit_setup_framework'
[0.280s] Level 1:colcon.colcon_core.package_identification:_identify(src/moveit2/moveit_setup_assistant/moveit_setup_simulation) by extensions ['ignore', 'ignore_ament_install']
[0.280s] Level 1:colcon.colcon_core.package_identification:_identify(src/moveit2/moveit_setup_assistant/moveit_setup_simulation) by extension 'ignore'
[0.280s] Level 1:colcon.colcon_core.package_identification:_identify(src/moveit2/moveit_setup_assistant/moveit_setup_simulation) ignored
[0.281s] Level 1:colcon.colcon_core.package_identification:_identify(src/moveit2/moveit_setup_assistant/moveit_setup_srdf_plugins) by extensions ['ignore', 'ignore_ament_install']
[0.281s] Level 1:colcon.colcon_core.package_identification:_identify(src/moveit2/moveit_setup_assistant/moveit_setup_srdf_plugins) by extension 'ignore'
[0.281s] Level 1:colcon.colcon_core.package_identification:_identify(src/moveit2/moveit_setup_assistant/moveit_setup_srdf_plugins) by extension 'ignore_ament_install'
[0.281s] Level 1:colcon.colcon_core.package_identification:_identify(src/moveit2/moveit_setup_assistant/moveit_setup_srdf_plugins) by extensions ['colcon_pkg']
[0.281s] Level 1:colcon.colcon_core.package_identification:_identify(src/moveit2/moveit_setup_assistant/moveit_setup_srdf_plugins) by extension 'colcon_pkg'
[0.281s] Level 1:colcon.colcon_core.package_identification:_identify(src/moveit2/moveit_setup_assistant/moveit_setup_srdf_plugins) by extensions ['colcon_meta']
[0.281s] Level 1:colcon.colcon_core.package_identification:_identify(src/moveit2/moveit_setup_assistant/moveit_setup_srdf_plugins) by extension 'colcon_meta'
[0.281s] Level 1:colcon.colcon_core.package_identification:_identify(src/moveit2/moveit_setup_assistant/moveit_setup_srdf_plugins) by extensions ['ros']
[0.281s] Level 1:colcon.colcon_core.package_identification:_identify(src/moveit2/moveit_setup_assistant/moveit_setup_srdf_plugins) by extension 'ros'
[0.281s] DEBUG:colcon.colcon_core.package_identification:Package 'src/moveit2/moveit_setup_assistant/moveit_setup_srdf_plugins' with type 'ros.ament_cmake' and name 'moveit_setup_srdf_plugins'
[0.281s] Level 1:colcon.colcon_core.package_identification:_identify(src/moveit2/moveit_setup_assistant/unported_templates) by extensions ['ignore', 'ignore_ament_install']
[0.281s] Level 1:colcon.colcon_core.package_identification:_identify(src/moveit2/moveit_setup_assistant/unported_templates) by extension 'ignore'
[0.281s] Level 1:colcon.colcon_core.package_identification:_identify(src/moveit2/moveit_setup_assistant/unported_templates) by extension 'ignore_ament_install'
[0.281s] Level 1:colcon.colcon_core.package_identification:_identify(src/moveit2/moveit_setup_assistant/unported_templates) by extensions ['colcon_pkg']
[0.281s] Level 1:colcon.colcon_core.package_identification:_identify(src/moveit2/moveit_setup_assistant/unported_templates) by extension 'colcon_pkg'
[0.281s] Level 1:colcon.colcon_core.package_identification:_identify(src/moveit2/moveit_setup_assistant/unported_templates) by extensions ['colcon_meta']
[0.281s] Level 1:colcon.colcon_core.package_identification:_identify(src/moveit2/moveit_setup_assistant/unported_templates) by extension 'colcon_meta'
[0.281s] Level 1:colcon.colcon_core.package_identification:_identify(src/moveit2/moveit_setup_assistant/unported_templates) by extensions ['ros']
[0.281s] Level 1:colcon.colcon_core.package_identification:_identify(src/moveit2/moveit_setup_assistant/unported_templates) by extension 'ros'
[0.281s] Level 1:colcon.colcon_core.package_identification:_identify(src/moveit2/moveit_setup_assistant/unported_templates) by extensions ['cmake', 'python']
[0.281s] Level 1:colcon.colcon_core.package_identification:_identify(src/moveit2/moveit_setup_assistant/unported_templates) by extension 'cmake'
[0.282s] Level 1:colcon.colcon_core.package_identification:_identify(src/moveit2/moveit_setup_assistant/unported_templates) by extension 'python'
[0.282s] Level 1:colcon.colcon_core.package_identification:_identify(src/moveit2/moveit_setup_assistant/unported_templates) by extensions ['python_setup_py']
[0.282s] Level 1:colcon.colcon_core.package_identification:_identify(src/moveit2/moveit_setup_assistant/unported_templates) by extension 'python_setup_py'
[0.282s] Level 1:colcon.colcon_core.package_identification:_identify(src/moveit2_tutorials) by extensions ['ignore', 'ignore_ament_install']
[0.282s] Level 1:colcon.colcon_core.package_identification:_identify(src/moveit2_tutorials) by extension 'ignore'
[0.282s] Level 1:colcon.colcon_core.package_identification:_identify(src/moveit2_tutorials) by extension 'ignore_ament_install'
[0.282s] Level 1:colcon.colcon_core.package_identification:_identify(src/moveit2_tutorials) by extensions ['colcon_pkg']
[0.282s] Level 1:colcon.colcon_core.package_identification:_identify(src/moveit2_tutorials) by extension 'colcon_pkg'
[0.282s] Level 1:colcon.colcon_core.package_identification:_identify(src/moveit2_tutorials) by extensions ['colcon_meta']
[0.282s] Level 1:colcon.colcon_core.package_identification:_identify(src/moveit2_tutorials) by extension 'colcon_meta'
[0.282s] Level 1:colcon.colcon_core.package_identification:_identify(src/moveit2_tutorials) by extensions ['ros']
[0.282s] Level 1:colcon.colcon_core.package_identification:_identify(src/moveit2_tutorials) by extension 'ros'
[0.283s] DEBUG:colcon.colcon_core.package_identification:Package 'src/moveit2_tutorials' with type 'ros.ament_cmake' and name 'moveit2_tutorials'
[0.283s] Level 1:colcon.colcon_core.package_identification:_identify(src/moveit_control) by extensions ['ignore', 'ignore_ament_install']
[0.283s] Level 1:colcon.colcon_core.package_identification:_identify(src/moveit_control) by extension 'ignore'
[0.283s] Level 1:colcon.colcon_core.package_identification:_identify(src/moveit_control) by extension 'ignore_ament_install'
[0.283s] Level 1:colcon.colcon_core.package_identification:_identify(src/moveit_control) by extensions ['colcon_pkg']
[0.283s] Level 1:colcon.colcon_core.package_identification:_identify(src/moveit_control) by extension 'colcon_pkg'
[0.283s] Level 1:colcon.colcon_core.package_identification:_identify(src/moveit_control) by extensions ['colcon_meta']
[0.283s] Level 1:colcon.colcon_core.package_identification:_identify(src/moveit_control) by extension 'colcon_meta'
[0.283s] Level 1:colcon.colcon_core.package_identification:_identify(src/moveit_control) by extensions ['ros']
[0.283s] Level 1:colcon.colcon_core.package_identification:_identify(src/moveit_control) by extension 'ros'
[0.284s] DEBUG:colcon.colcon_core.package_identification:Package 'src/moveit_control' with type 'ros.ament_cmake' and name 'moveit_control'
[0.284s] Level 1:colcon.colcon_core.package_identification:_identify(src/moveit_resources) by extensions ['ignore', 'ignore_ament_install']
[0.284s] Level 1:colcon.colcon_core.package_identification:_identify(src/moveit_resources) by extension 'ignore'
[0.284s] Level 1:colcon.colcon_core.package_identification:_identify(src/moveit_resources) by extension 'ignore_ament_install'
[0.284s] Level 1:colcon.colcon_core.package_identification:_identify(src/moveit_resources) by extensions ['colcon_pkg']
[0.284s] Level 1:colcon.colcon_core.package_identification:_identify(src/moveit_resources) by extension 'colcon_pkg'
[0.284s] Level 1:colcon.colcon_core.package_identification:_identify(src/moveit_resources) by extensions ['colcon_meta']
[0.284s] Level 1:colcon.colcon_core.package_identification:_identify(src/moveit_resources) by extension 'colcon_meta'
[0.284s] Level 1:colcon.colcon_core.package_identification:_identify(src/moveit_resources) by extensions ['ros']
[0.284s] Level 1:colcon.colcon_core.package_identification:_identify(src/moveit_resources) by extension 'ros'
[0.284s] Level 1:colcon.colcon_core.package_identification:_identify(src/moveit_resources) by extensions ['cmake', 'python']
[0.284s] Level 1:colcon.colcon_core.package_identification:_identify(src/moveit_resources) by extension 'cmake'
[0.284s] Level 1:colcon.colcon_core.package_identification:_identify(src/moveit_resources) by extension 'python'
[0.284s] Level 1:colcon.colcon_core.package_identification:_identify(src/moveit_resources) by extensions ['python_setup_py']
[0.284s] Level 1:colcon.colcon_core.package_identification:_identify(src/moveit_resources) by extension 'python_setup_py'
[0.284s] Level 1:colcon.colcon_core.package_identification:_identify(src/moveit_resources/fanuc_description) by extensions ['ignore', 'ignore_ament_install']
[0.284s] Level 1:colcon.colcon_core.package_identification:_identify(src/moveit_resources/fanuc_description) by extension 'ignore'
[0.284s] Level 1:colcon.colcon_core.package_identification:_identify(src/moveit_resources/fanuc_description) by extension 'ignore_ament_install'
[0.284s] Level 1:colcon.colcon_core.package_identification:_identify(src/moveit_resources/fanuc_description) by extensions ['colcon_pkg']
[0.284s] Level 1:colcon.colcon_core.package_identification:_identify(src/moveit_resources/fanuc_description) by extension 'colcon_pkg'
[0.284s] Level 1:colcon.colcon_core.package_identification:_identify(src/moveit_resources/fanuc_description) by extensions ['colcon_meta']
[0.284s] Level 1:colcon.colcon_core.package_identification:_identify(src/moveit_resources/fanuc_description) by extension 'colcon_meta'
[0.284s] Level 1:colcon.colcon_core.package_identification:_identify(src/moveit_resources/fanuc_description) by extensions ['ros']
[0.284s] Level 1:colcon.colcon_core.package_identification:_identify(src/moveit_resources/fanuc_description) by extension 'ros'
[0.285s] DEBUG:colcon.colcon_core.package_identification:Package 'src/moveit_resources/fanuc_description' with type 'ros.ament_cmake' and name 'moveit_resources_fanuc_description'
[0.285s] Level 1:colcon.colcon_core.package_identification:_identify(src/moveit_resources/fanuc_moveit_config) by extensions ['ignore', 'ignore_ament_install']
[0.285s] Level 1:colcon.colcon_core.package_identification:_identify(src/moveit_resources/fanuc_moveit_config) by extension 'ignore'
[0.285s] Level 1:colcon.colcon_core.package_identification:_identify(src/moveit_resources/fanuc_moveit_config) by extension 'ignore_ament_install'
[0.285s] Level 1:colcon.colcon_core.package_identification:_identify(src/moveit_resources/fanuc_moveit_config) by extensions ['colcon_pkg']
[0.285s] Level 1:colcon.colcon_core.package_identification:_identify(src/moveit_resources/fanuc_moveit_config) by extension 'colcon_pkg'
[0.285s] Level 1:colcon.colcon_core.package_identification:_identify(src/moveit_resources/fanuc_moveit_config) by extensions ['colcon_meta']
[0.285s] Level 1:colcon.colcon_core.package_identification:_identify(src/moveit_resources/fanuc_moveit_config) by extension 'colcon_meta'
[0.285s] Level 1:colcon.colcon_core.package_identification:_identify(src/moveit_resources/fanuc_moveit_config) by extensions ['ros']
[0.285s] Level 1:colcon.colcon_core.package_identification:_identify(src/moveit_resources/fanuc_moveit_config) by extension 'ros'
[0.285s] DEBUG:colcon.colcon_core.package_identification:Package 'src/moveit_resources/fanuc_moveit_config' with type 'ros.ament_cmake' and name 'moveit_resources_fanuc_moveit_config'
[0.285s] Level 1:colcon.colcon_core.package_identification:_identify(src/moveit_resources/moveit_resources) by extensions ['ignore', 'ignore_ament_install']
[0.285s] Level 1:colcon.colcon_core.package_identification:_identify(src/moveit_resources/moveit_resources) by extension 'ignore'
[0.285s] Level 1:colcon.colcon_core.package_identification:_identify(src/moveit_resources/moveit_resources) by extension 'ignore_ament_install'
[0.286s] Level 1:colcon.colcon_core.package_identification:_identify(src/moveit_resources/moveit_resources) by extensions ['colcon_pkg']
[0.286s] Level 1:colcon.colcon_core.package_identification:_identify(src/moveit_resources/moveit_resources) by extension 'colcon_pkg'
[0.286s] Level 1:colcon.colcon_core.package_identification:_identify(src/moveit_resources/moveit_resources) by extensions ['colcon_meta']
[0.286s] Level 1:colcon.colcon_core.package_identification:_identify(src/moveit_resources/moveit_resources) by extension 'colcon_meta'
[0.286s] Level 1:colcon.colcon_core.package_identification:_identify(src/moveit_resources/moveit_resources) by extensions ['ros']
[0.286s] Level 1:colcon.colcon_core.package_identification:_identify(src/moveit_resources/moveit_resources) by extension 'ros'
[0.286s] DEBUG:colcon.colcon_core.package_identification:Package 'src/moveit_resources/moveit_resources' with type 'ros.ament_cmake' and name 'moveit_resources'
[0.286s] Level 1:colcon.colcon_core.package_identification:_identify(src/moveit_resources/panda_description) by extensions ['ignore', 'ignore_ament_install']
[0.286s] Level 1:colcon.colcon_core.package_identification:_identify(src/moveit_resources/panda_description) by extension 'ignore'
[0.286s] Level 1:colcon.colcon_core.package_identification:_identify(src/moveit_resources/panda_description) by extension 'ignore_ament_install'
[0.286s] Level 1:colcon.colcon_core.package_identification:_identify(src/moveit_resources/panda_description) by extensions ['colcon_pkg']
[0.286s] Level 1:colcon.colcon_core.package_identification:_identify(src/moveit_resources/panda_description) by extension 'colcon_pkg'
[0.286s] Level 1:colcon.colcon_core.package_identification:_identify(src/moveit_resources/panda_description) by extensions ['colcon_meta']
[0.286s] Level 1:colcon.colcon_core.package_identification:_identify(src/moveit_resources/panda_description) by extension 'colcon_meta'
[0.286s] Level 1:colcon.colcon_core.package_identification:_identify(src/moveit_resources/panda_description) by extensions ['ros']
[0.286s] Level 1:colcon.colcon_core.package_identification:_identify(src/moveit_resources/panda_description) by extension 'ros'
[0.287s] DEBUG:colcon.colcon_core.package_identification:Package 'src/moveit_resources/panda_description' with type 'ros.ament_cmake' and name 'moveit_resources_panda_description'
[0.287s] Level 1:colcon.colcon_core.package_identification:_identify(src/moveit_resources/panda_moveit_config) by extensions ['ignore', 'ignore_ament_install']
[0.287s] Level 1:colcon.colcon_core.package_identification:_identify(src/moveit_resources/panda_moveit_config) by extension 'ignore'
[0.287s] Level 1:colcon.colcon_core.package_identification:_identify(src/moveit_resources/panda_moveit_config) by extension 'ignore_ament_install'
[0.287s] Level 1:colcon.colcon_core.package_identification:_identify(src/moveit_resources/panda_moveit_config) by extensions ['colcon_pkg']
[0.287s] Level 1:colcon.colcon_core.package_identification:_identify(src/moveit_resources/panda_moveit_config) by extension 'colcon_pkg'
[0.287s] Level 1:colcon.colcon_core.package_identification:_identify(src/moveit_resources/panda_moveit_config) by extensions ['colcon_meta']
[0.287s] Level 1:colcon.colcon_core.package_identification:_identify(src/moveit_resources/panda_moveit_config) by extension 'colcon_meta'
[0.287s] Level 1:colcon.colcon_core.package_identification:_identify(src/moveit_resources/panda_moveit_config) by extensions ['ros']
[0.287s] Level 1:colcon.colcon_core.package_identification:_identify(src/moveit_resources/panda_moveit_config) by extension 'ros'
[0.287s] DEBUG:colcon.colcon_core.package_identification:Package 'src/moveit_resources/panda_moveit_config' with type 'ros.ament_cmake' and name 'moveit_resources_panda_moveit_config'
[0.287s] Level 1:colcon.colcon_core.package_identification:_identify(src/moveit_resources/pr2_description) by extensions ['ignore', 'ignore_ament_install']
[0.287s] Level 1:colcon.colcon_core.package_identification:_identify(src/moveit_resources/pr2_description) by extension 'ignore'
[0.287s] Level 1:colcon.colcon_core.package_identification:_identify(src/moveit_resources/pr2_description) by extension 'ignore_ament_install'
[0.287s] Level 1:colcon.colcon_core.package_identification:_identify(src/moveit_resources/pr2_description) by extensions ['colcon_pkg']
[0.287s] Level 1:colcon.colcon_core.package_identification:_identify(src/moveit_resources/pr2_description) by extension 'colcon_pkg'
[0.287s] Level 1:colcon.colcon_core.package_identification:_identify(src/moveit_resources/pr2_description) by extensions ['colcon_meta']
[0.288s] Level 1:colcon.colcon_core.package_identification:_identify(src/moveit_resources/pr2_description) by extension 'colcon_meta'
[0.288s] Level 1:colcon.colcon_core.package_identification:_identify(src/moveit_resources/pr2_description) by extensions ['ros']
[0.288s] Level 1:colcon.colcon_core.package_identification:_identify(src/moveit_resources/pr2_description) by extension 'ros'
[0.288s] DEBUG:colcon.colcon_core.package_identification:Package 'src/moveit_resources/pr2_description' with type 'ros.ament_cmake' and name 'moveit_resources_pr2_description'
[0.288s] Level 1:colcon.colcon_core.package_identification:_identify(src/moveit_task_constructor) by extensions ['ignore', 'ignore_ament_install']
[0.288s] Level 1:colcon.colcon_core.package_identification:_identify(src/moveit_task_constructor) by extension 'ignore'
[0.288s] Level 1:colcon.colcon_core.package_identification:_identify(src/moveit_task_constructor) by extension 'ignore_ament_install'
[0.288s] Level 1:colcon.colcon_core.package_identification:_identify(src/moveit_task_constructor) by extensions ['colcon_pkg']
[0.288s] Level 1:colcon.colcon_core.package_identification:_identify(src/moveit_task_constructor) by extension 'colcon_pkg'
[0.288s] Level 1:colcon.colcon_core.package_identification:_identify(src/moveit_task_constructor) by extensions ['colcon_meta']
[0.288s] Level 1:colcon.colcon_core.package_identification:_identify(src/moveit_task_constructor) by extension 'colcon_meta'
[0.288s] Level 1:colcon.colcon_core.package_identification:_identify(src/moveit_task_constructor) by extensions ['ros']
[0.288s] Level 1:colcon.colcon_core.package_identification:_identify(src/moveit_task_constructor) by extension 'ros'
[0.288s] Level 1:colcon.colcon_core.package_identification:_identify(src/moveit_task_constructor) by extensions ['cmake', 'python']
[0.288s] Level 1:colcon.colcon_core.package_identification:_identify(src/moveit_task_constructor) by extension 'cmake'
[0.288s] Level 1:colcon.colcon_core.package_identification:_identify(src/moveit_task_constructor) by extension 'python'
[0.288s] Level 1:colcon.colcon_core.package_identification:_identify(src/moveit_task_constructor) by extensions ['python_setup_py']
[0.288s] Level 1:colcon.colcon_core.package_identification:_identify(src/moveit_task_constructor) by extension 'python_setup_py'
[0.288s] Level 1:colcon.colcon_core.package_identification:_identify(src/moveit_task_constructor/capabilities) by extensions ['ignore', 'ignore_ament_install']
[0.288s] Level 1:colcon.colcon_core.package_identification:_identify(src/moveit_task_constructor/capabilities) by extension 'ignore'
[0.288s] Level 1:colcon.colcon_core.package_identification:_identify(src/moveit_task_constructor/capabilities) by extension 'ignore_ament_install'
[0.288s] Level 1:colcon.colcon_core.package_identification:_identify(src/moveit_task_constructor/capabilities) by extensions ['colcon_pkg']
[0.288s] Level 1:colcon.colcon_core.package_identification:_identify(src/moveit_task_constructor/capabilities) by extension 'colcon_pkg'
[0.288s] Level 1:colcon.colcon_core.package_identification:_identify(src/moveit_task_constructor/capabilities) by extensions ['colcon_meta']
[0.288s] Level 1:colcon.colcon_core.package_identification:_identify(src/moveit_task_constructor/capabilities) by extension 'colcon_meta'
[0.288s] Level 1:colcon.colcon_core.package_identification:_identify(src/moveit_task_constructor/capabilities) by extensions ['ros']
[0.288s] Level 1:colcon.colcon_core.package_identification:_identify(src/moveit_task_constructor/capabilities) by extension 'ros'
[0.289s] DEBUG:colcon.colcon_core.package_identification:Package 'src/moveit_task_constructor/capabilities' with type 'ros.ament_cmake' and name 'moveit_task_constructor_capabilities'
[0.289s] Level 1:colcon.colcon_core.package_identification:_identify(src/moveit_task_constructor/core) by extensions ['ignore', 'ignore_ament_install']
[0.289s] Level 1:colcon.colcon_core.package_identification:_identify(src/moveit_task_constructor/core) by extension 'ignore'
[0.289s] Level 1:colcon.colcon_core.package_identification:_identify(src/moveit_task_constructor/core) by extension 'ignore_ament_install'
[0.289s] Level 1:colcon.colcon_core.package_identification:_identify(src/moveit_task_constructor/core) by extensions ['colcon_pkg']
[0.289s] Level 1:colcon.colcon_core.package_identification:_identify(src/moveit_task_constructor/core) by extension 'colcon_pkg'
[0.289s] Level 1:colcon.colcon_core.package_identification:_identify(src/moveit_task_constructor/core) by extensions ['colcon_meta']
[0.289s] Level 1:colcon.colcon_core.package_identification:_identify(src/moveit_task_constructor/core) by extension 'colcon_meta'
[0.289s] Level 1:colcon.colcon_core.package_identification:_identify(src/moveit_task_constructor/core) by extensions ['ros']
[0.289s] Level 1:colcon.colcon_core.package_identification:_identify(src/moveit_task_constructor/core) by extension 'ros'
[0.290s] DEBUG:colcon.colcon_core.package_identification:Package 'src/moveit_task_constructor/core' with type 'ros.ament_cmake' and name 'moveit_task_constructor_core'
[0.290s] Level 1:colcon.colcon_core.package_identification:_identify(src/moveit_task_constructor/demo) by extensions ['ignore', 'ignore_ament_install']
[0.290s] Level 1:colcon.colcon_core.package_identification:_identify(src/moveit_task_constructor/demo) by extension 'ignore'
[0.290s] Level 1:colcon.colcon_core.package_identification:_identify(src/moveit_task_constructor/demo) by extension 'ignore_ament_install'
[0.290s] Level 1:colcon.colcon_core.package_identification:_identify(src/moveit_task_constructor/demo) by extensions ['colcon_pkg']
[0.290s] Level 1:colcon.colcon_core.package_identification:_identify(src/moveit_task_constructor/demo) by extension 'colcon_pkg'
[0.291s] Level 1:colcon.colcon_core.package_identification:_identify(src/moveit_task_constructor/demo) by extensions ['colcon_meta']
[0.291s] Level 1:colcon.colcon_core.package_identification:_identify(src/moveit_task_constructor/demo) by extension 'colcon_meta'
[0.291s] Level 1:colcon.colcon_core.package_identification:_identify(src/moveit_task_constructor/demo) by extensions ['ros']
[0.291s] Level 1:colcon.colcon_core.package_identification:_identify(src/moveit_task_constructor/demo) by extension 'ros'
[0.291s] DEBUG:colcon.colcon_core.package_identification:Package 'src/moveit_task_constructor/demo' with type 'ros.ament_cmake' and name 'moveit_task_constructor_demo'
[0.291s] Level 1:colcon.colcon_core.package_identification:_identify(src/moveit_task_constructor/msgs) by extensions ['ignore', 'ignore_ament_install']
[0.291s] Level 1:colcon.colcon_core.package_identification:_identify(src/moveit_task_constructor/msgs) by extension 'ignore'
[0.291s] Level 1:colcon.colcon_core.package_identification:_identify(src/moveit_task_constructor/msgs) by extension 'ignore_ament_install'
[0.291s] Level 1:colcon.colcon_core.package_identification:_identify(src/moveit_task_constructor/msgs) by extensions ['colcon_pkg']
[0.291s] Level 1:colcon.colcon_core.package_identification:_identify(src/moveit_task_constructor/msgs) by extension 'colcon_pkg'
[0.291s] Level 1:colcon.colcon_core.package_identification:_identify(src/moveit_task_constructor/msgs) by extensions ['colcon_meta']
[0.291s] Level 1:colcon.colcon_core.package_identification:_identify(src/moveit_task_constructor/msgs) by extension 'colcon_meta'
[0.291s] Level 1:colcon.colcon_core.package_identification:_identify(src/moveit_task_constructor/msgs) by extensions ['ros']
[0.291s] Level 1:colcon.colcon_core.package_identification:_identify(src/moveit_task_constructor/msgs) by extension 'ros'
[0.292s] DEBUG:colcon.colcon_core.package_identification:Package 'src/moveit_task_constructor/msgs' with type 'ros.ament_cmake' and name 'moveit_task_constructor_msgs'
[0.292s] Level 1:colcon.colcon_core.package_identification:_identify(src/moveit_task_constructor/rviz_marker_tools) by extensions ['ignore', 'ignore_ament_install']
[0.292s] Level 1:colcon.colcon_core.package_identification:_identify(src/moveit_task_constructor/rviz_marker_tools) by extension 'ignore'
[0.292s] Level 1:colcon.colcon_core.package_identification:_identify(src/moveit_task_constructor/rviz_marker_tools) by extension 'ignore_ament_install'
[0.292s] Level 1:colcon.colcon_core.package_identification:_identify(src/moveit_task_constructor/rviz_marker_tools) by extensions ['colcon_pkg']
[0.292s] Level 1:colcon.colcon_core.package_identification:_identify(src/moveit_task_constructor/rviz_marker_tools) by extension 'colcon_pkg'
[0.292s] Level 1:colcon.colcon_core.package_identification:_identify(src/moveit_task_constructor/rviz_marker_tools) by extensions ['colcon_meta']
[0.292s] Level 1:colcon.colcon_core.package_identification:_identify(src/moveit_task_constructor/rviz_marker_tools) by extension 'colcon_meta'
[0.292s] Level 1:colcon.colcon_core.package_identification:_identify(src/moveit_task_constructor/rviz_marker_tools) by extensions ['ros']
[0.292s] Level 1:colcon.colcon_core.package_identification:_identify(src/moveit_task_constructor/rviz_marker_tools) by extension 'ros'
[0.292s] DEBUG:colcon.colcon_core.package_identification:Package 'src/moveit_task_constructor/rviz_marker_tools' with type 'ros.ament_cmake' and name 'rviz_marker_tools'
[0.293s] Level 1:colcon.colcon_core.package_identification:_identify(src/moveit_task_constructor/visualization) by extensions ['ignore', 'ignore_ament_install']
[0.293s] Level 1:colcon.colcon_core.package_identification:_identify(src/moveit_task_constructor/visualization) by extension 'ignore'
[0.293s] Level 1:colcon.colcon_core.package_identification:_identify(src/moveit_task_constructor/visualization) by extension 'ignore_ament_install'
[0.293s] Level 1:colcon.colcon_core.package_identification:_identify(src/moveit_task_constructor/visualization) by extensions ['colcon_pkg']
[0.293s] Level 1:colcon.colcon_core.package_identification:_identify(src/moveit_task_constructor/visualization) by extension 'colcon_pkg'
[0.293s] Level 1:colcon.colcon_core.package_identification:_identify(src/moveit_task_constructor/visualization) by extensions ['colcon_meta']
[0.293s] Level 1:colcon.colcon_core.package_identification:_identify(src/moveit_task_constructor/visualization) by extension 'colcon_meta'
[0.293s] Level 1:colcon.colcon_core.package_identification:_identify(src/moveit_task_constructor/visualization) by extensions ['ros']
[0.293s] Level 1:colcon.colcon_core.package_identification:_identify(src/moveit_task_constructor/visualization) by extension 'ros'
[0.293s] DEBUG:colcon.colcon_core.package_identification:Package 'src/moveit_task_constructor/visualization' with type 'ros.ament_cmake' and name 'moveit_task_constructor_visualization'
[0.293s] Level 1:colcon.colcon_core.package_identification:_identify(src/moveit_visual_tools) by extensions ['ignore', 'ignore_ament_install']
[0.294s] Level 1:colcon.colcon_core.package_identification:_identify(src/moveit_visual_tools) by extension 'ignore'
[0.294s] Level 1:colcon.colcon_core.package_identification:_identify(src/moveit_visual_tools) by extension 'ignore_ament_install'
[0.294s] Level 1:colcon.colcon_core.package_identification:_identify(src/moveit_visual_tools) by extensions ['colcon_pkg']
[0.294s] Level 1:colcon.colcon_core.package_identification:_identify(src/moveit_visual_tools) by extension 'colcon_pkg'
[0.294s] Level 1:colcon.colcon_core.package_identification:_identify(src/moveit_visual_tools) by extensions ['colcon_meta']
[0.294s] Level 1:colcon.colcon_core.package_identification:_identify(src/moveit_visual_tools) by extension 'colcon_meta'
[0.294s] Level 1:colcon.colcon_core.package_identification:_identify(src/moveit_visual_tools) by extensions ['ros']
[0.294s] Level 1:colcon.colcon_core.package_identification:_identify(src/moveit_visual_tools) by extension 'ros'
[0.294s] DEBUG:colcon.colcon_core.package_identification:Package 'src/moveit_visual_tools' with type 'ros.ament_cmake' and name 'moveit_visual_tools'
[0.295s] Level 1:colcon.colcon_core.package_identification:_identify(src/rosparam_shortcuts) by extensions ['ignore', 'ignore_ament_install']
[0.295s] Level 1:colcon.colcon_core.package_identification:_identify(src/rosparam_shortcuts) by extension 'ignore'
[0.295s] Level 1:colcon.colcon_core.package_identification:_identify(src/rosparam_shortcuts) by extension 'ignore_ament_install'
[0.295s] Level 1:colcon.colcon_core.package_identification:_identify(src/rosparam_shortcuts) by extensions ['colcon_pkg']
[0.295s] Level 1:colcon.colcon_core.package_identification:_identify(src/rosparam_shortcuts) by extension 'colcon_pkg'
[0.295s] Level 1:colcon.colcon_core.package_identification:_identify(src/rosparam_shortcuts) by extensions ['colcon_meta']
[0.295s] Level 1:colcon.colcon_core.package_identification:_identify(src/rosparam_shortcuts) by extension 'colcon_meta'
[0.295s] Level 1:colcon.colcon_core.package_identification:_identify(src/rosparam_shortcuts) by extensions ['ros']
[0.295s] Level 1:colcon.colcon_core.package_identification:_identify(src/rosparam_shortcuts) by extension 'ros'
[0.295s] DEBUG:colcon.colcon_core.package_identification:Package 'src/rosparam_shortcuts' with type 'ros.ament_cmake' and name 'rosparam_shortcuts'
[0.295s] Level 1:colcon.colcon_core.package_identification:_identify(src/srdfdom) by extensions ['ignore', 'ignore_ament_install']
[0.295s] Level 1:colcon.colcon_core.package_identification:_identify(src/srdfdom) by extension 'ignore'
[0.295s] Level 1:colcon.colcon_core.package_identification:_identify(src/srdfdom) by extension 'ignore_ament_install'
[0.295s] Level 1:colcon.colcon_core.package_identification:_identify(src/srdfdom) by extensions ['colcon_pkg']
[0.295s] Level 1:colcon.colcon_core.package_identification:_identify(src/srdfdom) by extension 'colcon_pkg'
[0.295s] Level 1:colcon.colcon_core.package_identification:_identify(src/srdfdom) by extensions ['colcon_meta']
[0.295s] Level 1:colcon.colcon_core.package_identification:_identify(src/srdfdom) by extension 'colcon_meta'
[0.295s] Level 1:colcon.colcon_core.package_identification:_identify(src/srdfdom) by extensions ['ros']
[0.296s] Level 1:colcon.colcon_core.package_identification:_identify(src/srdfdom) by extension 'ros'
[0.296s] DEBUG:colcon.colcon_core.package_identification:Package 'src/srdfdom' with type 'ros.ament_cmake' and name 'srdfdom'
[0.296s] Level 1:colcon.colcon_core.package_identification:_identify(src/waypoint_pub) by extensions ['ignore', 'ignore_ament_install']
[0.296s] Level 1:colcon.colcon_core.package_identification:_identify(src/waypoint_pub) by extension 'ignore'
[0.296s] Level 1:colcon.colcon_core.package_identification:_identify(src/waypoint_pub) by extension 'ignore_ament_install'
[0.296s] Level 1:colcon.colcon_core.package_identification:_identify(src/waypoint_pub) by extensions ['colcon_pkg']
[0.296s] Level 1:colcon.colcon_core.package_identification:_identify(src/waypoint_pub) by extension 'colcon_pkg'
[0.296s] Level 1:colcon.colcon_core.package_identification:_identify(src/waypoint_pub) by extensions ['colcon_meta']
[0.296s] Level 1:colcon.colcon_core.package_identification:_identify(src/waypoint_pub) by extension 'colcon_meta'
[0.296s] Level 1:colcon.colcon_core.package_identification:_identify(src/waypoint_pub) by extensions ['ros']
[0.296s] Level 1:colcon.colcon_core.package_identification:_identify(src/waypoint_pub) by extension 'ros'
[0.297s] DEBUG:colcon.colcon_core.package_identification:Package 'src/waypoint_pub' with type 'ros.ament_python' and name 'waypoint_pub'
[0.297s] Level 1:colcon.colcon_core.package_discovery:discover_packages(recursive) using defaults
[0.297s] Level 1:colcon.colcon_core.package_discovery:discover_packages(ignore) discover
[0.297s] Level 1:colcon.colcon_core.package_discovery:discover_packages(ignore) using defaults
[0.297s] Level 1:colcon.colcon_core.package_discovery:discover_packages(path) discover
[0.297s] Level 1:colcon.colcon_core.package_discovery:discover_packages(path) using defaults
[0.346s] Level 1:colcon.colcon_core.package_discovery:discover_packages(prefix_path) check parameters
[0.347s] Level 1:colcon.colcon_core.package_discovery:discover_packages(prefix_path) discover
[0.349s] DEBUG:colcon.colcon_installed_package_information.package_discovery:Found 481 installed packages in /opt/ros/humble
[0.350s] Level 1:colcon.colcon_core.package_discovery:discover_packages(prefix_path) using defaults
[0.382s] WARNING:colcon.colcon_core.package_selection:Some selected packages are already built in one or more underlay workspaces:
	'moveit_ros_move_group' is in: /opt/ros/humble
	'moveit_planners' is in: /opt/ros/humble
	'moveit_ros_visualization' is in: /opt/ros/humble
	'moveit_kinematics' is in: /opt/ros/humble
	'moveit_ros_planning_interface' is in: /opt/ros/humble
	'moveit_simple_controller_manager' is in: /opt/ros/humble
	'moveit_ros_warehouse' is in: /opt/ros/humble
	'srdfdom' is in: /opt/ros/humble
If a package in a merged underlay workspace is overridden and it installs headers, then all packages in the overlay must sort their include directories by workspace order. Failure to do so may result in build failures or undefined behavior at run time.
If the overridden package is used by another package in any underlay, then the overriding package in the overlay must be API and ABI compatible or undefined behavior at run time may occur.

If you understand the risks and want to override a package anyways, add the following to the command line:
	--allow-overriding moveit_kinematics moveit_planners moveit_ros_move_group moveit_ros_planning_interface moveit_ros_visualization moveit_ros_warehouse moveit_simple_controller_manager srdfdom

This may be promoted to an error in a future release of colcon-override-check.
[0.383s] Level 5:colcon.colcon_core.verb:set package 'Open_control' build argument 'cmake_args' from command line to 'None'
[0.383s] Level 5:colcon.colcon_core.verb:set package 'Open_control' build argument 'cmake_target' from command line to 'None'
[0.383s] Level 5:colcon.colcon_core.verb:set package 'Open_control' build argument 'cmake_target_skip_unavailable' from command line to 'False'
[0.383s] Level 5:colcon.colcon_core.verb:set package 'Open_control' build argument 'cmake_clean_cache' from command line to 'False'
[0.383s] Level 5:colcon.colcon_core.verb:set package 'Open_control' build argument 'cmake_clean_first' from command line to 'False'
[0.383s] Level 5:colcon.colcon_core.verb:set package 'Open_control' build argument 'cmake_force_configure' from command line to 'False'
[0.383s] Level 5:colcon.colcon_core.verb:set package 'Open_control' build argument 'ament_cmake_args' from command line to 'None'
[0.383s] Level 5:colcon.colcon_core.verb:set package 'Open_control' build argument 'catkin_cmake_args' from command line to 'None'
[0.383s] Level 5:colcon.colcon_core.verb:set package 'Open_control' build argument 'catkin_skip_building_tests' from command line to 'False'
[0.383s] DEBUG:colcon.colcon_core.verb:Building package 'Open_control' with the following arguments: {'ament_cmake_args': None, 'build_base': '/home/aaron/ur_ws/build/Open_control', 'catkin_cmake_args': None, 'catkin_skip_building_tests': False, 'cmake_args': None, 'cmake_clean_cache': False, 'cmake_clean_first': False, 'cmake_force_configure': False, 'cmake_target': None, 'cmake_target_skip_unavailable': False, 'install_base': '/home/aaron/ur_ws/install/Open_control', 'merge_install': False, 'path': '/home/aaron/ur_ws/src/Open_control', 'symlink_install': False, 'test_result_base': None}
[0.383s] Level 5:colcon.colcon_core.verb:set package 'launch_param_builder' build argument 'cmake_args' from command line to 'None'
[0.383s] Level 5:colcon.colcon_core.verb:set package 'launch_param_builder' build argument 'cmake_target' from command line to 'None'
[0.383s] Level 5:colcon.colcon_core.verb:set package 'launch_param_builder' build argument 'cmake_target_skip_unavailable' from command line to 'False'
[0.383s] Level 5:colcon.colcon_core.verb:set package 'launch_param_builder' build argument 'cmake_clean_cache' from command line to 'False'
[0.383s] Level 5:colcon.colcon_core.verb:set package 'launch_param_builder' build argument 'cmake_clean_first' from command line to 'False'
[0.383s] Level 5:colcon.colcon_core.verb:set package 'launch_param_builder' build argument 'cmake_force_configure' from command line to 'False'
[0.383s] Level 5:colcon.colcon_core.verb:set package 'launch_param_builder' build argument 'ament_cmake_args' from command line to 'None'
[0.383s] Level 5:colcon.colcon_core.verb:set package 'launch_param_builder' build argument 'catkin_cmake_args' from command line to 'None'
[0.383s] Level 5:colcon.colcon_core.verb:set package 'launch_param_builder' build argument 'catkin_skip_building_tests' from command line to 'False'
[0.383s] DEBUG:colcon.colcon_core.verb:Building package 'launch_param_builder' with the following arguments: {'ament_cmake_args': None, 'build_base': '/home/aaron/ur_ws/build/launch_param_builder', 'catkin_cmake_args': None, 'catkin_skip_building_tests': False, 'cmake_args': None, 'cmake_clean_cache': False, 'cmake_clean_first': False, 'cmake_force_configure': False, 'cmake_target': None, 'cmake_target_skip_unavailable': False, 'install_base': '/home/aaron/ur_ws/install/launch_param_builder', 'merge_install': False, 'path': '/home/aaron/ur_ws/src/launch_param_builder', 'symlink_install': False, 'test_result_base': None}
[0.383s] Level 5:colcon.colcon_core.verb:set package 'moveit_common' build argument 'cmake_args' from command line to 'None'
[0.383s] Level 5:colcon.colcon_core.verb:set package 'moveit_common' build argument 'cmake_target' from command line to 'None'
[0.383s] Level 5:colcon.colcon_core.verb:set package 'moveit_common' build argument 'cmake_target_skip_unavailable' from command line to 'False'
[0.383s] Level 5:colcon.colcon_core.verb:set package 'moveit_common' build argument 'cmake_clean_cache' from command line to 'False'
[0.383s] Level 5:colcon.colcon_core.verb:set package 'moveit_common' build argument 'cmake_clean_first' from command line to 'False'
[0.383s] Level 5:colcon.colcon_core.verb:set package 'moveit_common' build argument 'cmake_force_configure' from command line to 'False'
[0.383s] Level 5:colcon.colcon_core.verb:set package 'moveit_common' build argument 'ament_cmake_args' from command line to 'None'
[0.383s] Level 5:colcon.colcon_core.verb:set package 'moveit_common' build argument 'catkin_cmake_args' from command line to 'None'
[0.383s] Level 5:colcon.colcon_core.verb:set package 'moveit_common' build argument 'catkin_skip_building_tests' from command line to 'False'
[0.383s] DEBUG:colcon.colcon_core.verb:Building package 'moveit_common' with the following arguments: {'ament_cmake_args': None, 'build_base': '/home/aaron/ur_ws/build/moveit_common', 'catkin_cmake_args': None, 'catkin_skip_building_tests': False, 'cmake_args': None, 'cmake_clean_cache': False, 'cmake_clean_first': False, 'cmake_force_configure': False, 'cmake_target': None, 'cmake_target_skip_unavailable': False, 'install_base': '/home/aaron/ur_ws/install/moveit_common', 'merge_install': False, 'path': '/home/aaron/ur_ws/src/moveit2/moveit_common', 'symlink_install': False, 'test_result_base': None}
[0.384s] Level 5:colcon.colcon_core.verb:set package 'moveit_resources_fanuc_description' build argument 'cmake_args' from command line to 'None'
[0.384s] Level 5:colcon.colcon_core.verb:set package 'moveit_resources_fanuc_description' build argument 'cmake_target' from command line to 'None'
[0.384s] Level 5:colcon.colcon_core.verb:set package 'moveit_resources_fanuc_description' build argument 'cmake_target_skip_unavailable' from command line to 'False'
[0.384s] Level 5:colcon.colcon_core.verb:set package 'moveit_resources_fanuc_description' build argument 'cmake_clean_cache' from command line to 'False'
[0.384s] Level 5:colcon.colcon_core.verb:set package 'moveit_resources_fanuc_description' build argument 'cmake_clean_first' from command line to 'False'
[0.384s] Level 5:colcon.colcon_core.verb:set package 'moveit_resources_fanuc_description' build argument 'cmake_force_configure' from command line to 'False'
[0.384s] Level 5:colcon.colcon_core.verb:set package 'moveit_resources_fanuc_description' build argument 'ament_cmake_args' from command line to 'None'
[0.384s] Level 5:colcon.colcon_core.verb:set package 'moveit_resources_fanuc_description' build argument 'catkin_cmake_args' from command line to 'None'
[0.384s] Level 5:colcon.colcon_core.verb:set package 'moveit_resources_fanuc_description' build argument 'catkin_skip_building_tests' from command line to 'False'
[0.384s] DEBUG:colcon.colcon_core.verb:Building package 'moveit_resources_fanuc_description' with the following arguments: {'ament_cmake_args': None, 'build_base': '/home/aaron/ur_ws/build/moveit_resources_fanuc_description', 'catkin_cmake_args': None, 'catkin_skip_building_tests': False, 'cmake_args': None, 'cmake_clean_cache': False, 'cmake_clean_first': False, 'cmake_force_configure': False, 'cmake_target': None, 'cmake_target_skip_unavailable': False, 'install_base': '/home/aaron/ur_ws/install/moveit_resources_fanuc_description', 'merge_install': False, 'path': '/home/aaron/ur_ws/src/moveit_resources/fanuc_description', 'symlink_install': False, 'test_result_base': None}
[0.384s] Level 5:colcon.colcon_core.verb:set package 'moveit_resources_panda_description' build argument 'cmake_args' from command line to 'None'
[0.384s] Level 5:colcon.colcon_core.verb:set package 'moveit_resources_panda_description' build argument 'cmake_target' from command line to 'None'
[0.384s] Level 5:colcon.colcon_core.verb:set package 'moveit_resources_panda_description' build argument 'cmake_target_skip_unavailable' from command line to 'False'
[0.384s] Level 5:colcon.colcon_core.verb:set package 'moveit_resources_panda_description' build argument 'cmake_clean_cache' from command line to 'False'
[0.384s] Level 5:colcon.colcon_core.verb:set package 'moveit_resources_panda_description' build argument 'cmake_clean_first' from command line to 'False'
[0.384s] Level 5:colcon.colcon_core.verb:set package 'moveit_resources_panda_description' build argument 'cmake_force_configure' from command line to 'False'
[0.384s] Level 5:colcon.colcon_core.verb:set package 'moveit_resources_panda_description' build argument 'ament_cmake_args' from command line to 'None'
[0.384s] Level 5:colcon.colcon_core.verb:set package 'moveit_resources_panda_description' build argument 'catkin_cmake_args' from command line to 'None'
[0.384s] Level 5:colcon.colcon_core.verb:set package 'moveit_resources_panda_description' build argument 'catkin_skip_building_tests' from command line to 'False'
[0.384s] DEBUG:colcon.colcon_core.verb:Building package 'moveit_resources_panda_description' with the following arguments: {'ament_cmake_args': None, 'build_base': '/home/aaron/ur_ws/build/moveit_resources_panda_description', 'catkin_cmake_args': None, 'catkin_skip_building_tests': False, 'cmake_args': None, 'cmake_clean_cache': False, 'cmake_clean_first': False, 'cmake_force_configure': False, 'cmake_target': None, 'cmake_target_skip_unavailable': False, 'install_base': '/home/aaron/ur_ws/install/moveit_resources_panda_description', 'merge_install': False, 'path': '/home/aaron/ur_ws/src/moveit_resources/panda_description', 'symlink_install': False, 'test_result_base': None}
[0.384s] Level 5:colcon.colcon_core.verb:set package 'moveit_resources_pr2_description' build argument 'cmake_args' from command line to 'None'
[0.384s] Level 5:colcon.colcon_core.verb:set package 'moveit_resources_pr2_description' build argument 'cmake_target' from command line to 'None'
[0.384s] Level 5:colcon.colcon_core.verb:set package 'moveit_resources_pr2_description' build argument 'cmake_target_skip_unavailable' from command line to 'False'
[0.384s] Level 5:colcon.colcon_core.verb:set package 'moveit_resources_pr2_description' build argument 'cmake_clean_cache' from command line to 'False'
[0.384s] Level 5:colcon.colcon_core.verb:set package 'moveit_resources_pr2_description' build argument 'cmake_clean_first' from command line to 'False'
[0.384s] Level 5:colcon.colcon_core.verb:set package 'moveit_resources_pr2_description' build argument 'cmake_force_configure' from command line to 'False'
[0.384s] Level 5:colcon.colcon_core.verb:set package 'moveit_resources_pr2_description' build argument 'ament_cmake_args' from command line to 'None'
[0.384s] Level 5:colcon.colcon_core.verb:set package 'moveit_resources_pr2_description' build argument 'catkin_cmake_args' from command line to 'None'
[0.384s] Level 5:colcon.colcon_core.verb:set package 'moveit_resources_pr2_description' build argument 'catkin_skip_building_tests' from command line to 'False'
[0.384s] DEBUG:colcon.colcon_core.verb:Building package 'moveit_resources_pr2_description' with the following arguments: {'ament_cmake_args': None, 'build_base': '/home/aaron/ur_ws/build/moveit_resources_pr2_description', 'catkin_cmake_args': None, 'catkin_skip_building_tests': False, 'cmake_args': None, 'cmake_clean_cache': False, 'cmake_clean_first': False, 'cmake_force_configure': False, 'cmake_target': None, 'cmake_target_skip_unavailable': False, 'install_base': '/home/aaron/ur_ws/install/moveit_resources_pr2_description', 'merge_install': False, 'path': '/home/aaron/ur_ws/src/moveit_resources/pr2_description', 'symlink_install': False, 'test_result_base': None}
[0.385s] Level 5:colcon.colcon_core.verb:set package 'moveit_resources_prbt_support' build argument 'cmake_args' from command line to 'None'
[0.385s] Level 5:colcon.colcon_core.verb:set package 'moveit_resources_prbt_support' build argument 'cmake_target' from command line to 'None'
[0.385s] Level 5:colcon.colcon_core.verb:set package 'moveit_resources_prbt_support' build argument 'cmake_target_skip_unavailable' from command line to 'False'
[0.385s] Level 5:colcon.colcon_core.verb:set package 'moveit_resources_prbt_support' build argument 'cmake_clean_cache' from command line to 'False'
[0.385s] Level 5:colcon.colcon_core.verb:set package 'moveit_resources_prbt_support' build argument 'cmake_clean_first' from command line to 'False'
[0.385s] Level 5:colcon.colcon_core.verb:set package 'moveit_resources_prbt_support' build argument 'cmake_force_configure' from command line to 'False'
[0.385s] Level 5:colcon.colcon_core.verb:set package 'moveit_resources_prbt_support' build argument 'ament_cmake_args' from command line to 'None'
[0.385s] Level 5:colcon.colcon_core.verb:set package 'moveit_resources_prbt_support' build argument 'catkin_cmake_args' from command line to 'None'
[0.385s] Level 5:colcon.colcon_core.verb:set package 'moveit_resources_prbt_support' build argument 'catkin_skip_building_tests' from command line to 'False'
[0.385s] DEBUG:colcon.colcon_core.verb:Building package 'moveit_resources_prbt_support' with the following arguments: {'ament_cmake_args': None, 'build_base': '/home/aaron/ur_ws/build/moveit_resources_prbt_support', 'catkin_cmake_args': None, 'catkin_skip_building_tests': False, 'cmake_args': None, 'cmake_clean_cache': False, 'cmake_clean_first': False, 'cmake_force_configure': False, 'cmake_target': None, 'cmake_target_skip_unavailable': False, 'install_base': '/home/aaron/ur_ws/install/moveit_resources_prbt_support', 'merge_install': False, 'path': '/home/aaron/ur_ws/src/moveit2/moveit_planners/test_configs/prbt_support', 'symlink_install': False, 'test_result_base': None}
[0.385s] Level 5:colcon.colcon_core.verb:set package 'moveit_task_constructor_msgs' build argument 'cmake_args' from command line to 'None'
[0.385s] Level 5:colcon.colcon_core.verb:set package 'moveit_task_constructor_msgs' build argument 'cmake_target' from command line to 'None'
[0.385s] Level 5:colcon.colcon_core.verb:set package 'moveit_task_constructor_msgs' build argument 'cmake_target_skip_unavailable' from command line to 'False'
[0.385s] Level 5:colcon.colcon_core.verb:set package 'moveit_task_constructor_msgs' build argument 'cmake_clean_cache' from command line to 'False'
[0.385s] Level 5:colcon.colcon_core.verb:set package 'moveit_task_constructor_msgs' build argument 'cmake_clean_first' from command line to 'False'
[0.385s] Level 5:colcon.colcon_core.verb:set package 'moveit_task_constructor_msgs' build argument 'cmake_force_configure' from command line to 'False'
[0.385s] Level 5:colcon.colcon_core.verb:set package 'moveit_task_constructor_msgs' build argument 'ament_cmake_args' from command line to 'None'
[0.385s] Level 5:colcon.colcon_core.verb:set package 'moveit_task_constructor_msgs' build argument 'catkin_cmake_args' from command line to 'None'
[0.385s] Level 5:colcon.colcon_core.verb:set package 'moveit_task_constructor_msgs' build argument 'catkin_skip_building_tests' from command line to 'False'
[0.385s] DEBUG:colcon.colcon_core.verb:Building package 'moveit_task_constructor_msgs' with the following arguments: {'ament_cmake_args': None, 'build_base': '/home/aaron/ur_ws/build/moveit_task_constructor_msgs', 'catkin_cmake_args': None, 'catkin_skip_building_tests': False, 'cmake_args': None, 'cmake_clean_cache': False, 'cmake_clean_first': False, 'cmake_force_configure': False, 'cmake_target': None, 'cmake_target_skip_unavailable': False, 'install_base': '/home/aaron/ur_ws/install/moveit_task_constructor_msgs', 'merge_install': False, 'path': '/home/aaron/ur_ws/src/moveit_task_constructor/msgs', 'symlink_install': False, 'test_result_base': None}
[0.385s] Level 5:colcon.colcon_core.verb:set package 'rosparam_shortcuts' build argument 'cmake_args' from command line to 'None'
[0.385s] Level 5:colcon.colcon_core.verb:set package 'rosparam_shortcuts' build argument 'cmake_target' from command line to 'None'
[0.385s] Level 5:colcon.colcon_core.verb:set package 'rosparam_shortcuts' build argument 'cmake_target_skip_unavailable' from command line to 'False'
[0.385s] Level 5:colcon.colcon_core.verb:set package 'rosparam_shortcuts' build argument 'cmake_clean_cache' from command line to 'False'
[0.385s] Level 5:colcon.colcon_core.verb:set package 'rosparam_shortcuts' build argument 'cmake_clean_first' from command line to 'False'
[0.385s] Level 5:colcon.colcon_core.verb:set package 'rosparam_shortcuts' build argument 'cmake_force_configure' from command line to 'False'
[0.385s] Level 5:colcon.colcon_core.verb:set package 'rosparam_shortcuts' build argument 'ament_cmake_args' from command line to 'None'
[0.385s] Level 5:colcon.colcon_core.verb:set package 'rosparam_shortcuts' build argument 'catkin_cmake_args' from command line to 'None'
[0.385s] Level 5:colcon.colcon_core.verb:set package 'rosparam_shortcuts' build argument 'catkin_skip_building_tests' from command line to 'False'
[0.385s] DEBUG:colcon.colcon_core.verb:Building package 'rosparam_shortcuts' with the following arguments: {'ament_cmake_args': None, 'build_base': '/home/aaron/ur_ws/build/rosparam_shortcuts', 'catkin_cmake_args': None, 'catkin_skip_building_tests': False, 'cmake_args': None, 'cmake_clean_cache': False, 'cmake_clean_first': False, 'cmake_force_configure': False, 'cmake_target': None, 'cmake_target_skip_unavailable': False, 'install_base': '/home/aaron/ur_ws/install/rosparam_shortcuts', 'merge_install': False, 'path': '/home/aaron/ur_ws/src/rosparam_shortcuts', 'symlink_install': False, 'test_result_base': None}
[0.386s] Level 5:colcon.colcon_core.verb:set package 'srdfdom' build argument 'cmake_args' from command line to 'None'
[0.386s] Level 5:colcon.colcon_core.verb:set package 'srdfdom' build argument 'cmake_target' from command line to 'None'
[0.386s] Level 5:colcon.colcon_core.verb:set package 'srdfdom' build argument 'cmake_target_skip_unavailable' from command line to 'False'
[0.386s] Level 5:colcon.colcon_core.verb:set package 'srdfdom' build argument 'cmake_clean_cache' from command line to 'False'
[0.386s] Level 5:colcon.colcon_core.verb:set package 'srdfdom' build argument 'cmake_clean_first' from command line to 'False'
[0.386s] Level 5:colcon.colcon_core.verb:set package 'srdfdom' build argument 'cmake_force_configure' from command line to 'False'
[0.386s] Level 5:colcon.colcon_core.verb:set package 'srdfdom' build argument 'ament_cmake_args' from command line to 'None'
[0.386s] Level 5:colcon.colcon_core.verb:set package 'srdfdom' build argument 'catkin_cmake_args' from command line to 'None'
[0.386s] Level 5:colcon.colcon_core.verb:set package 'srdfdom' build argument 'catkin_skip_building_tests' from command line to 'False'
[0.386s] DEBUG:colcon.colcon_core.verb:Building package 'srdfdom' with the following arguments: {'ament_cmake_args': None, 'build_base': '/home/aaron/ur_ws/build/srdfdom', 'catkin_cmake_args': None, 'catkin_skip_building_tests': False, 'cmake_args': None, 'cmake_clean_cache': False, 'cmake_clean_first': False, 'cmake_force_configure': False, 'cmake_target': None, 'cmake_target_skip_unavailable': False, 'install_base': '/home/aaron/ur_ws/install/srdfdom', 'merge_install': False, 'path': '/home/aaron/ur_ws/src/srdfdom', 'symlink_install': False, 'test_result_base': None}
[0.386s] Level 5:colcon.colcon_core.verb:set package 'waypoint_pub' build argument 'cmake_args' from command line to 'None'
[0.386s] Level 5:colcon.colcon_core.verb:set package 'waypoint_pub' build argument 'cmake_target' from command line to 'None'
[0.386s] Level 5:colcon.colcon_core.verb:set package 'waypoint_pub' build argument 'cmake_target_skip_unavailable' from command line to 'False'
[0.386s] Level 5:colcon.colcon_core.verb:set package 'waypoint_pub' build argument 'cmake_clean_cache' from command line to 'False'
[0.386s] Level 5:colcon.colcon_core.verb:set package 'waypoint_pub' build argument 'cmake_clean_first' from command line to 'False'
[0.386s] Level 5:colcon.colcon_core.verb:set package 'waypoint_pub' build argument 'cmake_force_configure' from command line to 'False'
[0.386s] Level 5:colcon.colcon_core.verb:set package 'waypoint_pub' build argument 'ament_cmake_args' from command line to 'None'
[0.386s] Level 5:colcon.colcon_core.verb:set package 'waypoint_pub' build argument 'catkin_cmake_args' from command line to 'None'
[0.386s] Level 5:colcon.colcon_core.verb:set package 'waypoint_pub' build argument 'catkin_skip_building_tests' from command line to 'False'
[0.386s] DEBUG:colcon.colcon_core.verb:Building package 'waypoint_pub' with the following arguments: {'ament_cmake_args': None, 'build_base': '/home/aaron/ur_ws/build/waypoint_pub', 'catkin_cmake_args': None, 'catkin_skip_building_tests': False, 'cmake_args': None, 'cmake_clean_cache': False, 'cmake_clean_first': False, 'cmake_force_configure': False, 'cmake_target': None, 'cmake_target_skip_unavailable': False, 'install_base': '/home/aaron/ur_ws/install/waypoint_pub', 'merge_install': False, 'path': '/home/aaron/ur_ws/src/waypoint_pub', 'symlink_install': False, 'test_result_base': None}
[0.386s] Level 5:colcon.colcon_core.verb:set package 'moveit_configs_utils' build argument 'cmake_args' from command line to 'None'
[0.386s] Level 5:colcon.colcon_core.verb:set package 'moveit_configs_utils' build argument 'cmake_target' from command line to 'None'
[0.386s] Level 5:colcon.colcon_core.verb:set package 'moveit_configs_utils' build argument 'cmake_target_skip_unavailable' from command line to 'False'
[0.386s] Level 5:colcon.colcon_core.verb:set package 'moveit_configs_utils' build argument 'cmake_clean_cache' from command line to 'False'
[0.386s] Level 5:colcon.colcon_core.verb:set package 'moveit_configs_utils' build argument 'cmake_clean_first' from command line to 'False'
[0.386s] Level 5:colcon.colcon_core.verb:set package 'moveit_configs_utils' build argument 'cmake_force_configure' from command line to 'False'
[0.386s] Level 5:colcon.colcon_core.verb:set package 'moveit_configs_utils' build argument 'ament_cmake_args' from command line to 'None'
[0.386s] Level 5:colcon.colcon_core.verb:set package 'moveit_configs_utils' build argument 'catkin_cmake_args' from command line to 'None'
[0.386s] Level 5:colcon.colcon_core.verb:set package 'moveit_configs_utils' build argument 'catkin_skip_building_tests' from command line to 'False'
[0.386s] DEBUG:colcon.colcon_core.verb:Building package 'moveit_configs_utils' with the following arguments: {'ament_cmake_args': None, 'build_base': '/home/aaron/ur_ws/build/moveit_configs_utils', 'catkin_cmake_args': None, 'catkin_skip_building_tests': False, 'cmake_args': None, 'cmake_clean_cache': False, 'cmake_clean_first': False, 'cmake_force_configure': False, 'cmake_target': None, 'cmake_target_skip_unavailable': False, 'install_base': '/home/aaron/ur_ws/install/moveit_configs_utils', 'merge_install': False, 'path': '/home/aaron/ur_ws/src/moveit2/moveit_configs_utils', 'symlink_install': False, 'test_result_base': None}
[0.386s] Level 5:colcon.colcon_core.verb:set package 'moveit_resources_fanuc_moveit_config' build argument 'cmake_args' from command line to 'None'
[0.387s] Level 5:colcon.colcon_core.verb:set package 'moveit_resources_fanuc_moveit_config' build argument 'cmake_target' from command line to 'None'
[0.387s] Level 5:colcon.colcon_core.verb:set package 'moveit_resources_fanuc_moveit_config' build argument 'cmake_target_skip_unavailable' from command line to 'False'
[0.387s] Level 5:colcon.colcon_core.verb:set package 'moveit_resources_fanuc_moveit_config' build argument 'cmake_clean_cache' from command line to 'False'
[0.387s] Level 5:colcon.colcon_core.verb:set package 'moveit_resources_fanuc_moveit_config' build argument 'cmake_clean_first' from command line to 'False'
[0.387s] Level 5:colcon.colcon_core.verb:set package 'moveit_resources_fanuc_moveit_config' build argument 'cmake_force_configure' from command line to 'False'
[0.387s] Level 5:colcon.colcon_core.verb:set package 'moveit_resources_fanuc_moveit_config' build argument 'ament_cmake_args' from command line to 'None'
[0.387s] Level 5:colcon.colcon_core.verb:set package 'moveit_resources_fanuc_moveit_config' build argument 'catkin_cmake_args' from command line to 'None'
[0.387s] Level 5:colcon.colcon_core.verb:set package 'moveit_resources_fanuc_moveit_config' build argument 'catkin_skip_building_tests' from command line to 'False'
[0.387s] DEBUG:colcon.colcon_core.verb:Building package 'moveit_resources_fanuc_moveit_config' with the following arguments: {'ament_cmake_args': None, 'build_base': '/home/aaron/ur_ws/build/moveit_resources_fanuc_moveit_config', 'catkin_cmake_args': None, 'catkin_skip_building_tests': False, 'cmake_args': None, 'cmake_clean_cache': False, 'cmake_clean_first': False, 'cmake_force_configure': False, 'cmake_target': None, 'cmake_target_skip_unavailable': False, 'install_base': '/home/aaron/ur_ws/install/moveit_resources_fanuc_moveit_config', 'merge_install': False, 'path': '/home/aaron/ur_ws/src/moveit_resources/fanuc_moveit_config', 'symlink_install': False, 'test_result_base': None}
[0.387s] Level 5:colcon.colcon_core.verb:set package 'moveit_resources_panda_moveit_config' build argument 'cmake_args' from command line to 'None'
[0.387s] Level 5:colcon.colcon_core.verb:set package 'moveit_resources_panda_moveit_config' build argument 'cmake_target' from command line to 'None'
[0.387s] Level 5:colcon.colcon_core.verb:set package 'moveit_resources_panda_moveit_config' build argument 'cmake_target_skip_unavailable' from command line to 'False'
[0.387s] Level 5:colcon.colcon_core.verb:set package 'moveit_resources_panda_moveit_config' build argument 'cmake_clean_cache' from command line to 'False'
[0.387s] Level 5:colcon.colcon_core.verb:set package 'moveit_resources_panda_moveit_config' build argument 'cmake_clean_first' from command line to 'False'
[0.387s] Level 5:colcon.colcon_core.verb:set package 'moveit_resources_panda_moveit_config' build argument 'cmake_force_configure' from command line to 'False'
[0.387s] Level 5:colcon.colcon_core.verb:set package 'moveit_resources_panda_moveit_config' build argument 'ament_cmake_args' from command line to 'None'
[0.387s] Level 5:colcon.colcon_core.verb:set package 'moveit_resources_panda_moveit_config' build argument 'catkin_cmake_args' from command line to 'None'
[0.387s] Level 5:colcon.colcon_core.verb:set package 'moveit_resources_panda_moveit_config' build argument 'catkin_skip_building_tests' from command line to 'False'
[0.387s] DEBUG:colcon.colcon_core.verb:Building package 'moveit_resources_panda_moveit_config' with the following arguments: {'ament_cmake_args': None, 'build_base': '/home/aaron/ur_ws/build/moveit_resources_panda_moveit_config', 'catkin_cmake_args': None, 'catkin_skip_building_tests': False, 'cmake_args': None, 'cmake_clean_cache': False, 'cmake_clean_first': False, 'cmake_force_configure': False, 'cmake_target': None, 'cmake_target_skip_unavailable': False, 'install_base': '/home/aaron/ur_ws/install/moveit_resources_panda_moveit_config', 'merge_install': False, 'path': '/home/aaron/ur_ws/src/moveit_resources/panda_moveit_config', 'symlink_install': False, 'test_result_base': None}
[0.387s] Level 5:colcon.colcon_core.verb:set package 'rviz_marker_tools' build argument 'cmake_args' from command line to 'None'
[0.387s] Level 5:colcon.colcon_core.verb:set package 'rviz_marker_tools' build argument 'cmake_target' from command line to 'None'
[0.387s] Level 5:colcon.colcon_core.verb:set package 'rviz_marker_tools' build argument 'cmake_target_skip_unavailable' from command line to 'False'
[0.387s] Level 5:colcon.colcon_core.verb:set package 'rviz_marker_tools' build argument 'cmake_clean_cache' from command line to 'False'
[0.387s] Level 5:colcon.colcon_core.verb:set package 'rviz_marker_tools' build argument 'cmake_clean_first' from command line to 'False'
[0.387s] Level 5:colcon.colcon_core.verb:set package 'rviz_marker_tools' build argument 'cmake_force_configure' from command line to 'False'
[0.387s] Level 5:colcon.colcon_core.verb:set package 'rviz_marker_tools' build argument 'ament_cmake_args' from command line to 'None'
[0.387s] Level 5:colcon.colcon_core.verb:set package 'rviz_marker_tools' build argument 'catkin_cmake_args' from command line to 'None'
[0.387s] Level 5:colcon.colcon_core.verb:set package 'rviz_marker_tools' build argument 'catkin_skip_building_tests' from command line to 'False'
[0.387s] DEBUG:colcon.colcon_core.verb:Building package 'rviz_marker_tools' with the following arguments: {'ament_cmake_args': None, 'build_base': '/home/aaron/ur_ws/build/rviz_marker_tools', 'catkin_cmake_args': None, 'catkin_skip_building_tests': False, 'cmake_args': None, 'cmake_clean_cache': False, 'cmake_clean_first': False, 'cmake_force_configure': False, 'cmake_target': None, 'cmake_target_skip_unavailable': False, 'install_base': '/home/aaron/ur_ws/install/rviz_marker_tools', 'merge_install': False, 'path': '/home/aaron/ur_ws/src/moveit_task_constructor/rviz_marker_tools', 'symlink_install': False, 'test_result_base': None}
[0.387s] Level 5:colcon.colcon_core.verb:set package 'moveit_core' build argument 'cmake_args' from command line to 'None'
[0.387s] Level 5:colcon.colcon_core.verb:set package 'moveit_core' build argument 'cmake_target' from command line to 'None'
[0.387s] Level 5:colcon.colcon_core.verb:set package 'moveit_core' build argument 'cmake_target_skip_unavailable' from command line to 'False'
[0.387s] Level 5:colcon.colcon_core.verb:set package 'moveit_core' build argument 'cmake_clean_cache' from command line to 'False'
[0.387s] Level 5:colcon.colcon_core.verb:set package 'moveit_core' build argument 'cmake_clean_first' from command line to 'False'
[0.387s] Level 5:colcon.colcon_core.verb:set package 'moveit_core' build argument 'cmake_force_configure' from command line to 'False'
[0.387s] Level 5:colcon.colcon_core.verb:set package 'moveit_core' build argument 'ament_cmake_args' from command line to 'None'
[0.387s] Level 5:colcon.colcon_core.verb:set package 'moveit_core' build argument 'catkin_cmake_args' from command line to 'None'
[0.387s] Level 5:colcon.colcon_core.verb:set package 'moveit_core' build argument 'catkin_skip_building_tests' from command line to 'False'
[0.388s] DEBUG:colcon.colcon_core.verb:Building package 'moveit_core' with the following arguments: {'ament_cmake_args': None, 'build_base': '/home/aaron/ur_ws/build/moveit_core', 'catkin_cmake_args': None, 'catkin_skip_building_tests': False, 'cmake_args': None, 'cmake_clean_cache': False, 'cmake_clean_first': False, 'cmake_force_configure': False, 'cmake_target': None, 'cmake_target_skip_unavailable': False, 'install_base': '/home/aaron/ur_ws/install/moveit_core', 'merge_install': False, 'path': '/home/aaron/ur_ws/src/moveit2/moveit_core', 'symlink_install': False, 'test_result_base': None}
[0.388s] Level 5:colcon.colcon_core.verb:set package 'moveit_resources' build argument 'cmake_args' from command line to 'None'
[0.388s] Level 5:colcon.colcon_core.verb:set package 'moveit_resources' build argument 'cmake_target' from command line to 'None'
[0.388s] Level 5:colcon.colcon_core.verb:set package 'moveit_resources' build argument 'cmake_target_skip_unavailable' from command line to 'False'
[0.388s] Level 5:colcon.colcon_core.verb:set package 'moveit_resources' build argument 'cmake_clean_cache' from command line to 'False'
[0.388s] Level 5:colcon.colcon_core.verb:set package 'moveit_resources' build argument 'cmake_clean_first' from command line to 'False'
[0.388s] Level 5:colcon.colcon_core.verb:set package 'moveit_resources' build argument 'cmake_force_configure' from command line to 'False'
[0.388s] Level 5:colcon.colcon_core.verb:set package 'moveit_resources' build argument 'ament_cmake_args' from command line to 'None'
[0.388s] Level 5:colcon.colcon_core.verb:set package 'moveit_resources' build argument 'catkin_cmake_args' from command line to 'None'
[0.388s] Level 5:colcon.colcon_core.verb:set package 'moveit_resources' build argument 'catkin_skip_building_tests' from command line to 'False'
[0.388s] DEBUG:colcon.colcon_core.verb:Building package 'moveit_resources' with the following arguments: {'ament_cmake_args': None, 'build_base': '/home/aaron/ur_ws/build/moveit_resources', 'catkin_cmake_args': None, 'catkin_skip_building_tests': False, 'cmake_args': None, 'cmake_clean_cache': False, 'cmake_clean_first': False, 'cmake_force_configure': False, 'cmake_target': None, 'cmake_target_skip_unavailable': False, 'install_base': '/home/aaron/ur_ws/install/moveit_resources', 'merge_install': False, 'path': '/home/aaron/ur_ws/src/moveit_resources/moveit_resources', 'symlink_install': False, 'test_result_base': None}
[0.388s] Level 5:colcon.colcon_core.verb:set package 'chomp_motion_planner' build argument 'cmake_args' from command line to 'None'
[0.388s] Level 5:colcon.colcon_core.verb:set package 'chomp_motion_planner' build argument 'cmake_target' from command line to 'None'
[0.388s] Level 5:colcon.colcon_core.verb:set package 'chomp_motion_planner' build argument 'cmake_target_skip_unavailable' from command line to 'False'
[0.388s] Level 5:colcon.colcon_core.verb:set package 'chomp_motion_planner' build argument 'cmake_clean_cache' from command line to 'False'
[0.388s] Level 5:colcon.colcon_core.verb:set package 'chomp_motion_planner' build argument 'cmake_clean_first' from command line to 'False'
[0.388s] Level 5:colcon.colcon_core.verb:set package 'chomp_motion_planner' build argument 'cmake_force_configure' from command line to 'False'
[0.388s] Level 5:colcon.colcon_core.verb:set package 'chomp_motion_planner' build argument 'ament_cmake_args' from command line to 'None'
[0.388s] Level 5:colcon.colcon_core.verb:set package 'chomp_motion_planner' build argument 'catkin_cmake_args' from command line to 'None'
[0.388s] Level 5:colcon.colcon_core.verb:set package 'chomp_motion_planner' build argument 'catkin_skip_building_tests' from command line to 'False'
[0.388s] DEBUG:colcon.colcon_core.verb:Building package 'chomp_motion_planner' with the following arguments: {'ament_cmake_args': None, 'build_base': '/home/aaron/ur_ws/build/chomp_motion_planner', 'catkin_cmake_args': None, 'catkin_skip_building_tests': False, 'cmake_args': None, 'cmake_clean_cache': False, 'cmake_clean_first': False, 'cmake_force_configure': False, 'cmake_target': None, 'cmake_target_skip_unavailable': False, 'install_base': '/home/aaron/ur_ws/install/chomp_motion_planner', 'merge_install': False, 'path': '/home/aaron/ur_ws/src/moveit2/moveit_planners/chomp/chomp_motion_planner', 'symlink_install': False, 'test_result_base': None}
[0.388s] Level 5:colcon.colcon_core.verb:set package 'moveit_resources_prbt_ikfast_manipulator_plugin' build argument 'cmake_args' from command line to 'None'
[0.388s] Level 5:colcon.colcon_core.verb:set package 'moveit_resources_prbt_ikfast_manipulator_plugin' build argument 'cmake_target' from command line to 'None'
[0.388s] Level 5:colcon.colcon_core.verb:set package 'moveit_resources_prbt_ikfast_manipulator_plugin' build argument 'cmake_target_skip_unavailable' from command line to 'False'
[0.388s] Level 5:colcon.colcon_core.verb:set package 'moveit_resources_prbt_ikfast_manipulator_plugin' build argument 'cmake_clean_cache' from command line to 'False'
[0.388s] Level 5:colcon.colcon_core.verb:set package 'moveit_resources_prbt_ikfast_manipulator_plugin' build argument 'cmake_clean_first' from command line to 'False'
[0.388s] Level 5:colcon.colcon_core.verb:set package 'moveit_resources_prbt_ikfast_manipulator_plugin' build argument 'cmake_force_configure' from command line to 'False'
[0.388s] Level 5:colcon.colcon_core.verb:set package 'moveit_resources_prbt_ikfast_manipulator_plugin' build argument 'ament_cmake_args' from command line to 'None'
[0.388s] Level 5:colcon.colcon_core.verb:set package 'moveit_resources_prbt_ikfast_manipulator_plugin' build argument 'catkin_cmake_args' from command line to 'None'
[0.388s] Level 5:colcon.colcon_core.verb:set package 'moveit_resources_prbt_ikfast_manipulator_plugin' build argument 'catkin_skip_building_tests' from command line to 'False'
[0.388s] DEBUG:colcon.colcon_core.verb:Building package 'moveit_resources_prbt_ikfast_manipulator_plugin' with the following arguments: {'ament_cmake_args': None, 'build_base': '/home/aaron/ur_ws/build/moveit_resources_prbt_ikfast_manipulator_plugin', 'catkin_cmake_args': None, 'catkin_skip_building_tests': False, 'cmake_args': None, 'cmake_clean_cache': False, 'cmake_clean_first': False, 'cmake_force_configure': False, 'cmake_target': None, 'cmake_target_skip_unavailable': False, 'install_base': '/home/aaron/ur_ws/install/moveit_resources_prbt_ikfast_manipulator_plugin', 'merge_install': False, 'path': '/home/aaron/ur_ws/src/moveit2/moveit_planners/test_configs/prbt_ikfast_manipulator_plugin', 'symlink_install': False, 'test_result_base': None}
[0.389s] Level 5:colcon.colcon_core.verb:set package 'moveit_ros_occupancy_map_monitor' build argument 'cmake_args' from command line to 'None'
[0.389s] Level 5:colcon.colcon_core.verb:set package 'moveit_ros_occupancy_map_monitor' build argument 'cmake_target' from command line to 'None'
[0.389s] Level 5:colcon.colcon_core.verb:set package 'moveit_ros_occupancy_map_monitor' build argument 'cmake_target_skip_unavailable' from command line to 'False'
[0.389s] Level 5:colcon.colcon_core.verb:set package 'moveit_ros_occupancy_map_monitor' build argument 'cmake_clean_cache' from command line to 'False'
[0.389s] Level 5:colcon.colcon_core.verb:set package 'moveit_ros_occupancy_map_monitor' build argument 'cmake_clean_first' from command line to 'False'
[0.389s] Level 5:colcon.colcon_core.verb:set package 'moveit_ros_occupancy_map_monitor' build argument 'cmake_force_configure' from command line to 'False'
[0.389s] Level 5:colcon.colcon_core.verb:set package 'moveit_ros_occupancy_map_monitor' build argument 'ament_cmake_args' from command line to 'None'
[0.389s] Level 5:colcon.colcon_core.verb:set package 'moveit_ros_occupancy_map_monitor' build argument 'catkin_cmake_args' from command line to 'None'
[0.389s] Level 5:colcon.colcon_core.verb:set package 'moveit_ros_occupancy_map_monitor' build argument 'catkin_skip_building_tests' from command line to 'False'
[0.389s] DEBUG:colcon.colcon_core.verb:Building package 'moveit_ros_occupancy_map_monitor' with the following arguments: {'ament_cmake_args': None, 'build_base': '/home/aaron/ur_ws/build/moveit_ros_occupancy_map_monitor', 'catkin_cmake_args': None, 'catkin_skip_building_tests': False, 'cmake_args': None, 'cmake_clean_cache': False, 'cmake_clean_first': False, 'cmake_force_configure': False, 'cmake_target': None, 'cmake_target_skip_unavailable': False, 'install_base': '/home/aaron/ur_ws/install/moveit_ros_occupancy_map_monitor', 'merge_install': False, 'path': '/home/aaron/ur_ws/src/moveit2/moveit_ros/occupancy_map_monitor', 'symlink_install': False, 'test_result_base': None}
[0.389s] Level 5:colcon.colcon_core.verb:set package 'moveit_simple_controller_manager' build argument 'cmake_args' from command line to 'None'
[0.389s] Level 5:colcon.colcon_core.verb:set package 'moveit_simple_controller_manager' build argument 'cmake_target' from command line to 'None'
[0.389s] Level 5:colcon.colcon_core.verb:set package 'moveit_simple_controller_manager' build argument 'cmake_target_skip_unavailable' from command line to 'False'
[0.389s] Level 5:colcon.colcon_core.verb:set package 'moveit_simple_controller_manager' build argument 'cmake_clean_cache' from command line to 'False'
[0.389s] Level 5:colcon.colcon_core.verb:set package 'moveit_simple_controller_manager' build argument 'cmake_clean_first' from command line to 'False'
[0.389s] Level 5:colcon.colcon_core.verb:set package 'moveit_simple_controller_manager' build argument 'cmake_force_configure' from command line to 'False'
[0.389s] Level 5:colcon.colcon_core.verb:set package 'moveit_simple_controller_manager' build argument 'ament_cmake_args' from command line to 'None'
[0.389s] Level 5:colcon.colcon_core.verb:set package 'moveit_simple_controller_manager' build argument 'catkin_cmake_args' from command line to 'None'
[0.389s] Level 5:colcon.colcon_core.verb:set package 'moveit_simple_controller_manager' build argument 'catkin_skip_building_tests' from command line to 'False'
[0.389s] DEBUG:colcon.colcon_core.verb:Building package 'moveit_simple_controller_manager' with the following arguments: {'ament_cmake_args': None, 'build_base': '/home/aaron/ur_ws/build/moveit_simple_controller_manager', 'catkin_cmake_args': None, 'catkin_skip_building_tests': False, 'cmake_args': None, 'cmake_clean_cache': False, 'cmake_clean_first': False, 'cmake_force_configure': False, 'cmake_target': None, 'cmake_target_skip_unavailable': False, 'install_base': '/home/aaron/ur_ws/install/moveit_simple_controller_manager', 'merge_install': False, 'path': '/home/aaron/ur_ws/src/moveit2/moveit_plugins/moveit_simple_controller_manager', 'symlink_install': False, 'test_result_base': None}
[0.389s] Level 5:colcon.colcon_core.verb:set package 'pilz_industrial_motion_planner_testutils' build argument 'cmake_args' from command line to 'None'
[0.389s] Level 5:colcon.colcon_core.verb:set package 'pilz_industrial_motion_planner_testutils' build argument 'cmake_target' from command line to 'None'
[0.389s] Level 5:colcon.colcon_core.verb:set package 'pilz_industrial_motion_planner_testutils' build argument 'cmake_target_skip_unavailable' from command line to 'False'
[0.389s] Level 5:colcon.colcon_core.verb:set package 'pilz_industrial_motion_planner_testutils' build argument 'cmake_clean_cache' from command line to 'False'
[0.389s] Level 5:colcon.colcon_core.verb:set package 'pilz_industrial_motion_planner_testutils' build argument 'cmake_clean_first' from command line to 'False'
[0.389s] Level 5:colcon.colcon_core.verb:set package 'pilz_industrial_motion_planner_testutils' build argument 'cmake_force_configure' from command line to 'False'
[0.389s] Level 5:colcon.colcon_core.verb:set package 'pilz_industrial_motion_planner_testutils' build argument 'ament_cmake_args' from command line to 'None'
[0.389s] Level 5:colcon.colcon_core.verb:set package 'pilz_industrial_motion_planner_testutils' build argument 'catkin_cmake_args' from command line to 'None'
[0.389s] Level 5:colcon.colcon_core.verb:set package 'pilz_industrial_motion_planner_testutils' build argument 'catkin_skip_building_tests' from command line to 'False'
[0.389s] DEBUG:colcon.colcon_core.verb:Building package 'pilz_industrial_motion_planner_testutils' with the following arguments: {'ament_cmake_args': None, 'build_base': '/home/aaron/ur_ws/build/pilz_industrial_motion_planner_testutils', 'catkin_cmake_args': None, 'catkin_skip_building_tests': False, 'cmake_args': None, 'cmake_clean_cache': False, 'cmake_clean_first': False, 'cmake_force_configure': False, 'cmake_target': None, 'cmake_target_skip_unavailable': False, 'install_base': '/home/aaron/ur_ws/install/pilz_industrial_motion_planner_testutils', 'merge_install': False, 'path': '/home/aaron/ur_ws/src/moveit2/moveit_planners/pilz_industrial_motion_planner_testutils', 'symlink_install': False, 'test_result_base': None}
[0.390s] Level 5:colcon.colcon_core.verb:set package 'moveit_chomp_optimizer_adapter' build argument 'cmake_args' from command line to 'None'
[0.390s] Level 5:colcon.colcon_core.verb:set package 'moveit_chomp_optimizer_adapter' build argument 'cmake_target' from command line to 'None'
[0.390s] Level 5:colcon.colcon_core.verb:set package 'moveit_chomp_optimizer_adapter' build argument 'cmake_target_skip_unavailable' from command line to 'False'
[0.390s] Level 5:colcon.colcon_core.verb:set package 'moveit_chomp_optimizer_adapter' build argument 'cmake_clean_cache' from command line to 'False'
[0.390s] Level 5:colcon.colcon_core.verb:set package 'moveit_chomp_optimizer_adapter' build argument 'cmake_clean_first' from command line to 'False'
[0.390s] Level 5:colcon.colcon_core.verb:set package 'moveit_chomp_optimizer_adapter' build argument 'cmake_force_configure' from command line to 'False'
[0.390s] Level 5:colcon.colcon_core.verb:set package 'moveit_chomp_optimizer_adapter' build argument 'ament_cmake_args' from command line to 'None'
[0.390s] Level 5:colcon.colcon_core.verb:set package 'moveit_chomp_optimizer_adapter' build argument 'catkin_cmake_args' from command line to 'None'
[0.390s] Level 5:colcon.colcon_core.verb:set package 'moveit_chomp_optimizer_adapter' build argument 'catkin_skip_building_tests' from command line to 'False'
[0.390s] DEBUG:colcon.colcon_core.verb:Building package 'moveit_chomp_optimizer_adapter' with the following arguments: {'ament_cmake_args': None, 'build_base': '/home/aaron/ur_ws/build/moveit_chomp_optimizer_adapter', 'catkin_cmake_args': None, 'catkin_skip_building_tests': False, 'cmake_args': None, 'cmake_clean_cache': False, 'cmake_clean_first': False, 'cmake_force_configure': False, 'cmake_target': None, 'cmake_target_skip_unavailable': False, 'install_base': '/home/aaron/ur_ws/install/moveit_chomp_optimizer_adapter', 'merge_install': False, 'path': '/home/aaron/ur_ws/src/moveit2/moveit_planners/chomp/chomp_optimizer_adapter', 'symlink_install': False, 'test_result_base': None}
[0.390s] Level 5:colcon.colcon_core.verb:set package 'moveit_planners_chomp' build argument 'cmake_args' from command line to 'None'
[0.390s] Level 5:colcon.colcon_core.verb:set package 'moveit_planners_chomp' build argument 'cmake_target' from command line to 'None'
[0.390s] Level 5:colcon.colcon_core.verb:set package 'moveit_planners_chomp' build argument 'cmake_target_skip_unavailable' from command line to 'False'
[0.390s] Level 5:colcon.colcon_core.verb:set package 'moveit_planners_chomp' build argument 'cmake_clean_cache' from command line to 'False'
[0.390s] Level 5:colcon.colcon_core.verb:set package 'moveit_planners_chomp' build argument 'cmake_clean_first' from command line to 'False'
[0.390s] Level 5:colcon.colcon_core.verb:set package 'moveit_planners_chomp' build argument 'cmake_force_configure' from command line to 'False'
[0.390s] Level 5:colcon.colcon_core.verb:set package 'moveit_planners_chomp' build argument 'ament_cmake_args' from command line to 'None'
[0.390s] Level 5:colcon.colcon_core.verb:set package 'moveit_planners_chomp' build argument 'catkin_cmake_args' from command line to 'None'
[0.390s] Level 5:colcon.colcon_core.verb:set package 'moveit_planners_chomp' build argument 'catkin_skip_building_tests' from command line to 'False'
[0.390s] DEBUG:colcon.colcon_core.verb:Building package 'moveit_planners_chomp' with the following arguments: {'ament_cmake_args': None, 'build_base': '/home/aaron/ur_ws/build/moveit_planners_chomp', 'catkin_cmake_args': None, 'catkin_skip_building_tests': False, 'cmake_args': None, 'cmake_clean_cache': False, 'cmake_clean_first': False, 'cmake_force_configure': False, 'cmake_target': None, 'cmake_target_skip_unavailable': False, 'install_base': '/home/aaron/ur_ws/install/moveit_planners_chomp', 'merge_install': False, 'path': '/home/aaron/ur_ws/src/moveit2/moveit_planners/chomp/chomp_interface', 'symlink_install': False, 'test_result_base': None}
[0.390s] Level 5:colcon.colcon_core.verb:set package 'moveit_plugins' build argument 'cmake_args' from command line to 'None'
[0.390s] Level 5:colcon.colcon_core.verb:set package 'moveit_plugins' build argument 'cmake_target' from command line to 'None'
[0.390s] Level 5:colcon.colcon_core.verb:set package 'moveit_plugins' build argument 'cmake_target_skip_unavailable' from command line to 'False'
[0.390s] Level 5:colcon.colcon_core.verb:set package 'moveit_plugins' build argument 'cmake_clean_cache' from command line to 'False'
[0.390s] Level 5:colcon.colcon_core.verb:set package 'moveit_plugins' build argument 'cmake_clean_first' from command line to 'False'
[0.390s] Level 5:colcon.colcon_core.verb:set package 'moveit_plugins' build argument 'cmake_force_configure' from command line to 'False'
[0.390s] Level 5:colcon.colcon_core.verb:set package 'moveit_plugins' build argument 'ament_cmake_args' from command line to 'None'
[0.390s] Level 5:colcon.colcon_core.verb:set package 'moveit_plugins' build argument 'catkin_cmake_args' from command line to 'None'
[0.390s] Level 5:colcon.colcon_core.verb:set package 'moveit_plugins' build argument 'catkin_skip_building_tests' from command line to 'False'
[0.390s] DEBUG:colcon.colcon_core.verb:Building package 'moveit_plugins' with the following arguments: {'ament_cmake_args': None, 'build_base': '/home/aaron/ur_ws/build/moveit_plugins', 'catkin_cmake_args': None, 'catkin_skip_building_tests': False, 'cmake_args': None, 'cmake_clean_cache': False, 'cmake_clean_first': False, 'cmake_force_configure': False, 'cmake_target': None, 'cmake_target_skip_unavailable': False, 'install_base': '/home/aaron/ur_ws/install/moveit_plugins', 'merge_install': False, 'path': '/home/aaron/ur_ws/src/moveit2/moveit_plugins/moveit_plugins', 'symlink_install': False, 'test_result_base': None}
[0.390s] Level 5:colcon.colcon_core.verb:set package 'moveit_ros_control_interface' build argument 'cmake_args' from command line to 'None'
[0.391s] Level 5:colcon.colcon_core.verb:set package 'moveit_ros_control_interface' build argument 'cmake_target' from command line to 'None'
[0.391s] Level 5:colcon.colcon_core.verb:set package 'moveit_ros_control_interface' build argument 'cmake_target_skip_unavailable' from command line to 'False'
[0.391s] Level 5:colcon.colcon_core.verb:set package 'moveit_ros_control_interface' build argument 'cmake_clean_cache' from command line to 'False'
[0.391s] Level 5:colcon.colcon_core.verb:set package 'moveit_ros_control_interface' build argument 'cmake_clean_first' from command line to 'False'
[0.391s] Level 5:colcon.colcon_core.verb:set package 'moveit_ros_control_interface' build argument 'cmake_force_configure' from command line to 'False'
[0.391s] Level 5:colcon.colcon_core.verb:set package 'moveit_ros_control_interface' build argument 'ament_cmake_args' from command line to 'None'
[0.391s] Level 5:colcon.colcon_core.verb:set package 'moveit_ros_control_interface' build argument 'catkin_cmake_args' from command line to 'None'
[0.391s] Level 5:colcon.colcon_core.verb:set package 'moveit_ros_control_interface' build argument 'catkin_skip_building_tests' from command line to 'False'
[0.391s] DEBUG:colcon.colcon_core.verb:Building package 'moveit_ros_control_interface' with the following arguments: {'ament_cmake_args': None, 'build_base': '/home/aaron/ur_ws/build/moveit_ros_control_interface', 'catkin_cmake_args': None, 'catkin_skip_building_tests': False, 'cmake_args': None, 'cmake_clean_cache': False, 'cmake_clean_first': False, 'cmake_force_configure': False, 'cmake_target': None, 'cmake_target_skip_unavailable': False, 'install_base': '/home/aaron/ur_ws/install/moveit_ros_control_interface', 'merge_install': False, 'path': '/home/aaron/ur_ws/src/moveit2/moveit_plugins/moveit_ros_control_interface', 'symlink_install': False, 'test_result_base': None}
[0.391s] Level 5:colcon.colcon_core.verb:set package 'moveit_ros_planning' build argument 'cmake_args' from command line to 'None'
[0.391s] Level 5:colcon.colcon_core.verb:set package 'moveit_ros_planning' build argument 'cmake_target' from command line to 'None'
[0.391s] Level 5:colcon.colcon_core.verb:set package 'moveit_ros_planning' build argument 'cmake_target_skip_unavailable' from command line to 'False'
[0.391s] Level 5:colcon.colcon_core.verb:set package 'moveit_ros_planning' build argument 'cmake_clean_cache' from command line to 'False'
[0.391s] Level 5:colcon.colcon_core.verb:set package 'moveit_ros_planning' build argument 'cmake_clean_first' from command line to 'False'
[0.391s] Level 5:colcon.colcon_core.verb:set package 'moveit_ros_planning' build argument 'cmake_force_configure' from command line to 'False'
[0.391s] Level 5:colcon.colcon_core.verb:set package 'moveit_ros_planning' build argument 'ament_cmake_args' from command line to 'None'
[0.391s] Level 5:colcon.colcon_core.verb:set package 'moveit_ros_planning' build argument 'catkin_cmake_args' from command line to 'None'
[0.391s] Level 5:colcon.colcon_core.verb:set package 'moveit_ros_planning' build argument 'catkin_skip_building_tests' from command line to 'False'
[0.391s] DEBUG:colcon.colcon_core.verb:Building package 'moveit_ros_planning' with the following arguments: {'ament_cmake_args': None, 'build_base': '/home/aaron/ur_ws/build/moveit_ros_planning', 'catkin_cmake_args': None, 'catkin_skip_building_tests': False, 'cmake_args': None, 'cmake_clean_cache': False, 'cmake_clean_first': False, 'cmake_force_configure': False, 'cmake_target': None, 'cmake_target_skip_unavailable': False, 'install_base': '/home/aaron/ur_ws/install/moveit_ros_planning', 'merge_install': False, 'path': '/home/aaron/ur_ws/src/moveit2/moveit_ros/planning', 'symlink_install': False, 'test_result_base': None}
[0.391s] Level 5:colcon.colcon_core.verb:set package 'moveit_kinematics' build argument 'cmake_args' from command line to 'None'
[0.391s] Level 5:colcon.colcon_core.verb:set package 'moveit_kinematics' build argument 'cmake_target' from command line to 'None'
[0.391s] Level 5:colcon.colcon_core.verb:set package 'moveit_kinematics' build argument 'cmake_target_skip_unavailable' from command line to 'False'
[0.391s] Level 5:colcon.colcon_core.verb:set package 'moveit_kinematics' build argument 'cmake_clean_cache' from command line to 'False'
[0.391s] Level 5:colcon.colcon_core.verb:set package 'moveit_kinematics' build argument 'cmake_clean_first' from command line to 'False'
[0.391s] Level 5:colcon.colcon_core.verb:set package 'moveit_kinematics' build argument 'cmake_force_configure' from command line to 'False'
[0.391s] Level 5:colcon.colcon_core.verb:set package 'moveit_kinematics' build argument 'ament_cmake_args' from command line to 'None'
[0.391s] Level 5:colcon.colcon_core.verb:set package 'moveit_kinematics' build argument 'catkin_cmake_args' from command line to 'None'
[0.391s] Level 5:colcon.colcon_core.verb:set package 'moveit_kinematics' build argument 'catkin_skip_building_tests' from command line to 'False'
[0.391s] DEBUG:colcon.colcon_core.verb:Building package 'moveit_kinematics' with the following arguments: {'ament_cmake_args': None, 'build_base': '/home/aaron/ur_ws/build/moveit_kinematics', 'catkin_cmake_args': None, 'catkin_skip_building_tests': False, 'cmake_args': None, 'cmake_clean_cache': False, 'cmake_clean_first': False, 'cmake_force_configure': False, 'cmake_target': None, 'cmake_target_skip_unavailable': False, 'install_base': '/home/aaron/ur_ws/install/moveit_kinematics', 'merge_install': False, 'path': '/home/aaron/ur_ws/src/moveit2/moveit_kinematics', 'symlink_install': False, 'test_result_base': None}
[0.391s] Level 5:colcon.colcon_core.verb:set package 'moveit_planners_ompl' build argument 'cmake_args' from command line to 'None'
[0.391s] Level 5:colcon.colcon_core.verb:set package 'moveit_planners_ompl' build argument 'cmake_target' from command line to 'None'
[0.391s] Level 5:colcon.colcon_core.verb:set package 'moveit_planners_ompl' build argument 'cmake_target_skip_unavailable' from command line to 'False'
[0.391s] Level 5:colcon.colcon_core.verb:set package 'moveit_planners_ompl' build argument 'cmake_clean_cache' from command line to 'False'
[0.391s] Level 5:colcon.colcon_core.verb:set package 'moveit_planners_ompl' build argument 'cmake_clean_first' from command line to 'False'
[0.391s] Level 5:colcon.colcon_core.verb:set package 'moveit_planners_ompl' build argument 'cmake_force_configure' from command line to 'False'
[0.392s] Level 5:colcon.colcon_core.verb:set package 'moveit_planners_ompl' build argument 'ament_cmake_args' from command line to 'None'
[0.392s] Level 5:colcon.colcon_core.verb:set package 'moveit_planners_ompl' build argument 'catkin_cmake_args' from command line to 'None'
[0.392s] Level 5:colcon.colcon_core.verb:set package 'moveit_planners_ompl' build argument 'catkin_skip_building_tests' from command line to 'False'
[0.392s] DEBUG:colcon.colcon_core.verb:Building package 'moveit_planners_ompl' with the following arguments: {'ament_cmake_args': None, 'build_base': '/home/aaron/ur_ws/build/moveit_planners_ompl', 'catkin_cmake_args': None, 'catkin_skip_building_tests': False, 'cmake_args': None, 'cmake_clean_cache': False, 'cmake_clean_first': False, 'cmake_force_configure': False, 'cmake_target': None, 'cmake_target_skip_unavailable': False, 'install_base': '/home/aaron/ur_ws/install/moveit_planners_ompl', 'merge_install': False, 'path': '/home/aaron/ur_ws/src/moveit2/moveit_planners/ompl', 'symlink_install': False, 'test_result_base': None}
[0.392s] Level 5:colcon.colcon_core.verb:set package 'moveit_ros_perception' build argument 'cmake_args' from command line to 'None'
[0.392s] Level 5:colcon.colcon_core.verb:set package 'moveit_ros_perception' build argument 'cmake_target' from command line to 'None'
[0.392s] Level 5:colcon.colcon_core.verb:set package 'moveit_ros_perception' build argument 'cmake_target_skip_unavailable' from command line to 'False'
[0.392s] Level 5:colcon.colcon_core.verb:set package 'moveit_ros_perception' build argument 'cmake_clean_cache' from command line to 'False'
[0.392s] Level 5:colcon.colcon_core.verb:set package 'moveit_ros_perception' build argument 'cmake_clean_first' from command line to 'False'
[0.392s] Level 5:colcon.colcon_core.verb:set package 'moveit_ros_perception' build argument 'cmake_force_configure' from command line to 'False'
[0.392s] Level 5:colcon.colcon_core.verb:set package 'moveit_ros_perception' build argument 'ament_cmake_args' from command line to 'None'
[0.392s] Level 5:colcon.colcon_core.verb:set package 'moveit_ros_perception' build argument 'catkin_cmake_args' from command line to 'None'
[0.392s] Level 5:colcon.colcon_core.verb:set package 'moveit_ros_perception' build argument 'catkin_skip_building_tests' from command line to 'False'
[0.392s] DEBUG:colcon.colcon_core.verb:Building package 'moveit_ros_perception' with the following arguments: {'ament_cmake_args': None, 'build_base': '/home/aaron/ur_ws/build/moveit_ros_perception', 'catkin_cmake_args': None, 'catkin_skip_building_tests': False, 'cmake_args': None, 'cmake_clean_cache': False, 'cmake_clean_first': False, 'cmake_force_configure': False, 'cmake_target': None, 'cmake_target_skip_unavailable': False, 'install_base': '/home/aaron/ur_ws/install/moveit_ros_perception', 'merge_install': False, 'path': '/home/aaron/ur_ws/src/moveit2/moveit_ros/perception', 'symlink_install': False, 'test_result_base': None}
[0.392s] Level 5:colcon.colcon_core.verb:set package 'moveit_ros_robot_interaction' build argument 'cmake_args' from command line to 'None'
[0.392s] Level 5:colcon.colcon_core.verb:set package 'moveit_ros_robot_interaction' build argument 'cmake_target' from command line to 'None'
[0.392s] Level 5:colcon.colcon_core.verb:set package 'moveit_ros_robot_interaction' build argument 'cmake_target_skip_unavailable' from command line to 'False'
[0.392s] Level 5:colcon.colcon_core.verb:set package 'moveit_ros_robot_interaction' build argument 'cmake_clean_cache' from command line to 'False'
[0.392s] Level 5:colcon.colcon_core.verb:set package 'moveit_ros_robot_interaction' build argument 'cmake_clean_first' from command line to 'False'
[0.392s] Level 5:colcon.colcon_core.verb:set package 'moveit_ros_robot_interaction' build argument 'cmake_force_configure' from command line to 'False'
[0.392s] Level 5:colcon.colcon_core.verb:set package 'moveit_ros_robot_interaction' build argument 'ament_cmake_args' from command line to 'None'
[0.392s] Level 5:colcon.colcon_core.verb:set package 'moveit_ros_robot_interaction' build argument 'catkin_cmake_args' from command line to 'None'
[0.392s] Level 5:colcon.colcon_core.verb:set package 'moveit_ros_robot_interaction' build argument 'catkin_skip_building_tests' from command line to 'False'
[0.392s] DEBUG:colcon.colcon_core.verb:Building package 'moveit_ros_robot_interaction' with the following arguments: {'ament_cmake_args': None, 'build_base': '/home/aaron/ur_ws/build/moveit_ros_robot_interaction', 'catkin_cmake_args': None, 'catkin_skip_building_tests': False, 'cmake_args': None, 'cmake_clean_cache': False, 'cmake_clean_first': False, 'cmake_force_configure': False, 'cmake_target': None, 'cmake_target_skip_unavailable': False, 'install_base': '/home/aaron/ur_ws/install/moveit_ros_robot_interaction', 'merge_install': False, 'path': '/home/aaron/ur_ws/src/moveit2/moveit_ros/robot_interaction', 'symlink_install': False, 'test_result_base': None}
[0.392s] Level 5:colcon.colcon_core.verb:set package 'moveit_ros_warehouse' build argument 'cmake_args' from command line to 'None'
[0.392s] Level 5:colcon.colcon_core.verb:set package 'moveit_ros_warehouse' build argument 'cmake_target' from command line to 'None'
[0.392s] Level 5:colcon.colcon_core.verb:set package 'moveit_ros_warehouse' build argument 'cmake_target_skip_unavailable' from command line to 'False'
[0.392s] Level 5:colcon.colcon_core.verb:set package 'moveit_ros_warehouse' build argument 'cmake_clean_cache' from command line to 'False'
[0.392s] Level 5:colcon.colcon_core.verb:set package 'moveit_ros_warehouse' build argument 'cmake_clean_first' from command line to 'False'
[0.392s] Level 5:colcon.colcon_core.verb:set package 'moveit_ros_warehouse' build argument 'cmake_force_configure' from command line to 'False'
[0.392s] Level 5:colcon.colcon_core.verb:set package 'moveit_ros_warehouse' build argument 'ament_cmake_args' from command line to 'None'
[0.392s] Level 5:colcon.colcon_core.verb:set package 'moveit_ros_warehouse' build argument 'catkin_cmake_args' from command line to 'None'
[0.392s] Level 5:colcon.colcon_core.verb:set package 'moveit_ros_warehouse' build argument 'catkin_skip_building_tests' from command line to 'False'
[0.392s] DEBUG:colcon.colcon_core.verb:Building package 'moveit_ros_warehouse' with the following arguments: {'ament_cmake_args': None, 'build_base': '/home/aaron/ur_ws/build/moveit_ros_warehouse', 'catkin_cmake_args': None, 'catkin_skip_building_tests': False, 'cmake_args': None, 'cmake_clean_cache': False, 'cmake_clean_first': False, 'cmake_force_configure': False, 'cmake_target': None, 'cmake_target_skip_unavailable': False, 'install_base': '/home/aaron/ur_ws/install/moveit_ros_warehouse', 'merge_install': False, 'path': '/home/aaron/ur_ws/src/moveit2/moveit_ros/warehouse', 'symlink_install': False, 'test_result_base': None}
[0.393s] Level 5:colcon.colcon_core.verb:set package 'moveit_visual_tools' build argument 'cmake_args' from command line to 'None'
[0.393s] Level 5:colcon.colcon_core.verb:set package 'moveit_visual_tools' build argument 'cmake_target' from command line to 'None'
[0.393s] Level 5:colcon.colcon_core.verb:set package 'moveit_visual_tools' build argument 'cmake_target_skip_unavailable' from command line to 'False'
[0.393s] Level 5:colcon.colcon_core.verb:set package 'moveit_visual_tools' build argument 'cmake_clean_cache' from command line to 'False'
[0.393s] Level 5:colcon.colcon_core.verb:set package 'moveit_visual_tools' build argument 'cmake_clean_first' from command line to 'False'
[0.393s] Level 5:colcon.colcon_core.verb:set package 'moveit_visual_tools' build argument 'cmake_force_configure' from command line to 'False'
[0.393s] Level 5:colcon.colcon_core.verb:set package 'moveit_visual_tools' build argument 'ament_cmake_args' from command line to 'None'
[0.393s] Level 5:colcon.colcon_core.verb:set package 'moveit_visual_tools' build argument 'catkin_cmake_args' from command line to 'None'
[0.393s] Level 5:colcon.colcon_core.verb:set package 'moveit_visual_tools' build argument 'catkin_skip_building_tests' from command line to 'False'
[0.393s] DEBUG:colcon.colcon_core.verb:Building package 'moveit_visual_tools' with the following arguments: {'ament_cmake_args': None, 'build_base': '/home/aaron/ur_ws/build/moveit_visual_tools', 'catkin_cmake_args': None, 'catkin_skip_building_tests': False, 'cmake_args': None, 'cmake_clean_cache': False, 'cmake_clean_first': False, 'cmake_force_configure': False, 'cmake_target': None, 'cmake_target_skip_unavailable': False, 'install_base': '/home/aaron/ur_ws/install/moveit_visual_tools', 'merge_install': False, 'path': '/home/aaron/ur_ws/src/moveit_visual_tools', 'symlink_install': False, 'test_result_base': None}
[0.393s] Level 5:colcon.colcon_core.verb:set package 'moveit_ros_benchmarks' build argument 'cmake_args' from command line to 'None'
[0.393s] Level 5:colcon.colcon_core.verb:set package 'moveit_ros_benchmarks' build argument 'cmake_target' from command line to 'None'
[0.393s] Level 5:colcon.colcon_core.verb:set package 'moveit_ros_benchmarks' build argument 'cmake_target_skip_unavailable' from command line to 'False'
[0.393s] Level 5:colcon.colcon_core.verb:set package 'moveit_ros_benchmarks' build argument 'cmake_clean_cache' from command line to 'False'
[0.393s] Level 5:colcon.colcon_core.verb:set package 'moveit_ros_benchmarks' build argument 'cmake_clean_first' from command line to 'False'
[0.393s] Level 5:colcon.colcon_core.verb:set package 'moveit_ros_benchmarks' build argument 'cmake_force_configure' from command line to 'False'
[0.393s] Level 5:colcon.colcon_core.verb:set package 'moveit_ros_benchmarks' build argument 'ament_cmake_args' from command line to 'None'
[0.393s] Level 5:colcon.colcon_core.verb:set package 'moveit_ros_benchmarks' build argument 'catkin_cmake_args' from command line to 'None'
[0.393s] Level 5:colcon.colcon_core.verb:set package 'moveit_ros_benchmarks' build argument 'catkin_skip_building_tests' from command line to 'False'
[0.393s] DEBUG:colcon.colcon_core.verb:Building package 'moveit_ros_benchmarks' with the following arguments: {'ament_cmake_args': None, 'build_base': '/home/aaron/ur_ws/build/moveit_ros_benchmarks', 'catkin_cmake_args': None, 'catkin_skip_building_tests': False, 'cmake_args': None, 'cmake_clean_cache': False, 'cmake_clean_first': False, 'cmake_force_configure': False, 'cmake_target': None, 'cmake_target_skip_unavailable': False, 'install_base': '/home/aaron/ur_ws/install/moveit_ros_benchmarks', 'merge_install': False, 'path': '/home/aaron/ur_ws/src/moveit2/moveit_ros/benchmarks', 'symlink_install': False, 'test_result_base': None}
[0.393s] Level 5:colcon.colcon_core.verb:set package 'moveit_ros_move_group' build argument 'cmake_args' from command line to 'None'
[0.393s] Level 5:colcon.colcon_core.verb:set package 'moveit_ros_move_group' build argument 'cmake_target' from command line to 'None'
[0.393s] Level 5:colcon.colcon_core.verb:set package 'moveit_ros_move_group' build argument 'cmake_target_skip_unavailable' from command line to 'False'
[0.393s] Level 5:colcon.colcon_core.verb:set package 'moveit_ros_move_group' build argument 'cmake_clean_cache' from command line to 'False'
[0.393s] Level 5:colcon.colcon_core.verb:set package 'moveit_ros_move_group' build argument 'cmake_clean_first' from command line to 'False'
[0.393s] Level 5:colcon.colcon_core.verb:set package 'moveit_ros_move_group' build argument 'cmake_force_configure' from command line to 'False'
[0.393s] Level 5:colcon.colcon_core.verb:set package 'moveit_ros_move_group' build argument 'ament_cmake_args' from command line to 'None'
[0.393s] Level 5:colcon.colcon_core.verb:set package 'moveit_ros_move_group' build argument 'catkin_cmake_args' from command line to 'None'
[0.393s] Level 5:colcon.colcon_core.verb:set package 'moveit_ros_move_group' build argument 'catkin_skip_building_tests' from command line to 'False'
[0.393s] DEBUG:colcon.colcon_core.verb:Building package 'moveit_ros_move_group' with the following arguments: {'ament_cmake_args': None, 'build_base': '/home/aaron/ur_ws/build/moveit_ros_move_group', 'catkin_cmake_args': None, 'catkin_skip_building_tests': False, 'cmake_args': None, 'cmake_clean_cache': False, 'cmake_clean_first': False, 'cmake_force_configure': False, 'cmake_target': None, 'cmake_target_skip_unavailable': False, 'install_base': '/home/aaron/ur_ws/install/moveit_ros_move_group', 'merge_install': False, 'path': '/home/aaron/ur_ws/src/moveit2/moveit_ros/move_group', 'symlink_install': False, 'test_result_base': None}
[0.394s] Level 5:colcon.colcon_core.verb:set package 'moveit_resources_prbt_moveit_config' build argument 'cmake_args' from command line to 'None'
[0.394s] Level 5:colcon.colcon_core.verb:set package 'moveit_resources_prbt_moveit_config' build argument 'cmake_target' from command line to 'None'
[0.394s] Level 5:colcon.colcon_core.verb:set package 'moveit_resources_prbt_moveit_config' build argument 'cmake_target_skip_unavailable' from command line to 'False'
[0.394s] Level 5:colcon.colcon_core.verb:set package 'moveit_resources_prbt_moveit_config' build argument 'cmake_clean_cache' from command line to 'False'
[0.394s] Level 5:colcon.colcon_core.verb:set package 'moveit_resources_prbt_moveit_config' build argument 'cmake_clean_first' from command line to 'False'
[0.394s] Level 5:colcon.colcon_core.verb:set package 'moveit_resources_prbt_moveit_config' build argument 'cmake_force_configure' from command line to 'False'
[0.394s] Level 5:colcon.colcon_core.verb:set package 'moveit_resources_prbt_moveit_config' build argument 'ament_cmake_args' from command line to 'None'
[0.394s] Level 5:colcon.colcon_core.verb:set package 'moveit_resources_prbt_moveit_config' build argument 'catkin_cmake_args' from command line to 'None'
[0.394s] Level 5:colcon.colcon_core.verb:set package 'moveit_resources_prbt_moveit_config' build argument 'catkin_skip_building_tests' from command line to 'False'
[0.394s] DEBUG:colcon.colcon_core.verb:Building package 'moveit_resources_prbt_moveit_config' with the following arguments: {'ament_cmake_args': None, 'build_base': '/home/aaron/ur_ws/build/moveit_resources_prbt_moveit_config', 'catkin_cmake_args': None, 'catkin_skip_building_tests': False, 'cmake_args': None, 'cmake_clean_cache': False, 'cmake_clean_first': False, 'cmake_force_configure': False, 'cmake_target': None, 'cmake_target_skip_unavailable': False, 'install_base': '/home/aaron/ur_ws/install/moveit_resources_prbt_moveit_config', 'merge_install': False, 'path': '/home/aaron/ur_ws/src/moveit2/moveit_planners/test_configs/prbt_moveit_config', 'symlink_install': False, 'test_result_base': None}
[0.394s] Level 5:colcon.colcon_core.verb:set package 'moveit_ros_planning_interface' build argument 'cmake_args' from command line to 'None'
[0.394s] Level 5:colcon.colcon_core.verb:set package 'moveit_ros_planning_interface' build argument 'cmake_target' from command line to 'None'
[0.394s] Level 5:colcon.colcon_core.verb:set package 'moveit_ros_planning_interface' build argument 'cmake_target_skip_unavailable' from command line to 'False'
[0.394s] Level 5:colcon.colcon_core.verb:set package 'moveit_ros_planning_interface' build argument 'cmake_clean_cache' from command line to 'False'
[0.394s] Level 5:colcon.colcon_core.verb:set package 'moveit_ros_planning_interface' build argument 'cmake_clean_first' from command line to 'False'
[0.394s] Level 5:colcon.colcon_core.verb:set package 'moveit_ros_planning_interface' build argument 'cmake_force_configure' from command line to 'False'
[0.394s] Level 5:colcon.colcon_core.verb:set package 'moveit_ros_planning_interface' build argument 'ament_cmake_args' from command line to 'None'
[0.394s] Level 5:colcon.colcon_core.verb:set package 'moveit_ros_planning_interface' build argument 'catkin_cmake_args' from command line to 'None'
[0.394s] Level 5:colcon.colcon_core.verb:set package 'moveit_ros_planning_interface' build argument 'catkin_skip_building_tests' from command line to 'False'
[0.394s] DEBUG:colcon.colcon_core.verb:Building package 'moveit_ros_planning_interface' with the following arguments: {'ament_cmake_args': None, 'build_base': '/home/aaron/ur_ws/build/moveit_ros_planning_interface', 'catkin_cmake_args': None, 'catkin_skip_building_tests': False, 'cmake_args': None, 'cmake_clean_cache': False, 'cmake_clean_first': False, 'cmake_force_configure': False, 'cmake_target': None, 'cmake_target_skip_unavailable': False, 'install_base': '/home/aaron/ur_ws/install/moveit_ros_planning_interface', 'merge_install': False, 'path': '/home/aaron/ur_ws/src/moveit2/moveit_ros/planning_interface', 'symlink_install': False, 'test_result_base': None}
[0.394s] Level 5:colcon.colcon_core.verb:set package 'moveit_hybrid_planning' build argument 'cmake_args' from command line to 'None'
[0.394s] Level 5:colcon.colcon_core.verb:set package 'moveit_hybrid_planning' build argument 'cmake_target' from command line to 'None'
[0.394s] Level 5:colcon.colcon_core.verb:set package 'moveit_hybrid_planning' build argument 'cmake_target_skip_unavailable' from command line to 'False'
[0.394s] Level 5:colcon.colcon_core.verb:set package 'moveit_hybrid_planning' build argument 'cmake_clean_cache' from command line to 'False'
[0.394s] Level 5:colcon.colcon_core.verb:set package 'moveit_hybrid_planning' build argument 'cmake_clean_first' from command line to 'False'
[0.394s] Level 5:colcon.colcon_core.verb:set package 'moveit_hybrid_planning' build argument 'cmake_force_configure' from command line to 'False'
[0.394s] Level 5:colcon.colcon_core.verb:set package 'moveit_hybrid_planning' build argument 'ament_cmake_args' from command line to 'None'
[0.394s] Level 5:colcon.colcon_core.verb:set package 'moveit_hybrid_planning' build argument 'catkin_cmake_args' from command line to 'None'
[0.394s] Level 5:colcon.colcon_core.verb:set package 'moveit_hybrid_planning' build argument 'catkin_skip_building_tests' from command line to 'False'
[0.394s] DEBUG:colcon.colcon_core.verb:Building package 'moveit_hybrid_planning' with the following arguments: {'ament_cmake_args': None, 'build_base': '/home/aaron/ur_ws/build/moveit_hybrid_planning', 'catkin_cmake_args': None, 'catkin_skip_building_tests': False, 'cmake_args': None, 'cmake_clean_cache': False, 'cmake_clean_first': False, 'cmake_force_configure': False, 'cmake_target': None, 'cmake_target_skip_unavailable': False, 'install_base': '/home/aaron/ur_ws/install/moveit_hybrid_planning', 'merge_install': False, 'path': '/home/aaron/ur_ws/src/moveit2/moveit_ros/hybrid_planning', 'symlink_install': False, 'test_result_base': None}
[0.395s] Level 5:colcon.colcon_core.verb:set package 'moveit_py' build argument 'cmake_args' from command line to 'None'
[0.395s] Level 5:colcon.colcon_core.verb:set package 'moveit_py' build argument 'cmake_target' from command line to 'None'
[0.395s] Level 5:colcon.colcon_core.verb:set package 'moveit_py' build argument 'cmake_target_skip_unavailable' from command line to 'False'
[0.395s] Level 5:colcon.colcon_core.verb:set package 'moveit_py' build argument 'cmake_clean_cache' from command line to 'False'
[0.395s] Level 5:colcon.colcon_core.verb:set package 'moveit_py' build argument 'cmake_clean_first' from command line to 'False'
[0.395s] Level 5:colcon.colcon_core.verb:set package 'moveit_py' build argument 'cmake_force_configure' from command line to 'False'
[0.395s] Level 5:colcon.colcon_core.verb:set package 'moveit_py' build argument 'ament_cmake_args' from command line to 'None'
[0.395s] Level 5:colcon.colcon_core.verb:set package 'moveit_py' build argument 'catkin_cmake_args' from command line to 'None'
[0.395s] Level 5:colcon.colcon_core.verb:set package 'moveit_py' build argument 'catkin_skip_building_tests' from command line to 'False'
[0.395s] DEBUG:colcon.colcon_core.verb:Building package 'moveit_py' with the following arguments: {'ament_cmake_args': None, 'build_base': '/home/aaron/ur_ws/build/moveit_py', 'catkin_cmake_args': None, 'catkin_skip_building_tests': False, 'cmake_args': None, 'cmake_clean_cache': False, 'cmake_clean_first': False, 'cmake_force_configure': False, 'cmake_target': None, 'cmake_target_skip_unavailable': False, 'install_base': '/home/aaron/ur_ws/install/moveit_py', 'merge_install': False, 'path': '/home/aaron/ur_ws/src/moveit2/moveit_py', 'symlink_install': False, 'test_result_base': None}
[0.395s] Level 5:colcon.colcon_core.verb:set package 'moveit_resources_prbt_pg70_support' build argument 'cmake_args' from command line to 'None'
[0.395s] Level 5:colcon.colcon_core.verb:set package 'moveit_resources_prbt_pg70_support' build argument 'cmake_target' from command line to 'None'
[0.395s] Level 5:colcon.colcon_core.verb:set package 'moveit_resources_prbt_pg70_support' build argument 'cmake_target_skip_unavailable' from command line to 'False'
[0.395s] Level 5:colcon.colcon_core.verb:set package 'moveit_resources_prbt_pg70_support' build argument 'cmake_clean_cache' from command line to 'False'
[0.395s] Level 5:colcon.colcon_core.verb:set package 'moveit_resources_prbt_pg70_support' build argument 'cmake_clean_first' from command line to 'False'
[0.395s] Level 5:colcon.colcon_core.verb:set package 'moveit_resources_prbt_pg70_support' build argument 'cmake_force_configure' from command line to 'False'
[0.395s] Level 5:colcon.colcon_core.verb:set package 'moveit_resources_prbt_pg70_support' build argument 'ament_cmake_args' from command line to 'None'
[0.395s] Level 5:colcon.colcon_core.verb:set package 'moveit_resources_prbt_pg70_support' build argument 'catkin_cmake_args' from command line to 'None'
[0.395s] Level 5:colcon.colcon_core.verb:set package 'moveit_resources_prbt_pg70_support' build argument 'catkin_skip_building_tests' from command line to 'False'
[0.395s] DEBUG:colcon.colcon_core.verb:Building package 'moveit_resources_prbt_pg70_support' with the following arguments: {'ament_cmake_args': None, 'build_base': '/home/aaron/ur_ws/build/moveit_resources_prbt_pg70_support', 'catkin_cmake_args': None, 'catkin_skip_building_tests': False, 'cmake_args': None, 'cmake_clean_cache': False, 'cmake_clean_first': False, 'cmake_force_configure': False, 'cmake_target': None, 'cmake_target_skip_unavailable': False, 'install_base': '/home/aaron/ur_ws/install/moveit_resources_prbt_pg70_support', 'merge_install': False, 'path': '/home/aaron/ur_ws/src/moveit2/moveit_planners/test_configs/prbt_pg70_support', 'symlink_install': False, 'test_result_base': None}
[0.395s] Level 5:colcon.colcon_core.verb:set package 'moveit_ros_visualization' build argument 'cmake_args' from command line to 'None'
[0.395s] Level 5:colcon.colcon_core.verb:set package 'moveit_ros_visualization' build argument 'cmake_target' from command line to 'None'
[0.395s] Level 5:colcon.colcon_core.verb:set package 'moveit_ros_visualization' build argument 'cmake_target_skip_unavailable' from command line to 'False'
[0.395s] Level 5:colcon.colcon_core.verb:set package 'moveit_ros_visualization' build argument 'cmake_clean_cache' from command line to 'False'
[0.395s] Level 5:colcon.colcon_core.verb:set package 'moveit_ros_visualization' build argument 'cmake_clean_first' from command line to 'False'
[0.395s] Level 5:colcon.colcon_core.verb:set package 'moveit_ros_visualization' build argument 'cmake_force_configure' from command line to 'False'
[0.395s] Level 5:colcon.colcon_core.verb:set package 'moveit_ros_visualization' build argument 'ament_cmake_args' from command line to 'None'
[0.395s] Level 5:colcon.colcon_core.verb:set package 'moveit_ros_visualization' build argument 'catkin_cmake_args' from command line to 'None'
[0.395s] Level 5:colcon.colcon_core.verb:set package 'moveit_ros_visualization' build argument 'catkin_skip_building_tests' from command line to 'False'
[0.395s] DEBUG:colcon.colcon_core.verb:Building package 'moveit_ros_visualization' with the following arguments: {'ament_cmake_args': None, 'build_base': '/home/aaron/ur_ws/build/moveit_ros_visualization', 'catkin_cmake_args': None, 'catkin_skip_building_tests': False, 'cmake_args': None, 'cmake_clean_cache': False, 'cmake_clean_first': False, 'cmake_force_configure': False, 'cmake_target': None, 'cmake_target_skip_unavailable': False, 'install_base': '/home/aaron/ur_ws/install/moveit_ros_visualization', 'merge_install': False, 'path': '/home/aaron/ur_ws/src/moveit2/moveit_ros/visualization', 'symlink_install': False, 'test_result_base': None}
[0.395s] Level 5:colcon.colcon_core.verb:set package 'moveit_servo' build argument 'cmake_args' from command line to 'None'
[0.395s] Level 5:colcon.colcon_core.verb:set package 'moveit_servo' build argument 'cmake_target' from command line to 'None'
[0.395s] Level 5:colcon.colcon_core.verb:set package 'moveit_servo' build argument 'cmake_target_skip_unavailable' from command line to 'False'
[0.395s] Level 5:colcon.colcon_core.verb:set package 'moveit_servo' build argument 'cmake_clean_cache' from command line to 'False'
[0.396s] Level 5:colcon.colcon_core.verb:set package 'moveit_servo' build argument 'cmake_clean_first' from command line to 'False'
[0.396s] Level 5:colcon.colcon_core.verb:set package 'moveit_servo' build argument 'cmake_force_configure' from command line to 'False'
[0.396s] Level 5:colcon.colcon_core.verb:set package 'moveit_servo' build argument 'ament_cmake_args' from command line to 'None'
[0.396s] Level 5:colcon.colcon_core.verb:set package 'moveit_servo' build argument 'catkin_cmake_args' from command line to 'None'
[0.396s] Level 5:colcon.colcon_core.verb:set package 'moveit_servo' build argument 'catkin_skip_building_tests' from command line to 'False'
[0.396s] DEBUG:colcon.colcon_core.verb:Building package 'moveit_servo' with the following arguments: {'ament_cmake_args': None, 'build_base': '/home/aaron/ur_ws/build/moveit_servo', 'catkin_cmake_args': None, 'catkin_skip_building_tests': False, 'cmake_args': None, 'cmake_clean_cache': False, 'cmake_clean_first': False, 'cmake_force_configure': False, 'cmake_target': None, 'cmake_target_skip_unavailable': False, 'install_base': '/home/aaron/ur_ws/install/moveit_servo', 'merge_install': False, 'path': '/home/aaron/ur_ws/src/moveit2/moveit_ros/moveit_servo', 'symlink_install': False, 'test_result_base': None}
[0.396s] Level 5:colcon.colcon_core.verb:set package 'moveit_ros' build argument 'cmake_args' from command line to 'None'
[0.396s] Level 5:colcon.colcon_core.verb:set package 'moveit_ros' build argument 'cmake_target' from command line to 'None'
[0.396s] Level 5:colcon.colcon_core.verb:set package 'moveit_ros' build argument 'cmake_target_skip_unavailable' from command line to 'False'
[0.396s] Level 5:colcon.colcon_core.verb:set package 'moveit_ros' build argument 'cmake_clean_cache' from command line to 'False'
[0.396s] Level 5:colcon.colcon_core.verb:set package 'moveit_ros' build argument 'cmake_clean_first' from command line to 'False'
[0.396s] Level 5:colcon.colcon_core.verb:set package 'moveit_ros' build argument 'cmake_force_configure' from command line to 'False'
[0.396s] Level 5:colcon.colcon_core.verb:set package 'moveit_ros' build argument 'ament_cmake_args' from command line to 'None'
[0.396s] Level 5:colcon.colcon_core.verb:set package 'moveit_ros' build argument 'catkin_cmake_args' from command line to 'None'
[0.396s] Level 5:colcon.colcon_core.verb:set package 'moveit_ros' build argument 'catkin_skip_building_tests' from command line to 'False'
[0.396s] DEBUG:colcon.colcon_core.verb:Building package 'moveit_ros' with the following arguments: {'ament_cmake_args': None, 'build_base': '/home/aaron/ur_ws/build/moveit_ros', 'catkin_cmake_args': None, 'catkin_skip_building_tests': False, 'cmake_args': None, 'cmake_clean_cache': False, 'cmake_clean_first': False, 'cmake_force_configure': False, 'cmake_target': None, 'cmake_target_skip_unavailable': False, 'install_base': '/home/aaron/ur_ws/install/moveit_ros', 'merge_install': False, 'path': '/home/aaron/ur_ws/src/moveit2/moveit_ros/moveit_ros', 'symlink_install': False, 'test_result_base': None}
[0.396s] Level 5:colcon.colcon_core.verb:set package 'moveit_setup_framework' build argument 'cmake_args' from command line to 'None'
[0.396s] Level 5:colcon.colcon_core.verb:set package 'moveit_setup_framework' build argument 'cmake_target' from command line to 'None'
[0.396s] Level 5:colcon.colcon_core.verb:set package 'moveit_setup_framework' build argument 'cmake_target_skip_unavailable' from command line to 'False'
[0.396s] Level 5:colcon.colcon_core.verb:set package 'moveit_setup_framework' build argument 'cmake_clean_cache' from command line to 'False'
[0.396s] Level 5:colcon.colcon_core.verb:set package 'moveit_setup_framework' build argument 'cmake_clean_first' from command line to 'False'
[0.396s] Level 5:colcon.colcon_core.verb:set package 'moveit_setup_framework' build argument 'cmake_force_configure' from command line to 'False'
[0.396s] Level 5:colcon.colcon_core.verb:set package 'moveit_setup_framework' build argument 'ament_cmake_args' from command line to 'None'
[0.396s] Level 5:colcon.colcon_core.verb:set package 'moveit_setup_framework' build argument 'catkin_cmake_args' from command line to 'None'
[0.396s] Level 5:colcon.colcon_core.verb:set package 'moveit_setup_framework' build argument 'catkin_skip_building_tests' from command line to 'False'
[0.396s] DEBUG:colcon.colcon_core.verb:Building package 'moveit_setup_framework' with the following arguments: {'ament_cmake_args': None, 'build_base': '/home/aaron/ur_ws/build/moveit_setup_framework', 'catkin_cmake_args': None, 'catkin_skip_building_tests': False, 'cmake_args': None, 'cmake_clean_cache': False, 'cmake_clean_first': False, 'cmake_force_configure': False, 'cmake_target': None, 'cmake_target_skip_unavailable': False, 'install_base': '/home/aaron/ur_ws/install/moveit_setup_framework', 'merge_install': False, 'path': '/home/aaron/ur_ws/src/moveit2/moveit_setup_assistant/moveit_setup_framework', 'symlink_install': False, 'test_result_base': None}
[0.396s] Level 5:colcon.colcon_core.verb:set package 'pilz_industrial_motion_planner' build argument 'cmake_args' from command line to 'None'
[0.396s] Level 5:colcon.colcon_core.verb:set package 'pilz_industrial_motion_planner' build argument 'cmake_target' from command line to 'None'
[0.396s] Level 5:colcon.colcon_core.verb:set package 'pilz_industrial_motion_planner' build argument 'cmake_target_skip_unavailable' from command line to 'False'
[0.396s] Level 5:colcon.colcon_core.verb:set package 'pilz_industrial_motion_planner' build argument 'cmake_clean_cache' from command line to 'False'
[0.396s] Level 5:colcon.colcon_core.verb:set package 'pilz_industrial_motion_planner' build argument 'cmake_clean_first' from command line to 'False'
[0.396s] Level 5:colcon.colcon_core.verb:set package 'pilz_industrial_motion_planner' build argument 'cmake_force_configure' from command line to 'False'
[0.396s] Level 5:colcon.colcon_core.verb:set package 'pilz_industrial_motion_planner' build argument 'ament_cmake_args' from command line to 'None'
[0.396s] Level 5:colcon.colcon_core.verb:set package 'pilz_industrial_motion_planner' build argument 'catkin_cmake_args' from command line to 'None'
[0.396s] Level 5:colcon.colcon_core.verb:set package 'pilz_industrial_motion_planner' build argument 'catkin_skip_building_tests' from command line to 'False'
[0.397s] DEBUG:colcon.colcon_core.verb:Building package 'pilz_industrial_motion_planner' with the following arguments: {'ament_cmake_args': None, 'build_base': '/home/aaron/ur_ws/build/pilz_industrial_motion_planner', 'catkin_cmake_args': None, 'catkin_skip_building_tests': False, 'cmake_args': None, 'cmake_clean_cache': False, 'cmake_clean_first': False, 'cmake_force_configure': False, 'cmake_target': None, 'cmake_target_skip_unavailable': False, 'install_base': '/home/aaron/ur_ws/install/pilz_industrial_motion_planner', 'merge_install': False, 'path': '/home/aaron/ur_ws/src/moveit2/moveit_planners/pilz_industrial_motion_planner', 'symlink_install': False, 'test_result_base': None}
[0.397s] Level 5:colcon.colcon_core.verb:set package 'moveit_planners' build argument 'cmake_args' from command line to 'None'
[0.397s] Level 5:colcon.colcon_core.verb:set package 'moveit_planners' build argument 'cmake_target' from command line to 'None'
[0.397s] Level 5:colcon.colcon_core.verb:set package 'moveit_planners' build argument 'cmake_target_skip_unavailable' from command line to 'False'
[0.397s] Level 5:colcon.colcon_core.verb:set package 'moveit_planners' build argument 'cmake_clean_cache' from command line to 'False'
[0.397s] Level 5:colcon.colcon_core.verb:set package 'moveit_planners' build argument 'cmake_clean_first' from command line to 'False'
[0.397s] Level 5:colcon.colcon_core.verb:set package 'moveit_planners' build argument 'cmake_force_configure' from command line to 'False'
[0.397s] Level 5:colcon.colcon_core.verb:set package 'moveit_planners' build argument 'ament_cmake_args' from command line to 'None'
[0.397s] Level 5:colcon.colcon_core.verb:set package 'moveit_planners' build argument 'catkin_cmake_args' from command line to 'None'
[0.397s] Level 5:colcon.colcon_core.verb:set package 'moveit_planners' build argument 'catkin_skip_building_tests' from command line to 'False'
[0.397s] DEBUG:colcon.colcon_core.verb:Building package 'moveit_planners' with the following arguments: {'ament_cmake_args': None, 'build_base': '/home/aaron/ur_ws/build/moveit_planners', 'catkin_cmake_args': None, 'catkin_skip_building_tests': False, 'cmake_args': None, 'cmake_clean_cache': False, 'cmake_clean_first': False, 'cmake_force_configure': False, 'cmake_target': None, 'cmake_target_skip_unavailable': False, 'install_base': '/home/aaron/ur_ws/install/moveit_planners', 'merge_install': False, 'path': '/home/aaron/ur_ws/src/moveit2/moveit_planners/moveit_planners', 'symlink_install': False, 'test_result_base': None}
[0.397s] Level 5:colcon.colcon_core.verb:set package 'moveit_setup_app_plugins' build argument 'cmake_args' from command line to 'None'
[0.397s] Level 5:colcon.colcon_core.verb:set package 'moveit_setup_app_plugins' build argument 'cmake_target' from command line to 'None'
[0.397s] Level 5:colcon.colcon_core.verb:set package 'moveit_setup_app_plugins' build argument 'cmake_target_skip_unavailable' from command line to 'False'
[0.397s] Level 5:colcon.colcon_core.verb:set package 'moveit_setup_app_plugins' build argument 'cmake_clean_cache' from command line to 'False'
[0.397s] Level 5:colcon.colcon_core.verb:set package 'moveit_setup_app_plugins' build argument 'cmake_clean_first' from command line to 'False'
[0.397s] Level 5:colcon.colcon_core.verb:set package 'moveit_setup_app_plugins' build argument 'cmake_force_configure' from command line to 'False'
[0.397s] Level 5:colcon.colcon_core.verb:set package 'moveit_setup_app_plugins' build argument 'ament_cmake_args' from command line to 'None'
[0.397s] Level 5:colcon.colcon_core.verb:set package 'moveit_setup_app_plugins' build argument 'catkin_cmake_args' from command line to 'None'
[0.397s] Level 5:colcon.colcon_core.verb:set package 'moveit_setup_app_plugins' build argument 'catkin_skip_building_tests' from command line to 'False'
[0.397s] DEBUG:colcon.colcon_core.verb:Building package 'moveit_setup_app_plugins' with the following arguments: {'ament_cmake_args': None, 'build_base': '/home/aaron/ur_ws/build/moveit_setup_app_plugins', 'catkin_cmake_args': None, 'catkin_skip_building_tests': False, 'cmake_args': None, 'cmake_clean_cache': False, 'cmake_clean_first': False, 'cmake_force_configure': False, 'cmake_target': None, 'cmake_target_skip_unavailable': False, 'install_base': '/home/aaron/ur_ws/install/moveit_setup_app_plugins', 'merge_install': False, 'path': '/home/aaron/ur_ws/src/moveit2/moveit_setup_assistant/moveit_setup_app_plugins', 'symlink_install': False, 'test_result_base': None}
[0.397s] Level 5:colcon.colcon_core.verb:set package 'moveit_setup_controllers' build argument 'cmake_args' from command line to 'None'
[0.397s] Level 5:colcon.colcon_core.verb:set package 'moveit_setup_controllers' build argument 'cmake_target' from command line to 'None'
[0.397s] Level 5:colcon.colcon_core.verb:set package 'moveit_setup_controllers' build argument 'cmake_target_skip_unavailable' from command line to 'False'
[0.397s] Level 5:colcon.colcon_core.verb:set package 'moveit_setup_controllers' build argument 'cmake_clean_cache' from command line to 'False'
[0.397s] Level 5:colcon.colcon_core.verb:set package 'moveit_setup_controllers' build argument 'cmake_clean_first' from command line to 'False'
[0.397s] Level 5:colcon.colcon_core.verb:set package 'moveit_setup_controllers' build argument 'cmake_force_configure' from command line to 'False'
[0.397s] Level 5:colcon.colcon_core.verb:set package 'moveit_setup_controllers' build argument 'ament_cmake_args' from command line to 'None'
[0.397s] Level 5:colcon.colcon_core.verb:set package 'moveit_setup_controllers' build argument 'catkin_cmake_args' from command line to 'None'
[0.397s] Level 5:colcon.colcon_core.verb:set package 'moveit_setup_controllers' build argument 'catkin_skip_building_tests' from command line to 'False'
[0.397s] DEBUG:colcon.colcon_core.verb:Building package 'moveit_setup_controllers' with the following arguments: {'ament_cmake_args': None, 'build_base': '/home/aaron/ur_ws/build/moveit_setup_controllers', 'catkin_cmake_args': None, 'catkin_skip_building_tests': False, 'cmake_args': None, 'cmake_clean_cache': False, 'cmake_clean_first': False, 'cmake_force_configure': False, 'cmake_target': None, 'cmake_target_skip_unavailable': False, 'install_base': '/home/aaron/ur_ws/install/moveit_setup_controllers', 'merge_install': False, 'path': '/home/aaron/ur_ws/src/moveit2/moveit_setup_assistant/moveit_setup_controllers', 'symlink_install': False, 'test_result_base': None}
[0.398s] Level 5:colcon.colcon_core.verb:set package 'moveit_setup_core_plugins' build argument 'cmake_args' from command line to 'None'
[0.398s] Level 5:colcon.colcon_core.verb:set package 'moveit_setup_core_plugins' build argument 'cmake_target' from command line to 'None'
[0.398s] Level 5:colcon.colcon_core.verb:set package 'moveit_setup_core_plugins' build argument 'cmake_target_skip_unavailable' from command line to 'False'
[0.398s] Level 5:colcon.colcon_core.verb:set package 'moveit_setup_core_plugins' build argument 'cmake_clean_cache' from command line to 'False'
[0.398s] Level 5:colcon.colcon_core.verb:set package 'moveit_setup_core_plugins' build argument 'cmake_clean_first' from command line to 'False'
[0.398s] Level 5:colcon.colcon_core.verb:set package 'moveit_setup_core_plugins' build argument 'cmake_force_configure' from command line to 'False'
[0.398s] Level 5:colcon.colcon_core.verb:set package 'moveit_setup_core_plugins' build argument 'ament_cmake_args' from command line to 'None'
[0.398s] Level 5:colcon.colcon_core.verb:set package 'moveit_setup_core_plugins' build argument 'catkin_cmake_args' from command line to 'None'
[0.398s] Level 5:colcon.colcon_core.verb:set package 'moveit_setup_core_plugins' build argument 'catkin_skip_building_tests' from command line to 'False'
[0.398s] DEBUG:colcon.colcon_core.verb:Building package 'moveit_setup_core_plugins' with the following arguments: {'ament_cmake_args': None, 'build_base': '/home/aaron/ur_ws/build/moveit_setup_core_plugins', 'catkin_cmake_args': None, 'catkin_skip_building_tests': False, 'cmake_args': None, 'cmake_clean_cache': False, 'cmake_clean_first': False, 'cmake_force_configure': False, 'cmake_target': None, 'cmake_target_skip_unavailable': False, 'install_base': '/home/aaron/ur_ws/install/moveit_setup_core_plugins', 'merge_install': False, 'path': '/home/aaron/ur_ws/src/moveit2/moveit_setup_assistant/moveit_setup_core_plugins', 'symlink_install': False, 'test_result_base': None}
[0.398s] Level 5:colcon.colcon_core.verb:set package 'moveit_setup_srdf_plugins' build argument 'cmake_args' from command line to 'None'
[0.398s] Level 5:colcon.colcon_core.verb:set package 'moveit_setup_srdf_plugins' build argument 'cmake_target' from command line to 'None'
[0.398s] Level 5:colcon.colcon_core.verb:set package 'moveit_setup_srdf_plugins' build argument 'cmake_target_skip_unavailable' from command line to 'False'
[0.398s] Level 5:colcon.colcon_core.verb:set package 'moveit_setup_srdf_plugins' build argument 'cmake_clean_cache' from command line to 'False'
[0.398s] Level 5:colcon.colcon_core.verb:set package 'moveit_setup_srdf_plugins' build argument 'cmake_clean_first' from command line to 'False'
[0.398s] Level 5:colcon.colcon_core.verb:set package 'moveit_setup_srdf_plugins' build argument 'cmake_force_configure' from command line to 'False'
[0.398s] Level 5:colcon.colcon_core.verb:set package 'moveit_setup_srdf_plugins' build argument 'ament_cmake_args' from command line to 'None'
[0.398s] Level 5:colcon.colcon_core.verb:set package 'moveit_setup_srdf_plugins' build argument 'catkin_cmake_args' from command line to 'None'
[0.398s] Level 5:colcon.colcon_core.verb:set package 'moveit_setup_srdf_plugins' build argument 'catkin_skip_building_tests' from command line to 'False'
[0.398s] DEBUG:colcon.colcon_core.verb:Building package 'moveit_setup_srdf_plugins' with the following arguments: {'ament_cmake_args': None, 'build_base': '/home/aaron/ur_ws/build/moveit_setup_srdf_plugins', 'catkin_cmake_args': None, 'catkin_skip_building_tests': False, 'cmake_args': None, 'cmake_clean_cache': False, 'cmake_clean_first': False, 'cmake_force_configure': False, 'cmake_target': None, 'cmake_target_skip_unavailable': False, 'install_base': '/home/aaron/ur_ws/install/moveit_setup_srdf_plugins', 'merge_install': False, 'path': '/home/aaron/ur_ws/src/moveit2/moveit_setup_assistant/moveit_setup_srdf_plugins', 'symlink_install': False, 'test_result_base': None}
[0.398s] Level 5:colcon.colcon_core.verb:set package 'moveit_runtime' build argument 'cmake_args' from command line to 'None'
[0.398s] Level 5:colcon.colcon_core.verb:set package 'moveit_runtime' build argument 'cmake_target' from command line to 'None'
[0.398s] Level 5:colcon.colcon_core.verb:set package 'moveit_runtime' build argument 'cmake_target_skip_unavailable' from command line to 'False'
[0.398s] Level 5:colcon.colcon_core.verb:set package 'moveit_runtime' build argument 'cmake_clean_cache' from command line to 'False'
[0.398s] Level 5:colcon.colcon_core.verb:set package 'moveit_runtime' build argument 'cmake_clean_first' from command line to 'False'
[0.398s] Level 5:colcon.colcon_core.verb:set package 'moveit_runtime' build argument 'cmake_force_configure' from command line to 'False'
[0.398s] Level 5:colcon.colcon_core.verb:set package 'moveit_runtime' build argument 'ament_cmake_args' from command line to 'None'
[0.398s] Level 5:colcon.colcon_core.verb:set package 'moveit_runtime' build argument 'catkin_cmake_args' from command line to 'None'
[0.398s] Level 5:colcon.colcon_core.verb:set package 'moveit_runtime' build argument 'catkin_skip_building_tests' from command line to 'False'
[0.398s] DEBUG:colcon.colcon_core.verb:Building package 'moveit_runtime' with the following arguments: {'ament_cmake_args': None, 'build_base': '/home/aaron/ur_ws/build/moveit_runtime', 'catkin_cmake_args': None, 'catkin_skip_building_tests': False, 'cmake_args': None, 'cmake_clean_cache': False, 'cmake_clean_first': False, 'cmake_force_configure': False, 'cmake_target': None, 'cmake_target_skip_unavailable': False, 'install_base': '/home/aaron/ur_ws/install/moveit_runtime', 'merge_install': False, 'path': '/home/aaron/ur_ws/src/moveit2/moveit_runtime', 'symlink_install': False, 'test_result_base': None}
[0.399s] Level 5:colcon.colcon_core.verb:set package 'moveit_setup_assistant' build argument 'cmake_args' from command line to 'None'
[0.399s] Level 5:colcon.colcon_core.verb:set package 'moveit_setup_assistant' build argument 'cmake_target' from command line to 'None'
[0.399s] Level 5:colcon.colcon_core.verb:set package 'moveit_setup_assistant' build argument 'cmake_target_skip_unavailable' from command line to 'False'
[0.399s] Level 5:colcon.colcon_core.verb:set package 'moveit_setup_assistant' build argument 'cmake_clean_cache' from command line to 'False'
[0.399s] Level 5:colcon.colcon_core.verb:set package 'moveit_setup_assistant' build argument 'cmake_clean_first' from command line to 'False'
[0.399s] Level 5:colcon.colcon_core.verb:set package 'moveit_setup_assistant' build argument 'cmake_force_configure' from command line to 'False'
[0.399s] Level 5:colcon.colcon_core.verb:set package 'moveit_setup_assistant' build argument 'ament_cmake_args' from command line to 'None'
[0.399s] Level 5:colcon.colcon_core.verb:set package 'moveit_setup_assistant' build argument 'catkin_cmake_args' from command line to 'None'
[0.399s] Level 5:colcon.colcon_core.verb:set package 'moveit_setup_assistant' build argument 'catkin_skip_building_tests' from command line to 'False'
[0.399s] DEBUG:colcon.colcon_core.verb:Building package 'moveit_setup_assistant' with the following arguments: {'ament_cmake_args': None, 'build_base': '/home/aaron/ur_ws/build/moveit_setup_assistant', 'catkin_cmake_args': None, 'catkin_skip_building_tests': False, 'cmake_args': None, 'cmake_clean_cache': False, 'cmake_clean_first': False, 'cmake_force_configure': False, 'cmake_target': None, 'cmake_target_skip_unavailable': False, 'install_base': '/home/aaron/ur_ws/install/moveit_setup_assistant', 'merge_install': False, 'path': '/home/aaron/ur_ws/src/moveit2/moveit_setup_assistant/moveit_setup_assistant', 'symlink_install': False, 'test_result_base': None}
[0.399s] Level 5:colcon.colcon_core.verb:set package 'moveit_task_constructor_core' build argument 'cmake_args' from command line to 'None'
[0.399s] Level 5:colcon.colcon_core.verb:set package 'moveit_task_constructor_core' build argument 'cmake_target' from command line to 'None'
[0.399s] Level 5:colcon.colcon_core.verb:set package 'moveit_task_constructor_core' build argument 'cmake_target_skip_unavailable' from command line to 'False'
[0.399s] Level 5:colcon.colcon_core.verb:set package 'moveit_task_constructor_core' build argument 'cmake_clean_cache' from command line to 'False'
[0.399s] Level 5:colcon.colcon_core.verb:set package 'moveit_task_constructor_core' build argument 'cmake_clean_first' from command line to 'False'
[0.399s] Level 5:colcon.colcon_core.verb:set package 'moveit_task_constructor_core' build argument 'cmake_force_configure' from command line to 'False'
[0.399s] Level 5:colcon.colcon_core.verb:set package 'moveit_task_constructor_core' build argument 'ament_cmake_args' from command line to 'None'
[0.399s] Level 5:colcon.colcon_core.verb:set package 'moveit_task_constructor_core' build argument 'catkin_cmake_args' from command line to 'None'
[0.399s] Level 5:colcon.colcon_core.verb:set package 'moveit_task_constructor_core' build argument 'catkin_skip_building_tests' from command line to 'False'
[0.399s] DEBUG:colcon.colcon_core.verb:Building package 'moveit_task_constructor_core' with the following arguments: {'ament_cmake_args': None, 'build_base': '/home/aaron/ur_ws/build/moveit_task_constructor_core', 'catkin_cmake_args': None, 'catkin_skip_building_tests': False, 'cmake_args': None, 'cmake_clean_cache': False, 'cmake_clean_first': False, 'cmake_force_configure': False, 'cmake_target': None, 'cmake_target_skip_unavailable': False, 'install_base': '/home/aaron/ur_ws/install/moveit_task_constructor_core', 'merge_install': False, 'path': '/home/aaron/ur_ws/src/moveit_task_constructor/core', 'symlink_install': False, 'test_result_base': None}
[0.399s] Level 5:colcon.colcon_core.verb:set package 'moveit' build argument 'cmake_args' from command line to 'None'
[0.399s] Level 5:colcon.colcon_core.verb:set package 'moveit' build argument 'cmake_target' from command line to 'None'
[0.399s] Level 5:colcon.colcon_core.verb:set package 'moveit' build argument 'cmake_target_skip_unavailable' from command line to 'False'
[0.399s] Level 5:colcon.colcon_core.verb:set package 'moveit' build argument 'cmake_clean_cache' from command line to 'False'
[0.399s] Level 5:colcon.colcon_core.verb:set package 'moveit' build argument 'cmake_clean_first' from command line to 'False'
[0.399s] Level 5:colcon.colcon_core.verb:set package 'moveit' build argument 'cmake_force_configure' from command line to 'False'
[0.399s] Level 5:colcon.colcon_core.verb:set package 'moveit' build argument 'ament_cmake_args' from command line to 'None'
[0.399s] Level 5:colcon.colcon_core.verb:set package 'moveit' build argument 'catkin_cmake_args' from command line to 'None'
[0.399s] Level 5:colcon.colcon_core.verb:set package 'moveit' build argument 'catkin_skip_building_tests' from command line to 'False'
[0.399s] DEBUG:colcon.colcon_core.verb:Building package 'moveit' with the following arguments: {'ament_cmake_args': None, 'build_base': '/home/aaron/ur_ws/build/moveit', 'catkin_cmake_args': None, 'catkin_skip_building_tests': False, 'cmake_args': None, 'cmake_clean_cache': False, 'cmake_clean_first': False, 'cmake_force_configure': False, 'cmake_target': None, 'cmake_target_skip_unavailable': False, 'install_base': '/home/aaron/ur_ws/install/moveit', 'merge_install': False, 'path': '/home/aaron/ur_ws/src/moveit2/moveit', 'symlink_install': False, 'test_result_base': None}
[0.400s] Level 5:colcon.colcon_core.verb:set package 'moveit_control' build argument 'cmake_args' from command line to 'None'
[0.400s] Level 5:colcon.colcon_core.verb:set package 'moveit_control' build argument 'cmake_target' from command line to 'None'
[0.400s] Level 5:colcon.colcon_core.verb:set package 'moveit_control' build argument 'cmake_target_skip_unavailable' from command line to 'False'
[0.400s] Level 5:colcon.colcon_core.verb:set package 'moveit_control' build argument 'cmake_clean_cache' from command line to 'False'
[0.400s] Level 5:colcon.colcon_core.verb:set package 'moveit_control' build argument 'cmake_clean_first' from command line to 'False'
[0.400s] Level 5:colcon.colcon_core.verb:set package 'moveit_control' build argument 'cmake_force_configure' from command line to 'False'
[0.400s] Level 5:colcon.colcon_core.verb:set package 'moveit_control' build argument 'ament_cmake_args' from command line to 'None'
[0.400s] Level 5:colcon.colcon_core.verb:set package 'moveit_control' build argument 'catkin_cmake_args' from command line to 'None'
[0.400s] Level 5:colcon.colcon_core.verb:set package 'moveit_control' build argument 'catkin_skip_building_tests' from command line to 'False'
[0.400s] DEBUG:colcon.colcon_core.verb:Building package 'moveit_control' with the following arguments: {'ament_cmake_args': None, 'build_base': '/home/aaron/ur_ws/build/moveit_control', 'catkin_cmake_args': None, 'catkin_skip_building_tests': False, 'cmake_args': None, 'cmake_clean_cache': False, 'cmake_clean_first': False, 'cmake_force_configure': False, 'cmake_target': None, 'cmake_target_skip_unavailable': False, 'install_base': '/home/aaron/ur_ws/install/moveit_control', 'merge_install': False, 'path': '/home/aaron/ur_ws/src/moveit_control', 'symlink_install': False, 'test_result_base': None}
[0.400s] Level 5:colcon.colcon_core.verb:set package 'moveit_task_constructor_capabilities' build argument 'cmake_args' from command line to 'None'
[0.400s] Level 5:colcon.colcon_core.verb:set package 'moveit_task_constructor_capabilities' build argument 'cmake_target' from command line to 'None'
[0.400s] Level 5:colcon.colcon_core.verb:set package 'moveit_task_constructor_capabilities' build argument 'cmake_target_skip_unavailable' from command line to 'False'
[0.400s] Level 5:colcon.colcon_core.verb:set package 'moveit_task_constructor_capabilities' build argument 'cmake_clean_cache' from command line to 'False'
[0.400s] Level 5:colcon.colcon_core.verb:set package 'moveit_task_constructor_capabilities' build argument 'cmake_clean_first' from command line to 'False'
[0.400s] Level 5:colcon.colcon_core.verb:set package 'moveit_task_constructor_capabilities' build argument 'cmake_force_configure' from command line to 'False'
[0.400s] Level 5:colcon.colcon_core.verb:set package 'moveit_task_constructor_capabilities' build argument 'ament_cmake_args' from command line to 'None'
[0.400s] Level 5:colcon.colcon_core.verb:set package 'moveit_task_constructor_capabilities' build argument 'catkin_cmake_args' from command line to 'None'
[0.400s] Level 5:colcon.colcon_core.verb:set package 'moveit_task_constructor_capabilities' build argument 'catkin_skip_building_tests' from command line to 'False'
[0.400s] DEBUG:colcon.colcon_core.verb:Building package 'moveit_task_constructor_capabilities' with the following arguments: {'ament_cmake_args': None, 'build_base': '/home/aaron/ur_ws/build/moveit_task_constructor_capabilities', 'catkin_cmake_args': None, 'catkin_skip_building_tests': False, 'cmake_args': None, 'cmake_clean_cache': False, 'cmake_clean_first': False, 'cmake_force_configure': False, 'cmake_target': None, 'cmake_target_skip_unavailable': False, 'install_base': '/home/aaron/ur_ws/install/moveit_task_constructor_capabilities', 'merge_install': False, 'path': '/home/aaron/ur_ws/src/moveit_task_constructor/capabilities', 'symlink_install': False, 'test_result_base': None}
[0.400s] Level 5:colcon.colcon_core.verb:set package 'moveit_task_constructor_visualization' build argument 'cmake_args' from command line to 'None'
[0.400s] Level 5:colcon.colcon_core.verb:set package 'moveit_task_constructor_visualization' build argument 'cmake_target' from command line to 'None'
[0.400s] Level 5:colcon.colcon_core.verb:set package 'moveit_task_constructor_visualization' build argument 'cmake_target_skip_unavailable' from command line to 'False'
[0.400s] Level 5:colcon.colcon_core.verb:set package 'moveit_task_constructor_visualization' build argument 'cmake_clean_cache' from command line to 'False'
[0.400s] Level 5:colcon.colcon_core.verb:set package 'moveit_task_constructor_visualization' build argument 'cmake_clean_first' from command line to 'False'
[0.400s] Level 5:colcon.colcon_core.verb:set package 'moveit_task_constructor_visualization' build argument 'cmake_force_configure' from command line to 'False'
[0.400s] Level 5:colcon.colcon_core.verb:set package 'moveit_task_constructor_visualization' build argument 'ament_cmake_args' from command line to 'None'
[0.400s] Level 5:colcon.colcon_core.verb:set package 'moveit_task_constructor_visualization' build argument 'catkin_cmake_args' from command line to 'None'
[0.400s] Level 5:colcon.colcon_core.verb:set package 'moveit_task_constructor_visualization' build argument 'catkin_skip_building_tests' from command line to 'False'
[0.400s] DEBUG:colcon.colcon_core.verb:Building package 'moveit_task_constructor_visualization' with the following arguments: {'ament_cmake_args': None, 'build_base': '/home/aaron/ur_ws/build/moveit_task_constructor_visualization', 'catkin_cmake_args': None, 'catkin_skip_building_tests': False, 'cmake_args': None, 'cmake_clean_cache': False, 'cmake_clean_first': False, 'cmake_force_configure': False, 'cmake_target': None, 'cmake_target_skip_unavailable': False, 'install_base': '/home/aaron/ur_ws/install/moveit_task_constructor_visualization', 'merge_install': False, 'path': '/home/aaron/ur_ws/src/moveit_task_constructor/visualization', 'symlink_install': False, 'test_result_base': None}
[0.401s] Level 5:colcon.colcon_core.verb:set package 'moveit2_tutorials' build argument 'cmake_args' from command line to 'None'
[0.401s] Level 5:colcon.colcon_core.verb:set package 'moveit2_tutorials' build argument 'cmake_target' from command line to 'None'
[0.401s] Level 5:colcon.colcon_core.verb:set package 'moveit2_tutorials' build argument 'cmake_target_skip_unavailable' from command line to 'False'
[0.401s] Level 5:colcon.colcon_core.verb:set package 'moveit2_tutorials' build argument 'cmake_clean_cache' from command line to 'False'
[0.401s] Level 5:colcon.colcon_core.verb:set package 'moveit2_tutorials' build argument 'cmake_clean_first' from command line to 'False'
[0.401s] Level 5:colcon.colcon_core.verb:set package 'moveit2_tutorials' build argument 'cmake_force_configure' from command line to 'False'
[0.401s] Level 5:colcon.colcon_core.verb:set package 'moveit2_tutorials' build argument 'ament_cmake_args' from command line to 'None'
[0.401s] Level 5:colcon.colcon_core.verb:set package 'moveit2_tutorials' build argument 'catkin_cmake_args' from command line to 'None'
[0.401s] Level 5:colcon.colcon_core.verb:set package 'moveit2_tutorials' build argument 'catkin_skip_building_tests' from command line to 'False'
[0.401s] DEBUG:colcon.colcon_core.verb:Building package 'moveit2_tutorials' with the following arguments: {'ament_cmake_args': None, 'build_base': '/home/aaron/ur_ws/build/moveit2_tutorials', 'catkin_cmake_args': None, 'catkin_skip_building_tests': False, 'cmake_args': None, 'cmake_clean_cache': False, 'cmake_clean_first': False, 'cmake_force_configure': False, 'cmake_target': None, 'cmake_target_skip_unavailable': False, 'install_base': '/home/aaron/ur_ws/install/moveit2_tutorials', 'merge_install': False, 'path': '/home/aaron/ur_ws/src/moveit2_tutorials', 'symlink_install': False, 'test_result_base': None}
[0.401s] Level 5:colcon.colcon_core.verb:set package 'moveit_task_constructor_demo' build argument 'cmake_args' from command line to 'None'
[0.401s] Level 5:colcon.colcon_core.verb:set package 'moveit_task_constructor_demo' build argument 'cmake_target' from command line to 'None'
[0.401s] Level 5:colcon.colcon_core.verb:set package 'moveit_task_constructor_demo' build argument 'cmake_target_skip_unavailable' from command line to 'False'
[0.401s] Level 5:colcon.colcon_core.verb:set package 'moveit_task_constructor_demo' build argument 'cmake_clean_cache' from command line to 'False'
[0.401s] Level 5:colcon.colcon_core.verb:set package 'moveit_task_constructor_demo' build argument 'cmake_clean_first' from command line to 'False'
[0.401s] Level 5:colcon.colcon_core.verb:set package 'moveit_task_constructor_demo' build argument 'cmake_force_configure' from command line to 'False'
[0.401s] Level 5:colcon.colcon_core.verb:set package 'moveit_task_constructor_demo' build argument 'ament_cmake_args' from command line to 'None'
[0.401s] Level 5:colcon.colcon_core.verb:set package 'moveit_task_constructor_demo' build argument 'catkin_cmake_args' from command line to 'None'
[0.401s] Level 5:colcon.colcon_core.verb:set package 'moveit_task_constructor_demo' build argument 'catkin_skip_building_tests' from command line to 'False'
[0.401s] DEBUG:colcon.colcon_core.verb:Building package 'moveit_task_constructor_demo' with the following arguments: {'ament_cmake_args': None, 'build_base': '/home/aaron/ur_ws/build/moveit_task_constructor_demo', 'catkin_cmake_args': None, 'catkin_skip_building_tests': False, 'cmake_args': None, 'cmake_clean_cache': False, 'cmake_clean_first': False, 'cmake_force_configure': False, 'cmake_target': None, 'cmake_target_skip_unavailable': False, 'install_base': '/home/aaron/ur_ws/install/moveit_task_constructor_demo', 'merge_install': False, 'path': '/home/aaron/ur_ws/src/moveit_task_constructor/demo', 'symlink_install': False, 'test_result_base': None}
[0.401s] INFO:colcon.colcon_core.executor:Executing jobs using 'parallel' executor
[0.402s] DEBUG:colcon.colcon_parallel_executor.executor.parallel:run_until_complete
[0.403s] INFO:colcon.colcon_ros.task.ament_cmake.build:Building ROS package in '/home/aaron/ur_ws/src/moveit_resources/panda_description' with build type 'ament_cmake'
[0.403s] INFO:colcon.colcon_cmake.task.cmake.build:Building CMake package in '/home/aaron/ur_ws/src/moveit_resources/panda_description'
[0.406s] INFO:colcon.colcon_core.plugin_system:Skipping extension 'colcon_core.shell.bat': Not used on non-Windows systems
[0.406s] INFO:colcon.colcon_core.shell:Skip shell extension 'powershell' for command environment: Not usable outside of PowerShell
[0.406s] DEBUG:colcon.colcon_core.shell:Skip shell extension 'dsv' for command environment
[0.408s] INFO:colcon.colcon_ros.task.ament_cmake.build:Building ROS package in '/home/aaron/ur_ws/src/moveit2/moveit_common' with build type 'ament_cmake'
[0.408s] INFO:colcon.colcon_cmake.task.cmake.build:Building CMake package in '/home/aaron/ur_ws/src/moveit2/moveit_common'
[0.409s] INFO:colcon.colcon_core.shell:Skip shell extension 'powershell' for command environment: Not usable outside of PowerShell
[0.409s] DEBUG:colcon.colcon_core.shell:Skip shell extension 'dsv' for command environment
[0.411s] INFO:colcon.colcon_ros.task.ament_cmake.build:Building ROS package in '/home/aaron/ur_ws/src/moveit_resources/pr2_description' with build type 'ament_cmake'
[0.411s] INFO:colcon.colcon_cmake.task.cmake.build:Building CMake package in '/home/aaron/ur_ws/src/moveit_resources/pr2_description'
[0.411s] INFO:colcon.colcon_core.shell:Skip shell extension 'powershell' for command environment: Not usable outside of PowerShell
[0.411s] DEBUG:colcon.colcon_core.shell:Skip shell extension 'dsv' for command environment
[0.413s] INFO:colcon.colcon_ros.task.ament_cmake.build:Building ROS package in '/home/aaron/ur_ws/src/srdfdom' with build type 'ament_cmake'
[0.413s] INFO:colcon.colcon_cmake.task.cmake.build:Building CMake package in '/home/aaron/ur_ws/src/srdfdom'
[0.413s] INFO:colcon.colcon_core.shell:Skip shell extension 'powershell' for command environment: Not usable outside of PowerShell
[0.413s] DEBUG:colcon.colcon_core.shell:Skip shell extension 'dsv' for command environment
[0.415s] INFO:colcon.colcon_ros.task.ament_python.build:Building ROS package in '/home/aaron/ur_ws/src/launch_param_builder' with build type 'ament_python'
[0.415s] Level 1:colcon.colcon_core.shell:create_environment_hook('launch_param_builder', 'ament_prefix_path')
[0.415s] INFO:colcon.colcon_core.shell:Creating environment hook '/home/aaron/ur_ws/install/launch_param_builder/share/launch_param_builder/hook/ament_prefix_path.ps1'
[0.416s] INFO:colcon.colcon_core.shell:Creating environment descriptor '/home/aaron/ur_ws/install/launch_param_builder/share/launch_param_builder/hook/ament_prefix_path.dsv'
[0.416s] INFO:colcon.colcon_core.shell:Creating environment hook '/home/aaron/ur_ws/install/launch_param_builder/share/launch_param_builder/hook/ament_prefix_path.sh'
[0.417s] INFO:colcon.colcon_core.shell:Skip shell extension 'powershell' for command environment: Not usable outside of PowerShell
[0.417s] DEBUG:colcon.colcon_core.shell:Skip shell extension 'dsv' for command environment
[0.419s] INFO:colcon.colcon_ros.task.ament_cmake.build:Building ROS package in '/home/aaron/ur_ws/src/moveit_resources/fanuc_description' with build type 'ament_cmake'
[0.419s] INFO:colcon.colcon_cmake.task.cmake.build:Building CMake package in '/home/aaron/ur_ws/src/moveit_resources/fanuc_description'
[0.419s] INFO:colcon.colcon_core.shell:Skip shell extension 'powershell' for command environment: Not usable outside of PowerShell
[0.419s] DEBUG:colcon.colcon_core.shell:Skip shell extension 'dsv' for command environment
[0.421s] INFO:colcon.colcon_ros.task.ament_cmake.build:Building ROS package in '/home/aaron/ur_ws/src/moveit2/moveit_planners/test_configs/prbt_support' with build type 'ament_cmake'
[0.421s] INFO:colcon.colcon_cmake.task.cmake.build:Building CMake package in '/home/aaron/ur_ws/src/moveit2/moveit_planners/test_configs/prbt_support'
[0.421s] INFO:colcon.colcon_core.shell:Skip shell extension 'powershell' for command environment: Not usable outside of PowerShell
[0.422s] DEBUG:colcon.colcon_core.shell:Skip shell extension 'dsv' for command environment
[0.423s] INFO:colcon.colcon_ros.task.ament_cmake.build:Building ROS package in '/home/aaron/ur_ws/src/moveit_task_constructor/msgs' with build type 'ament_cmake'
[0.424s] INFO:colcon.colcon_cmake.task.cmake.build:Building CMake package in '/home/aaron/ur_ws/src/moveit_task_constructor/msgs'
[0.424s] INFO:colcon.colcon_core.shell:Skip shell extension 'powershell' for command environment: Not usable outside of PowerShell
[0.424s] DEBUG:colcon.colcon_core.shell:Skip shell extension 'dsv' for command environment
[0.426s] INFO:colcon.colcon_ros.task.ament_python.build:Building ROS package in '/home/aaron/ur_ws/src/Open_control' with build type 'ament_python'
[0.426s] Level 1:colcon.colcon_core.shell:create_environment_hook('Open_control', 'ament_prefix_path')
[0.426s] INFO:colcon.colcon_core.shell:Creating environment hook '/home/aaron/ur_ws/install/Open_control/share/Open_control/hook/ament_prefix_path.ps1'
[0.426s] INFO:colcon.colcon_core.shell:Creating environment descriptor '/home/aaron/ur_ws/install/Open_control/share/Open_control/hook/ament_prefix_path.dsv'
[0.427s] INFO:colcon.colcon_core.shell:Creating environment hook '/home/aaron/ur_ws/install/Open_control/share/Open_control/hook/ament_prefix_path.sh'
[0.427s] INFO:colcon.colcon_core.shell:Skip shell extension 'powershell' for command environment: Not usable outside of PowerShell
[0.427s] DEBUG:colcon.colcon_core.shell:Skip shell extension 'dsv' for command environment
[0.429s] INFO:colcon.colcon_ros.task.ament_cmake.build:Building ROS package in '/home/aaron/ur_ws/src/rosparam_shortcuts' with build type 'ament_cmake'
[0.429s] INFO:colcon.colcon_cmake.task.cmake.build:Building CMake package in '/home/aaron/ur_ws/src/rosparam_shortcuts'
[0.429s] INFO:colcon.colcon_core.shell:Skip shell extension 'powershell' for command environment: Not usable outside of PowerShell
[0.429s] DEBUG:colcon.colcon_core.shell:Skip shell extension 'dsv' for command environment
[0.431s] INFO:colcon.colcon_ros.task.ament_python.build:Building ROS package in '/home/aaron/ur_ws/src/waypoint_pub' with build type 'ament_python'
[0.431s] Level 1:colcon.colcon_core.shell:create_environment_hook('waypoint_pub', 'ament_prefix_path')
[0.431s] INFO:colcon.colcon_core.shell:Creating environment hook '/home/aaron/ur_ws/install/waypoint_pub/share/waypoint_pub/hook/ament_prefix_path.ps1'
[0.431s] INFO:colcon.colcon_core.shell:Creating environment descriptor '/home/aaron/ur_ws/install/waypoint_pub/share/waypoint_pub/hook/ament_prefix_path.dsv'
[0.432s] INFO:colcon.colcon_core.shell:Creating environment hook '/home/aaron/ur_ws/install/waypoint_pub/share/waypoint_pub/hook/ament_prefix_path.sh'
[0.432s] INFO:colcon.colcon_core.shell:Skip shell extension 'powershell' for command environment: Not usable outside of PowerShell
[0.432s] DEBUG:colcon.colcon_core.shell:Skip shell extension 'dsv' for command environment
[0.437s] DEBUG:colcon.colcon_core.event_handler.log_command:Invoking command in '/home/aaron/ur_ws/build/moveit_resources_panda_description': CMAKE_PREFIX_PATH=/opt/ros/humble /usr/bin/cmake --build /home/aaron/ur_ws/build/moveit_resources_panda_description -- -j20 -l20
[0.439s] DEBUG:colcon.colcon_core.event_handler.log_command:Invoking command in '/home/aaron/ur_ws/build/moveit_common': CMAKE_PREFIX_PATH=/opt/ros/humble /usr/bin/cmake --build /home/aaron/ur_ws/build/moveit_common -- -j20 -l20
[0.440s] DEBUG:colcon.colcon_core.event_handler.log_command:Invoking command in '/home/aaron/ur_ws/build/moveit_resources_pr2_description': CMAKE_PREFIX_PATH=/opt/ros/humble /usr/bin/cmake --build /home/aaron/ur_ws/build/moveit_resources_pr2_description -- -j20 -l20
[0.442s] DEBUG:colcon.colcon_core.event_handler.log_command:Invoking command in '/home/aaron/ur_ws/build/srdfdom': CMAKE_PREFIX_PATH=/opt/ros/humble /usr/bin/cmake --build /home/aaron/ur_ws/build/srdfdom -- -j20 -l20
[0.599s] INFO:colcon.colcon_core.task.python.build:Building Python package in '/home/aaron/ur_ws/src/launch_param_builder'
[0.600s] INFO:colcon.colcon_core.shell:Skip shell extension 'powershell' for command environment: Not usable outside of PowerShell
[0.600s] DEBUG:colcon.colcon_core.shell:Skip shell extension 'dsv' for command environment
[0.604s] DEBUG:colcon.colcon_core.event_handler.log_command:Invoking command in '/home/aaron/ur_ws/build/moveit_resources_fanuc_description': CMAKE_PREFIX_PATH=/opt/ros/humble /usr/bin/cmake --build /home/aaron/ur_ws/build/moveit_resources_fanuc_description -- -j20 -l20
[0.605s] DEBUG:colcon.colcon_core.event_handler.log_command:Invoking command in '/home/aaron/ur_ws/build/moveit_resources_prbt_support': CMAKE_PREFIX_PATH=/opt/ros/humble /usr/bin/cmake --build /home/aaron/ur_ws/build/moveit_resources_prbt_support -- -j20 -l20
[0.606s] DEBUG:colcon.colcon_core.event_handler.log_command:Invoking command in '/home/aaron/ur_ws/build/moveit_task_constructor_msgs': CMAKE_PREFIX_PATH=/opt/ros/humble /usr/bin/cmake --build /home/aaron/ur_ws/build/moveit_task_constructor_msgs -- -j20 -l20
[0.772s] INFO:colcon.colcon_core.task.python.build:Building Python package in '/home/aaron/ur_ws/src/Open_control'
[0.772s] INFO:colcon.colcon_core.shell:Skip shell extension 'powershell' for command environment: Not usable outside of PowerShell
[0.772s] DEBUG:colcon.colcon_core.shell:Skip shell extension 'dsv' for command environment
[0.780s] DEBUG:colcon.colcon_core.event_handler.log_command:Invoking command in '/home/aaron/ur_ws/build/rosparam_shortcuts': CMAKE_PREFIX_PATH=/opt/ros/humble /usr/bin/cmake --build /home/aaron/ur_ws/build/rosparam_shortcuts -- -j20 -l20
[0.957s] INFO:colcon.colcon_core.task.python.build:Building Python package in '/home/aaron/ur_ws/src/waypoint_pub'
[0.958s] INFO:colcon.colcon_core.shell:Skip shell extension 'powershell' for command environment: Not usable outside of PowerShell
[0.958s] DEBUG:colcon.colcon_core.shell:Skip shell extension 'dsv' for command environment
[0.961s] DEBUG:colcon.colcon_core.event_handler.log_command:Invoked command in '/home/aaron/ur_ws/build/moveit_resources_pr2_description' returned '0': CMAKE_PREFIX_PATH=/opt/ros/humble /usr/bin/cmake --build /home/aaron/ur_ws/build/moveit_resources_pr2_description -- -j20 -l20
[0.969s] DEBUG:colcon.colcon_core.event_handler.log_command:Invoking command in '/home/aaron/ur_ws/build/moveit_resources_pr2_description': CMAKE_PREFIX_PATH=/opt/ros/humble /usr/bin/cmake --install /home/aaron/ur_ws/build/moveit_resources_pr2_description
[0.969s] DEBUG:colcon.colcon_core.event_handler.log_command:Invoked command in '/home/aaron/ur_ws/build/moveit_common' returned '0': CMAKE_PREFIX_PATH=/opt/ros/humble /usr/bin/cmake --build /home/aaron/ur_ws/build/moveit_common -- -j20 -l20
[0.970s] DEBUG:colcon.colcon_core.event_handler.log_command:Invoking command in '/home/aaron/ur_ws/build/moveit_common': CMAKE_PREFIX_PATH=/opt/ros/humble /usr/bin/cmake --install /home/aaron/ur_ws/build/moveit_common
[0.970s] DEBUG:colcon.colcon_core.event_handler.log_command:Invoked command in '/home/aaron/ur_ws/build/moveit_resources_panda_description' returned '0': CMAKE_PREFIX_PATH=/opt/ros/humble /usr/bin/cmake --build /home/aaron/ur_ws/build/moveit_resources_panda_description -- -j20 -l20
[0.971s] DEBUG:colcon.colcon_core.event_handler.log_command:Invoking command in '/home/aaron/ur_ws/build/moveit_resources_panda_description': CMAKE_PREFIX_PATH=/opt/ros/humble /usr/bin/cmake --install /home/aaron/ur_ws/build/moveit_resources_panda_description
[0.971s] DEBUG:colcon.colcon_core.event_handler.log_command:Invoked command in '/home/aaron/ur_ws/build/moveit_resources_fanuc_description' returned '0': CMAKE_PREFIX_PATH=/opt/ros/humble /usr/bin/cmake --build /home/aaron/ur_ws/build/moveit_resources_fanuc_description -- -j20 -l20
[0.972s] DEBUG:colcon.colcon_core.event_handler.log_command:Invoking command in '/home/aaron/ur_ws/build/moveit_resources_fanuc_description': CMAKE_PREFIX_PATH=/opt/ros/humble /usr/bin/cmake --install /home/aaron/ur_ws/build/moveit_resources_fanuc_description
[0.973s] DEBUG:colcon.colcon_core.event_handler.log_command:Invoked command in '/home/aaron/ur_ws/build/moveit_resources_prbt_support' returned '0': CMAKE_PREFIX_PATH=/opt/ros/humble /usr/bin/cmake --build /home/aaron/ur_ws/build/moveit_resources_prbt_support -- -j20 -l20
[0.973s] DEBUG:colcon.colcon_core.event_handler.log_command:Invoking command in '/home/aaron/ur_ws/build/moveit_resources_prbt_support': CMAKE_PREFIX_PATH=/opt/ros/humble /usr/bin/cmake --install /home/aaron/ur_ws/build/moveit_resources_prbt_support
[0.974s] DEBUG:colcon.colcon_core.event_handler.log_command:Invoked command in '/home/aaron/ur_ws/build/srdfdom' returned '0': CMAKE_PREFIX_PATH=/opt/ros/humble /usr/bin/cmake --build /home/aaron/ur_ws/build/srdfdom -- -j20 -l20
[0.975s] DEBUG:colcon.colcon_core.event_handler.log_command:Invoking command in '/home/aaron/ur_ws/build/srdfdom': CMAKE_PREFIX_PATH=/opt/ros/humble /usr/bin/cmake --install /home/aaron/ur_ws/build/srdfdom
[0.998s] DEBUG:colcon.colcon_core.event_handler.log_command:Invoked command in '/home/aaron/ur_ws/build/moveit_task_constructor_msgs' returned '0': CMAKE_PREFIX_PATH=/opt/ros/humble /usr/bin/cmake --build /home/aaron/ur_ws/build/moveit_task_constructor_msgs -- -j20 -l20
[0.999s] DEBUG:colcon.colcon_core.event_handler.log_command:Invoking command in '/home/aaron/ur_ws/build/moveit_task_constructor_msgs': CMAKE_PREFIX_PATH=/opt/ros/humble /usr/bin/cmake --install /home/aaron/ur_ws/build/moveit_task_constructor_msgs
[1.000s] DEBUG:colcon.colcon_core.event_handler.log_command:Invoked command in '/home/aaron/ur_ws/build/rosparam_shortcuts' returned '0': CMAKE_PREFIX_PATH=/opt/ros/humble /usr/bin/cmake --build /home/aaron/ur_ws/build/rosparam_shortcuts -- -j20 -l20
[1.000s] DEBUG:colcon.colcon_core.event_handler.log_command:Invoking command in '/home/aaron/ur_ws/build/rosparam_shortcuts': CMAKE_PREFIX_PATH=/opt/ros/humble /usr/bin/cmake --install /home/aaron/ur_ws/build/rosparam_shortcuts
[1.004s] Level 1:colcon.colcon_core.environment:create_environment_scripts_only(moveit_resources_prbt_support)
[1.004s] DEBUG:colcon.colcon_core.event_handler.log_command:Invoked command in '/home/aaron/ur_ws/build/moveit_resources_prbt_support' returned '0': CMAKE_PREFIX_PATH=/opt/ros/humble /usr/bin/cmake --install /home/aaron/ur_ws/build/moveit_resources_prbt_support
[1.008s] Level 1:colcon.colcon_core.environment:checking '/home/aaron/ur_ws/install/moveit_resources_prbt_support' for CMake module files
[1.010s] Level 1:colcon.colcon_core.environment:checking '/home/aaron/ur_ws/install/moveit_resources_prbt_support' for CMake config files
[1.022s] Level 1:colcon.colcon_core.shell:create_environment_hook('moveit_resources_prbt_support', 'cmake_prefix_path')
[1.023s] INFO:colcon.colcon_core.shell:Creating environment hook '/home/aaron/ur_ws/install/moveit_resources_prbt_support/share/moveit_resources_prbt_support/hook/cmake_prefix_path.ps1'
[1.023s] INFO:colcon.colcon_core.shell:Creating environment descriptor '/home/aaron/ur_ws/install/moveit_resources_prbt_support/share/moveit_resources_prbt_support/hook/cmake_prefix_path.dsv'
[1.024s] INFO:colcon.colcon_core.shell:Creating environment hook '/home/aaron/ur_ws/install/moveit_resources_prbt_support/share/moveit_resources_prbt_support/hook/cmake_prefix_path.sh'
[1.024s] Level 1:colcon.colcon_core.environment:checking '/home/aaron/ur_ws/install/moveit_resources_prbt_support/bin'
[1.024s] Level 1:colcon.colcon_core.environment:checking '/home/aaron/ur_ws/install/moveit_resources_prbt_support/lib/pkgconfig/moveit_resources_prbt_support.pc'
[1.025s] Level 1:colcon.colcon_core.environment:checking '/home/aaron/ur_ws/install/moveit_resources_prbt_support/lib/python3.10/site-packages'
[1.025s] Level 1:colcon.colcon_core.environment:checking '/home/aaron/ur_ws/install/moveit_resources_prbt_support/bin'
[1.025s] INFO:colcon.colcon_core.shell:Creating package script '/home/aaron/ur_ws/install/moveit_resources_prbt_support/share/moveit_resources_prbt_support/package.ps1'
[1.026s] INFO:colcon.colcon_core.shell:Creating package descriptor '/home/aaron/ur_ws/install/moveit_resources_prbt_support/share/moveit_resources_prbt_support/package.dsv'
[1.027s] INFO:colcon.colcon_core.shell:Creating package script '/home/aaron/ur_ws/install/moveit_resources_prbt_support/share/moveit_resources_prbt_support/package.sh'
[1.027s] INFO:colcon.colcon_core.shell:Creating package script '/home/aaron/ur_ws/install/moveit_resources_prbt_support/share/moveit_resources_prbt_support/package.bash'
[1.028s] INFO:colcon.colcon_core.shell:Creating package script '/home/aaron/ur_ws/install/moveit_resources_prbt_support/share/moveit_resources_prbt_support/package.zsh'
[1.029s] Level 1:colcon.colcon_core.environment:create_file_with_runtime_dependencies(/home/aaron/ur_ws/install/moveit_resources_prbt_support/share/colcon-core/packages/moveit_resources_prbt_support)
[1.029s] Level 1:colcon.colcon_core.environment:create_environment_scripts_only(moveit_resources_prbt_support)
[1.029s] Level 1:colcon.colcon_core.environment:checking '/home/aaron/ur_ws/install/moveit_resources_prbt_support' for CMake module files
[1.030s] Level 1:colcon.colcon_core.environment:checking '/home/aaron/ur_ws/install/moveit_resources_prbt_support' for CMake config files
[1.030s] Level 1:colcon.colcon_core.shell:create_environment_hook('moveit_resources_prbt_support', 'cmake_prefix_path')
[1.030s] INFO:colcon.colcon_core.shell:Creating environment hook '/home/aaron/ur_ws/install/moveit_resources_prbt_support/share/moveit_resources_prbt_support/hook/cmake_prefix_path.ps1'
[1.030s] INFO:colcon.colcon_core.shell:Creating environment descriptor '/home/aaron/ur_ws/install/moveit_resources_prbt_support/share/moveit_resources_prbt_support/hook/cmake_prefix_path.dsv'
[1.031s] INFO:colcon.colcon_core.shell:Creating environment hook '/home/aaron/ur_ws/install/moveit_resources_prbt_support/share/moveit_resources_prbt_support/hook/cmake_prefix_path.sh'
[1.031s] Level 1:colcon.colcon_core.environment:checking '/home/aaron/ur_ws/install/moveit_resources_prbt_support/bin'
[1.031s] Level 1:colcon.colcon_core.environment:checking '/home/aaron/ur_ws/install/moveit_resources_prbt_support/lib/pkgconfig/moveit_resources_prbt_support.pc'
[1.031s] Level 1:colcon.colcon_core.environment:checking '/home/aaron/ur_ws/install/moveit_resources_prbt_support/lib/python3.10/site-packages'
[1.032s] Level 1:colcon.colcon_core.environment:checking '/home/aaron/ur_ws/install/moveit_resources_prbt_support/bin'
[1.032s] INFO:colcon.colcon_core.shell:Creating package script '/home/aaron/ur_ws/install/moveit_resources_prbt_support/share/moveit_resources_prbt_support/package.ps1'
[1.032s] INFO:colcon.colcon_core.shell:Creating package descriptor '/home/aaron/ur_ws/install/moveit_resources_prbt_support/share/moveit_resources_prbt_support/package.dsv'
[1.032s] INFO:colcon.colcon_core.shell:Creating package script '/home/aaron/ur_ws/install/moveit_resources_prbt_support/share/moveit_resources_prbt_support/package.sh'
[1.033s] INFO:colcon.colcon_core.shell:Creating package script '/home/aaron/ur_ws/install/moveit_resources_prbt_support/share/moveit_resources_prbt_support/package.bash'
[1.033s] INFO:colcon.colcon_core.shell:Creating package script '/home/aaron/ur_ws/install/moveit_resources_prbt_support/share/moveit_resources_prbt_support/package.zsh'
[1.033s] Level 1:colcon.colcon_core.environment:create_file_with_runtime_dependencies(/home/aaron/ur_ws/install/moveit_resources_prbt_support/share/colcon-core/packages/moveit_resources_prbt_support)
[1.033s] Level 1:colcon.colcon_core.environment:create_environment_scripts_only(moveit_common)
[1.033s] Level 1:colcon.colcon_core.environment:checking '/home/aaron/ur_ws/install/moveit_common' for CMake module files
[1.034s] Level 1:colcon.colcon_core.environment:checking '/home/aaron/ur_ws/install/moveit_common' for CMake config files
[1.034s] DEBUG:colcon.colcon_core.event_handler.log_command:Invoked command in '/home/aaron/ur_ws/build/moveit_common' returned '0': CMAKE_PREFIX_PATH=/opt/ros/humble /usr/bin/cmake --install /home/aaron/ur_ws/build/moveit_common
[1.034s] Level 1:colcon.colcon_core.shell:create_environment_hook('moveit_common', 'cmake_prefix_path')
[1.034s] INFO:colcon.colcon_core.shell:Creating environment hook '/home/aaron/ur_ws/install/moveit_common/share/moveit_common/hook/cmake_prefix_path.ps1'
[1.035s] INFO:colcon.colcon_core.shell:Creating environment descriptor '/home/aaron/ur_ws/install/moveit_common/share/moveit_common/hook/cmake_prefix_path.dsv'
[1.035s] INFO:colcon.colcon_core.shell:Creating environment hook '/home/aaron/ur_ws/install/moveit_common/share/moveit_common/hook/cmake_prefix_path.sh'
[1.035s] Level 1:colcon.colcon_core.environment:checking '/home/aaron/ur_ws/install/moveit_common/bin'
[1.035s] Level 1:colcon.colcon_core.environment:checking '/home/aaron/ur_ws/install/moveit_common/lib/pkgconfig/moveit_common.pc'
[1.035s] Level 1:colcon.colcon_core.environment:checking '/home/aaron/ur_ws/install/moveit_common/lib/python3.10/site-packages'
[1.036s] Level 1:colcon.colcon_core.environment:checking '/home/aaron/ur_ws/install/moveit_common/bin'
[1.036s] INFO:colcon.colcon_core.shell:Creating package script '/home/aaron/ur_ws/install/moveit_common/share/moveit_common/package.ps1'
[1.036s] INFO:colcon.colcon_core.shell:Creating package descriptor '/home/aaron/ur_ws/install/moveit_common/share/moveit_common/package.dsv'
[1.036s] INFO:colcon.colcon_core.shell:Creating package script '/home/aaron/ur_ws/install/moveit_common/share/moveit_common/package.sh'
[1.037s] INFO:colcon.colcon_core.shell:Creating package script '/home/aaron/ur_ws/install/moveit_common/share/moveit_common/package.bash'
[1.037s] INFO:colcon.colcon_core.shell:Creating package script '/home/aaron/ur_ws/install/moveit_common/share/moveit_common/package.zsh'
[1.037s] Level 1:colcon.colcon_core.environment:create_file_with_runtime_dependencies(/home/aaron/ur_ws/install/moveit_common/share/colcon-core/packages/moveit_common)
[1.037s] Level 1:colcon.colcon_core.environment:create_environment_scripts_only(moveit_common)
[1.037s] Level 1:colcon.colcon_core.environment:checking '/home/aaron/ur_ws/install/moveit_common' for CMake module files
[1.038s] Level 1:colcon.colcon_core.environment:checking '/home/aaron/ur_ws/install/moveit_common' for CMake config files
[1.038s] Level 1:colcon.colcon_core.shell:create_environment_hook('moveit_common', 'cmake_prefix_path')
[1.038s] INFO:colcon.colcon_core.shell:Creating environment hook '/home/aaron/ur_ws/install/moveit_common/share/moveit_common/hook/cmake_prefix_path.ps1'
[1.038s] INFO:colcon.colcon_core.shell:Creating environment descriptor '/home/aaron/ur_ws/install/moveit_common/share/moveit_common/hook/cmake_prefix_path.dsv'
[1.038s] INFO:colcon.colcon_core.shell:Creating environment hook '/home/aaron/ur_ws/install/moveit_common/share/moveit_common/hook/cmake_prefix_path.sh'
[1.039s] Level 1:colcon.colcon_core.environment:checking '/home/aaron/ur_ws/install/moveit_common/bin'
[1.039s] Level 1:colcon.colcon_core.environment:checking '/home/aaron/ur_ws/install/moveit_common/lib/pkgconfig/moveit_common.pc'
[1.039s] Level 1:colcon.colcon_core.environment:checking '/home/aaron/ur_ws/install/moveit_common/lib/python3.10/site-packages'
[1.039s] Level 1:colcon.colcon_core.environment:checking '/home/aaron/ur_ws/install/moveit_common/bin'
[1.039s] INFO:colcon.colcon_core.shell:Creating package script '/home/aaron/ur_ws/install/moveit_common/share/moveit_common/package.ps1'
[1.039s] INFO:colcon.colcon_core.shell:Creating package descriptor '/home/aaron/ur_ws/install/moveit_common/share/moveit_common/package.dsv'
[1.040s] INFO:colcon.colcon_core.shell:Creating package script '/home/aaron/ur_ws/install/moveit_common/share/moveit_common/package.sh'
[1.040s] INFO:colcon.colcon_core.shell:Creating package script '/home/aaron/ur_ws/install/moveit_common/share/moveit_common/package.bash'
[1.040s] INFO:colcon.colcon_core.shell:Creating package script '/home/aaron/ur_ws/install/moveit_common/share/moveit_common/package.zsh'
[1.041s] Level 1:colcon.colcon_core.environment:create_file_with_runtime_dependencies(/home/aaron/ur_ws/install/moveit_common/share/colcon-core/packages/moveit_common)
[1.041s] Level 1:colcon.colcon_core.environment:create_environment_scripts_only(moveit_resources_fanuc_description)
[1.041s] Level 1:colcon.colcon_core.environment:checking '/home/aaron/ur_ws/install/moveit_resources_fanuc_description' for CMake module files
[1.042s] DEBUG:colcon.colcon_core.event_handler.log_command:Invoked command in '/home/aaron/ur_ws/build/moveit_resources_fanuc_description' returned '0': CMAKE_PREFIX_PATH=/opt/ros/humble /usr/bin/cmake --install /home/aaron/ur_ws/build/moveit_resources_fanuc_description
[1.042s] Level 1:colcon.colcon_core.environment:checking '/home/aaron/ur_ws/install/moveit_resources_fanuc_description' for CMake config files
[1.042s] Level 1:colcon.colcon_core.shell:create_environment_hook('moveit_resources_fanuc_description', 'cmake_prefix_path')
[1.042s] INFO:colcon.colcon_core.shell:Creating environment hook '/home/aaron/ur_ws/install/moveit_resources_fanuc_description/share/moveit_resources_fanuc_description/hook/cmake_prefix_path.ps1'
[1.042s] INFO:colcon.colcon_core.shell:Creating environment descriptor '/home/aaron/ur_ws/install/moveit_resources_fanuc_description/share/moveit_resources_fanuc_description/hook/cmake_prefix_path.dsv'
[1.043s] INFO:colcon.colcon_core.shell:Creating environment hook '/home/aaron/ur_ws/install/moveit_resources_fanuc_description/share/moveit_resources_fanuc_description/hook/cmake_prefix_path.sh'
[1.043s] Level 1:colcon.colcon_core.environment:checking '/home/aaron/ur_ws/install/moveit_resources_fanuc_description/bin'
[1.043s] Level 1:colcon.colcon_core.environment:checking '/home/aaron/ur_ws/install/moveit_resources_fanuc_description/lib/pkgconfig/moveit_resources_fanuc_description.pc'
[1.043s] Level 1:colcon.colcon_core.environment:checking '/home/aaron/ur_ws/install/moveit_resources_fanuc_description/lib/python3.10/site-packages'
[1.043s] Level 1:colcon.colcon_core.environment:checking '/home/aaron/ur_ws/install/moveit_resources_fanuc_description/bin'
[1.043s] INFO:colcon.colcon_core.shell:Creating package script '/home/aaron/ur_ws/install/moveit_resources_fanuc_description/share/moveit_resources_fanuc_description/package.ps1'
[1.044s] INFO:colcon.colcon_core.shell:Creating package descriptor '/home/aaron/ur_ws/install/moveit_resources_fanuc_description/share/moveit_resources_fanuc_description/package.dsv'
[1.044s] INFO:colcon.colcon_core.shell:Creating package script '/home/aaron/ur_ws/install/moveit_resources_fanuc_description/share/moveit_resources_fanuc_description/package.sh'
[1.045s] INFO:colcon.colcon_core.shell:Creating package script '/home/aaron/ur_ws/install/moveit_resources_fanuc_description/share/moveit_resources_fanuc_description/package.bash'
[1.047s] INFO:colcon.colcon_core.shell:Creating package script '/home/aaron/ur_ws/install/moveit_resources_fanuc_description/share/moveit_resources_fanuc_description/package.zsh'
[1.047s] Level 1:colcon.colcon_core.environment:create_file_with_runtime_dependencies(/home/aaron/ur_ws/install/moveit_resources_fanuc_description/share/colcon-core/packages/moveit_resources_fanuc_description)
[1.048s] Level 1:colcon.colcon_core.environment:create_environment_scripts_only(moveit_resources_fanuc_description)
[1.048s] Level 1:colcon.colcon_core.environment:checking '/home/aaron/ur_ws/install/moveit_resources_fanuc_description' for CMake module files
[1.048s] Level 1:colcon.colcon_core.environment:checking '/home/aaron/ur_ws/install/moveit_resources_fanuc_description' for CMake config files
[1.048s] Level 1:colcon.colcon_core.shell:create_environment_hook('moveit_resources_fanuc_description', 'cmake_prefix_path')
[1.048s] INFO:colcon.colcon_core.shell:Creating environment hook '/home/aaron/ur_ws/install/moveit_resources_fanuc_description/share/moveit_resources_fanuc_description/hook/cmake_prefix_path.ps1'
[1.049s] INFO:colcon.colcon_core.shell:Creating environment descriptor '/home/aaron/ur_ws/install/moveit_resources_fanuc_description/share/moveit_resources_fanuc_description/hook/cmake_prefix_path.dsv'
[1.049s] INFO:colcon.colcon_core.shell:Creating environment hook '/home/aaron/ur_ws/install/moveit_resources_fanuc_description/share/moveit_resources_fanuc_description/hook/cmake_prefix_path.sh'
[1.049s] Level 1:colcon.colcon_core.environment:checking '/home/aaron/ur_ws/install/moveit_resources_fanuc_description/bin'
[1.049s] Level 1:colcon.colcon_core.environment:checking '/home/aaron/ur_ws/install/moveit_resources_fanuc_description/lib/pkgconfig/moveit_resources_fanuc_description.pc'
[1.049s] Level 1:colcon.colcon_core.environment:checking '/home/aaron/ur_ws/install/moveit_resources_fanuc_description/lib/python3.10/site-packages'
[1.049s] Level 1:colcon.colcon_core.environment:checking '/home/aaron/ur_ws/install/moveit_resources_fanuc_description/bin'
[1.050s] INFO:colcon.colcon_core.shell:Creating package script '/home/aaron/ur_ws/install/moveit_resources_fanuc_description/share/moveit_resources_fanuc_description/package.ps1'
[1.050s] INFO:colcon.colcon_core.shell:Creating package descriptor '/home/aaron/ur_ws/install/moveit_resources_fanuc_description/share/moveit_resources_fanuc_description/package.dsv'
[1.050s] INFO:colcon.colcon_core.shell:Creating package script '/home/aaron/ur_ws/install/moveit_resources_fanuc_description/share/moveit_resources_fanuc_description/package.sh'
[1.050s] INFO:colcon.colcon_core.shell:Creating package script '/home/aaron/ur_ws/install/moveit_resources_fanuc_description/share/moveit_resources_fanuc_description/package.bash'
[1.051s] INFO:colcon.colcon_core.shell:Creating package script '/home/aaron/ur_ws/install/moveit_resources_fanuc_description/share/moveit_resources_fanuc_description/package.zsh'
[1.051s] Level 1:colcon.colcon_core.environment:create_file_with_runtime_dependencies(/home/aaron/ur_ws/install/moveit_resources_fanuc_description/share/colcon-core/packages/moveit_resources_fanuc_description)
[1.051s] Level 1:colcon.colcon_core.environment:create_environment_scripts_only(moveit_resources_panda_description)
[1.051s] Level 1:colcon.colcon_core.environment:checking '/home/aaron/ur_ws/install/moveit_resources_panda_description' for CMake module files
[1.052s] Level 1:colcon.colcon_core.environment:checking '/home/aaron/ur_ws/install/moveit_resources_panda_description' for CMake config files
[1.052s] DEBUG:colcon.colcon_core.event_handler.log_command:Invoked command in '/home/aaron/ur_ws/build/moveit_resources_panda_description' returned '0': CMAKE_PREFIX_PATH=/opt/ros/humble /usr/bin/cmake --install /home/aaron/ur_ws/build/moveit_resources_panda_description
[1.052s] Level 1:colcon.colcon_core.shell:create_environment_hook('moveit_resources_panda_description', 'cmake_prefix_path')
[1.052s] INFO:colcon.colcon_core.shell:Creating environment hook '/home/aaron/ur_ws/install/moveit_resources_panda_description/share/moveit_resources_panda_description/hook/cmake_prefix_path.ps1'
[1.053s] INFO:colcon.colcon_core.shell:Creating environment descriptor '/home/aaron/ur_ws/install/moveit_resources_panda_description/share/moveit_resources_panda_description/hook/cmake_prefix_path.dsv'
[1.053s] INFO:colcon.colcon_core.shell:Creating environment hook '/home/aaron/ur_ws/install/moveit_resources_panda_description/share/moveit_resources_panda_description/hook/cmake_prefix_path.sh'
[1.053s] Level 1:colcon.colcon_core.environment:checking '/home/aaron/ur_ws/install/moveit_resources_panda_description/bin'
[1.053s] Level 1:colcon.colcon_core.environment:checking '/home/aaron/ur_ws/install/moveit_resources_panda_description/lib/pkgconfig/moveit_resources_panda_description.pc'
[1.053s] Level 1:colcon.colcon_core.environment:checking '/home/aaron/ur_ws/install/moveit_resources_panda_description/lib/python3.10/site-packages'
[1.053s] Level 1:colcon.colcon_core.environment:checking '/home/aaron/ur_ws/install/moveit_resources_panda_description/bin'
[1.054s] INFO:colcon.colcon_core.shell:Creating package script '/home/aaron/ur_ws/install/moveit_resources_panda_description/share/moveit_resources_panda_description/package.ps1'
[1.054s] INFO:colcon.colcon_core.shell:Creating package descriptor '/home/aaron/ur_ws/install/moveit_resources_panda_description/share/moveit_resources_panda_description/package.dsv'
[1.054s] INFO:colcon.colcon_core.shell:Creating package script '/home/aaron/ur_ws/install/moveit_resources_panda_description/share/moveit_resources_panda_description/package.sh'
[1.054s] INFO:colcon.colcon_core.shell:Creating package script '/home/aaron/ur_ws/install/moveit_resources_panda_description/share/moveit_resources_panda_description/package.bash'
[1.054s] INFO:colcon.colcon_core.shell:Creating package script '/home/aaron/ur_ws/install/moveit_resources_panda_description/share/moveit_resources_panda_description/package.zsh'
[1.055s] Level 1:colcon.colcon_core.environment:create_file_with_runtime_dependencies(/home/aaron/ur_ws/install/moveit_resources_panda_description/share/colcon-core/packages/moveit_resources_panda_description)
[1.055s] Level 1:colcon.colcon_core.environment:create_environment_scripts_only(moveit_resources_panda_description)
[1.055s] Level 1:colcon.colcon_core.environment:checking '/home/aaron/ur_ws/install/moveit_resources_panda_description' for CMake module files
[1.055s] Level 1:colcon.colcon_core.environment:checking '/home/aaron/ur_ws/install/moveit_resources_panda_description' for CMake config files
[1.055s] Level 1:colcon.colcon_core.shell:create_environment_hook('moveit_resources_panda_description', 'cmake_prefix_path')
[1.056s] INFO:colcon.colcon_core.shell:Creating environment hook '/home/aaron/ur_ws/install/moveit_resources_panda_description/share/moveit_resources_panda_description/hook/cmake_prefix_path.ps1'
[1.056s] INFO:colcon.colcon_core.shell:Creating environment descriptor '/home/aaron/ur_ws/install/moveit_resources_panda_description/share/moveit_resources_panda_description/hook/cmake_prefix_path.dsv'
[1.056s] INFO:colcon.colcon_core.shell:Creating environment hook '/home/aaron/ur_ws/install/moveit_resources_panda_description/share/moveit_resources_panda_description/hook/cmake_prefix_path.sh'
[1.056s] Level 1:colcon.colcon_core.environment:checking '/home/aaron/ur_ws/install/moveit_resources_panda_description/bin'
[1.056s] Level 1:colcon.colcon_core.environment:checking '/home/aaron/ur_ws/install/moveit_resources_panda_description/lib/pkgconfig/moveit_resources_panda_description.pc'
[1.056s] Level 1:colcon.colcon_core.environment:checking '/home/aaron/ur_ws/install/moveit_resources_panda_description/lib/python3.10/site-packages'
[1.057s] Level 1:colcon.colcon_core.environment:checking '/home/aaron/ur_ws/install/moveit_resources_panda_description/bin'
[1.057s] INFO:colcon.colcon_core.shell:Creating package script '/home/aaron/ur_ws/install/moveit_resources_panda_description/share/moveit_resources_panda_description/package.ps1'
[1.057s] INFO:colcon.colcon_core.shell:Creating package descriptor '/home/aaron/ur_ws/install/moveit_resources_panda_description/share/moveit_resources_panda_description/package.dsv'
[1.057s] INFO:colcon.colcon_core.shell:Creating package script '/home/aaron/ur_ws/install/moveit_resources_panda_description/share/moveit_resources_panda_description/package.sh'
[1.058s] INFO:colcon.colcon_core.shell:Creating package script '/home/aaron/ur_ws/install/moveit_resources_panda_description/share/moveit_resources_panda_description/package.bash'
[1.058s] INFO:colcon.colcon_core.shell:Creating package script '/home/aaron/ur_ws/install/moveit_resources_panda_description/share/moveit_resources_panda_description/package.zsh'
[1.058s] Level 1:colcon.colcon_core.environment:create_file_with_runtime_dependencies(/home/aaron/ur_ws/install/moveit_resources_panda_description/share/colcon-core/packages/moveit_resources_panda_description)
[1.058s] Level 1:colcon.colcon_core.environment:create_environment_scripts_only(moveit_resources_pr2_description)
[1.058s] Level 1:colcon.colcon_core.environment:checking '/home/aaron/ur_ws/install/moveit_resources_pr2_description' for CMake module files
[1.059s] Level 1:colcon.colcon_core.environment:checking '/home/aaron/ur_ws/install/moveit_resources_pr2_description' for CMake config files
[1.059s] DEBUG:colcon.colcon_core.event_handler.log_command:Invoked command in '/home/aaron/ur_ws/build/moveit_resources_pr2_description' returned '0': CMAKE_PREFIX_PATH=/opt/ros/humble /usr/bin/cmake --install /home/aaron/ur_ws/build/moveit_resources_pr2_description
[1.059s] Level 1:colcon.colcon_core.shell:create_environment_hook('moveit_resources_pr2_description', 'cmake_prefix_path')
[1.059s] INFO:colcon.colcon_core.shell:Creating environment hook '/home/aaron/ur_ws/install/moveit_resources_pr2_description/share/moveit_resources_pr2_description/hook/cmake_prefix_path.ps1'
[1.060s] INFO:colcon.colcon_core.shell:Creating environment descriptor '/home/aaron/ur_ws/install/moveit_resources_pr2_description/share/moveit_resources_pr2_description/hook/cmake_prefix_path.dsv'
[1.060s] INFO:colcon.colcon_core.shell:Creating environment hook '/home/aaron/ur_ws/install/moveit_resources_pr2_description/share/moveit_resources_pr2_description/hook/cmake_prefix_path.sh'
[1.060s] Level 1:colcon.colcon_core.environment:checking '/home/aaron/ur_ws/install/moveit_resources_pr2_description/bin'
[1.060s] Level 1:colcon.colcon_core.environment:checking '/home/aaron/ur_ws/install/moveit_resources_pr2_description/lib/pkgconfig/moveit_resources_pr2_description.pc'
[1.060s] Level 1:colcon.colcon_core.environment:checking '/home/aaron/ur_ws/install/moveit_resources_pr2_description/lib/python3.10/site-packages'
[1.061s] Level 1:colcon.colcon_core.environment:checking '/home/aaron/ur_ws/install/moveit_resources_pr2_description/bin'
[1.061s] INFO:colcon.colcon_core.shell:Creating package script '/home/aaron/ur_ws/install/moveit_resources_pr2_description/share/moveit_resources_pr2_description/package.ps1'
[1.061s] INFO:colcon.colcon_core.shell:Creating package descriptor '/home/aaron/ur_ws/install/moveit_resources_pr2_description/share/moveit_resources_pr2_description/package.dsv'
[1.061s] INFO:colcon.colcon_core.shell:Creating package script '/home/aaron/ur_ws/install/moveit_resources_pr2_description/share/moveit_resources_pr2_description/package.sh'
[1.062s] INFO:colcon.colcon_core.shell:Creating package script '/home/aaron/ur_ws/install/moveit_resources_pr2_description/share/moveit_resources_pr2_description/package.bash'
[1.062s] INFO:colcon.colcon_core.shell:Creating package script '/home/aaron/ur_ws/install/moveit_resources_pr2_description/share/moveit_resources_pr2_description/package.zsh'
[1.062s] Level 1:colcon.colcon_core.environment:create_file_with_runtime_dependencies(/home/aaron/ur_ws/install/moveit_resources_pr2_description/share/colcon-core/packages/moveit_resources_pr2_description)
[1.062s] Level 1:colcon.colcon_core.environment:create_environment_scripts_only(moveit_resources_pr2_description)
[1.062s] Level 1:colcon.colcon_core.environment:checking '/home/aaron/ur_ws/install/moveit_resources_pr2_description' for CMake module files
[1.063s] Level 1:colcon.colcon_core.environment:checking '/home/aaron/ur_ws/install/moveit_resources_pr2_description' for CMake config files
[1.063s] Level 1:colcon.colcon_core.shell:create_environment_hook('moveit_resources_pr2_description', 'cmake_prefix_path')
[1.063s] INFO:colcon.colcon_core.shell:Creating environment hook '/home/aaron/ur_ws/install/moveit_resources_pr2_description/share/moveit_resources_pr2_description/hook/cmake_prefix_path.ps1'
[1.063s] INFO:colcon.colcon_core.shell:Creating environment descriptor '/home/aaron/ur_ws/install/moveit_resources_pr2_description/share/moveit_resources_pr2_description/hook/cmake_prefix_path.dsv'
[1.063s] INFO:colcon.colcon_core.shell:Creating environment hook '/home/aaron/ur_ws/install/moveit_resources_pr2_description/share/moveit_resources_pr2_description/hook/cmake_prefix_path.sh'
[1.064s] Level 1:colcon.colcon_core.environment:checking '/home/aaron/ur_ws/install/moveit_resources_pr2_description/bin'
[1.064s] Level 1:colcon.colcon_core.environment:checking '/home/aaron/ur_ws/install/moveit_resources_pr2_description/lib/pkgconfig/moveit_resources_pr2_description.pc'
[1.064s] Level 1:colcon.colcon_core.environment:checking '/home/aaron/ur_ws/install/moveit_resources_pr2_description/lib/python3.10/site-packages'
[1.064s] Level 1:colcon.colcon_core.environment:checking '/home/aaron/ur_ws/install/moveit_resources_pr2_description/bin'
[1.064s] INFO:colcon.colcon_core.shell:Creating package script '/home/aaron/ur_ws/install/moveit_resources_pr2_description/share/moveit_resources_pr2_description/package.ps1'
[1.064s] INFO:colcon.colcon_core.shell:Creating package descriptor '/home/aaron/ur_ws/install/moveit_resources_pr2_description/share/moveit_resources_pr2_description/package.dsv'
[1.065s] INFO:colcon.colcon_core.shell:Creating package script '/home/aaron/ur_ws/install/moveit_resources_pr2_description/share/moveit_resources_pr2_description/package.sh'
[1.065s] INFO:colcon.colcon_core.shell:Creating package script '/home/aaron/ur_ws/install/moveit_resources_pr2_description/share/moveit_resources_pr2_description/package.bash'
[1.065s] INFO:colcon.colcon_core.shell:Creating package script '/home/aaron/ur_ws/install/moveit_resources_pr2_description/share/moveit_resources_pr2_description/package.zsh'
[1.065s] Level 1:colcon.colcon_core.environment:create_file_with_runtime_dependencies(/home/aaron/ur_ws/install/moveit_resources_pr2_description/share/colcon-core/packages/moveit_resources_pr2_description)
[1.066s] INFO:colcon.colcon_ros.task.ament_cmake.build:Building ROS package in '/home/aaron/ur_ws/src/moveit_resources/panda_moveit_config' with build type 'ament_cmake'
[1.066s] INFO:colcon.colcon_cmake.task.cmake.build:Building CMake package in '/home/aaron/ur_ws/src/moveit_resources/panda_moveit_config'
[1.066s] INFO:colcon.colcon_core.shell:Skip shell extension 'powershell' for command environment: Not usable outside of PowerShell
[1.066s] DEBUG:colcon.colcon_core.shell:Skip shell extension 'dsv' for command environment
[1.068s] INFO:colcon.colcon_ros.task.ament_cmake.build:Building ROS package in '/home/aaron/ur_ws/src/moveit_resources/fanuc_moveit_config' with build type 'ament_cmake'
[1.068s] INFO:colcon.colcon_cmake.task.cmake.build:Building CMake package in '/home/aaron/ur_ws/src/moveit_resources/fanuc_moveit_config'
[1.069s] INFO:colcon.colcon_core.shell:Skip shell extension 'powershell' for command environment: Not usable outside of PowerShell
[1.069s] DEBUG:colcon.colcon_core.shell:Skip shell extension 'dsv' for command environment
[1.071s] INFO:colcon.colcon_ros.task.ament_cmake.build:Building ROS package in '/home/aaron/ur_ws/src/moveit_task_constructor/rviz_marker_tools' with build type 'ament_cmake'
[1.071s] INFO:colcon.colcon_cmake.task.cmake.build:Building CMake package in '/home/aaron/ur_ws/src/moveit_task_constructor/rviz_marker_tools'
[1.071s] INFO:colcon.colcon_core.shell:Skip shell extension 'powershell' for command environment: Not usable outside of PowerShell
[1.071s] DEBUG:colcon.colcon_core.shell:Skip shell extension 'dsv' for command environment
[1.074s] Level 1:colcon.colcon_core.environment:create_environment_scripts_only(rosparam_shortcuts)
[1.074s] Level 1:colcon.colcon_core.environment:checking '/home/aaron/ur_ws/install/rosparam_shortcuts' for CMake module files
[1.074s] DEBUG:colcon.colcon_core.event_handler.log_command:Invoked command in '/home/aaron/ur_ws/build/rosparam_shortcuts' returned '0': CMAKE_PREFIX_PATH=/opt/ros/humble /usr/bin/cmake --install /home/aaron/ur_ws/build/rosparam_shortcuts
[1.075s] Level 1:colcon.colcon_core.environment:checking '/home/aaron/ur_ws/install/rosparam_shortcuts' for CMake config files
[1.075s] Level 1:colcon.colcon_core.shell:create_environment_hook('rosparam_shortcuts', 'cmake_prefix_path')
[1.075s] INFO:colcon.colcon_core.shell:Creating environment hook '/home/aaron/ur_ws/install/rosparam_shortcuts/share/rosparam_shortcuts/hook/cmake_prefix_path.ps1'
[1.075s] INFO:colcon.colcon_core.shell:Creating environment descriptor '/home/aaron/ur_ws/install/rosparam_shortcuts/share/rosparam_shortcuts/hook/cmake_prefix_path.dsv'
[1.076s] INFO:colcon.colcon_core.shell:Creating environment hook '/home/aaron/ur_ws/install/rosparam_shortcuts/share/rosparam_shortcuts/hook/cmake_prefix_path.sh'
[1.076s] Level 1:colcon.colcon_core.environment:checking '/home/aaron/ur_ws/install/rosparam_shortcuts/lib'
[1.076s] Level 1:colcon.colcon_core.shell:create_environment_hook('rosparam_shortcuts', 'ld_library_path_lib')
[1.076s] INFO:colcon.colcon_core.shell:Creating environment hook '/home/aaron/ur_ws/install/rosparam_shortcuts/share/rosparam_shortcuts/hook/ld_library_path_lib.ps1'
[1.076s] INFO:colcon.colcon_core.shell:Creating environment descriptor '/home/aaron/ur_ws/install/rosparam_shortcuts/share/rosparam_shortcuts/hook/ld_library_path_lib.dsv'
[1.077s] INFO:colcon.colcon_core.shell:Creating environment hook '/home/aaron/ur_ws/install/rosparam_shortcuts/share/rosparam_shortcuts/hook/ld_library_path_lib.sh'
[1.077s] Level 1:colcon.colcon_core.environment:checking '/home/aaron/ur_ws/install/rosparam_shortcuts/bin'
[1.077s] Level 1:colcon.colcon_core.environment:checking '/home/aaron/ur_ws/install/rosparam_shortcuts/lib/pkgconfig/rosparam_shortcuts.pc'
[1.077s] Level 1:colcon.colcon_core.environment:checking '/home/aaron/ur_ws/install/rosparam_shortcuts/lib/python3.10/site-packages'
[1.077s] Level 1:colcon.colcon_core.environment:checking '/home/aaron/ur_ws/install/rosparam_shortcuts/bin'
[1.077s] INFO:colcon.colcon_core.shell:Creating package script '/home/aaron/ur_ws/install/rosparam_shortcuts/share/rosparam_shortcuts/package.ps1'
[1.078s] INFO:colcon.colcon_core.shell:Creating package descriptor '/home/aaron/ur_ws/install/rosparam_shortcuts/share/rosparam_shortcuts/package.dsv'
[1.078s] INFO:colcon.colcon_core.shell:Creating package script '/home/aaron/ur_ws/install/rosparam_shortcuts/share/rosparam_shortcuts/package.sh'
[1.078s] INFO:colcon.colcon_core.shell:Creating package script '/home/aaron/ur_ws/install/rosparam_shortcuts/share/rosparam_shortcuts/package.bash'
[1.078s] INFO:colcon.colcon_core.shell:Creating package script '/home/aaron/ur_ws/install/rosparam_shortcuts/share/rosparam_shortcuts/package.zsh'
[1.079s] Level 1:colcon.colcon_core.environment:create_file_with_runtime_dependencies(/home/aaron/ur_ws/install/rosparam_shortcuts/share/colcon-core/packages/rosparam_shortcuts)
[1.079s] Level 1:colcon.colcon_core.environment:create_environment_scripts_only(rosparam_shortcuts)
[1.079s] Level 1:colcon.colcon_core.environment:checking '/home/aaron/ur_ws/install/rosparam_shortcuts' for CMake module files
[1.079s] Level 1:colcon.colcon_core.environment:checking '/home/aaron/ur_ws/install/rosparam_shortcuts' for CMake config files
[1.079s] Level 1:colcon.colcon_core.shell:create_environment_hook('rosparam_shortcuts', 'cmake_prefix_path')
[1.080s] INFO:colcon.colcon_core.shell:Creating environment hook '/home/aaron/ur_ws/install/rosparam_shortcuts/share/rosparam_shortcuts/hook/cmake_prefix_path.ps1'
[1.080s] INFO:colcon.colcon_core.shell:Creating environment descriptor '/home/aaron/ur_ws/install/rosparam_shortcuts/share/rosparam_shortcuts/hook/cmake_prefix_path.dsv'
[1.080s] INFO:colcon.colcon_core.shell:Creating environment hook '/home/aaron/ur_ws/install/rosparam_shortcuts/share/rosparam_shortcuts/hook/cmake_prefix_path.sh'
[1.080s] Level 1:colcon.colcon_core.environment:checking '/home/aaron/ur_ws/install/rosparam_shortcuts/lib'
[1.080s] Level 1:colcon.colcon_core.shell:create_environment_hook('rosparam_shortcuts', 'ld_library_path_lib')
[1.080s] INFO:colcon.colcon_core.shell:Creating environment hook '/home/aaron/ur_ws/install/rosparam_shortcuts/share/rosparam_shortcuts/hook/ld_library_path_lib.ps1'
[1.081s] INFO:colcon.colcon_core.shell:Creating environment descriptor '/home/aaron/ur_ws/install/rosparam_shortcuts/share/rosparam_shortcuts/hook/ld_library_path_lib.dsv'
[1.081s] INFO:colcon.colcon_core.shell:Creating environment hook '/home/aaron/ur_ws/install/rosparam_shortcuts/share/rosparam_shortcuts/hook/ld_library_path_lib.sh'
[1.081s] Level 1:colcon.colcon_core.environment:checking '/home/aaron/ur_ws/install/rosparam_shortcuts/bin'
[1.081s] Level 1:colcon.colcon_core.environment:checking '/home/aaron/ur_ws/install/rosparam_shortcuts/lib/pkgconfig/rosparam_shortcuts.pc'
[1.081s] Level 1:colcon.colcon_core.environment:checking '/home/aaron/ur_ws/install/rosparam_shortcuts/lib/python3.10/site-packages'
[1.081s] Level 1:colcon.colcon_core.environment:checking '/home/aaron/ur_ws/install/rosparam_shortcuts/bin'
[1.082s] INFO:colcon.colcon_core.shell:Creating package script '/home/aaron/ur_ws/install/rosparam_shortcuts/share/rosparam_shortcuts/package.ps1'
[1.082s] INFO:colcon.colcon_core.shell:Creating package descriptor '/home/aaron/ur_ws/install/rosparam_shortcuts/share/rosparam_shortcuts/package.dsv'
[1.082s] INFO:colcon.colcon_core.shell:Creating package script '/home/aaron/ur_ws/install/rosparam_shortcuts/share/rosparam_shortcuts/package.sh'
[1.082s] INFO:colcon.colcon_core.shell:Creating package script '/home/aaron/ur_ws/install/rosparam_shortcuts/share/rosparam_shortcuts/package.bash'
[1.083s] INFO:colcon.colcon_core.shell:Creating package script '/home/aaron/ur_ws/install/rosparam_shortcuts/share/rosparam_shortcuts/package.zsh'
[1.083s] Level 1:colcon.colcon_core.environment:create_file_with_runtime_dependencies(/home/aaron/ur_ws/install/rosparam_shortcuts/share/colcon-core/packages/rosparam_shortcuts)
[1.083s] Level 1:colcon.colcon_core.environment:create_environment_scripts_only(moveit_task_constructor_msgs)
[1.083s] Level 1:colcon.colcon_core.environment:checking '/home/aaron/ur_ws/install/moveit_task_constructor_msgs' for CMake module files
[1.084s] DEBUG:colcon.colcon_core.event_handler.log_command:Invoked command in '/home/aaron/ur_ws/build/moveit_task_constructor_msgs' returned '0': CMAKE_PREFIX_PATH=/opt/ros/humble /usr/bin/cmake --install /home/aaron/ur_ws/build/moveit_task_constructor_msgs
[1.084s] Level 1:colcon.colcon_core.environment:checking '/home/aaron/ur_ws/install/moveit_task_constructor_msgs' for CMake config files
[1.084s] Level 1:colcon.colcon_core.shell:create_environment_hook('moveit_task_constructor_msgs', 'cmake_prefix_path')
[1.084s] INFO:colcon.colcon_core.shell:Creating environment hook '/home/aaron/ur_ws/install/moveit_task_constructor_msgs/share/moveit_task_constructor_msgs/hook/cmake_prefix_path.ps1'
[1.085s] INFO:colcon.colcon_core.shell:Creating environment descriptor '/home/aaron/ur_ws/install/moveit_task_constructor_msgs/share/moveit_task_constructor_msgs/hook/cmake_prefix_path.dsv'
[1.085s] INFO:colcon.colcon_core.shell:Creating environment hook '/home/aaron/ur_ws/install/moveit_task_constructor_msgs/share/moveit_task_constructor_msgs/hook/cmake_prefix_path.sh'
[1.085s] Level 1:colcon.colcon_core.environment:checking '/home/aaron/ur_ws/install/moveit_task_constructor_msgs/lib'
[1.085s] Level 1:colcon.colcon_core.shell:create_environment_hook('moveit_task_constructor_msgs', 'ld_library_path_lib')
[1.085s] INFO:colcon.colcon_core.shell:Creating environment hook '/home/aaron/ur_ws/install/moveit_task_constructor_msgs/share/moveit_task_constructor_msgs/hook/ld_library_path_lib.ps1'
[1.086s] INFO:colcon.colcon_core.shell:Creating environment descriptor '/home/aaron/ur_ws/install/moveit_task_constructor_msgs/share/moveit_task_constructor_msgs/hook/ld_library_path_lib.dsv'
[1.086s] INFO:colcon.colcon_core.shell:Creating environment hook '/home/aaron/ur_ws/install/moveit_task_constructor_msgs/share/moveit_task_constructor_msgs/hook/ld_library_path_lib.sh'
[1.086s] Level 1:colcon.colcon_core.environment:checking '/home/aaron/ur_ws/install/moveit_task_constructor_msgs/bin'
[1.086s] Level 1:colcon.colcon_core.environment:checking '/home/aaron/ur_ws/install/moveit_task_constructor_msgs/lib/pkgconfig/moveit_task_constructor_msgs.pc'
[1.086s] Level 1:colcon.colcon_core.environment:checking '/home/aaron/ur_ws/install/moveit_task_constructor_msgs/lib/python3.10/site-packages'
[1.086s] Level 1:colcon.colcon_core.environment:checking '/home/aaron/ur_ws/install/moveit_task_constructor_msgs/bin'
[1.087s] INFO:colcon.colcon_core.shell:Creating package script '/home/aaron/ur_ws/install/moveit_task_constructor_msgs/share/moveit_task_constructor_msgs/package.ps1'
[1.087s] INFO:colcon.colcon_core.shell:Creating package descriptor '/home/aaron/ur_ws/install/moveit_task_constructor_msgs/share/moveit_task_constructor_msgs/package.dsv'
[1.087s] INFO:colcon.colcon_core.shell:Creating package script '/home/aaron/ur_ws/install/moveit_task_constructor_msgs/share/moveit_task_constructor_msgs/package.sh'
[1.088s] INFO:colcon.colcon_core.shell:Creating package script '/home/aaron/ur_ws/install/moveit_task_constructor_msgs/share/moveit_task_constructor_msgs/package.bash'
[1.088s] INFO:colcon.colcon_core.shell:Creating package script '/home/aaron/ur_ws/install/moveit_task_constructor_msgs/share/moveit_task_constructor_msgs/package.zsh'
[1.088s] Level 1:colcon.colcon_core.environment:create_file_with_runtime_dependencies(/home/aaron/ur_ws/install/moveit_task_constructor_msgs/share/colcon-core/packages/moveit_task_constructor_msgs)
[1.088s] Level 1:colcon.colcon_core.environment:create_environment_scripts_only(moveit_task_constructor_msgs)
[1.088s] Level 1:colcon.colcon_core.environment:checking '/home/aaron/ur_ws/install/moveit_task_constructor_msgs' for CMake module files
[1.089s] Level 1:colcon.colcon_core.environment:checking '/home/aaron/ur_ws/install/moveit_task_constructor_msgs' for CMake config files
[1.089s] Level 1:colcon.colcon_core.shell:create_environment_hook('moveit_task_constructor_msgs', 'cmake_prefix_path')
[1.089s] INFO:colcon.colcon_core.shell:Creating environment hook '/home/aaron/ur_ws/install/moveit_task_constructor_msgs/share/moveit_task_constructor_msgs/hook/cmake_prefix_path.ps1'
[1.089s] INFO:colcon.colcon_core.shell:Creating environment descriptor '/home/aaron/ur_ws/install/moveit_task_constructor_msgs/share/moveit_task_constructor_msgs/hook/cmake_prefix_path.dsv'
[1.089s] INFO:colcon.colcon_core.shell:Creating environment hook '/home/aaron/ur_ws/install/moveit_task_constructor_msgs/share/moveit_task_constructor_msgs/hook/cmake_prefix_path.sh'
[1.090s] Level 1:colcon.colcon_core.environment:checking '/home/aaron/ur_ws/install/moveit_task_constructor_msgs/lib'
[1.090s] Level 1:colcon.colcon_core.shell:create_environment_hook('moveit_task_constructor_msgs', 'ld_library_path_lib')
[1.090s] INFO:colcon.colcon_core.shell:Creating environment hook '/home/aaron/ur_ws/install/moveit_task_constructor_msgs/share/moveit_task_constructor_msgs/hook/ld_library_path_lib.ps1'
[1.090s] INFO:colcon.colcon_core.shell:Creating environment descriptor '/home/aaron/ur_ws/install/moveit_task_constructor_msgs/share/moveit_task_constructor_msgs/hook/ld_library_path_lib.dsv'
[1.090s] INFO:colcon.colcon_core.shell:Creating environment hook '/home/aaron/ur_ws/install/moveit_task_constructor_msgs/share/moveit_task_constructor_msgs/hook/ld_library_path_lib.sh'
[1.091s] Level 1:colcon.colcon_core.environment:checking '/home/aaron/ur_ws/install/moveit_task_constructor_msgs/bin'
[1.091s] Level 1:colcon.colcon_core.environment:checking '/home/aaron/ur_ws/install/moveit_task_constructor_msgs/lib/pkgconfig/moveit_task_constructor_msgs.pc'
[1.091s] Level 1:colcon.colcon_core.environment:checking '/home/aaron/ur_ws/install/moveit_task_constructor_msgs/lib/python3.10/site-packages'
[1.091s] Level 1:colcon.colcon_core.environment:checking '/home/aaron/ur_ws/install/moveit_task_constructor_msgs/bin'
[1.091s] INFO:colcon.colcon_core.shell:Creating package script '/home/aaron/ur_ws/install/moveit_task_constructor_msgs/share/moveit_task_constructor_msgs/package.ps1'
[1.092s] INFO:colcon.colcon_core.shell:Creating package descriptor '/home/aaron/ur_ws/install/moveit_task_constructor_msgs/share/moveit_task_constructor_msgs/package.dsv'
[1.092s] INFO:colcon.colcon_core.shell:Creating package script '/home/aaron/ur_ws/install/moveit_task_constructor_msgs/share/moveit_task_constructor_msgs/package.sh'
[1.092s] INFO:colcon.colcon_core.shell:Creating package script '/home/aaron/ur_ws/install/moveit_task_constructor_msgs/share/moveit_task_constructor_msgs/package.bash'
[1.093s] INFO:colcon.colcon_core.shell:Creating package script '/home/aaron/ur_ws/install/moveit_task_constructor_msgs/share/moveit_task_constructor_msgs/package.zsh'
[1.093s] Level 1:colcon.colcon_core.environment:create_file_with_runtime_dependencies(/home/aaron/ur_ws/install/moveit_task_constructor_msgs/share/colcon-core/packages/moveit_task_constructor_msgs)
[1.093s] Level 1:colcon.colcon_core.environment:create_environment_scripts_only(srdfdom)
[1.093s] Level 1:colcon.colcon_core.environment:checking '/home/aaron/ur_ws/install/srdfdom' for CMake module files
[1.094s] DEBUG:colcon.colcon_core.event_handler.log_command:Invoked command in '/home/aaron/ur_ws/build/srdfdom' returned '0': CMAKE_PREFIX_PATH=/opt/ros/humble /usr/bin/cmake --install /home/aaron/ur_ws/build/srdfdom
[1.094s] Level 1:colcon.colcon_core.environment:checking '/home/aaron/ur_ws/install/srdfdom' for CMake config files
[1.094s] Level 1:colcon.colcon_core.shell:create_environment_hook('srdfdom', 'cmake_prefix_path')
[1.094s] INFO:colcon.colcon_core.shell:Creating environment hook '/home/aaron/ur_ws/install/srdfdom/share/srdfdom/hook/cmake_prefix_path.ps1'
[1.094s] INFO:colcon.colcon_core.shell:Creating environment descriptor '/home/aaron/ur_ws/install/srdfdom/share/srdfdom/hook/cmake_prefix_path.dsv'
[1.095s] INFO:colcon.colcon_core.shell:Creating environment hook '/home/aaron/ur_ws/install/srdfdom/share/srdfdom/hook/cmake_prefix_path.sh'
[1.095s] Level 1:colcon.colcon_core.environment:checking '/home/aaron/ur_ws/install/srdfdom/lib'
[1.095s] Level 1:colcon.colcon_core.shell:create_environment_hook('srdfdom', 'ld_library_path_lib')
[1.095s] INFO:colcon.colcon_core.shell:Creating environment hook '/home/aaron/ur_ws/install/srdfdom/share/srdfdom/hook/ld_library_path_lib.ps1'
[1.095s] INFO:colcon.colcon_core.shell:Creating environment descriptor '/home/aaron/ur_ws/install/srdfdom/share/srdfdom/hook/ld_library_path_lib.dsv'
[1.096s] INFO:colcon.colcon_core.shell:Creating environment hook '/home/aaron/ur_ws/install/srdfdom/share/srdfdom/hook/ld_library_path_lib.sh'
[1.096s] Level 1:colcon.colcon_core.environment:checking '/home/aaron/ur_ws/install/srdfdom/bin'
[1.096s] Level 1:colcon.colcon_core.environment:checking '/home/aaron/ur_ws/install/srdfdom/lib/pkgconfig/srdfdom.pc'
[1.096s] Level 1:colcon.colcon_core.environment:checking '/home/aaron/ur_ws/install/srdfdom/lib/python3.10/site-packages'
[1.096s] Level 1:colcon.colcon_core.environment:checking '/home/aaron/ur_ws/install/srdfdom/bin'
[1.097s] INFO:colcon.colcon_core.shell:Creating package script '/home/aaron/ur_ws/install/srdfdom/share/srdfdom/package.ps1'
[1.097s] INFO:colcon.colcon_core.shell:Creating package descriptor '/home/aaron/ur_ws/install/srdfdom/share/srdfdom/package.dsv'
[1.097s] INFO:colcon.colcon_core.shell:Creating package script '/home/aaron/ur_ws/install/srdfdom/share/srdfdom/package.sh'
[1.097s] INFO:colcon.colcon_core.shell:Creating package script '/home/aaron/ur_ws/install/srdfdom/share/srdfdom/package.bash'
[1.098s] INFO:colcon.colcon_core.shell:Creating package script '/home/aaron/ur_ws/install/srdfdom/share/srdfdom/package.zsh'
[1.098s] Level 1:colcon.colcon_core.environment:create_file_with_runtime_dependencies(/home/aaron/ur_ws/install/srdfdom/share/colcon-core/packages/srdfdom)
[1.098s] Level 1:colcon.colcon_core.environment:create_environment_scripts_only(srdfdom)
[1.098s] Level 1:colcon.colcon_core.environment:checking '/home/aaron/ur_ws/install/srdfdom' for CMake module files
[1.099s] Level 1:colcon.colcon_core.environment:checking '/home/aaron/ur_ws/install/srdfdom' for CMake config files
[1.099s] Level 1:colcon.colcon_core.shell:create_environment_hook('srdfdom', 'cmake_prefix_path')
[1.099s] INFO:colcon.colcon_core.shell:Creating environment hook '/home/aaron/ur_ws/install/srdfdom/share/srdfdom/hook/cmake_prefix_path.ps1'
[1.099s] INFO:colcon.colcon_core.shell:Creating environment descriptor '/home/aaron/ur_ws/install/srdfdom/share/srdfdom/hook/cmake_prefix_path.dsv'
[1.099s] INFO:colcon.colcon_core.shell:Creating environment hook '/home/aaron/ur_ws/install/srdfdom/share/srdfdom/hook/cmake_prefix_path.sh'
[1.100s] Level 1:colcon.colcon_core.environment:checking '/home/aaron/ur_ws/install/srdfdom/lib'
[1.100s] Level 1:colcon.colcon_core.shell:create_environment_hook('srdfdom', 'ld_library_path_lib')
[1.100s] INFO:colcon.colcon_core.shell:Creating environment hook '/home/aaron/ur_ws/install/srdfdom/share/srdfdom/hook/ld_library_path_lib.ps1'
[1.100s] INFO:colcon.colcon_core.shell:Creating environment descriptor '/home/aaron/ur_ws/install/srdfdom/share/srdfdom/hook/ld_library_path_lib.dsv'
[1.100s] INFO:colcon.colcon_core.shell:Creating environment hook '/home/aaron/ur_ws/install/srdfdom/share/srdfdom/hook/ld_library_path_lib.sh'
[1.101s] Level 1:colcon.colcon_core.environment:checking '/home/aaron/ur_ws/install/srdfdom/bin'
[1.101s] Level 1:colcon.colcon_core.environment:checking '/home/aaron/ur_ws/install/srdfdom/lib/pkgconfig/srdfdom.pc'
[1.101s] Level 1:colcon.colcon_core.environment:checking '/home/aaron/ur_ws/install/srdfdom/lib/python3.10/site-packages'
[1.101s] Level 1:colcon.colcon_core.environment:checking '/home/aaron/ur_ws/install/srdfdom/bin'
[1.101s] INFO:colcon.colcon_core.shell:Creating package script '/home/aaron/ur_ws/install/srdfdom/share/srdfdom/package.ps1'
[1.102s] INFO:colcon.colcon_core.shell:Creating package descriptor '/home/aaron/ur_ws/install/srdfdom/share/srdfdom/package.dsv'
[1.102s] INFO:colcon.colcon_core.shell:Creating package script '/home/aaron/ur_ws/install/srdfdom/share/srdfdom/package.sh'
[1.102s] INFO:colcon.colcon_core.shell:Creating package script '/home/aaron/ur_ws/install/srdfdom/share/srdfdom/package.bash'
[1.102s] INFO:colcon.colcon_core.shell:Creating package script '/home/aaron/ur_ws/install/srdfdom/share/srdfdom/package.zsh'
[1.103s] Level 1:colcon.colcon_core.environment:create_file_with_runtime_dependencies(/home/aaron/ur_ws/install/srdfdom/share/colcon-core/packages/srdfdom)
[1.106s] DEBUG:colcon.colcon_core.event_handler.log_command:Invoking command in '/home/aaron/ur_ws/build/moveit_resources_panda_moveit_config': AMENT_PREFIX_PATH=/home/aaron/ur_ws/install/moveit_resources_panda_description:${AMENT_PREFIX_PATH} CMAKE_PREFIX_PATH=/home/aaron/ur_ws/install/moveit_resources_panda_description:/opt/ros/humble /usr/bin/cmake --build /home/aaron/ur_ws/build/moveit_resources_panda_moveit_config -- -j20 -l20
[1.107s] DEBUG:colcon.colcon_core.event_handler.log_command:Invoking command in '/home/aaron/ur_ws/build/moveit_resources_fanuc_moveit_config': AMENT_PREFIX_PATH=/home/aaron/ur_ws/install/moveit_resources_fanuc_description:${AMENT_PREFIX_PATH} CMAKE_PREFIX_PATH=/home/aaron/ur_ws/install/moveit_resources_fanuc_description:/opt/ros/humble /usr/bin/cmake --build /home/aaron/ur_ws/build/moveit_resources_fanuc_moveit_config -- -j20 -l20
[1.109s] DEBUG:colcon.colcon_core.event_handler.log_command:Invoking command in '/home/aaron/ur_ws/build/rviz_marker_tools': AMENT_PREFIX_PATH=/home/aaron/ur_ws/install/moveit_common:${AMENT_PREFIX_PATH} CMAKE_PREFIX_PATH=/home/aaron/ur_ws/install/moveit_common:/opt/ros/humble /usr/bin/cmake --build /home/aaron/ur_ws/build/rviz_marker_tools -- -j20 -l20
[1.134s] DEBUG:colcon.colcon_core.event_handler.log_command:Invoked command in '/home/aaron/ur_ws/build/moveit_resources_panda_moveit_config' returned '0': AMENT_PREFIX_PATH=/home/aaron/ur_ws/install/moveit_resources_panda_description:${AMENT_PREFIX_PATH} CMAKE_PREFIX_PATH=/home/aaron/ur_ws/install/moveit_resources_panda_description:/opt/ros/humble /usr/bin/cmake --build /home/aaron/ur_ws/build/moveit_resources_panda_moveit_config -- -j20 -l20
[1.136s] DEBUG:colcon.colcon_core.event_handler.log_command:Invoking command in '/home/aaron/ur_ws/build/moveit_resources_panda_moveit_config': AMENT_PREFIX_PATH=/home/aaron/ur_ws/install/moveit_resources_panda_description:${AMENT_PREFIX_PATH} CMAKE_PREFIX_PATH=/home/aaron/ur_ws/install/moveit_resources_panda_description:/opt/ros/humble /usr/bin/cmake --install /home/aaron/ur_ws/build/moveit_resources_panda_moveit_config
[1.140s] DEBUG:colcon.colcon_core.event_handler.log_command:Invoked command in '/home/aaron/ur_ws/build/moveit_resources_fanuc_moveit_config' returned '0': AMENT_PREFIX_PATH=/home/aaron/ur_ws/install/moveit_resources_fanuc_description:${AMENT_PREFIX_PATH} CMAKE_PREFIX_PATH=/home/aaron/ur_ws/install/moveit_resources_fanuc_description:/opt/ros/humble /usr/bin/cmake --build /home/aaron/ur_ws/build/moveit_resources_fanuc_moveit_config -- -j20 -l20
[1.142s] DEBUG:colcon.colcon_core.event_handler.log_command:Invoking command in '/home/aaron/ur_ws/build/moveit_resources_fanuc_moveit_config': AMENT_PREFIX_PATH=/home/aaron/ur_ws/install/moveit_resources_fanuc_description:${AMENT_PREFIX_PATH} CMAKE_PREFIX_PATH=/home/aaron/ur_ws/install/moveit_resources_fanuc_description:/opt/ros/humble /usr/bin/cmake --install /home/aaron/ur_ws/build/moveit_resources_fanuc_moveit_config
[1.146s] Level 1:colcon.colcon_core.environment:create_environment_scripts_only(moveit_resources_panda_moveit_config)
[1.146s] Level 1:colcon.colcon_core.environment:checking '/home/aaron/ur_ws/install/moveit_resources_panda_moveit_config' for CMake module files
[1.149s] DEBUG:colcon.colcon_core.event_handler.log_command:Invoked command in '/home/aaron/ur_ws/build/moveit_resources_panda_moveit_config' returned '0': AMENT_PREFIX_PATH=/home/aaron/ur_ws/install/moveit_resources_panda_description:${AMENT_PREFIX_PATH} CMAKE_PREFIX_PATH=/home/aaron/ur_ws/install/moveit_resources_panda_description:/opt/ros/humble /usr/bin/cmake --install /home/aaron/ur_ws/build/moveit_resources_panda_moveit_config
[1.149s] Level 1:colcon.colcon_core.environment:checking '/home/aaron/ur_ws/install/moveit_resources_panda_moveit_config' for CMake config files
[1.151s] Level 1:colcon.colcon_core.shell:create_environment_hook('moveit_resources_panda_moveit_config', 'cmake_prefix_path')
[1.151s] INFO:colcon.colcon_core.shell:Creating environment hook '/home/aaron/ur_ws/install/moveit_resources_panda_moveit_config/share/moveit_resources_panda_moveit_config/hook/cmake_prefix_path.ps1'
[1.151s] INFO:colcon.colcon_core.shell:Creating environment descriptor '/home/aaron/ur_ws/install/moveit_resources_panda_moveit_config/share/moveit_resources_panda_moveit_config/hook/cmake_prefix_path.dsv'
[1.152s] INFO:colcon.colcon_core.shell:Creating environment hook '/home/aaron/ur_ws/install/moveit_resources_panda_moveit_config/share/moveit_resources_panda_moveit_config/hook/cmake_prefix_path.sh'
[1.152s] Level 1:colcon.colcon_core.environment:checking '/home/aaron/ur_ws/install/moveit_resources_panda_moveit_config/bin'
[1.152s] Level 1:colcon.colcon_core.environment:checking '/home/aaron/ur_ws/install/moveit_resources_panda_moveit_config/lib/pkgconfig/moveit_resources_panda_moveit_config.pc'
[1.153s] Level 1:colcon.colcon_core.environment:checking '/home/aaron/ur_ws/install/moveit_resources_panda_moveit_config/lib/python3.10/site-packages'
[1.153s] Level 1:colcon.colcon_core.environment:checking '/home/aaron/ur_ws/install/moveit_resources_panda_moveit_config/bin'
[1.153s] INFO:colcon.colcon_core.shell:Creating package script '/home/aaron/ur_ws/install/moveit_resources_panda_moveit_config/share/moveit_resources_panda_moveit_config/package.ps1'
[1.154s] INFO:colcon.colcon_core.shell:Creating package descriptor '/home/aaron/ur_ws/install/moveit_resources_panda_moveit_config/share/moveit_resources_panda_moveit_config/package.dsv'
[1.154s] INFO:colcon.colcon_core.shell:Creating package script '/home/aaron/ur_ws/install/moveit_resources_panda_moveit_config/share/moveit_resources_panda_moveit_config/package.sh'
[1.155s] INFO:colcon.colcon_core.shell:Creating package script '/home/aaron/ur_ws/install/moveit_resources_panda_moveit_config/share/moveit_resources_panda_moveit_config/package.bash'
[1.155s] INFO:colcon.colcon_core.shell:Creating package script '/home/aaron/ur_ws/install/moveit_resources_panda_moveit_config/share/moveit_resources_panda_moveit_config/package.zsh'
[1.155s] Level 1:colcon.colcon_core.environment:create_file_with_runtime_dependencies(/home/aaron/ur_ws/install/moveit_resources_panda_moveit_config/share/colcon-core/packages/moveit_resources_panda_moveit_config)
[1.155s] Level 1:colcon.colcon_core.environment:create_environment_scripts_only(moveit_resources_panda_moveit_config)
[1.155s] Level 1:colcon.colcon_core.environment:checking '/home/aaron/ur_ws/install/moveit_resources_panda_moveit_config' for CMake module files
[1.156s] Level 1:colcon.colcon_core.environment:checking '/home/aaron/ur_ws/install/moveit_resources_panda_moveit_config' for CMake config files
[1.156s] Level 1:colcon.colcon_core.shell:create_environment_hook('moveit_resources_panda_moveit_config', 'cmake_prefix_path')
[1.156s] INFO:colcon.colcon_core.shell:Creating environment hook '/home/aaron/ur_ws/install/moveit_resources_panda_moveit_config/share/moveit_resources_panda_moveit_config/hook/cmake_prefix_path.ps1'
[1.156s] INFO:colcon.colcon_core.shell:Creating environment descriptor '/home/aaron/ur_ws/install/moveit_resources_panda_moveit_config/share/moveit_resources_panda_moveit_config/hook/cmake_prefix_path.dsv'
[1.156s] INFO:colcon.colcon_core.shell:Creating environment hook '/home/aaron/ur_ws/install/moveit_resources_panda_moveit_config/share/moveit_resources_panda_moveit_config/hook/cmake_prefix_path.sh'
[1.157s] Level 1:colcon.colcon_core.environment:checking '/home/aaron/ur_ws/install/moveit_resources_panda_moveit_config/bin'
[1.157s] Level 1:colcon.colcon_core.environment:checking '/home/aaron/ur_ws/install/moveit_resources_panda_moveit_config/lib/pkgconfig/moveit_resources_panda_moveit_config.pc'
[1.157s] Level 1:colcon.colcon_core.environment:checking '/home/aaron/ur_ws/install/moveit_resources_panda_moveit_config/lib/python3.10/site-packages'
[1.157s] Level 1:colcon.colcon_core.environment:checking '/home/aaron/ur_ws/install/moveit_resources_panda_moveit_config/bin'
[1.157s] INFO:colcon.colcon_core.shell:Creating package script '/home/aaron/ur_ws/install/moveit_resources_panda_moveit_config/share/moveit_resources_panda_moveit_config/package.ps1'
[1.158s] INFO:colcon.colcon_core.shell:Creating package descriptor '/home/aaron/ur_ws/install/moveit_resources_panda_moveit_config/share/moveit_resources_panda_moveit_config/package.dsv'
[1.158s] INFO:colcon.colcon_core.shell:Creating package script '/home/aaron/ur_ws/install/moveit_resources_panda_moveit_config/share/moveit_resources_panda_moveit_config/package.sh'
[1.158s] INFO:colcon.colcon_core.shell:Creating package script '/home/aaron/ur_ws/install/moveit_resources_panda_moveit_config/share/moveit_resources_panda_moveit_config/package.bash'
[1.158s] INFO:colcon.colcon_core.shell:Creating package script '/home/aaron/ur_ws/install/moveit_resources_panda_moveit_config/share/moveit_resources_panda_moveit_config/package.zsh'
[1.158s] Level 1:colcon.colcon_core.environment:create_file_with_runtime_dependencies(/home/aaron/ur_ws/install/moveit_resources_panda_moveit_config/share/colcon-core/packages/moveit_resources_panda_moveit_config)
[1.159s] INFO:colcon.colcon_ros.task.ament_cmake.build:Building ROS package in '/home/aaron/ur_ws/src/moveit2/moveit_core' with build type 'ament_cmake'
[1.159s] INFO:colcon.colcon_cmake.task.cmake.build:Building CMake package in '/home/aaron/ur_ws/src/moveit2/moveit_core'
[1.159s] INFO:colcon.colcon_core.shell:Skip shell extension 'powershell' for command environment: Not usable outside of PowerShell
[1.159s] DEBUG:colcon.colcon_core.shell:Skip shell extension 'dsv' for command environment
[1.162s] Level 1:colcon.colcon_core.environment:create_environment_scripts_only(moveit_resources_fanuc_moveit_config)
[1.163s] Level 1:colcon.colcon_core.environment:checking '/home/aaron/ur_ws/install/moveit_resources_fanuc_moveit_config' for CMake module files
[1.163s] DEBUG:colcon.colcon_core.event_handler.log_command:Invoked command in '/home/aaron/ur_ws/build/moveit_resources_fanuc_moveit_config' returned '0': AMENT_PREFIX_PATH=/home/aaron/ur_ws/install/moveit_resources_fanuc_description:${AMENT_PREFIX_PATH} CMAKE_PREFIX_PATH=/home/aaron/ur_ws/install/moveit_resources_fanuc_description:/opt/ros/humble /usr/bin/cmake --install /home/aaron/ur_ws/build/moveit_resources_fanuc_moveit_config
[1.163s] Level 1:colcon.colcon_core.environment:checking '/home/aaron/ur_ws/install/moveit_resources_fanuc_moveit_config' for CMake config files
[1.163s] Level 1:colcon.colcon_core.shell:create_environment_hook('moveit_resources_fanuc_moveit_config', 'cmake_prefix_path')
[1.164s] INFO:colcon.colcon_core.shell:Creating environment hook '/home/aaron/ur_ws/install/moveit_resources_fanuc_moveit_config/share/moveit_resources_fanuc_moveit_config/hook/cmake_prefix_path.ps1'
[1.164s] INFO:colcon.colcon_core.shell:Creating environment descriptor '/home/aaron/ur_ws/install/moveit_resources_fanuc_moveit_config/share/moveit_resources_fanuc_moveit_config/hook/cmake_prefix_path.dsv'
[1.164s] INFO:colcon.colcon_core.shell:Creating environment hook '/home/aaron/ur_ws/install/moveit_resources_fanuc_moveit_config/share/moveit_resources_fanuc_moveit_config/hook/cmake_prefix_path.sh'
[1.164s] Level 1:colcon.colcon_core.environment:checking '/home/aaron/ur_ws/install/moveit_resources_fanuc_moveit_config/bin'
[1.164s] Level 1:colcon.colcon_core.environment:checking '/home/aaron/ur_ws/install/moveit_resources_fanuc_moveit_config/lib/pkgconfig/moveit_resources_fanuc_moveit_config.pc'
[1.165s] Level 1:colcon.colcon_core.environment:checking '/home/aaron/ur_ws/install/moveit_resources_fanuc_moveit_config/lib/python3.10/site-packages'
[1.165s] Level 1:colcon.colcon_core.environment:checking '/home/aaron/ur_ws/install/moveit_resources_fanuc_moveit_config/bin'
[1.165s] INFO:colcon.colcon_core.shell:Creating package script '/home/aaron/ur_ws/install/moveit_resources_fanuc_moveit_config/share/moveit_resources_fanuc_moveit_config/package.ps1'
[1.165s] INFO:colcon.colcon_core.shell:Creating package descriptor '/home/aaron/ur_ws/install/moveit_resources_fanuc_moveit_config/share/moveit_resources_fanuc_moveit_config/package.dsv'
[1.165s] INFO:colcon.colcon_core.shell:Creating package script '/home/aaron/ur_ws/install/moveit_resources_fanuc_moveit_config/share/moveit_resources_fanuc_moveit_config/package.sh'
[1.166s] INFO:colcon.colcon_core.shell:Creating package script '/home/aaron/ur_ws/install/moveit_resources_fanuc_moveit_config/share/moveit_resources_fanuc_moveit_config/package.bash'
[1.166s] INFO:colcon.colcon_core.shell:Creating package script '/home/aaron/ur_ws/install/moveit_resources_fanuc_moveit_config/share/moveit_resources_fanuc_moveit_config/package.zsh'
[1.166s] Level 1:colcon.colcon_core.environment:create_file_with_runtime_dependencies(/home/aaron/ur_ws/install/moveit_resources_fanuc_moveit_config/share/colcon-core/packages/moveit_resources_fanuc_moveit_config)
[1.166s] Level 1:colcon.colcon_core.environment:create_environment_scripts_only(moveit_resources_fanuc_moveit_config)
[1.166s] Level 1:colcon.colcon_core.environment:checking '/home/aaron/ur_ws/install/moveit_resources_fanuc_moveit_config' for CMake module files
[1.167s] Level 1:colcon.colcon_core.environment:checking '/home/aaron/ur_ws/install/moveit_resources_fanuc_moveit_config' for CMake config files
[1.167s] Level 1:colcon.colcon_core.shell:create_environment_hook('moveit_resources_fanuc_moveit_config', 'cmake_prefix_path')
[1.167s] INFO:colcon.colcon_core.shell:Creating environment hook '/home/aaron/ur_ws/install/moveit_resources_fanuc_moveit_config/share/moveit_resources_fanuc_moveit_config/hook/cmake_prefix_path.ps1'
[1.167s] INFO:colcon.colcon_core.shell:Creating environment descriptor '/home/aaron/ur_ws/install/moveit_resources_fanuc_moveit_config/share/moveit_resources_fanuc_moveit_config/hook/cmake_prefix_path.dsv'
[1.167s] INFO:colcon.colcon_core.shell:Creating environment hook '/home/aaron/ur_ws/install/moveit_resources_fanuc_moveit_config/share/moveit_resources_fanuc_moveit_config/hook/cmake_prefix_path.sh'
[1.168s] Level 1:colcon.colcon_core.environment:checking '/home/aaron/ur_ws/install/moveit_resources_fanuc_moveit_config/bin'
[1.168s] Level 1:colcon.colcon_core.environment:checking '/home/aaron/ur_ws/install/moveit_resources_fanuc_moveit_config/lib/pkgconfig/moveit_resources_fanuc_moveit_config.pc'
[1.168s] Level 1:colcon.colcon_core.environment:checking '/home/aaron/ur_ws/install/moveit_resources_fanuc_moveit_config/lib/python3.10/site-packages'
[1.168s] Level 1:colcon.colcon_core.environment:checking '/home/aaron/ur_ws/install/moveit_resources_fanuc_moveit_config/bin'
[1.168s] INFO:colcon.colcon_core.shell:Creating package script '/home/aaron/ur_ws/install/moveit_resources_fanuc_moveit_config/share/moveit_resources_fanuc_moveit_config/package.ps1'
[1.169s] INFO:colcon.colcon_core.shell:Creating package descriptor '/home/aaron/ur_ws/install/moveit_resources_fanuc_moveit_config/share/moveit_resources_fanuc_moveit_config/package.dsv'
[1.169s] INFO:colcon.colcon_core.shell:Creating package script '/home/aaron/ur_ws/install/moveit_resources_fanuc_moveit_config/share/moveit_resources_fanuc_moveit_config/package.sh'
[1.169s] INFO:colcon.colcon_core.shell:Creating package script '/home/aaron/ur_ws/install/moveit_resources_fanuc_moveit_config/share/moveit_resources_fanuc_moveit_config/package.bash'
[1.169s] INFO:colcon.colcon_core.shell:Creating package script '/home/aaron/ur_ws/install/moveit_resources_fanuc_moveit_config/share/moveit_resources_fanuc_moveit_config/package.zsh'
[1.169s] Level 1:colcon.colcon_core.environment:create_file_with_runtime_dependencies(/home/aaron/ur_ws/install/moveit_resources_fanuc_moveit_config/share/colcon-core/packages/moveit_resources_fanuc_moveit_config)
[1.170s] INFO:colcon.colcon_ros.task.ament_cmake.build:Building ROS package in '/home/aaron/ur_ws/src/moveit_resources/moveit_resources' with build type 'ament_cmake'
[1.170s] INFO:colcon.colcon_cmake.task.cmake.build:Building CMake package in '/home/aaron/ur_ws/src/moveit_resources/moveit_resources'
[1.170s] INFO:colcon.colcon_core.shell:Skip shell extension 'powershell' for command environment: Not usable outside of PowerShell
[1.170s] DEBUG:colcon.colcon_core.shell:Skip shell extension 'dsv' for command environment
[1.173s] DEBUG:colcon.colcon_core.event_handler.log_command:Invoked command in '/home/aaron/ur_ws/build/rviz_marker_tools' returned '0': AMENT_PREFIX_PATH=/home/aaron/ur_ws/install/moveit_common:${AMENT_PREFIX_PATH} CMAKE_PREFIX_PATH=/home/aaron/ur_ws/install/moveit_common:/opt/ros/humble /usr/bin/cmake --build /home/aaron/ur_ws/build/rviz_marker_tools -- -j20 -l20
[1.174s] DEBUG:colcon.colcon_core.event_handler.log_command:Invoking command in '/home/aaron/ur_ws/build/rviz_marker_tools': AMENT_PREFIX_PATH=/home/aaron/ur_ws/install/moveit_common:${AMENT_PREFIX_PATH} CMAKE_PREFIX_PATH=/home/aaron/ur_ws/install/moveit_common:/opt/ros/humble /usr/bin/cmake --install /home/aaron/ur_ws/build/rviz_marker_tools
[1.177s] DEBUG:colcon.colcon_core.event_handler.log_command:Invoking command in '/home/aaron/ur_ws/build/moveit_core': AMENT_PREFIX_PATH=/home/aaron/ur_ws/install/moveit_resources_panda_moveit_config:/home/aaron/ur_ws/install/srdfdom:/home/aaron/ur_ws/install/moveit_resources_pr2_description:/home/aaron/ur_ws/install/moveit_resources_panda_description:/home/aaron/ur_ws/install/moveit_common:${AMENT_PREFIX_PATH} CMAKE_PREFIX_PATH=/home/aaron/ur_ws/install/moveit_resources_panda_moveit_config:/home/aaron/ur_ws/install/srdfdom:/home/aaron/ur_ws/install/moveit_resources_pr2_description:/home/aaron/ur_ws/install/moveit_resources_panda_description:/home/aaron/ur_ws/install/moveit_common:/opt/ros/humble LD_LIBRARY_PATH=/home/aaron/ur_ws/install/srdfdom/lib:${LD_LIBRARY_PATH} PYTHONPATH=/home/aaron/ur_ws/install/srdfdom/local/lib/python3.10/dist-packages:${PYTHONPATH} /usr/bin/cmake --build /home/aaron/ur_ws/build/moveit_core -- -j20 -l20
[1.180s] DEBUG:colcon.colcon_core.event_handler.log_command:Invoking command in '/home/aaron/ur_ws/build/moveit_resources': AMENT_PREFIX_PATH=/home/aaron/ur_ws/install/moveit_resources_panda_moveit_config:/home/aaron/ur_ws/install/moveit_resources_fanuc_moveit_config:/home/aaron/ur_ws/install/moveit_resources_pr2_description:/home/aaron/ur_ws/install/moveit_resources_panda_description:/home/aaron/ur_ws/install/moveit_resources_fanuc_description:${AMENT_PREFIX_PATH} CMAKE_PREFIX_PATH=/home/aaron/ur_ws/install/moveit_resources_panda_moveit_config:/home/aaron/ur_ws/install/moveit_resources_fanuc_moveit_config:/home/aaron/ur_ws/install/moveit_resources_pr2_description:/home/aaron/ur_ws/install/moveit_resources_panda_description:/home/aaron/ur_ws/install/moveit_resources_fanuc_description:/opt/ros/humble /usr/bin/cmake --build /home/aaron/ur_ws/build/moveit_resources -- -j20 -l20
[1.181s] Level 1:colcon.colcon_core.environment:create_environment_scripts_only(rviz_marker_tools)
[1.182s] Level 1:colcon.colcon_core.environment:checking '/home/aaron/ur_ws/install/rviz_marker_tools' for CMake module files
[1.184s] DEBUG:colcon.colcon_core.event_handler.log_command:Invoked command in '/home/aaron/ur_ws/build/rviz_marker_tools' returned '0': AMENT_PREFIX_PATH=/home/aaron/ur_ws/install/moveit_common:${AMENT_PREFIX_PATH} CMAKE_PREFIX_PATH=/home/aaron/ur_ws/install/moveit_common:/opt/ros/humble /usr/bin/cmake --install /home/aaron/ur_ws/build/rviz_marker_tools
[1.184s] Level 1:colcon.colcon_core.environment:checking '/home/aaron/ur_ws/install/rviz_marker_tools' for CMake config files
[1.184s] Level 1:colcon.colcon_core.shell:create_environment_hook('rviz_marker_tools', 'cmake_prefix_path')
[1.184s] INFO:colcon.colcon_core.shell:Creating environment hook '/home/aaron/ur_ws/install/rviz_marker_tools/share/rviz_marker_tools/hook/cmake_prefix_path.ps1'
[1.185s] INFO:colcon.colcon_core.shell:Creating environment descriptor '/home/aaron/ur_ws/install/rviz_marker_tools/share/rviz_marker_tools/hook/cmake_prefix_path.dsv'
[1.185s] INFO:colcon.colcon_core.shell:Creating environment hook '/home/aaron/ur_ws/install/rviz_marker_tools/share/rviz_marker_tools/hook/cmake_prefix_path.sh'
[1.185s] Level 1:colcon.colcon_core.environment:checking '/home/aaron/ur_ws/install/rviz_marker_tools/lib'
[1.185s] Level 1:colcon.colcon_core.shell:create_environment_hook('rviz_marker_tools', 'ld_library_path_lib')
[1.185s] INFO:colcon.colcon_core.shell:Creating environment hook '/home/aaron/ur_ws/install/rviz_marker_tools/share/rviz_marker_tools/hook/ld_library_path_lib.ps1'
[1.186s] INFO:colcon.colcon_core.shell:Creating environment descriptor '/home/aaron/ur_ws/install/rviz_marker_tools/share/rviz_marker_tools/hook/ld_library_path_lib.dsv'
[1.186s] INFO:colcon.colcon_core.shell:Creating environment hook '/home/aaron/ur_ws/install/rviz_marker_tools/share/rviz_marker_tools/hook/ld_library_path_lib.sh'
[1.186s] Level 1:colcon.colcon_core.environment:checking '/home/aaron/ur_ws/install/rviz_marker_tools/bin'
[1.186s] Level 1:colcon.colcon_core.environment:checking '/home/aaron/ur_ws/install/rviz_marker_tools/lib/pkgconfig/rviz_marker_tools.pc'
[1.186s] Level 1:colcon.colcon_core.environment:checking '/home/aaron/ur_ws/install/rviz_marker_tools/lib/python3.10/site-packages'
[1.186s] Level 1:colcon.colcon_core.environment:checking '/home/aaron/ur_ws/install/rviz_marker_tools/bin'
[1.187s] INFO:colcon.colcon_core.shell:Creating package script '/home/aaron/ur_ws/install/rviz_marker_tools/share/rviz_marker_tools/package.ps1'
[1.187s] INFO:colcon.colcon_core.shell:Creating package descriptor '/home/aaron/ur_ws/install/rviz_marker_tools/share/rviz_marker_tools/package.dsv'
[1.187s] INFO:colcon.colcon_core.shell:Creating package script '/home/aaron/ur_ws/install/rviz_marker_tools/share/rviz_marker_tools/package.sh'
[1.187s] INFO:colcon.colcon_core.shell:Creating package script '/home/aaron/ur_ws/install/rviz_marker_tools/share/rviz_marker_tools/package.bash'
[1.188s] INFO:colcon.colcon_core.shell:Creating package script '/home/aaron/ur_ws/install/rviz_marker_tools/share/rviz_marker_tools/package.zsh'
[1.188s] Level 1:colcon.colcon_core.environment:create_file_with_runtime_dependencies(/home/aaron/ur_ws/install/rviz_marker_tools/share/colcon-core/packages/rviz_marker_tools)
[1.188s] Level 1:colcon.colcon_core.environment:create_environment_scripts_only(rviz_marker_tools)
[1.188s] Level 1:colcon.colcon_core.environment:checking '/home/aaron/ur_ws/install/rviz_marker_tools' for CMake module files
[1.188s] Level 1:colcon.colcon_core.environment:checking '/home/aaron/ur_ws/install/rviz_marker_tools' for CMake config files
[1.189s] Level 1:colcon.colcon_core.shell:create_environment_hook('rviz_marker_tools', 'cmake_prefix_path')
[1.189s] INFO:colcon.colcon_core.shell:Creating environment hook '/home/aaron/ur_ws/install/rviz_marker_tools/share/rviz_marker_tools/hook/cmake_prefix_path.ps1'
[1.189s] INFO:colcon.colcon_core.shell:Creating environment descriptor '/home/aaron/ur_ws/install/rviz_marker_tools/share/rviz_marker_tools/hook/cmake_prefix_path.dsv'
[1.189s] INFO:colcon.colcon_core.shell:Creating environment hook '/home/aaron/ur_ws/install/rviz_marker_tools/share/rviz_marker_tools/hook/cmake_prefix_path.sh'
[1.189s] Level 1:colcon.colcon_core.environment:checking '/home/aaron/ur_ws/install/rviz_marker_tools/lib'
[1.189s] Level 1:colcon.colcon_core.shell:create_environment_hook('rviz_marker_tools', 'ld_library_path_lib')
[1.190s] INFO:colcon.colcon_core.shell:Creating environment hook '/home/aaron/ur_ws/install/rviz_marker_tools/share/rviz_marker_tools/hook/ld_library_path_lib.ps1'
[1.190s] INFO:colcon.colcon_core.shell:Creating environment descriptor '/home/aaron/ur_ws/install/rviz_marker_tools/share/rviz_marker_tools/hook/ld_library_path_lib.dsv'
[1.190s] INFO:colcon.colcon_core.shell:Creating environment hook '/home/aaron/ur_ws/install/rviz_marker_tools/share/rviz_marker_tools/hook/ld_library_path_lib.sh'
[1.190s] Level 1:colcon.colcon_core.environment:checking '/home/aaron/ur_ws/install/rviz_marker_tools/bin'
[1.190s] Level 1:colcon.colcon_core.environment:checking '/home/aaron/ur_ws/install/rviz_marker_tools/lib/pkgconfig/rviz_marker_tools.pc'
[1.191s] Level 1:colcon.colcon_core.environment:checking '/home/aaron/ur_ws/install/rviz_marker_tools/lib/python3.10/site-packages'
[1.191s] Level 1:colcon.colcon_core.environment:checking '/home/aaron/ur_ws/install/rviz_marker_tools/bin'
[1.191s] INFO:colcon.colcon_core.shell:Creating package script '/home/aaron/ur_ws/install/rviz_marker_tools/share/rviz_marker_tools/package.ps1'
[1.191s] INFO:colcon.colcon_core.shell:Creating package descriptor '/home/aaron/ur_ws/install/rviz_marker_tools/share/rviz_marker_tools/package.dsv'
[1.192s] INFO:colcon.colcon_core.shell:Creating package script '/home/aaron/ur_ws/install/rviz_marker_tools/share/rviz_marker_tools/package.sh'
[1.192s] INFO:colcon.colcon_core.shell:Creating package script '/home/aaron/ur_ws/install/rviz_marker_tools/share/rviz_marker_tools/package.bash'
[1.192s] INFO:colcon.colcon_core.shell:Creating package script '/home/aaron/ur_ws/install/rviz_marker_tools/share/rviz_marker_tools/package.zsh'
[1.193s] Level 1:colcon.colcon_core.environment:create_file_with_runtime_dependencies(/home/aaron/ur_ws/install/rviz_marker_tools/share/colcon-core/packages/rviz_marker_tools)
[1.205s] DEBUG:colcon.colcon_core.event_handler.log_command:Invoked command in '/home/aaron/ur_ws/build/moveit_resources' returned '0': AMENT_PREFIX_PATH=/home/aaron/ur_ws/install/moveit_resources_panda_moveit_config:/home/aaron/ur_ws/install/moveit_resources_fanuc_moveit_config:/home/aaron/ur_ws/install/moveit_resources_pr2_description:/home/aaron/ur_ws/install/moveit_resources_panda_description:/home/aaron/ur_ws/install/moveit_resources_fanuc_description:${AMENT_PREFIX_PATH} CMAKE_PREFIX_PATH=/home/aaron/ur_ws/install/moveit_resources_panda_moveit_config:/home/aaron/ur_ws/install/moveit_resources_fanuc_moveit_config:/home/aaron/ur_ws/install/moveit_resources_pr2_description:/home/aaron/ur_ws/install/moveit_resources_panda_description:/home/aaron/ur_ws/install/moveit_resources_fanuc_description:/opt/ros/humble /usr/bin/cmake --build /home/aaron/ur_ws/build/moveit_resources -- -j20 -l20
[1.207s] DEBUG:colcon.colcon_core.event_handler.log_command:Invoking command in '/home/aaron/ur_ws/build/moveit_resources': AMENT_PREFIX_PATH=/home/aaron/ur_ws/install/moveit_resources_panda_moveit_config:/home/aaron/ur_ws/install/moveit_resources_fanuc_moveit_config:/home/aaron/ur_ws/install/moveit_resources_pr2_description:/home/aaron/ur_ws/install/moveit_resources_panda_description:/home/aaron/ur_ws/install/moveit_resources_fanuc_description:${AMENT_PREFIX_PATH} CMAKE_PREFIX_PATH=/home/aaron/ur_ws/install/moveit_resources_panda_moveit_config:/home/aaron/ur_ws/install/moveit_resources_fanuc_moveit_config:/home/aaron/ur_ws/install/moveit_resources_pr2_description:/home/aaron/ur_ws/install/moveit_resources_panda_description:/home/aaron/ur_ws/install/moveit_resources_fanuc_description:/opt/ros/humble /usr/bin/cmake --install /home/aaron/ur_ws/build/moveit_resources
[1.215s] Level 1:colcon.colcon_core.environment:create_environment_scripts_only(moveit_resources)
[1.215s] Level 1:colcon.colcon_core.environment:checking '/home/aaron/ur_ws/install/moveit_resources' for CMake module files
[1.215s] DEBUG:colcon.colcon_core.event_handler.log_command:Invoked command in '/home/aaron/ur_ws/build/moveit_resources' returned '0': AMENT_PREFIX_PATH=/home/aaron/ur_ws/install/moveit_resources_panda_moveit_config:/home/aaron/ur_ws/install/moveit_resources_fanuc_moveit_config:/home/aaron/ur_ws/install/moveit_resources_pr2_description:/home/aaron/ur_ws/install/moveit_resources_panda_description:/home/aaron/ur_ws/install/moveit_resources_fanuc_description:${AMENT_PREFIX_PATH} CMAKE_PREFIX_PATH=/home/aaron/ur_ws/install/moveit_resources_panda_moveit_config:/home/aaron/ur_ws/install/moveit_resources_fanuc_moveit_config:/home/aaron/ur_ws/install/moveit_resources_pr2_description:/home/aaron/ur_ws/install/moveit_resources_panda_description:/home/aaron/ur_ws/install/moveit_resources_fanuc_description:/opt/ros/humble /usr/bin/cmake --install /home/aaron/ur_ws/build/moveit_resources
[1.216s] Level 1:colcon.colcon_core.environment:checking '/home/aaron/ur_ws/install/moveit_resources' for CMake config files
[1.216s] Level 1:colcon.colcon_core.shell:create_environment_hook('moveit_resources', 'cmake_prefix_path')
[1.217s] INFO:colcon.colcon_core.shell:Creating environment hook '/home/aaron/ur_ws/install/moveit_resources/share/moveit_resources/hook/cmake_prefix_path.ps1'
[1.217s] INFO:colcon.colcon_core.shell:Creating environment descriptor '/home/aaron/ur_ws/install/moveit_resources/share/moveit_resources/hook/cmake_prefix_path.dsv'
[1.217s] INFO:colcon.colcon_core.shell:Creating environment hook '/home/aaron/ur_ws/install/moveit_resources/share/moveit_resources/hook/cmake_prefix_path.sh'
[1.218s] Level 1:colcon.colcon_core.environment:checking '/home/aaron/ur_ws/install/moveit_resources/bin'
[1.218s] Level 1:colcon.colcon_core.environment:checking '/home/aaron/ur_ws/install/moveit_resources/lib/pkgconfig/moveit_resources.pc'
[1.218s] Level 1:colcon.colcon_core.environment:checking '/home/aaron/ur_ws/install/moveit_resources/lib/python3.10/site-packages'
[1.218s] Level 1:colcon.colcon_core.environment:checking '/home/aaron/ur_ws/install/moveit_resources/bin'
[1.219s] INFO:colcon.colcon_core.shell:Creating package script '/home/aaron/ur_ws/install/moveit_resources/share/moveit_resources/package.ps1'
[1.219s] INFO:colcon.colcon_core.shell:Creating package descriptor '/home/aaron/ur_ws/install/moveit_resources/share/moveit_resources/package.dsv'
[1.219s] INFO:colcon.colcon_core.shell:Creating package script '/home/aaron/ur_ws/install/moveit_resources/share/moveit_resources/package.sh'
[1.220s] INFO:colcon.colcon_core.shell:Creating package script '/home/aaron/ur_ws/install/moveit_resources/share/moveit_resources/package.bash'
[1.221s] INFO:colcon.colcon_core.shell:Creating package script '/home/aaron/ur_ws/install/moveit_resources/share/moveit_resources/package.zsh'
[1.222s] Level 1:colcon.colcon_core.environment:create_file_with_runtime_dependencies(/home/aaron/ur_ws/install/moveit_resources/share/colcon-core/packages/moveit_resources)
[1.222s] Level 1:colcon.colcon_core.environment:create_environment_scripts_only(moveit_resources)
[1.223s] Level 1:colcon.colcon_core.environment:checking '/home/aaron/ur_ws/install/moveit_resources' for CMake module files
[1.224s] Level 1:colcon.colcon_core.environment:checking '/home/aaron/ur_ws/install/moveit_resources' for CMake config files
[1.224s] Level 1:colcon.colcon_core.shell:create_environment_hook('moveit_resources', 'cmake_prefix_path')
[1.224s] INFO:colcon.colcon_core.shell:Creating environment hook '/home/aaron/ur_ws/install/moveit_resources/share/moveit_resources/hook/cmake_prefix_path.ps1'
[1.225s] INFO:colcon.colcon_core.shell:Creating environment descriptor '/home/aaron/ur_ws/install/moveit_resources/share/moveit_resources/hook/cmake_prefix_path.dsv'
[1.226s] INFO:colcon.colcon_core.shell:Creating environment hook '/home/aaron/ur_ws/install/moveit_resources/share/moveit_resources/hook/cmake_prefix_path.sh'
[1.226s] Level 1:colcon.colcon_core.environment:checking '/home/aaron/ur_ws/install/moveit_resources/bin'
[1.226s] Level 1:colcon.colcon_core.environment:checking '/home/aaron/ur_ws/install/moveit_resources/lib/pkgconfig/moveit_resources.pc'
[1.227s] Level 1:colcon.colcon_core.environment:checking '/home/aaron/ur_ws/install/moveit_resources/lib/python3.10/site-packages'
[1.227s] Level 1:colcon.colcon_core.environment:checking '/home/aaron/ur_ws/install/moveit_resources/bin'
[1.228s] INFO:colcon.colcon_core.shell:Creating package script '/home/aaron/ur_ws/install/moveit_resources/share/moveit_resources/package.ps1'
[1.228s] INFO:colcon.colcon_core.shell:Creating package descriptor '/home/aaron/ur_ws/install/moveit_resources/share/moveit_resources/package.dsv'
[1.229s] INFO:colcon.colcon_core.shell:Creating package script '/home/aaron/ur_ws/install/moveit_resources/share/moveit_resources/package.sh'
[1.230s] INFO:colcon.colcon_core.shell:Creating package script '/home/aaron/ur_ws/install/moveit_resources/share/moveit_resources/package.bash'
[1.230s] INFO:colcon.colcon_core.shell:Creating package script '/home/aaron/ur_ws/install/moveit_resources/share/moveit_resources/package.zsh'
[1.230s] Level 1:colcon.colcon_core.environment:create_file_with_runtime_dependencies(/home/aaron/ur_ws/install/moveit_resources/share/colcon-core/packages/moveit_resources)
[1.279s] DEBUG:colcon.colcon_core.event_handler.log_command:Invoking command in '/home/aaron/ur_ws/src/launch_param_builder': PYTHONPATH=/home/aaron/ur_ws/build/launch_param_builder/prefix_override:/usr/lib/python3/dist-packages/colcon_core/task/python/colcon_distutils_commands:/home/aaron/ur_ws/install/launch_param_builder/lib/python3.10/site-packages:${PYTHONPATH} /usr/bin/python3 -W ignore:setup.py install is deprecated -W ignore:easy_install command is deprecated setup.py egg_info --egg-base ../../build/launch_param_builder build --build-base /home/aaron/ur_ws/build/launch_param_builder/build install --record /home/aaron/ur_ws/build/launch_param_builder/install.log --single-version-externally-managed install_data
[1.294s] DEBUG:colcon.colcon_core.event_handler.log_command:Invoking command in '/home/aaron/ur_ws/src/Open_control': PYTHONPATH=/home/aaron/ur_ws/build/Open_control/prefix_override:/usr/lib/python3/dist-packages/colcon_core/task/python/colcon_distutils_commands:/home/aaron/ur_ws/install/Open_control/lib/python3.10/site-packages:${PYTHONPATH} /usr/bin/python3 -W ignore:setup.py install is deprecated -W ignore:easy_install command is deprecated setup.py egg_info --egg-base ../../build/Open_control build --build-base /home/aaron/ur_ws/build/Open_control/build install --record /home/aaron/ur_ws/build/Open_control/install.log --single-version-externally-managed install_data
[1.315s] DEBUG:colcon.colcon_core.event_handler.log_command:Invoking command in '/home/aaron/ur_ws/src/waypoint_pub': PYTHONPATH=/home/aaron/ur_ws/build/waypoint_pub/prefix_override:/usr/lib/python3/dist-packages/colcon_core/task/python/colcon_distutils_commands:/home/aaron/ur_ws/install/waypoint_pub/lib/python3.10/site-packages:${PYTHONPATH} /usr/bin/python3 -W ignore:setup.py install is deprecated -W ignore:easy_install command is deprecated setup.py egg_info --egg-base ../../build/waypoint_pub build --build-base /home/aaron/ur_ws/build/waypoint_pub/build install --record /home/aaron/ur_ws/build/waypoint_pub/install.log --single-version-externally-managed install_data
[1.486s] Level 1:colcon.colcon_core.environment:checking '/home/aaron/ur_ws/install/launch_param_builder' for CMake module files
[1.487s] DEBUG:colcon.colcon_core.event_handler.log_command:Invoked command in '/home/aaron/ur_ws/src/launch_param_builder' returned '0': PYTHONPATH=/home/aaron/ur_ws/build/launch_param_builder/prefix_override:/usr/lib/python3/dist-packages/colcon_core/task/python/colcon_distutils_commands:/home/aaron/ur_ws/install/launch_param_builder/lib/python3.10/site-packages:${PYTHONPATH} /usr/bin/python3 -W ignore:setup.py install is deprecated -W ignore:easy_install command is deprecated setup.py egg_info --egg-base ../../build/launch_param_builder build --build-base /home/aaron/ur_ws/build/launch_param_builder/build install --record /home/aaron/ur_ws/build/launch_param_builder/install.log --single-version-externally-managed install_data
[1.487s] Level 1:colcon.colcon_core.environment:checking '/home/aaron/ur_ws/install/launch_param_builder' for CMake config files
[1.488s] Level 1:colcon.colcon_core.environment:checking '/home/aaron/ur_ws/install/launch_param_builder/lib'
[1.488s] Level 1:colcon.colcon_core.environment:checking '/home/aaron/ur_ws/install/launch_param_builder/bin'
[1.488s] Level 1:colcon.colcon_core.environment:checking '/home/aaron/ur_ws/install/launch_param_builder/lib/pkgconfig/launch_param_builder.pc'
[1.488s] Level 1:colcon.colcon_core.environment:checking '/home/aaron/ur_ws/install/launch_param_builder/lib/python3.10/site-packages'
[1.488s] Level 1:colcon.colcon_core.shell:create_environment_hook('launch_param_builder', 'pythonpath')
[1.489s] INFO:colcon.colcon_core.shell:Creating environment hook '/home/aaron/ur_ws/install/launch_param_builder/share/launch_param_builder/hook/pythonpath.ps1'
[1.489s] INFO:colcon.colcon_core.shell:Creating environment descriptor '/home/aaron/ur_ws/install/launch_param_builder/share/launch_param_builder/hook/pythonpath.dsv'
[1.490s] INFO:colcon.colcon_core.shell:Creating environment hook '/home/aaron/ur_ws/install/launch_param_builder/share/launch_param_builder/hook/pythonpath.sh'
[1.491s] Level 1:colcon.colcon_core.environment:checking '/home/aaron/ur_ws/install/launch_param_builder/bin'
[1.491s] Level 1:colcon.colcon_core.environment:create_environment_scripts_only(launch_param_builder)
[1.492s] INFO:colcon.colcon_core.shell:Creating package script '/home/aaron/ur_ws/install/launch_param_builder/share/launch_param_builder/package.ps1'
[1.492s] INFO:colcon.colcon_core.shell:Creating package descriptor '/home/aaron/ur_ws/install/launch_param_builder/share/launch_param_builder/package.dsv'
[1.493s] INFO:colcon.colcon_core.shell:Creating package script '/home/aaron/ur_ws/install/launch_param_builder/share/launch_param_builder/package.sh'
[1.494s] INFO:colcon.colcon_core.shell:Creating package script '/home/aaron/ur_ws/install/launch_param_builder/share/launch_param_builder/package.bash'
[1.494s] INFO:colcon.colcon_core.shell:Creating package script '/home/aaron/ur_ws/install/launch_param_builder/share/launch_param_builder/package.zsh'
[1.494s] Level 1:colcon.colcon_core.environment:create_file_with_runtime_dependencies(/home/aaron/ur_ws/install/launch_param_builder/share/colcon-core/packages/launch_param_builder)
[1.495s] INFO:colcon.colcon_ros.task.ament_python.build:Building ROS package in '/home/aaron/ur_ws/src/moveit2/moveit_configs_utils' with build type 'ament_python'
[1.495s] Level 1:colcon.colcon_core.shell:create_environment_hook('moveit_configs_utils', 'ament_prefix_path')
[1.496s] INFO:colcon.colcon_core.shell:Creating environment hook '/home/aaron/ur_ws/install/moveit_configs_utils/share/moveit_configs_utils/hook/ament_prefix_path.ps1'
[1.497s] INFO:colcon.colcon_core.shell:Creating environment descriptor '/home/aaron/ur_ws/install/moveit_configs_utils/share/moveit_configs_utils/hook/ament_prefix_path.dsv'
[1.497s] INFO:colcon.colcon_core.shell:Creating environment hook '/home/aaron/ur_ws/install/moveit_configs_utils/share/moveit_configs_utils/hook/ament_prefix_path.sh'
[1.498s] INFO:colcon.colcon_core.shell:Skip shell extension 'powershell' for command environment: Not usable outside of PowerShell
[1.499s] DEBUG:colcon.colcon_core.shell:Skip shell extension 'dsv' for command environment
[1.504s] Level 1:colcon.colcon_core.environment:checking '/home/aaron/ur_ws/install/Open_control' for CMake module files
[1.505s] DEBUG:colcon.colcon_core.event_handler.log_command:Invoked command in '/home/aaron/ur_ws/src/Open_control' returned '0': PYTHONPATH=/home/aaron/ur_ws/build/Open_control/prefix_override:/usr/lib/python3/dist-packages/colcon_core/task/python/colcon_distutils_commands:/home/aaron/ur_ws/install/Open_control/lib/python3.10/site-packages:${PYTHONPATH} /usr/bin/python3 -W ignore:setup.py install is deprecated -W ignore:easy_install command is deprecated setup.py egg_info --egg-base ../../build/Open_control build --build-base /home/aaron/ur_ws/build/Open_control/build install --record /home/aaron/ur_ws/build/Open_control/install.log --single-version-externally-managed install_data
[1.505s] Level 1:colcon.colcon_core.environment:checking '/home/aaron/ur_ws/install/Open_control' for CMake config files
[1.506s] Level 1:colcon.colcon_core.environment:checking '/home/aaron/ur_ws/install/Open_control/lib'
[1.506s] Level 1:colcon.colcon_core.environment:checking '/home/aaron/ur_ws/install/Open_control/bin'
[1.506s] Level 1:colcon.colcon_core.environment:checking '/home/aaron/ur_ws/install/Open_control/lib/pkgconfig/Open_control.pc'
[1.506s] Level 1:colcon.colcon_core.environment:checking '/home/aaron/ur_ws/install/Open_control/lib/python3.10/site-packages'
[1.506s] Level 1:colcon.colcon_core.shell:create_environment_hook('Open_control', 'pythonpath')
[1.507s] INFO:colcon.colcon_core.shell:Creating environment hook '/home/aaron/ur_ws/install/Open_control/share/Open_control/hook/pythonpath.ps1'
[1.507s] INFO:colcon.colcon_core.shell:Creating environment descriptor '/home/aaron/ur_ws/install/Open_control/share/Open_control/hook/pythonpath.dsv'
[1.508s] INFO:colcon.colcon_core.shell:Creating environment hook '/home/aaron/ur_ws/install/Open_control/share/Open_control/hook/pythonpath.sh'
[1.509s] Level 1:colcon.colcon_core.environment:checking '/home/aaron/ur_ws/install/Open_control/bin'
[1.509s] Level 1:colcon.colcon_core.environment:create_environment_scripts_only(Open_control)
[1.509s] INFO:colcon.colcon_core.shell:Creating package script '/home/aaron/ur_ws/install/Open_control/share/Open_control/package.ps1'
[1.510s] INFO:colcon.colcon_core.shell:Creating package descriptor '/home/aaron/ur_ws/install/Open_control/share/Open_control/package.dsv'
[1.510s] INFO:colcon.colcon_core.shell:Creating package script '/home/aaron/ur_ws/install/Open_control/share/Open_control/package.sh'
[1.511s] INFO:colcon.colcon_core.shell:Creating package script '/home/aaron/ur_ws/install/Open_control/share/Open_control/package.bash'
[1.511s] INFO:colcon.colcon_core.shell:Creating package script '/home/aaron/ur_ws/install/Open_control/share/Open_control/package.zsh'
[1.511s] Level 1:colcon.colcon_core.environment:create_file_with_runtime_dependencies(/home/aaron/ur_ws/install/Open_control/share/colcon-core/packages/Open_control)
[1.673s] INFO:colcon.colcon_core.task.python.build:Building Python package in '/home/aaron/ur_ws/src/moveit2/moveit_configs_utils'
[1.673s] INFO:colcon.colcon_core.shell:Skip shell extension 'powershell' for command environment: Not usable outside of PowerShell
[1.673s] DEBUG:colcon.colcon_core.shell:Skip shell extension 'dsv' for command environment
[1.677s] Level 1:colcon.colcon_core.environment:checking '/home/aaron/ur_ws/install/waypoint_pub' for CMake module files
[1.677s] DEBUG:colcon.colcon_core.event_handler.log_command:Invoked command in '/home/aaron/ur_ws/src/waypoint_pub' returned '0': PYTHONPATH=/home/aaron/ur_ws/build/waypoint_pub/prefix_override:/usr/lib/python3/dist-packages/colcon_core/task/python/colcon_distutils_commands:/home/aaron/ur_ws/install/waypoint_pub/lib/python3.10/site-packages:${PYTHONPATH} /usr/bin/python3 -W ignore:setup.py install is deprecated -W ignore:easy_install command is deprecated setup.py egg_info --egg-base ../../build/waypoint_pub build --build-base /home/aaron/ur_ws/build/waypoint_pub/build install --record /home/aaron/ur_ws/build/waypoint_pub/install.log --single-version-externally-managed install_data
[1.677s] Level 1:colcon.colcon_core.environment:checking '/home/aaron/ur_ws/install/waypoint_pub' for CMake config files
[1.678s] Level 1:colcon.colcon_core.environment:checking '/home/aaron/ur_ws/install/waypoint_pub/lib'
[1.678s] Level 1:colcon.colcon_core.environment:checking '/home/aaron/ur_ws/install/waypoint_pub/bin'
[1.678s] Level 1:colcon.colcon_core.environment:checking '/home/aaron/ur_ws/install/waypoint_pub/lib/pkgconfig/waypoint_pub.pc'
[1.679s] Level 1:colcon.colcon_core.environment:checking '/home/aaron/ur_ws/install/waypoint_pub/lib/python3.10/site-packages'
[1.679s] Level 1:colcon.colcon_core.shell:create_environment_hook('waypoint_pub', 'pythonpath')
[1.679s] INFO:colcon.colcon_core.shell:Creating environment hook '/home/aaron/ur_ws/install/waypoint_pub/share/waypoint_pub/hook/pythonpath.ps1'
[1.679s] INFO:colcon.colcon_core.shell:Creating environment descriptor '/home/aaron/ur_ws/install/waypoint_pub/share/waypoint_pub/hook/pythonpath.dsv'
[1.680s] INFO:colcon.colcon_core.shell:Creating environment hook '/home/aaron/ur_ws/install/waypoint_pub/share/waypoint_pub/hook/pythonpath.sh'
[1.681s] Level 1:colcon.colcon_core.environment:checking '/home/aaron/ur_ws/install/waypoint_pub/bin'
[1.681s] Level 1:colcon.colcon_core.environment:create_environment_scripts_only(waypoint_pub)
[1.681s] INFO:colcon.colcon_core.shell:Creating package script '/home/aaron/ur_ws/install/waypoint_pub/share/waypoint_pub/package.ps1'
[1.682s] INFO:colcon.colcon_core.shell:Creating package descriptor '/home/aaron/ur_ws/install/waypoint_pub/share/waypoint_pub/package.dsv'
[1.682s] INFO:colcon.colcon_core.shell:Creating package script '/home/aaron/ur_ws/install/waypoint_pub/share/waypoint_pub/package.sh'
[1.683s] INFO:colcon.colcon_core.shell:Creating package script '/home/aaron/ur_ws/install/waypoint_pub/share/waypoint_pub/package.bash'
[1.683s] INFO:colcon.colcon_core.shell:Creating package script '/home/aaron/ur_ws/install/waypoint_pub/share/waypoint_pub/package.zsh'
[1.683s] Level 1:colcon.colcon_core.environment:create_file_with_runtime_dependencies(/home/aaron/ur_ws/install/waypoint_pub/share/colcon-core/packages/waypoint_pub)
[1.685s] DEBUG:colcon.colcon_core.event_handler.log_command:Invoked command in '/home/aaron/ur_ws/build/moveit_core' returned '0': AMENT_PREFIX_PATH=/home/aaron/ur_ws/install/moveit_resources_panda_moveit_config:/home/aaron/ur_ws/install/srdfdom:/home/aaron/ur_ws/install/moveit_resources_pr2_description:/home/aaron/ur_ws/install/moveit_resources_panda_description:/home/aaron/ur_ws/install/moveit_common:${AMENT_PREFIX_PATH} CMAKE_PREFIX_PATH=/home/aaron/ur_ws/install/moveit_resources_panda_moveit_config:/home/aaron/ur_ws/install/srdfdom:/home/aaron/ur_ws/install/moveit_resources_pr2_description:/home/aaron/ur_ws/install/moveit_resources_panda_description:/home/aaron/ur_ws/install/moveit_common:/opt/ros/humble LD_LIBRARY_PATH=/home/aaron/ur_ws/install/srdfdom/lib:${LD_LIBRARY_PATH} PYTHONPATH=/home/aaron/ur_ws/install/srdfdom/local/lib/python3.10/dist-packages:${PYTHONPATH} /usr/bin/cmake --build /home/aaron/ur_ws/build/moveit_core -- -j20 -l20
[1.685s] DEBUG:colcon.colcon_core.event_handler.log_command:Invoking command in '/home/aaron/ur_ws/build/moveit_core': AMENT_PREFIX_PATH=/home/aaron/ur_ws/install/moveit_resources_panda_moveit_config:/home/aaron/ur_ws/install/srdfdom:/home/aaron/ur_ws/install/moveit_resources_pr2_description:/home/aaron/ur_ws/install/moveit_resources_panda_description:/home/aaron/ur_ws/install/moveit_common:${AMENT_PREFIX_PATH} CMAKE_PREFIX_PATH=/home/aaron/ur_ws/install/moveit_resources_panda_moveit_config:/home/aaron/ur_ws/install/srdfdom:/home/aaron/ur_ws/install/moveit_resources_pr2_description:/home/aaron/ur_ws/install/moveit_resources_panda_description:/home/aaron/ur_ws/install/moveit_common:/opt/ros/humble LD_LIBRARY_PATH=/home/aaron/ur_ws/install/srdfdom/lib:${LD_LIBRARY_PATH} PYTHONPATH=/home/aaron/ur_ws/install/srdfdom/local/lib/python3.10/dist-packages:${PYTHONPATH} /usr/bin/cmake --install /home/aaron/ur_ws/build/moveit_core
[1.707s] Level 1:colcon.colcon_core.environment:create_environment_scripts_only(moveit_core)
[1.707s] Level 1:colcon.colcon_core.environment:checking '/home/aaron/ur_ws/install/moveit_core' for CMake module files
[1.707s] DEBUG:colcon.colcon_core.event_handler.log_command:Invoked command in '/home/aaron/ur_ws/build/moveit_core' returned '0': AMENT_PREFIX_PATH=/home/aaron/ur_ws/install/moveit_resources_panda_moveit_config:/home/aaron/ur_ws/install/srdfdom:/home/aaron/ur_ws/install/moveit_resources_pr2_description:/home/aaron/ur_ws/install/moveit_resources_panda_description:/home/aaron/ur_ws/install/moveit_common:${AMENT_PREFIX_PATH} CMAKE_PREFIX_PATH=/home/aaron/ur_ws/install/moveit_resources_panda_moveit_config:/home/aaron/ur_ws/install/srdfdom:/home/aaron/ur_ws/install/moveit_resources_pr2_description:/home/aaron/ur_ws/install/moveit_resources_panda_description:/home/aaron/ur_ws/install/moveit_common:/opt/ros/humble LD_LIBRARY_PATH=/home/aaron/ur_ws/install/srdfdom/lib:${LD_LIBRARY_PATH} PYTHONPATH=/home/aaron/ur_ws/install/srdfdom/local/lib/python3.10/dist-packages:${PYTHONPATH} /usr/bin/cmake --install /home/aaron/ur_ws/build/moveit_core
[1.708s] Level 1:colcon.colcon_core.environment:checking '/home/aaron/ur_ws/install/moveit_core' for CMake config files
[1.708s] Level 1:colcon.colcon_core.shell:create_environment_hook('moveit_core', 'cmake_prefix_path')
[1.708s] INFO:colcon.colcon_core.shell:Creating environment hook '/home/aaron/ur_ws/install/moveit_core/share/moveit_core/hook/cmake_prefix_path.ps1'
[1.708s] INFO:colcon.colcon_core.shell:Creating environment descriptor '/home/aaron/ur_ws/install/moveit_core/share/moveit_core/hook/cmake_prefix_path.dsv'
[1.709s] INFO:colcon.colcon_core.shell:Creating environment hook '/home/aaron/ur_ws/install/moveit_core/share/moveit_core/hook/cmake_prefix_path.sh'
[1.709s] Level 1:colcon.colcon_core.environment:checking '/home/aaron/ur_ws/install/moveit_core/lib'
[1.709s] Level 1:colcon.colcon_core.shell:create_environment_hook('moveit_core', 'ld_library_path_lib')
[1.709s] INFO:colcon.colcon_core.shell:Creating environment hook '/home/aaron/ur_ws/install/moveit_core/share/moveit_core/hook/ld_library_path_lib.ps1'
[1.709s] INFO:colcon.colcon_core.shell:Creating environment descriptor '/home/aaron/ur_ws/install/moveit_core/share/moveit_core/hook/ld_library_path_lib.dsv'
[1.709s] INFO:colcon.colcon_core.shell:Creating environment hook '/home/aaron/ur_ws/install/moveit_core/share/moveit_core/hook/ld_library_path_lib.sh'
[1.710s] Level 1:colcon.colcon_core.environment:checking '/home/aaron/ur_ws/install/moveit_core/bin'
[1.710s] Level 1:colcon.colcon_core.shell:create_environment_hook('moveit_core', 'path')
[1.710s] INFO:colcon.colcon_core.shell:Creating environment hook '/home/aaron/ur_ws/install/moveit_core/share/moveit_core/hook/path.ps1'
[1.710s] INFO:colcon.colcon_core.shell:Creating environment descriptor '/home/aaron/ur_ws/install/moveit_core/share/moveit_core/hook/path.dsv'
[1.710s] INFO:colcon.colcon_core.shell:Creating environment hook '/home/aaron/ur_ws/install/moveit_core/share/moveit_core/hook/path.sh'
[1.710s] Level 1:colcon.colcon_core.environment:checking '/home/aaron/ur_ws/install/moveit_core/lib/pkgconfig/moveit_core.pc'
[1.711s] Level 1:colcon.colcon_core.environment:checking '/home/aaron/ur_ws/install/moveit_core/lib/python3.10/site-packages'
[1.711s] Level 1:colcon.colcon_core.environment:checking '/home/aaron/ur_ws/install/moveit_core/bin'
[1.711s] Level 1:colcon.colcon_core.shell:create_environment_hook('moveit_core', 'pythonscriptspath')
[1.711s] INFO:colcon.colcon_core.shell:Creating environment hook '/home/aaron/ur_ws/install/moveit_core/share/moveit_core/hook/pythonscriptspath.ps1'
[1.711s] INFO:colcon.colcon_core.shell:Creating environment descriptor '/home/aaron/ur_ws/install/moveit_core/share/moveit_core/hook/pythonscriptspath.dsv'
[1.711s] INFO:colcon.colcon_core.shell:Creating environment hook '/home/aaron/ur_ws/install/moveit_core/share/moveit_core/hook/pythonscriptspath.sh'
[1.712s] INFO:colcon.colcon_core.shell:Creating package script '/home/aaron/ur_ws/install/moveit_core/share/moveit_core/package.ps1'
[1.712s] INFO:colcon.colcon_core.shell:Creating package descriptor '/home/aaron/ur_ws/install/moveit_core/share/moveit_core/package.dsv'
[1.712s] INFO:colcon.colcon_core.shell:Creating package script '/home/aaron/ur_ws/install/moveit_core/share/moveit_core/package.sh'
[1.713s] INFO:colcon.colcon_core.shell:Creating package script '/home/aaron/ur_ws/install/moveit_core/share/moveit_core/package.bash'
[1.713s] INFO:colcon.colcon_core.shell:Creating package script '/home/aaron/ur_ws/install/moveit_core/share/moveit_core/package.zsh'
[1.713s] Level 1:colcon.colcon_core.environment:create_file_with_runtime_dependencies(/home/aaron/ur_ws/install/moveit_core/share/colcon-core/packages/moveit_core)
[1.713s] Level 1:colcon.colcon_core.environment:create_environment_scripts_only(moveit_core)
[1.714s] Level 1:colcon.colcon_core.environment:checking '/home/aaron/ur_ws/install/moveit_core' for CMake module files
[1.714s] Level 1:colcon.colcon_core.environment:checking '/home/aaron/ur_ws/install/moveit_core' for CMake config files
[1.714s] Level 1:colcon.colcon_core.shell:create_environment_hook('moveit_core', 'cmake_prefix_path')
[1.714s] INFO:colcon.colcon_core.shell:Creating environment hook '/home/aaron/ur_ws/install/moveit_core/share/moveit_core/hook/cmake_prefix_path.ps1'
[1.714s] INFO:colcon.colcon_core.shell:Creating environment descriptor '/home/aaron/ur_ws/install/moveit_core/share/moveit_core/hook/cmake_prefix_path.dsv'
[1.715s] INFO:colcon.colcon_core.shell:Creating environment hook '/home/aaron/ur_ws/install/moveit_core/share/moveit_core/hook/cmake_prefix_path.sh'
[1.715s] Level 1:colcon.colcon_core.environment:checking '/home/aaron/ur_ws/install/moveit_core/lib'
[1.715s] Level 1:colcon.colcon_core.shell:create_environment_hook('moveit_core', 'ld_library_path_lib')
[1.715s] INFO:colcon.colcon_core.shell:Creating environment hook '/home/aaron/ur_ws/install/moveit_core/share/moveit_core/hook/ld_library_path_lib.ps1'
[1.715s] INFO:colcon.colcon_core.shell:Creating environment descriptor '/home/aaron/ur_ws/install/moveit_core/share/moveit_core/hook/ld_library_path_lib.dsv'
[1.715s] INFO:colcon.colcon_core.shell:Creating environment hook '/home/aaron/ur_ws/install/moveit_core/share/moveit_core/hook/ld_library_path_lib.sh'
[1.716s] Level 1:colcon.colcon_core.environment:checking '/home/aaron/ur_ws/install/moveit_core/bin'
[1.716s] Level 1:colcon.colcon_core.shell:create_environment_hook('moveit_core', 'path')
[1.716s] INFO:colcon.colcon_core.shell:Creating environment hook '/home/aaron/ur_ws/install/moveit_core/share/moveit_core/hook/path.ps1'
[1.716s] INFO:colcon.colcon_core.shell:Creating environment descriptor '/home/aaron/ur_ws/install/moveit_core/share/moveit_core/hook/path.dsv'
[1.716s] INFO:colcon.colcon_core.shell:Creating environment hook '/home/aaron/ur_ws/install/moveit_core/share/moveit_core/hook/path.sh'
[1.716s] Level 1:colcon.colcon_core.environment:checking '/home/aaron/ur_ws/install/moveit_core/lib/pkgconfig/moveit_core.pc'
[1.716s] Level 1:colcon.colcon_core.environment:checking '/home/aaron/ur_ws/install/moveit_core/lib/python3.10/site-packages'
[1.717s] Level 1:colcon.colcon_core.environment:checking '/home/aaron/ur_ws/install/moveit_core/bin'
[1.717s] Level 1:colcon.colcon_core.shell:create_environment_hook('moveit_core', 'pythonscriptspath')
[1.717s] INFO:colcon.colcon_core.shell:Creating environment hook '/home/aaron/ur_ws/install/moveit_core/share/moveit_core/hook/pythonscriptspath.ps1'
[1.717s] INFO:colcon.colcon_core.shell:Creating environment descriptor '/home/aaron/ur_ws/install/moveit_core/share/moveit_core/hook/pythonscriptspath.dsv'
[1.717s] INFO:colcon.colcon_core.shell:Creating environment hook '/home/aaron/ur_ws/install/moveit_core/share/moveit_core/hook/pythonscriptspath.sh'
[1.718s] INFO:colcon.colcon_core.shell:Creating package script '/home/aaron/ur_ws/install/moveit_core/share/moveit_core/package.ps1'
[1.718s] INFO:colcon.colcon_core.shell:Creating package descriptor '/home/aaron/ur_ws/install/moveit_core/share/moveit_core/package.dsv'
[1.718s] INFO:colcon.colcon_core.shell:Creating package script '/home/aaron/ur_ws/install/moveit_core/share/moveit_core/package.sh'
[1.719s] INFO:colcon.colcon_core.shell:Creating package script '/home/aaron/ur_ws/install/moveit_core/share/moveit_core/package.bash'
[1.719s] INFO:colcon.colcon_core.shell:Creating package script '/home/aaron/ur_ws/install/moveit_core/share/moveit_core/package.zsh'
[1.719s] Level 1:colcon.colcon_core.environment:create_file_with_runtime_dependencies(/home/aaron/ur_ws/install/moveit_core/share/colcon-core/packages/moveit_core)
[1.719s] INFO:colcon.colcon_ros.task.ament_cmake.build:Building ROS package in '/home/aaron/ur_ws/src/moveit2/moveit_ros/occupancy_map_monitor' with build type 'ament_cmake'
[1.719s] INFO:colcon.colcon_cmake.task.cmake.build:Building CMake package in '/home/aaron/ur_ws/src/moveit2/moveit_ros/occupancy_map_monitor'
[1.720s] INFO:colcon.colcon_core.shell:Skip shell extension 'powershell' for command environment: Not usable outside of PowerShell
[1.720s] DEBUG:colcon.colcon_core.shell:Skip shell extension 'dsv' for command environment
[1.722s] INFO:colcon.colcon_ros.task.ament_cmake.build:Building ROS package in '/home/aaron/ur_ws/src/moveit2/moveit_plugins/moveit_simple_controller_manager' with build type 'ament_cmake'
[1.722s] INFO:colcon.colcon_cmake.task.cmake.build:Building CMake package in '/home/aaron/ur_ws/src/moveit2/moveit_plugins/moveit_simple_controller_manager'
[1.722s] INFO:colcon.colcon_core.shell:Skip shell extension 'powershell' for command environment: Not usable outside of PowerShell
[1.722s] DEBUG:colcon.colcon_core.shell:Skip shell extension 'dsv' for command environment
[1.725s] INFO:colcon.colcon_ros.task.ament_cmake.build:Building ROS package in '/home/aaron/ur_ws/src/moveit2/moveit_planners/test_configs/prbt_ikfast_manipulator_plugin' with build type 'ament_cmake'
[1.725s] INFO:colcon.colcon_cmake.task.cmake.build:Building CMake package in '/home/aaron/ur_ws/src/moveit2/moveit_planners/test_configs/prbt_ikfast_manipulator_plugin'
[1.725s] INFO:colcon.colcon_core.shell:Skip shell extension 'powershell' for command environment: Not usable outside of PowerShell
[1.725s] DEBUG:colcon.colcon_core.shell:Skip shell extension 'dsv' for command environment
[1.727s] INFO:colcon.colcon_ros.task.ament_cmake.build:Building ROS package in '/home/aaron/ur_ws/src/moveit2/moveit_planners/chomp/chomp_motion_planner' with build type 'ament_cmake'
[1.727s] INFO:colcon.colcon_cmake.task.cmake.build:Building CMake package in '/home/aaron/ur_ws/src/moveit2/moveit_planners/chomp/chomp_motion_planner'
[1.727s] INFO:colcon.colcon_core.shell:Skip shell extension 'powershell' for command environment: Not usable outside of PowerShell
[1.727s] DEBUG:colcon.colcon_core.shell:Skip shell extension 'dsv' for command environment
[1.729s] INFO:colcon.colcon_ros.task.ament_cmake.build:Building ROS package in '/home/aaron/ur_ws/src/moveit2/moveit_planners/pilz_industrial_motion_planner_testutils' with build type 'ament_cmake'
[1.729s] INFO:colcon.colcon_cmake.task.cmake.build:Building CMake package in '/home/aaron/ur_ws/src/moveit2/moveit_planners/pilz_industrial_motion_planner_testutils'
[1.730s] INFO:colcon.colcon_core.shell:Skip shell extension 'powershell' for command environment: Not usable outside of PowerShell
[1.730s] DEBUG:colcon.colcon_core.shell:Skip shell extension 'dsv' for command environment
[1.735s] DEBUG:colcon.colcon_core.event_handler.log_command:Invoking command in '/home/aaron/ur_ws/build/moveit_ros_occupancy_map_monitor': AMENT_PREFIX_PATH=/home/aaron/ur_ws/install/moveit_core:/home/aaron/ur_ws/install/moveit_resources_panda_moveit_config:/home/aaron/ur_ws/install/srdfdom:/home/aaron/ur_ws/install/moveit_resources_pr2_description:/home/aaron/ur_ws/install/moveit_resources_panda_description:/home/aaron/ur_ws/install/moveit_common:${AMENT_PREFIX_PATH} CMAKE_PREFIX_PATH=/home/aaron/ur_ws/install/moveit_core:/home/aaron/ur_ws/install/moveit_resources_panda_moveit_config:/home/aaron/ur_ws/install/srdfdom:/home/aaron/ur_ws/install/moveit_resources_pr2_description:/home/aaron/ur_ws/install/moveit_resources_panda_description:/home/aaron/ur_ws/install/moveit_common:/opt/ros/humble LD_LIBRARY_PATH=/home/aaron/ur_ws/install/moveit_core/lib:/home/aaron/ur_ws/install/srdfdom/lib:${LD_LIBRARY_PATH} PATH=/home/aaron/ur_ws/install/moveit_core/bin:${PATH} PYTHONPATH=/home/aaron/ur_ws/install/srdfdom/local/lib/python3.10/dist-packages:${PYTHONPATH} /usr/bin/cmake --build /home/aaron/ur_ws/build/moveit_ros_occupancy_map_monitor -- -j20 -l20
[1.736s] DEBUG:colcon.colcon_core.event_handler.log_command:Invoking command in '/home/aaron/ur_ws/build/moveit_simple_controller_manager': AMENT_PREFIX_PATH=/home/aaron/ur_ws/install/moveit_core:/home/aaron/ur_ws/install/moveit_resources_panda_moveit_config:/home/aaron/ur_ws/install/srdfdom:/home/aaron/ur_ws/install/moveit_resources_pr2_description:/home/aaron/ur_ws/install/moveit_resources_panda_description:/home/aaron/ur_ws/install/moveit_common:${AMENT_PREFIX_PATH} CMAKE_PREFIX_PATH=/home/aaron/ur_ws/install/moveit_core:/home/aaron/ur_ws/install/moveit_resources_panda_moveit_config:/home/aaron/ur_ws/install/srdfdom:/home/aaron/ur_ws/install/moveit_resources_pr2_description:/home/aaron/ur_ws/install/moveit_resources_panda_description:/home/aaron/ur_ws/install/moveit_common:/opt/ros/humble LD_LIBRARY_PATH=/home/aaron/ur_ws/install/moveit_core/lib:/home/aaron/ur_ws/install/srdfdom/lib:${LD_LIBRARY_PATH} PATH=/home/aaron/ur_ws/install/moveit_core/bin:${PATH} PYTHONPATH=/home/aaron/ur_ws/install/srdfdom/local/lib/python3.10/dist-packages:${PYTHONPATH} /usr/bin/cmake --build /home/aaron/ur_ws/build/moveit_simple_controller_manager -- -j20 -l20
[1.738s] DEBUG:colcon.colcon_core.event_handler.log_command:Invoking command in '/home/aaron/ur_ws/build/moveit_resources_prbt_ikfast_manipulator_plugin': AMENT_PREFIX_PATH=/home/aaron/ur_ws/install/moveit_core:/home/aaron/ur_ws/install/moveit_resources_panda_moveit_config:/home/aaron/ur_ws/install/srdfdom:/home/aaron/ur_ws/install/moveit_resources_pr2_description:/home/aaron/ur_ws/install/moveit_resources_panda_description:/home/aaron/ur_ws/install/moveit_common:${AMENT_PREFIX_PATH} CMAKE_PREFIX_PATH=/home/aaron/ur_ws/install/moveit_core:/home/aaron/ur_ws/install/moveit_resources_panda_moveit_config:/home/aaron/ur_ws/install/srdfdom:/home/aaron/ur_ws/install/moveit_resources_pr2_description:/home/aaron/ur_ws/install/moveit_resources_panda_description:/home/aaron/ur_ws/install/moveit_common:/opt/ros/humble LD_LIBRARY_PATH=/home/aaron/ur_ws/install/moveit_core/lib:/home/aaron/ur_ws/install/srdfdom/lib:${LD_LIBRARY_PATH} PATH=/home/aaron/ur_ws/install/moveit_core/bin:${PATH} PYTHONPATH=/home/aaron/ur_ws/install/srdfdom/local/lib/python3.10/dist-packages:${PYTHONPATH} /usr/bin/cmake --build /home/aaron/ur_ws/build/moveit_resources_prbt_ikfast_manipulator_plugin -- -j20 -l20
[1.740s] DEBUG:colcon.colcon_core.event_handler.log_command:Invoking command in '/home/aaron/ur_ws/build/chomp_motion_planner': AMENT_PREFIX_PATH=/home/aaron/ur_ws/install/moveit_core:/home/aaron/ur_ws/install/moveit_resources_panda_moveit_config:/home/aaron/ur_ws/install/srdfdom:/home/aaron/ur_ws/install/moveit_resources_pr2_description:/home/aaron/ur_ws/install/moveit_resources_panda_description:/home/aaron/ur_ws/install/moveit_common:${AMENT_PREFIX_PATH} CMAKE_PREFIX_PATH=/home/aaron/ur_ws/install/moveit_core:/home/aaron/ur_ws/install/moveit_resources_panda_moveit_config:/home/aaron/ur_ws/install/srdfdom:/home/aaron/ur_ws/install/moveit_resources_pr2_description:/home/aaron/ur_ws/install/moveit_resources_panda_description:/home/aaron/ur_ws/install/moveit_common:/opt/ros/humble LD_LIBRARY_PATH=/home/aaron/ur_ws/install/moveit_core/lib:/home/aaron/ur_ws/install/srdfdom/lib:${LD_LIBRARY_PATH} PATH=/home/aaron/ur_ws/install/moveit_core/bin:${PATH} PYTHONPATH=/home/aaron/ur_ws/install/srdfdom/local/lib/python3.10/dist-packages:${PYTHONPATH} /usr/bin/cmake --build /home/aaron/ur_ws/build/chomp_motion_planner -- -j20 -l20
[1.743s] DEBUG:colcon.colcon_core.event_handler.log_command:Invoking command in '/home/aaron/ur_ws/build/pilz_industrial_motion_planner_testutils': AMENT_PREFIX_PATH=/home/aaron/ur_ws/install/moveit_core:/home/aaron/ur_ws/install/moveit_resources_panda_moveit_config:/home/aaron/ur_ws/install/srdfdom:/home/aaron/ur_ws/install/moveit_resources_pr2_description:/home/aaron/ur_ws/install/moveit_resources_panda_description:/home/aaron/ur_ws/install/moveit_common:${AMENT_PREFIX_PATH} CMAKE_PREFIX_PATH=/home/aaron/ur_ws/install/moveit_core:/home/aaron/ur_ws/install/moveit_resources_panda_moveit_config:/home/aaron/ur_ws/install/srdfdom:/home/aaron/ur_ws/install/moveit_resources_pr2_description:/home/aaron/ur_ws/install/moveit_resources_panda_description:/home/aaron/ur_ws/install/moveit_common:/opt/ros/humble LD_LIBRARY_PATH=/home/aaron/ur_ws/install/moveit_core/lib:/home/aaron/ur_ws/install/srdfdom/lib:${LD_LIBRARY_PATH} PATH=/home/aaron/ur_ws/install/moveit_core/bin:${PATH} PYTHONPATH=/home/aaron/ur_ws/install/srdfdom/local/lib/python3.10/dist-packages:${PYTHONPATH} /usr/bin/cmake --build /home/aaron/ur_ws/build/pilz_industrial_motion_planner_testutils -- -j20 -l20
[1.795s] DEBUG:colcon.colcon_core.event_handler.log_command:Invoked command in '/home/aaron/ur_ws/build/moveit_resources_prbt_ikfast_manipulator_plugin' returned '0': AMENT_PREFIX_PATH=/home/aaron/ur_ws/install/moveit_core:/home/aaron/ur_ws/install/moveit_resources_panda_moveit_config:/home/aaron/ur_ws/install/srdfdom:/home/aaron/ur_ws/install/moveit_resources_pr2_description:/home/aaron/ur_ws/install/moveit_resources_panda_description:/home/aaron/ur_ws/install/moveit_common:${AMENT_PREFIX_PATH} CMAKE_PREFIX_PATH=/home/aaron/ur_ws/install/moveit_core:/home/aaron/ur_ws/install/moveit_resources_panda_moveit_config:/home/aaron/ur_ws/install/srdfdom:/home/aaron/ur_ws/install/moveit_resources_pr2_description:/home/aaron/ur_ws/install/moveit_resources_panda_description:/home/aaron/ur_ws/install/moveit_common:/opt/ros/humble LD_LIBRARY_PATH=/home/aaron/ur_ws/install/moveit_core/lib:/home/aaron/ur_ws/install/srdfdom/lib:${LD_LIBRARY_PATH} PATH=/home/aaron/ur_ws/install/moveit_core/bin:${PATH} PYTHONPATH=/home/aaron/ur_ws/install/srdfdom/local/lib/python3.10/dist-packages:${PYTHONPATH} /usr/bin/cmake --build /home/aaron/ur_ws/build/moveit_resources_prbt_ikfast_manipulator_plugin -- -j20 -l20
[1.796s] DEBUG:colcon.colcon_core.event_handler.log_command:Invoking command in '/home/aaron/ur_ws/build/moveit_resources_prbt_ikfast_manipulator_plugin': AMENT_PREFIX_PATH=/home/aaron/ur_ws/install/moveit_core:/home/aaron/ur_ws/install/moveit_resources_panda_moveit_config:/home/aaron/ur_ws/install/srdfdom:/home/aaron/ur_ws/install/moveit_resources_pr2_description:/home/aaron/ur_ws/install/moveit_resources_panda_description:/home/aaron/ur_ws/install/moveit_common:${AMENT_PREFIX_PATH} CMAKE_PREFIX_PATH=/home/aaron/ur_ws/install/moveit_core:/home/aaron/ur_ws/install/moveit_resources_panda_moveit_config:/home/aaron/ur_ws/install/srdfdom:/home/aaron/ur_ws/install/moveit_resources_pr2_description:/home/aaron/ur_ws/install/moveit_resources_panda_description:/home/aaron/ur_ws/install/moveit_common:/opt/ros/humble LD_LIBRARY_PATH=/home/aaron/ur_ws/install/moveit_core/lib:/home/aaron/ur_ws/install/srdfdom/lib:${LD_LIBRARY_PATH} PATH=/home/aaron/ur_ws/install/moveit_core/bin:${PATH} PYTHONPATH=/home/aaron/ur_ws/install/srdfdom/local/lib/python3.10/dist-packages:${PYTHONPATH} /usr/bin/cmake --install /home/aaron/ur_ws/build/moveit_resources_prbt_ikfast_manipulator_plugin
[1.803s] Level 1:colcon.colcon_core.environment:create_environment_scripts_only(moveit_resources_prbt_ikfast_manipulator_plugin)
[1.804s] Level 1:colcon.colcon_core.environment:checking '/home/aaron/ur_ws/install/moveit_resources_prbt_ikfast_manipulator_plugin' for CMake module files
[1.804s] DEBUG:colcon.colcon_core.event_handler.log_command:Invoked command in '/home/aaron/ur_ws/build/moveit_resources_prbt_ikfast_manipulator_plugin' returned '0': AMENT_PREFIX_PATH=/home/aaron/ur_ws/install/moveit_core:/home/aaron/ur_ws/install/moveit_resources_panda_moveit_config:/home/aaron/ur_ws/install/srdfdom:/home/aaron/ur_ws/install/moveit_resources_pr2_description:/home/aaron/ur_ws/install/moveit_resources_panda_description:/home/aaron/ur_ws/install/moveit_common:${AMENT_PREFIX_PATH} CMAKE_PREFIX_PATH=/home/aaron/ur_ws/install/moveit_core:/home/aaron/ur_ws/install/moveit_resources_panda_moveit_config:/home/aaron/ur_ws/install/srdfdom:/home/aaron/ur_ws/install/moveit_resources_pr2_description:/home/aaron/ur_ws/install/moveit_resources_panda_description:/home/aaron/ur_ws/install/moveit_common:/opt/ros/humble LD_LIBRARY_PATH=/home/aaron/ur_ws/install/moveit_core/lib:/home/aaron/ur_ws/install/srdfdom/lib:${LD_LIBRARY_PATH} PATH=/home/aaron/ur_ws/install/moveit_core/bin:${PATH} PYTHONPATH=/home/aaron/ur_ws/install/srdfdom/local/lib/python3.10/dist-packages:${PYTHONPATH} /usr/bin/cmake --install /home/aaron/ur_ws/build/moveit_resources_prbt_ikfast_manipulator_plugin
[1.804s] Level 1:colcon.colcon_core.environment:checking '/home/aaron/ur_ws/install/moveit_resources_prbt_ikfast_manipulator_plugin' for CMake config files
[1.804s] Level 1:colcon.colcon_core.shell:create_environment_hook('moveit_resources_prbt_ikfast_manipulator_plugin', 'cmake_prefix_path')
[1.805s] INFO:colcon.colcon_core.shell:Creating environment hook '/home/aaron/ur_ws/install/moveit_resources_prbt_ikfast_manipulator_plugin/share/moveit_resources_prbt_ikfast_manipulator_plugin/hook/cmake_prefix_path.ps1'
[1.805s] INFO:colcon.colcon_core.shell:Creating environment descriptor '/home/aaron/ur_ws/install/moveit_resources_prbt_ikfast_manipulator_plugin/share/moveit_resources_prbt_ikfast_manipulator_plugin/hook/cmake_prefix_path.dsv'
[1.805s] INFO:colcon.colcon_core.shell:Creating environment hook '/home/aaron/ur_ws/install/moveit_resources_prbt_ikfast_manipulator_plugin/share/moveit_resources_prbt_ikfast_manipulator_plugin/hook/cmake_prefix_path.sh'
[1.805s] Level 1:colcon.colcon_core.environment:checking '/home/aaron/ur_ws/install/moveit_resources_prbt_ikfast_manipulator_plugin/lib'
[1.806s] Level 1:colcon.colcon_core.shell:create_environment_hook('moveit_resources_prbt_ikfast_manipulator_plugin', 'ld_library_path_lib')
[1.806s] INFO:colcon.colcon_core.shell:Creating environment hook '/home/aaron/ur_ws/install/moveit_resources_prbt_ikfast_manipulator_plugin/share/moveit_resources_prbt_ikfast_manipulator_plugin/hook/ld_library_path_lib.ps1'
[1.806s] INFO:colcon.colcon_core.shell:Creating environment descriptor '/home/aaron/ur_ws/install/moveit_resources_prbt_ikfast_manipulator_plugin/share/moveit_resources_prbt_ikfast_manipulator_plugin/hook/ld_library_path_lib.dsv'
[1.806s] INFO:colcon.colcon_core.shell:Creating environment hook '/home/aaron/ur_ws/install/moveit_resources_prbt_ikfast_manipulator_plugin/share/moveit_resources_prbt_ikfast_manipulator_plugin/hook/ld_library_path_lib.sh'
[1.806s] Level 1:colcon.colcon_core.environment:checking '/home/aaron/ur_ws/install/moveit_resources_prbt_ikfast_manipulator_plugin/bin'
[1.807s] Level 1:colcon.colcon_core.environment:checking '/home/aaron/ur_ws/install/moveit_resources_prbt_ikfast_manipulator_plugin/lib/pkgconfig/moveit_resources_prbt_ikfast_manipulator_plugin.pc'
[1.807s] Level 1:colcon.colcon_core.environment:checking '/home/aaron/ur_ws/install/moveit_resources_prbt_ikfast_manipulator_plugin/lib/python3.10/site-packages'
[1.807s] Level 1:colcon.colcon_core.environment:checking '/home/aaron/ur_ws/install/moveit_resources_prbt_ikfast_manipulator_plugin/bin'
[1.807s] INFO:colcon.colcon_core.shell:Creating package script '/home/aaron/ur_ws/install/moveit_resources_prbt_ikfast_manipulator_plugin/share/moveit_resources_prbt_ikfast_manipulator_plugin/package.ps1'
[1.807s] INFO:colcon.colcon_core.shell:Creating package descriptor '/home/aaron/ur_ws/install/moveit_resources_prbt_ikfast_manipulator_plugin/share/moveit_resources_prbt_ikfast_manipulator_plugin/package.dsv'
[1.808s] INFO:colcon.colcon_core.shell:Creating package script '/home/aaron/ur_ws/install/moveit_resources_prbt_ikfast_manipulator_plugin/share/moveit_resources_prbt_ikfast_manipulator_plugin/package.sh'
[1.808s] INFO:colcon.colcon_core.shell:Creating package script '/home/aaron/ur_ws/install/moveit_resources_prbt_ikfast_manipulator_plugin/share/moveit_resources_prbt_ikfast_manipulator_plugin/package.bash'
[1.808s] INFO:colcon.colcon_core.shell:Creating package script '/home/aaron/ur_ws/install/moveit_resources_prbt_ikfast_manipulator_plugin/share/moveit_resources_prbt_ikfast_manipulator_plugin/package.zsh'
[1.808s] Level 1:colcon.colcon_core.environment:create_file_with_runtime_dependencies(/home/aaron/ur_ws/install/moveit_resources_prbt_ikfast_manipulator_plugin/share/colcon-core/packages/moveit_resources_prbt_ikfast_manipulator_plugin)
[1.809s] Level 1:colcon.colcon_core.environment:create_environment_scripts_only(moveit_resources_prbt_ikfast_manipulator_plugin)
[1.809s] Level 1:colcon.colcon_core.environment:checking '/home/aaron/ur_ws/install/moveit_resources_prbt_ikfast_manipulator_plugin' for CMake module files
[1.809s] Level 1:colcon.colcon_core.environment:checking '/home/aaron/ur_ws/install/moveit_resources_prbt_ikfast_manipulator_plugin' for CMake config files
[1.809s] Level 1:colcon.colcon_core.shell:create_environment_hook('moveit_resources_prbt_ikfast_manipulator_plugin', 'cmake_prefix_path')
[1.809s] INFO:colcon.colcon_core.shell:Creating environment hook '/home/aaron/ur_ws/install/moveit_resources_prbt_ikfast_manipulator_plugin/share/moveit_resources_prbt_ikfast_manipulator_plugin/hook/cmake_prefix_path.ps1'
[1.810s] INFO:colcon.colcon_core.shell:Creating environment descriptor '/home/aaron/ur_ws/install/moveit_resources_prbt_ikfast_manipulator_plugin/share/moveit_resources_prbt_ikfast_manipulator_plugin/hook/cmake_prefix_path.dsv'
[1.810s] INFO:colcon.colcon_core.shell:Creating environment hook '/home/aaron/ur_ws/install/moveit_resources_prbt_ikfast_manipulator_plugin/share/moveit_resources_prbt_ikfast_manipulator_plugin/hook/cmake_prefix_path.sh'
[1.811s] Level 1:colcon.colcon_core.environment:checking '/home/aaron/ur_ws/install/moveit_resources_prbt_ikfast_manipulator_plugin/lib'
[1.811s] Level 1:colcon.colcon_core.shell:create_environment_hook('moveit_resources_prbt_ikfast_manipulator_plugin', 'ld_library_path_lib')
[1.811s] INFO:colcon.colcon_core.shell:Creating environment hook '/home/aaron/ur_ws/install/moveit_resources_prbt_ikfast_manipulator_plugin/share/moveit_resources_prbt_ikfast_manipulator_plugin/hook/ld_library_path_lib.ps1'
[1.812s] INFO:colcon.colcon_core.shell:Creating environment descriptor '/home/aaron/ur_ws/install/moveit_resources_prbt_ikfast_manipulator_plugin/share/moveit_resources_prbt_ikfast_manipulator_plugin/hook/ld_library_path_lib.dsv'
[1.812s] INFO:colcon.colcon_core.shell:Creating environment hook '/home/aaron/ur_ws/install/moveit_resources_prbt_ikfast_manipulator_plugin/share/moveit_resources_prbt_ikfast_manipulator_plugin/hook/ld_library_path_lib.sh'
[1.812s] Level 1:colcon.colcon_core.environment:checking '/home/aaron/ur_ws/install/moveit_resources_prbt_ikfast_manipulator_plugin/bin'
[1.812s] Level 1:colcon.colcon_core.environment:checking '/home/aaron/ur_ws/install/moveit_resources_prbt_ikfast_manipulator_plugin/lib/pkgconfig/moveit_resources_prbt_ikfast_manipulator_plugin.pc'
[1.812s] Level 1:colcon.colcon_core.environment:checking '/home/aaron/ur_ws/install/moveit_resources_prbt_ikfast_manipulator_plugin/lib/python3.10/site-packages'
[1.813s] Level 1:colcon.colcon_core.environment:checking '/home/aaron/ur_ws/install/moveit_resources_prbt_ikfast_manipulator_plugin/bin'
[1.813s] INFO:colcon.colcon_core.shell:Creating package script '/home/aaron/ur_ws/install/moveit_resources_prbt_ikfast_manipulator_plugin/share/moveit_resources_prbt_ikfast_manipulator_plugin/package.ps1'
[1.813s] INFO:colcon.colcon_core.shell:Creating package descriptor '/home/aaron/ur_ws/install/moveit_resources_prbt_ikfast_manipulator_plugin/share/moveit_resources_prbt_ikfast_manipulator_plugin/package.dsv'
[1.814s] INFO:colcon.colcon_core.shell:Creating package script '/home/aaron/ur_ws/install/moveit_resources_prbt_ikfast_manipulator_plugin/share/moveit_resources_prbt_ikfast_manipulator_plugin/package.sh'
[1.814s] INFO:colcon.colcon_core.shell:Creating package script '/home/aaron/ur_ws/install/moveit_resources_prbt_ikfast_manipulator_plugin/share/moveit_resources_prbt_ikfast_manipulator_plugin/package.bash'
[1.814s] INFO:colcon.colcon_core.shell:Creating package script '/home/aaron/ur_ws/install/moveit_resources_prbt_ikfast_manipulator_plugin/share/moveit_resources_prbt_ikfast_manipulator_plugin/package.zsh'
[1.814s] Level 1:colcon.colcon_core.environment:create_file_with_runtime_dependencies(/home/aaron/ur_ws/install/moveit_resources_prbt_ikfast_manipulator_plugin/share/colcon-core/packages/moveit_resources_prbt_ikfast_manipulator_plugin)
[1.816s] DEBUG:colcon.colcon_core.event_handler.log_command:Invoked command in '/home/aaron/ur_ws/build/moveit_simple_controller_manager' returned '0': AMENT_PREFIX_PATH=/home/aaron/ur_ws/install/moveit_core:/home/aaron/ur_ws/install/moveit_resources_panda_moveit_config:/home/aaron/ur_ws/install/srdfdom:/home/aaron/ur_ws/install/moveit_resources_pr2_description:/home/aaron/ur_ws/install/moveit_resources_panda_description:/home/aaron/ur_ws/install/moveit_common:${AMENT_PREFIX_PATH} CMAKE_PREFIX_PATH=/home/aaron/ur_ws/install/moveit_core:/home/aaron/ur_ws/install/moveit_resources_panda_moveit_config:/home/aaron/ur_ws/install/srdfdom:/home/aaron/ur_ws/install/moveit_resources_pr2_description:/home/aaron/ur_ws/install/moveit_resources_panda_description:/home/aaron/ur_ws/install/moveit_common:/opt/ros/humble LD_LIBRARY_PATH=/home/aaron/ur_ws/install/moveit_core/lib:/home/aaron/ur_ws/install/srdfdom/lib:${LD_LIBRARY_PATH} PATH=/home/aaron/ur_ws/install/moveit_core/bin:${PATH} PYTHONPATH=/home/aaron/ur_ws/install/srdfdom/local/lib/python3.10/dist-packages:${PYTHONPATH} /usr/bin/cmake --build /home/aaron/ur_ws/build/moveit_simple_controller_manager -- -j20 -l20
[1.816s] DEBUG:colcon.colcon_core.event_handler.log_command:Invoking command in '/home/aaron/ur_ws/build/moveit_simple_controller_manager': AMENT_PREFIX_PATH=/home/aaron/ur_ws/install/moveit_core:/home/aaron/ur_ws/install/moveit_resources_panda_moveit_config:/home/aaron/ur_ws/install/srdfdom:/home/aaron/ur_ws/install/moveit_resources_pr2_description:/home/aaron/ur_ws/install/moveit_resources_panda_description:/home/aaron/ur_ws/install/moveit_common:${AMENT_PREFIX_PATH} CMAKE_PREFIX_PATH=/home/aaron/ur_ws/install/moveit_core:/home/aaron/ur_ws/install/moveit_resources_panda_moveit_config:/home/aaron/ur_ws/install/srdfdom:/home/aaron/ur_ws/install/moveit_resources_pr2_description:/home/aaron/ur_ws/install/moveit_resources_panda_description:/home/aaron/ur_ws/install/moveit_common:/opt/ros/humble LD_LIBRARY_PATH=/home/aaron/ur_ws/install/moveit_core/lib:/home/aaron/ur_ws/install/srdfdom/lib:${LD_LIBRARY_PATH} PATH=/home/aaron/ur_ws/install/moveit_core/bin:${PATH} PYTHONPATH=/home/aaron/ur_ws/install/srdfdom/local/lib/python3.10/dist-packages:${PYTHONPATH} /usr/bin/cmake --install /home/aaron/ur_ws/build/moveit_simple_controller_manager
[1.818s] DEBUG:colcon.colcon_core.event_handler.log_command:Invoked command in '/home/aaron/ur_ws/build/chomp_motion_planner' returned '0': AMENT_PREFIX_PATH=/home/aaron/ur_ws/install/moveit_core:/home/aaron/ur_ws/install/moveit_resources_panda_moveit_config:/home/aaron/ur_ws/install/srdfdom:/home/aaron/ur_ws/install/moveit_resources_pr2_description:/home/aaron/ur_ws/install/moveit_resources_panda_description:/home/aaron/ur_ws/install/moveit_common:${AMENT_PREFIX_PATH} CMAKE_PREFIX_PATH=/home/aaron/ur_ws/install/moveit_core:/home/aaron/ur_ws/install/moveit_resources_panda_moveit_config:/home/aaron/ur_ws/install/srdfdom:/home/aaron/ur_ws/install/moveit_resources_pr2_description:/home/aaron/ur_ws/install/moveit_resources_panda_description:/home/aaron/ur_ws/install/moveit_common:/opt/ros/humble LD_LIBRARY_PATH=/home/aaron/ur_ws/install/moveit_core/lib:/home/aaron/ur_ws/install/srdfdom/lib:${LD_LIBRARY_PATH} PATH=/home/aaron/ur_ws/install/moveit_core/bin:${PATH} PYTHONPATH=/home/aaron/ur_ws/install/srdfdom/local/lib/python3.10/dist-packages:${PYTHONPATH} /usr/bin/cmake --build /home/aaron/ur_ws/build/chomp_motion_planner -- -j20 -l20
[1.818s] DEBUG:colcon.colcon_core.event_handler.log_command:Invoking command in '/home/aaron/ur_ws/build/chomp_motion_planner': AMENT_PREFIX_PATH=/home/aaron/ur_ws/install/moveit_core:/home/aaron/ur_ws/install/moveit_resources_panda_moveit_config:/home/aaron/ur_ws/install/srdfdom:/home/aaron/ur_ws/install/moveit_resources_pr2_description:/home/aaron/ur_ws/install/moveit_resources_panda_description:/home/aaron/ur_ws/install/moveit_common:${AMENT_PREFIX_PATH} CMAKE_PREFIX_PATH=/home/aaron/ur_ws/install/moveit_core:/home/aaron/ur_ws/install/moveit_resources_panda_moveit_config:/home/aaron/ur_ws/install/srdfdom:/home/aaron/ur_ws/install/moveit_resources_pr2_description:/home/aaron/ur_ws/install/moveit_resources_panda_description:/home/aaron/ur_ws/install/moveit_common:/opt/ros/humble LD_LIBRARY_PATH=/home/aaron/ur_ws/install/moveit_core/lib:/home/aaron/ur_ws/install/srdfdom/lib:${LD_LIBRARY_PATH} PATH=/home/aaron/ur_ws/install/moveit_core/bin:${PATH} PYTHONPATH=/home/aaron/ur_ws/install/srdfdom/local/lib/python3.10/dist-packages:${PYTHONPATH} /usr/bin/cmake --install /home/aaron/ur_ws/build/chomp_motion_planner
[1.825s] DEBUG:colcon.colcon_core.event_handler.log_command:Invoked command in '/home/aaron/ur_ws/build/moveit_ros_occupancy_map_monitor' returned '0': AMENT_PREFIX_PATH=/home/aaron/ur_ws/install/moveit_core:/home/aaron/ur_ws/install/moveit_resources_panda_moveit_config:/home/aaron/ur_ws/install/srdfdom:/home/aaron/ur_ws/install/moveit_resources_pr2_description:/home/aaron/ur_ws/install/moveit_resources_panda_description:/home/aaron/ur_ws/install/moveit_common:${AMENT_PREFIX_PATH} CMAKE_PREFIX_PATH=/home/aaron/ur_ws/install/moveit_core:/home/aaron/ur_ws/install/moveit_resources_panda_moveit_config:/home/aaron/ur_ws/install/srdfdom:/home/aaron/ur_ws/install/moveit_resources_pr2_description:/home/aaron/ur_ws/install/moveit_resources_panda_description:/home/aaron/ur_ws/install/moveit_common:/opt/ros/humble LD_LIBRARY_PATH=/home/aaron/ur_ws/install/moveit_core/lib:/home/aaron/ur_ws/install/srdfdom/lib:${LD_LIBRARY_PATH} PATH=/home/aaron/ur_ws/install/moveit_core/bin:${PATH} PYTHONPATH=/home/aaron/ur_ws/install/srdfdom/local/lib/python3.10/dist-packages:${PYTHONPATH} /usr/bin/cmake --build /home/aaron/ur_ws/build/moveit_ros_occupancy_map_monitor -- -j20 -l20
[1.826s] Level 1:colcon.colcon_core.environment:create_environment_scripts_only(moveit_simple_controller_manager)
[1.827s] Level 1:colcon.colcon_core.environment:checking '/home/aaron/ur_ws/install/moveit_simple_controller_manager' for CMake module files
[1.827s] DEBUG:colcon.colcon_core.event_handler.log_command:Invoking command in '/home/aaron/ur_ws/build/moveit_ros_occupancy_map_monitor': AMENT_PREFIX_PATH=/home/aaron/ur_ws/install/moveit_core:/home/aaron/ur_ws/install/moveit_resources_panda_moveit_config:/home/aaron/ur_ws/install/srdfdom:/home/aaron/ur_ws/install/moveit_resources_pr2_description:/home/aaron/ur_ws/install/moveit_resources_panda_description:/home/aaron/ur_ws/install/moveit_common:${AMENT_PREFIX_PATH} CMAKE_PREFIX_PATH=/home/aaron/ur_ws/install/moveit_core:/home/aaron/ur_ws/install/moveit_resources_panda_moveit_config:/home/aaron/ur_ws/install/srdfdom:/home/aaron/ur_ws/install/moveit_resources_pr2_description:/home/aaron/ur_ws/install/moveit_resources_panda_description:/home/aaron/ur_ws/install/moveit_common:/opt/ros/humble LD_LIBRARY_PATH=/home/aaron/ur_ws/install/moveit_core/lib:/home/aaron/ur_ws/install/srdfdom/lib:${LD_LIBRARY_PATH} PATH=/home/aaron/ur_ws/install/moveit_core/bin:${PATH} PYTHONPATH=/home/aaron/ur_ws/install/srdfdom/local/lib/python3.10/dist-packages:${PYTHONPATH} /usr/bin/cmake --install /home/aaron/ur_ws/build/moveit_ros_occupancy_map_monitor
[1.828s] DEBUG:colcon.colcon_core.event_handler.log_command:Invoked command in '/home/aaron/ur_ws/build/moveit_simple_controller_manager' returned '0': AMENT_PREFIX_PATH=/home/aaron/ur_ws/install/moveit_core:/home/aaron/ur_ws/install/moveit_resources_panda_moveit_config:/home/aaron/ur_ws/install/srdfdom:/home/aaron/ur_ws/install/moveit_resources_pr2_description:/home/aaron/ur_ws/install/moveit_resources_panda_description:/home/aaron/ur_ws/install/moveit_common:${AMENT_PREFIX_PATH} CMAKE_PREFIX_PATH=/home/aaron/ur_ws/install/moveit_core:/home/aaron/ur_ws/install/moveit_resources_panda_moveit_config:/home/aaron/ur_ws/install/srdfdom:/home/aaron/ur_ws/install/moveit_resources_pr2_description:/home/aaron/ur_ws/install/moveit_resources_panda_description:/home/aaron/ur_ws/install/moveit_common:/opt/ros/humble LD_LIBRARY_PATH=/home/aaron/ur_ws/install/moveit_core/lib:/home/aaron/ur_ws/install/srdfdom/lib:${LD_LIBRARY_PATH} PATH=/home/aaron/ur_ws/install/moveit_core/bin:${PATH} PYTHONPATH=/home/aaron/ur_ws/install/srdfdom/local/lib/python3.10/dist-packages:${PYTHONPATH} /usr/bin/cmake --install /home/aaron/ur_ws/build/moveit_simple_controller_manager
[1.829s] Level 1:colcon.colcon_core.environment:checking '/home/aaron/ur_ws/install/moveit_simple_controller_manager' for CMake config files
[1.832s] Level 1:colcon.colcon_core.shell:create_environment_hook('moveit_simple_controller_manager', 'cmake_prefix_path')
[1.832s] INFO:colcon.colcon_core.shell:Creating environment hook '/home/aaron/ur_ws/install/moveit_simple_controller_manager/share/moveit_simple_controller_manager/hook/cmake_prefix_path.ps1'
[1.833s] INFO:colcon.colcon_core.shell:Creating environment descriptor '/home/aaron/ur_ws/install/moveit_simple_controller_manager/share/moveit_simple_controller_manager/hook/cmake_prefix_path.dsv'
[1.833s] INFO:colcon.colcon_core.shell:Creating environment hook '/home/aaron/ur_ws/install/moveit_simple_controller_manager/share/moveit_simple_controller_manager/hook/cmake_prefix_path.sh'
[1.833s] Level 1:colcon.colcon_core.environment:checking '/home/aaron/ur_ws/install/moveit_simple_controller_manager/lib'
[1.833s] Level 1:colcon.colcon_core.shell:create_environment_hook('moveit_simple_controller_manager', 'ld_library_path_lib')
[1.833s] INFO:colcon.colcon_core.shell:Creating environment hook '/home/aaron/ur_ws/install/moveit_simple_controller_manager/share/moveit_simple_controller_manager/hook/ld_library_path_lib.ps1'
[1.834s] INFO:colcon.colcon_core.shell:Creating environment descriptor '/home/aaron/ur_ws/install/moveit_simple_controller_manager/share/moveit_simple_controller_manager/hook/ld_library_path_lib.dsv'
[1.834s] INFO:colcon.colcon_core.shell:Creating environment hook '/home/aaron/ur_ws/install/moveit_simple_controller_manager/share/moveit_simple_controller_manager/hook/ld_library_path_lib.sh'
[1.834s] Level 1:colcon.colcon_core.environment:checking '/home/aaron/ur_ws/install/moveit_simple_controller_manager/bin'
[1.834s] Level 1:colcon.colcon_core.environment:checking '/home/aaron/ur_ws/install/moveit_simple_controller_manager/lib/pkgconfig/moveit_simple_controller_manager.pc'
[1.834s] Level 1:colcon.colcon_core.environment:checking '/home/aaron/ur_ws/install/moveit_simple_controller_manager/lib/python3.10/site-packages'
[1.834s] Level 1:colcon.colcon_core.environment:checking '/home/aaron/ur_ws/install/moveit_simple_controller_manager/bin'
[1.835s] INFO:colcon.colcon_core.shell:Creating package script '/home/aaron/ur_ws/install/moveit_simple_controller_manager/share/moveit_simple_controller_manager/package.ps1'
[1.835s] INFO:colcon.colcon_core.shell:Creating package descriptor '/home/aaron/ur_ws/install/moveit_simple_controller_manager/share/moveit_simple_controller_manager/package.dsv'
[1.835s] INFO:colcon.colcon_core.shell:Creating package script '/home/aaron/ur_ws/install/moveit_simple_controller_manager/share/moveit_simple_controller_manager/package.sh'
[1.835s] INFO:colcon.colcon_core.shell:Creating package script '/home/aaron/ur_ws/install/moveit_simple_controller_manager/share/moveit_simple_controller_manager/package.bash'
[1.836s] INFO:colcon.colcon_core.shell:Creating package script '/home/aaron/ur_ws/install/moveit_simple_controller_manager/share/moveit_simple_controller_manager/package.zsh'
[1.836s] Level 1:colcon.colcon_core.environment:create_file_with_runtime_dependencies(/home/aaron/ur_ws/install/moveit_simple_controller_manager/share/colcon-core/packages/moveit_simple_controller_manager)
[1.836s] Level 1:colcon.colcon_core.environment:create_environment_scripts_only(moveit_simple_controller_manager)
[1.836s] Level 1:colcon.colcon_core.environment:checking '/home/aaron/ur_ws/install/moveit_simple_controller_manager' for CMake module files
[1.837s] Level 1:colcon.colcon_core.environment:checking '/home/aaron/ur_ws/install/moveit_simple_controller_manager' for CMake config files
[1.837s] Level 1:colcon.colcon_core.shell:create_environment_hook('moveit_simple_controller_manager', 'cmake_prefix_path')
[1.837s] INFO:colcon.colcon_core.shell:Creating environment hook '/home/aaron/ur_ws/install/moveit_simple_controller_manager/share/moveit_simple_controller_manager/hook/cmake_prefix_path.ps1'
[1.837s] INFO:colcon.colcon_core.shell:Creating environment descriptor '/home/aaron/ur_ws/install/moveit_simple_controller_manager/share/moveit_simple_controller_manager/hook/cmake_prefix_path.dsv'
[1.837s] INFO:colcon.colcon_core.shell:Creating environment hook '/home/aaron/ur_ws/install/moveit_simple_controller_manager/share/moveit_simple_controller_manager/hook/cmake_prefix_path.sh'
[1.838s] Level 1:colcon.colcon_core.environment:checking '/home/aaron/ur_ws/install/moveit_simple_controller_manager/lib'
[1.838s] Level 1:colcon.colcon_core.shell:create_environment_hook('moveit_simple_controller_manager', 'ld_library_path_lib')
[1.838s] INFO:colcon.colcon_core.shell:Creating environment hook '/home/aaron/ur_ws/install/moveit_simple_controller_manager/share/moveit_simple_controller_manager/hook/ld_library_path_lib.ps1'
[1.838s] INFO:colcon.colcon_core.shell:Creating environment descriptor '/home/aaron/ur_ws/install/moveit_simple_controller_manager/share/moveit_simple_controller_manager/hook/ld_library_path_lib.dsv'
[1.838s] INFO:colcon.colcon_core.shell:Creating environment hook '/home/aaron/ur_ws/install/moveit_simple_controller_manager/share/moveit_simple_controller_manager/hook/ld_library_path_lib.sh'
[1.838s] Level 1:colcon.colcon_core.environment:checking '/home/aaron/ur_ws/install/moveit_simple_controller_manager/bin'
[1.838s] Level 1:colcon.colcon_core.environment:checking '/home/aaron/ur_ws/install/moveit_simple_controller_manager/lib/pkgconfig/moveit_simple_controller_manager.pc'
[1.839s] Level 1:colcon.colcon_core.environment:checking '/home/aaron/ur_ws/install/moveit_simple_controller_manager/lib/python3.10/site-packages'
[1.839s] Level 1:colcon.colcon_core.environment:checking '/home/aaron/ur_ws/install/moveit_simple_controller_manager/bin'
[1.839s] INFO:colcon.colcon_core.shell:Creating package script '/home/aaron/ur_ws/install/moveit_simple_controller_manager/share/moveit_simple_controller_manager/package.ps1'
[1.839s] INFO:colcon.colcon_core.shell:Creating package descriptor '/home/aaron/ur_ws/install/moveit_simple_controller_manager/share/moveit_simple_controller_manager/package.dsv'
[1.839s] INFO:colcon.colcon_core.shell:Creating package script '/home/aaron/ur_ws/install/moveit_simple_controller_manager/share/moveit_simple_controller_manager/package.sh'
[1.840s] INFO:colcon.colcon_core.shell:Creating package script '/home/aaron/ur_ws/install/moveit_simple_controller_manager/share/moveit_simple_controller_manager/package.bash'
[1.840s] INFO:colcon.colcon_core.shell:Creating package script '/home/aaron/ur_ws/install/moveit_simple_controller_manager/share/moveit_simple_controller_manager/package.zsh'
[1.840s] Level 1:colcon.colcon_core.environment:create_file_with_runtime_dependencies(/home/aaron/ur_ws/install/moveit_simple_controller_manager/share/colcon-core/packages/moveit_simple_controller_manager)
[1.841s] INFO:colcon.colcon_ros.task.ament_cmake.build:Building ROS package in '/home/aaron/ur_ws/src/moveit2/moveit_plugins/moveit_plugins' with build type 'ament_cmake'
[1.841s] INFO:colcon.colcon_cmake.task.cmake.build:Building CMake package in '/home/aaron/ur_ws/src/moveit2/moveit_plugins/moveit_plugins'
[1.841s] INFO:colcon.colcon_core.shell:Skip shell extension 'powershell' for command environment: Not usable outside of PowerShell
[1.841s] DEBUG:colcon.colcon_core.shell:Skip shell extension 'dsv' for command environment
[1.843s] INFO:colcon.colcon_ros.task.ament_cmake.build:Building ROS package in '/home/aaron/ur_ws/src/moveit2/moveit_plugins/moveit_ros_control_interface' with build type 'ament_cmake'
[1.843s] INFO:colcon.colcon_cmake.task.cmake.build:Building CMake package in '/home/aaron/ur_ws/src/moveit2/moveit_plugins/moveit_ros_control_interface'
[1.844s] INFO:colcon.colcon_core.shell:Skip shell extension 'powershell' for command environment: Not usable outside of PowerShell
[1.844s] DEBUG:colcon.colcon_core.shell:Skip shell extension 'dsv' for command environment
[1.846s] Level 1:colcon.colcon_core.environment:create_environment_scripts_only(chomp_motion_planner)
[1.846s] Level 1:colcon.colcon_core.environment:checking '/home/aaron/ur_ws/install/chomp_motion_planner' for CMake module files
[1.847s] DEBUG:colcon.colcon_core.event_handler.log_command:Invoked command in '/home/aaron/ur_ws/build/chomp_motion_planner' returned '0': AMENT_PREFIX_PATH=/home/aaron/ur_ws/install/moveit_core:/home/aaron/ur_ws/install/moveit_resources_panda_moveit_config:/home/aaron/ur_ws/install/srdfdom:/home/aaron/ur_ws/install/moveit_resources_pr2_description:/home/aaron/ur_ws/install/moveit_resources_panda_description:/home/aaron/ur_ws/install/moveit_common:${AMENT_PREFIX_PATH} CMAKE_PREFIX_PATH=/home/aaron/ur_ws/install/moveit_core:/home/aaron/ur_ws/install/moveit_resources_panda_moveit_config:/home/aaron/ur_ws/install/srdfdom:/home/aaron/ur_ws/install/moveit_resources_pr2_description:/home/aaron/ur_ws/install/moveit_resources_panda_description:/home/aaron/ur_ws/install/moveit_common:/opt/ros/humble LD_LIBRARY_PATH=/home/aaron/ur_ws/install/moveit_core/lib:/home/aaron/ur_ws/install/srdfdom/lib:${LD_LIBRARY_PATH} PATH=/home/aaron/ur_ws/install/moveit_core/bin:${PATH} PYTHONPATH=/home/aaron/ur_ws/install/srdfdom/local/lib/python3.10/dist-packages:${PYTHONPATH} /usr/bin/cmake --install /home/aaron/ur_ws/build/chomp_motion_planner
[1.847s] Level 1:colcon.colcon_core.environment:checking '/home/aaron/ur_ws/install/chomp_motion_planner' for CMake config files
[1.847s] Level 1:colcon.colcon_core.shell:create_environment_hook('chomp_motion_planner', 'cmake_prefix_path')
[1.847s] INFO:colcon.colcon_core.shell:Creating environment hook '/home/aaron/ur_ws/install/chomp_motion_planner/share/chomp_motion_planner/hook/cmake_prefix_path.ps1'
[1.847s] INFO:colcon.colcon_core.shell:Creating environment descriptor '/home/aaron/ur_ws/install/chomp_motion_planner/share/chomp_motion_planner/hook/cmake_prefix_path.dsv'
[1.847s] INFO:colcon.colcon_core.shell:Creating environment hook '/home/aaron/ur_ws/install/chomp_motion_planner/share/chomp_motion_planner/hook/cmake_prefix_path.sh'
[1.848s] Level 1:colcon.colcon_core.environment:checking '/home/aaron/ur_ws/install/chomp_motion_planner/lib'
[1.848s] Level 1:colcon.colcon_core.shell:create_environment_hook('chomp_motion_planner', 'ld_library_path_lib')
[1.848s] INFO:colcon.colcon_core.shell:Creating environment hook '/home/aaron/ur_ws/install/chomp_motion_planner/share/chomp_motion_planner/hook/ld_library_path_lib.ps1'
[1.848s] INFO:colcon.colcon_core.shell:Creating environment descriptor '/home/aaron/ur_ws/install/chomp_motion_planner/share/chomp_motion_planner/hook/ld_library_path_lib.dsv'
[1.848s] INFO:colcon.colcon_core.shell:Creating environment hook '/home/aaron/ur_ws/install/chomp_motion_planner/share/chomp_motion_planner/hook/ld_library_path_lib.sh'
[1.849s] Level 1:colcon.colcon_core.environment:checking '/home/aaron/ur_ws/install/chomp_motion_planner/bin'
[1.849s] Level 1:colcon.colcon_core.environment:checking '/home/aaron/ur_ws/install/chomp_motion_planner/lib/pkgconfig/chomp_motion_planner.pc'
[1.849s] Level 1:colcon.colcon_core.environment:checking '/home/aaron/ur_ws/install/chomp_motion_planner/lib/python3.10/site-packages'
[1.849s] Level 1:colcon.colcon_core.environment:checking '/home/aaron/ur_ws/install/chomp_motion_planner/bin'
[1.849s] INFO:colcon.colcon_core.shell:Creating package script '/home/aaron/ur_ws/install/chomp_motion_planner/share/chomp_motion_planner/package.ps1'
[1.849s] INFO:colcon.colcon_core.shell:Creating package descriptor '/home/aaron/ur_ws/install/chomp_motion_planner/share/chomp_motion_planner/package.dsv'
[1.850s] INFO:colcon.colcon_core.shell:Creating package script '/home/aaron/ur_ws/install/chomp_motion_planner/share/chomp_motion_planner/package.sh'
[1.850s] INFO:colcon.colcon_core.shell:Creating package script '/home/aaron/ur_ws/install/chomp_motion_planner/share/chomp_motion_planner/package.bash'
[1.850s] INFO:colcon.colcon_core.shell:Creating package script '/home/aaron/ur_ws/install/chomp_motion_planner/share/chomp_motion_planner/package.zsh'
[1.850s] Level 1:colcon.colcon_core.environment:create_file_with_runtime_dependencies(/home/aaron/ur_ws/install/chomp_motion_planner/share/colcon-core/packages/chomp_motion_planner)
[1.851s] Level 1:colcon.colcon_core.environment:create_environment_scripts_only(chomp_motion_planner)
[1.851s] Level 1:colcon.colcon_core.environment:checking '/home/aaron/ur_ws/install/chomp_motion_planner' for CMake module files
[1.851s] Level 1:colcon.colcon_core.environment:checking '/home/aaron/ur_ws/install/chomp_motion_planner' for CMake config files
[1.852s] Level 1:colcon.colcon_core.shell:create_environment_hook('chomp_motion_planner', 'cmake_prefix_path')
[1.852s] INFO:colcon.colcon_core.shell:Creating environment hook '/home/aaron/ur_ws/install/chomp_motion_planner/share/chomp_motion_planner/hook/cmake_prefix_path.ps1'
[1.852s] INFO:colcon.colcon_core.shell:Creating environment descriptor '/home/aaron/ur_ws/install/chomp_motion_planner/share/chomp_motion_planner/hook/cmake_prefix_path.dsv'
[1.852s] INFO:colcon.colcon_core.shell:Creating environment hook '/home/aaron/ur_ws/install/chomp_motion_planner/share/chomp_motion_planner/hook/cmake_prefix_path.sh'
[1.852s] Level 1:colcon.colcon_core.environment:checking '/home/aaron/ur_ws/install/chomp_motion_planner/lib'
[1.852s] Level 1:colcon.colcon_core.shell:create_environment_hook('chomp_motion_planner', 'ld_library_path_lib')
[1.853s] INFO:colcon.colcon_core.shell:Creating environment hook '/home/aaron/ur_ws/install/chomp_motion_planner/share/chomp_motion_planner/hook/ld_library_path_lib.ps1'
[1.853s] INFO:colcon.colcon_core.shell:Creating environment descriptor '/home/aaron/ur_ws/install/chomp_motion_planner/share/chomp_motion_planner/hook/ld_library_path_lib.dsv'
[1.853s] INFO:colcon.colcon_core.shell:Creating environment hook '/home/aaron/ur_ws/install/chomp_motion_planner/share/chomp_motion_planner/hook/ld_library_path_lib.sh'
[1.853s] Level 1:colcon.colcon_core.environment:checking '/home/aaron/ur_ws/install/chomp_motion_planner/bin'
[1.853s] Level 1:colcon.colcon_core.environment:checking '/home/aaron/ur_ws/install/chomp_motion_planner/lib/pkgconfig/chomp_motion_planner.pc'
[1.853s] Level 1:colcon.colcon_core.environment:checking '/home/aaron/ur_ws/install/chomp_motion_planner/lib/python3.10/site-packages'
[1.854s] Level 1:colcon.colcon_core.environment:checking '/home/aaron/ur_ws/install/chomp_motion_planner/bin'
[1.854s] INFO:colcon.colcon_core.shell:Creating package script '/home/aaron/ur_ws/install/chomp_motion_planner/share/chomp_motion_planner/package.ps1'
[1.854s] INFO:colcon.colcon_core.shell:Creating package descriptor '/home/aaron/ur_ws/install/chomp_motion_planner/share/chomp_motion_planner/package.dsv'
[1.854s] INFO:colcon.colcon_core.shell:Creating package script '/home/aaron/ur_ws/install/chomp_motion_planner/share/chomp_motion_planner/package.sh'
[1.855s] INFO:colcon.colcon_core.shell:Creating package script '/home/aaron/ur_ws/install/chomp_motion_planner/share/chomp_motion_planner/package.bash'
[1.855s] INFO:colcon.colcon_core.shell:Creating package script '/home/aaron/ur_ws/install/chomp_motion_planner/share/chomp_motion_planner/package.zsh'
[1.855s] Level 1:colcon.colcon_core.environment:create_file_with_runtime_dependencies(/home/aaron/ur_ws/install/chomp_motion_planner/share/colcon-core/packages/chomp_motion_planner)
[1.856s] INFO:colcon.colcon_ros.task.ament_cmake.build:Building ROS package in '/home/aaron/ur_ws/src/moveit2/moveit_planners/chomp/chomp_interface' with build type 'ament_cmake'
[1.856s] INFO:colcon.colcon_cmake.task.cmake.build:Building CMake package in '/home/aaron/ur_ws/src/moveit2/moveit_planners/chomp/chomp_interface'
[1.856s] INFO:colcon.colcon_core.shell:Skip shell extension 'powershell' for command environment: Not usable outside of PowerShell
[1.856s] DEBUG:colcon.colcon_core.shell:Skip shell extension 'dsv' for command environment
[1.859s] INFO:colcon.colcon_ros.task.ament_cmake.build:Building ROS package in '/home/aaron/ur_ws/src/moveit2/moveit_planners/chomp/chomp_optimizer_adapter' with build type 'ament_cmake'
[1.859s] INFO:colcon.colcon_cmake.task.cmake.build:Building CMake package in '/home/aaron/ur_ws/src/moveit2/moveit_planners/chomp/chomp_optimizer_adapter'
[1.859s] INFO:colcon.colcon_core.shell:Skip shell extension 'powershell' for command environment: Not usable outside of PowerShell
[1.859s] DEBUG:colcon.colcon_core.shell:Skip shell extension 'dsv' for command environment
[1.862s] DEBUG:colcon.colcon_core.event_handler.log_command:Invoked command in '/home/aaron/ur_ws/build/pilz_industrial_motion_planner_testutils' returned '0': AMENT_PREFIX_PATH=/home/aaron/ur_ws/install/moveit_core:/home/aaron/ur_ws/install/moveit_resources_panda_moveit_config:/home/aaron/ur_ws/install/srdfdom:/home/aaron/ur_ws/install/moveit_resources_pr2_description:/home/aaron/ur_ws/install/moveit_resources_panda_description:/home/aaron/ur_ws/install/moveit_common:${AMENT_PREFIX_PATH} CMAKE_PREFIX_PATH=/home/aaron/ur_ws/install/moveit_core:/home/aaron/ur_ws/install/moveit_resources_panda_moveit_config:/home/aaron/ur_ws/install/srdfdom:/home/aaron/ur_ws/install/moveit_resources_pr2_description:/home/aaron/ur_ws/install/moveit_resources_panda_description:/home/aaron/ur_ws/install/moveit_common:/opt/ros/humble LD_LIBRARY_PATH=/home/aaron/ur_ws/install/moveit_core/lib:/home/aaron/ur_ws/install/srdfdom/lib:${LD_LIBRARY_PATH} PATH=/home/aaron/ur_ws/install/moveit_core/bin:${PATH} PYTHONPATH=/home/aaron/ur_ws/install/srdfdom/local/lib/python3.10/dist-packages:${PYTHONPATH} /usr/bin/cmake --build /home/aaron/ur_ws/build/pilz_industrial_motion_planner_testutils -- -j20 -l20
[1.863s] Level 1:colcon.colcon_core.environment:create_environment_scripts_only(moveit_ros_occupancy_map_monitor)
[1.863s] Level 1:colcon.colcon_core.environment:checking '/home/aaron/ur_ws/install/moveit_ros_occupancy_map_monitor' for CMake module files
[1.863s] DEBUG:colcon.colcon_core.event_handler.log_command:Invoking command in '/home/aaron/ur_ws/build/pilz_industrial_motion_planner_testutils': AMENT_PREFIX_PATH=/home/aaron/ur_ws/install/moveit_core:/home/aaron/ur_ws/install/moveit_resources_panda_moveit_config:/home/aaron/ur_ws/install/srdfdom:/home/aaron/ur_ws/install/moveit_resources_pr2_description:/home/aaron/ur_ws/install/moveit_resources_panda_description:/home/aaron/ur_ws/install/moveit_common:${AMENT_PREFIX_PATH} CMAKE_PREFIX_PATH=/home/aaron/ur_ws/install/moveit_core:/home/aaron/ur_ws/install/moveit_resources_panda_moveit_config:/home/aaron/ur_ws/install/srdfdom:/home/aaron/ur_ws/install/moveit_resources_pr2_description:/home/aaron/ur_ws/install/moveit_resources_panda_description:/home/aaron/ur_ws/install/moveit_common:/opt/ros/humble LD_LIBRARY_PATH=/home/aaron/ur_ws/install/moveit_core/lib:/home/aaron/ur_ws/install/srdfdom/lib:${LD_LIBRARY_PATH} PATH=/home/aaron/ur_ws/install/moveit_core/bin:${PATH} PYTHONPATH=/home/aaron/ur_ws/install/srdfdom/local/lib/python3.10/dist-packages:${PYTHONPATH} /usr/bin/cmake --install /home/aaron/ur_ws/build/pilz_industrial_motion_planner_testutils
[1.864s] DEBUG:colcon.colcon_core.event_handler.log_command:Invoked command in '/home/aaron/ur_ws/build/moveit_ros_occupancy_map_monitor' returned '0': AMENT_PREFIX_PATH=/home/aaron/ur_ws/install/moveit_core:/home/aaron/ur_ws/install/moveit_resources_panda_moveit_config:/home/aaron/ur_ws/install/srdfdom:/home/aaron/ur_ws/install/moveit_resources_pr2_description:/home/aaron/ur_ws/install/moveit_resources_panda_description:/home/aaron/ur_ws/install/moveit_common:${AMENT_PREFIX_PATH} CMAKE_PREFIX_PATH=/home/aaron/ur_ws/install/moveit_core:/home/aaron/ur_ws/install/moveit_resources_panda_moveit_config:/home/aaron/ur_ws/install/srdfdom:/home/aaron/ur_ws/install/moveit_resources_pr2_description:/home/aaron/ur_ws/install/moveit_resources_panda_description:/home/aaron/ur_ws/install/moveit_common:/opt/ros/humble LD_LIBRARY_PATH=/home/aaron/ur_ws/install/moveit_core/lib:/home/aaron/ur_ws/install/srdfdom/lib:${LD_LIBRARY_PATH} PATH=/home/aaron/ur_ws/install/moveit_core/bin:${PATH} PYTHONPATH=/home/aaron/ur_ws/install/srdfdom/local/lib/python3.10/dist-packages:${PYTHONPATH} /usr/bin/cmake --install /home/aaron/ur_ws/build/moveit_ros_occupancy_map_monitor
[1.864s] Level 1:colcon.colcon_core.environment:checking '/home/aaron/ur_ws/install/moveit_ros_occupancy_map_monitor' for CMake config files
[1.864s] Level 1:colcon.colcon_core.shell:create_environment_hook('moveit_ros_occupancy_map_monitor', 'cmake_prefix_path')
[1.864s] INFO:colcon.colcon_core.shell:Creating environment hook '/home/aaron/ur_ws/install/moveit_ros_occupancy_map_monitor/share/moveit_ros_occupancy_map_monitor/hook/cmake_prefix_path.ps1'
[1.864s] INFO:colcon.colcon_core.shell:Creating environment descriptor '/home/aaron/ur_ws/install/moveit_ros_occupancy_map_monitor/share/moveit_ros_occupancy_map_monitor/hook/cmake_prefix_path.dsv'
[1.864s] INFO:colcon.colcon_core.shell:Creating environment hook '/home/aaron/ur_ws/install/moveit_ros_occupancy_map_monitor/share/moveit_ros_occupancy_map_monitor/hook/cmake_prefix_path.sh'
[1.865s] Level 1:colcon.colcon_core.environment:checking '/home/aaron/ur_ws/install/moveit_ros_occupancy_map_monitor/lib'
[1.865s] Level 1:colcon.colcon_core.shell:create_environment_hook('moveit_ros_occupancy_map_monitor', 'ld_library_path_lib')
[1.865s] INFO:colcon.colcon_core.shell:Creating environment hook '/home/aaron/ur_ws/install/moveit_ros_occupancy_map_monitor/share/moveit_ros_occupancy_map_monitor/hook/ld_library_path_lib.ps1'
[1.865s] INFO:colcon.colcon_core.shell:Creating environment descriptor '/home/aaron/ur_ws/install/moveit_ros_occupancy_map_monitor/share/moveit_ros_occupancy_map_monitor/hook/ld_library_path_lib.dsv'
[1.865s] INFO:colcon.colcon_core.shell:Creating environment hook '/home/aaron/ur_ws/install/moveit_ros_occupancy_map_monitor/share/moveit_ros_occupancy_map_monitor/hook/ld_library_path_lib.sh'
[1.866s] Level 1:colcon.colcon_core.environment:checking '/home/aaron/ur_ws/install/moveit_ros_occupancy_map_monitor/bin'
[1.866s] Level 1:colcon.colcon_core.environment:checking '/home/aaron/ur_ws/install/moveit_ros_occupancy_map_monitor/lib/pkgconfig/moveit_ros_occupancy_map_monitor.pc'
[1.866s] Level 1:colcon.colcon_core.environment:checking '/home/aaron/ur_ws/install/moveit_ros_occupancy_map_monitor/lib/python3.10/site-packages'
[1.866s] Level 1:colcon.colcon_core.environment:checking '/home/aaron/ur_ws/install/moveit_ros_occupancy_map_monitor/bin'
[1.866s] INFO:colcon.colcon_core.shell:Creating package script '/home/aaron/ur_ws/install/moveit_ros_occupancy_map_monitor/share/moveit_ros_occupancy_map_monitor/package.ps1'
[1.867s] INFO:colcon.colcon_core.shell:Creating package descriptor '/home/aaron/ur_ws/install/moveit_ros_occupancy_map_monitor/share/moveit_ros_occupancy_map_monitor/package.dsv'
[1.867s] INFO:colcon.colcon_core.shell:Creating package script '/home/aaron/ur_ws/install/moveit_ros_occupancy_map_monitor/share/moveit_ros_occupancy_map_monitor/package.sh'
[1.867s] INFO:colcon.colcon_core.shell:Creating package script '/home/aaron/ur_ws/install/moveit_ros_occupancy_map_monitor/share/moveit_ros_occupancy_map_monitor/package.bash'
[1.867s] INFO:colcon.colcon_core.shell:Creating package script '/home/aaron/ur_ws/install/moveit_ros_occupancy_map_monitor/share/moveit_ros_occupancy_map_monitor/package.zsh'
[1.867s] Level 1:colcon.colcon_core.environment:create_file_with_runtime_dependencies(/home/aaron/ur_ws/install/moveit_ros_occupancy_map_monitor/share/colcon-core/packages/moveit_ros_occupancy_map_monitor)
[1.868s] Level 1:colcon.colcon_core.environment:create_environment_scripts_only(moveit_ros_occupancy_map_monitor)
[1.868s] Level 1:colcon.colcon_core.environment:checking '/home/aaron/ur_ws/install/moveit_ros_occupancy_map_monitor' for CMake module files
[1.868s] Level 1:colcon.colcon_core.environment:checking '/home/aaron/ur_ws/install/moveit_ros_occupancy_map_monitor' for CMake config files
[1.868s] Level 1:colcon.colcon_core.shell:create_environment_hook('moveit_ros_occupancy_map_monitor', 'cmake_prefix_path')
[1.869s] INFO:colcon.colcon_core.shell:Creating environment hook '/home/aaron/ur_ws/install/moveit_ros_occupancy_map_monitor/share/moveit_ros_occupancy_map_monitor/hook/cmake_prefix_path.ps1'
[1.869s] INFO:colcon.colcon_core.shell:Creating environment descriptor '/home/aaron/ur_ws/install/moveit_ros_occupancy_map_monitor/share/moveit_ros_occupancy_map_monitor/hook/cmake_prefix_path.dsv'
[1.869s] INFO:colcon.colcon_core.shell:Creating environment hook '/home/aaron/ur_ws/install/moveit_ros_occupancy_map_monitor/share/moveit_ros_occupancy_map_monitor/hook/cmake_prefix_path.sh'
[1.869s] Level 1:colcon.colcon_core.environment:checking '/home/aaron/ur_ws/install/moveit_ros_occupancy_map_monitor/lib'
[1.869s] Level 1:colcon.colcon_core.shell:create_environment_hook('moveit_ros_occupancy_map_monitor', 'ld_library_path_lib')
[1.870s] INFO:colcon.colcon_core.shell:Creating environment hook '/home/aaron/ur_ws/install/moveit_ros_occupancy_map_monitor/share/moveit_ros_occupancy_map_monitor/hook/ld_library_path_lib.ps1'
[1.870s] INFO:colcon.colcon_core.shell:Creating environment descriptor '/home/aaron/ur_ws/install/moveit_ros_occupancy_map_monitor/share/moveit_ros_occupancy_map_monitor/hook/ld_library_path_lib.dsv'
[1.870s] INFO:colcon.colcon_core.shell:Creating environment hook '/home/aaron/ur_ws/install/moveit_ros_occupancy_map_monitor/share/moveit_ros_occupancy_map_monitor/hook/ld_library_path_lib.sh'
[1.870s] Level 1:colcon.colcon_core.environment:checking '/home/aaron/ur_ws/install/moveit_ros_occupancy_map_monitor/bin'
[1.870s] Level 1:colcon.colcon_core.environment:checking '/home/aaron/ur_ws/install/moveit_ros_occupancy_map_monitor/lib/pkgconfig/moveit_ros_occupancy_map_monitor.pc'
[1.870s] Level 1:colcon.colcon_core.environment:checking '/home/aaron/ur_ws/install/moveit_ros_occupancy_map_monitor/lib/python3.10/site-packages'
[1.870s] Level 1:colcon.colcon_core.environment:checking '/home/aaron/ur_ws/install/moveit_ros_occupancy_map_monitor/bin'
[1.871s] INFO:colcon.colcon_core.shell:Creating package script '/home/aaron/ur_ws/install/moveit_ros_occupancy_map_monitor/share/moveit_ros_occupancy_map_monitor/package.ps1'
[1.871s] INFO:colcon.colcon_core.shell:Creating package descriptor '/home/aaron/ur_ws/install/moveit_ros_occupancy_map_monitor/share/moveit_ros_occupancy_map_monitor/package.dsv'
[1.872s] INFO:colcon.colcon_core.shell:Creating package script '/home/aaron/ur_ws/install/moveit_ros_occupancy_map_monitor/share/moveit_ros_occupancy_map_monitor/package.sh'
[1.872s] INFO:colcon.colcon_core.shell:Creating package script '/home/aaron/ur_ws/install/moveit_ros_occupancy_map_monitor/share/moveit_ros_occupancy_map_monitor/package.bash'
[1.872s] INFO:colcon.colcon_core.shell:Creating package script '/home/aaron/ur_ws/install/moveit_ros_occupancy_map_monitor/share/moveit_ros_occupancy_map_monitor/package.zsh'
[1.872s] Level 1:colcon.colcon_core.environment:create_file_with_runtime_dependencies(/home/aaron/ur_ws/install/moveit_ros_occupancy_map_monitor/share/colcon-core/packages/moveit_ros_occupancy_map_monitor)
[1.877s] Level 1:colcon.colcon_core.environment:create_environment_scripts_only(pilz_industrial_motion_planner_testutils)
[1.877s] Level 1:colcon.colcon_core.environment:checking '/home/aaron/ur_ws/install/pilz_industrial_motion_planner_testutils' for CMake module files
[1.878s] Level 1:colcon.colcon_core.environment:checking '/home/aaron/ur_ws/install/pilz_industrial_motion_planner_testutils' for CMake config files
[1.878s] Level 1:colcon.colcon_core.shell:create_environment_hook('pilz_industrial_motion_planner_testutils', 'cmake_prefix_path')
[1.878s] INFO:colcon.colcon_core.shell:Creating environment hook '/home/aaron/ur_ws/install/pilz_industrial_motion_planner_testutils/share/pilz_industrial_motion_planner_testutils/hook/cmake_prefix_path.ps1'
[1.879s] INFO:colcon.colcon_core.shell:Creating environment descriptor '/home/aaron/ur_ws/install/pilz_industrial_motion_planner_testutils/share/pilz_industrial_motion_planner_testutils/hook/cmake_prefix_path.dsv'
[1.879s] INFO:colcon.colcon_core.shell:Creating environment hook '/home/aaron/ur_ws/install/pilz_industrial_motion_planner_testutils/share/pilz_industrial_motion_planner_testutils/hook/cmake_prefix_path.sh'
[1.880s] Level 1:colcon.colcon_core.environment:checking '/home/aaron/ur_ws/install/pilz_industrial_motion_planner_testutils/lib'
[1.880s] Level 1:colcon.colcon_core.shell:create_environment_hook('pilz_industrial_motion_planner_testutils', 'ld_library_path_lib')
[1.880s] INFO:colcon.colcon_core.shell:Creating environment hook '/home/aaron/ur_ws/install/pilz_industrial_motion_planner_testutils/share/pilz_industrial_motion_planner_testutils/hook/ld_library_path_lib.ps1'
[1.881s] INFO:colcon.colcon_core.shell:Creating environment descriptor '/home/aaron/ur_ws/install/pilz_industrial_motion_planner_testutils/share/pilz_industrial_motion_planner_testutils/hook/ld_library_path_lib.dsv'
[1.881s] INFO:colcon.colcon_core.shell:Creating environment hook '/home/aaron/ur_ws/install/pilz_industrial_motion_planner_testutils/share/pilz_industrial_motion_planner_testutils/hook/ld_library_path_lib.sh'
[1.881s] Level 1:colcon.colcon_core.environment:checking '/home/aaron/ur_ws/install/pilz_industrial_motion_planner_testutils/bin'
[1.881s] Level 1:colcon.colcon_core.environment:checking '/home/aaron/ur_ws/install/pilz_industrial_motion_planner_testutils/lib/pkgconfig/pilz_industrial_motion_planner_testutils.pc'
[1.881s] Level 1:colcon.colcon_core.environment:checking '/home/aaron/ur_ws/install/pilz_industrial_motion_planner_testutils/lib/python3.10/site-packages'
[1.882s] Level 1:colcon.colcon_core.environment:checking '/home/aaron/ur_ws/install/pilz_industrial_motion_planner_testutils/bin'
[1.882s] INFO:colcon.colcon_core.shell:Creating package script '/home/aaron/ur_ws/install/pilz_industrial_motion_planner_testutils/share/pilz_industrial_motion_planner_testutils/package.ps1'
[1.882s] INFO:colcon.colcon_core.shell:Creating package descriptor '/home/aaron/ur_ws/install/pilz_industrial_motion_planner_testutils/share/pilz_industrial_motion_planner_testutils/package.dsv'
[1.883s] INFO:colcon.colcon_core.shell:Creating package script '/home/aaron/ur_ws/install/pilz_industrial_motion_planner_testutils/share/pilz_industrial_motion_planner_testutils/package.sh'
[1.884s] INFO:colcon.colcon_core.shell:Creating package script '/home/aaron/ur_ws/install/pilz_industrial_motion_planner_testutils/share/pilz_industrial_motion_planner_testutils/package.bash'
[1.884s] INFO:colcon.colcon_core.shell:Creating package script '/home/aaron/ur_ws/install/pilz_industrial_motion_planner_testutils/share/pilz_industrial_motion_planner_testutils/package.zsh'
[1.886s] Level 1:colcon.colcon_core.environment:create_file_with_runtime_dependencies(/home/aaron/ur_ws/install/pilz_industrial_motion_planner_testutils/share/colcon-core/packages/pilz_industrial_motion_planner_testutils)
[1.886s] DEBUG:colcon.colcon_core.event_handler.log_command:Invoking command in '/home/aaron/ur_ws/build/moveit_plugins': AMENT_PREFIX_PATH=/home/aaron/ur_ws/install/moveit_simple_controller_manager:/home/aaron/ur_ws/install/moveit_core:/home/aaron/ur_ws/install/moveit_resources_panda_moveit_config:/home/aaron/ur_ws/install/srdfdom:/home/aaron/ur_ws/install/moveit_resources_pr2_description:/home/aaron/ur_ws/install/moveit_resources_panda_description:/home/aaron/ur_ws/install/moveit_common:${AMENT_PREFIX_PATH} CMAKE_PREFIX_PATH=/home/aaron/ur_ws/install/moveit_simple_controller_manager:/home/aaron/ur_ws/install/moveit_core:/home/aaron/ur_ws/install/moveit_resources_panda_moveit_config:/home/aaron/ur_ws/install/srdfdom:/home/aaron/ur_ws/install/moveit_resources_pr2_description:/home/aaron/ur_ws/install/moveit_resources_panda_description:/home/aaron/ur_ws/install/moveit_common:/opt/ros/humble LD_LIBRARY_PATH=/home/aaron/ur_ws/install/moveit_simple_controller_manager/lib:/home/aaron/ur_ws/install/moveit_core/lib:/home/aaron/ur_ws/install/srdfdom/lib:${LD_LIBRARY_PATH} PATH=/home/aaron/ur_ws/install/moveit_core/bin:${PATH} PYTHONPATH=/home/aaron/ur_ws/install/srdfdom/local/lib/python3.10/dist-packages:${PYTHONPATH} /usr/bin/cmake --build /home/aaron/ur_ws/build/moveit_plugins -- -j20 -l20
[1.887s] Level 1:colcon.colcon_core.environment:create_environment_scripts_only(pilz_industrial_motion_planner_testutils)
[1.887s] Level 1:colcon.colcon_core.environment:checking '/home/aaron/ur_ws/install/pilz_industrial_motion_planner_testutils' for CMake module files
[1.888s] Level 1:colcon.colcon_core.environment:checking '/home/aaron/ur_ws/install/pilz_industrial_motion_planner_testutils' for CMake config files
[1.888s] DEBUG:colcon.colcon_core.event_handler.log_command:Invoking command in '/home/aaron/ur_ws/build/moveit_ros_control_interface': AMENT_PREFIX_PATH=/home/aaron/ur_ws/install/moveit_simple_controller_manager:/home/aaron/ur_ws/install/moveit_core:/home/aaron/ur_ws/install/moveit_resources_panda_moveit_config:/home/aaron/ur_ws/install/srdfdom:/home/aaron/ur_ws/install/moveit_resources_pr2_description:/home/aaron/ur_ws/install/moveit_resources_panda_description:/home/aaron/ur_ws/install/moveit_common:${AMENT_PREFIX_PATH} CMAKE_PREFIX_PATH=/home/aaron/ur_ws/install/moveit_simple_controller_manager:/home/aaron/ur_ws/install/moveit_core:/home/aaron/ur_ws/install/moveit_resources_panda_moveit_config:/home/aaron/ur_ws/install/srdfdom:/home/aaron/ur_ws/install/moveit_resources_pr2_description:/home/aaron/ur_ws/install/moveit_resources_panda_description:/home/aaron/ur_ws/install/moveit_common:/opt/ros/humble LD_LIBRARY_PATH=/home/aaron/ur_ws/install/moveit_simple_controller_manager/lib:/home/aaron/ur_ws/install/moveit_core/lib:/home/aaron/ur_ws/install/srdfdom/lib:${LD_LIBRARY_PATH} PATH=/home/aaron/ur_ws/install/moveit_core/bin:${PATH} PYTHONPATH=/home/aaron/ur_ws/install/srdfdom/local/lib/python3.10/dist-packages:${PYTHONPATH} /usr/bin/cmake --build /home/aaron/ur_ws/build/moveit_ros_control_interface -- -j20 -l20
[1.889s] DEBUG:colcon.colcon_core.event_handler.log_command:Invoked command in '/home/aaron/ur_ws/build/pilz_industrial_motion_planner_testutils' returned '0': AMENT_PREFIX_PATH=/home/aaron/ur_ws/install/moveit_core:/home/aaron/ur_ws/install/moveit_resources_panda_moveit_config:/home/aaron/ur_ws/install/srdfdom:/home/aaron/ur_ws/install/moveit_resources_pr2_description:/home/aaron/ur_ws/install/moveit_resources_panda_description:/home/aaron/ur_ws/install/moveit_common:${AMENT_PREFIX_PATH} CMAKE_PREFIX_PATH=/home/aaron/ur_ws/install/moveit_core:/home/aaron/ur_ws/install/moveit_resources_panda_moveit_config:/home/aaron/ur_ws/install/srdfdom:/home/aaron/ur_ws/install/moveit_resources_pr2_description:/home/aaron/ur_ws/install/moveit_resources_panda_description:/home/aaron/ur_ws/install/moveit_common:/opt/ros/humble LD_LIBRARY_PATH=/home/aaron/ur_ws/install/moveit_core/lib:/home/aaron/ur_ws/install/srdfdom/lib:${LD_LIBRARY_PATH} PATH=/home/aaron/ur_ws/install/moveit_core/bin:${PATH} PYTHONPATH=/home/aaron/ur_ws/install/srdfdom/local/lib/python3.10/dist-packages:${PYTHONPATH} /usr/bin/cmake --install /home/aaron/ur_ws/build/pilz_industrial_motion_planner_testutils
[1.889s] Level 1:colcon.colcon_core.shell:create_environment_hook('pilz_industrial_motion_planner_testutils', 'cmake_prefix_path')
[1.889s] INFO:colcon.colcon_core.shell:Creating environment hook '/home/aaron/ur_ws/install/pilz_industrial_motion_planner_testutils/share/pilz_industrial_motion_planner_testutils/hook/cmake_prefix_path.ps1'
[1.890s] INFO:colcon.colcon_core.shell:Creating environment descriptor '/home/aaron/ur_ws/install/pilz_industrial_motion_planner_testutils/share/pilz_industrial_motion_planner_testutils/hook/cmake_prefix_path.dsv'
[1.890s] INFO:colcon.colcon_core.shell:Creating environment hook '/home/aaron/ur_ws/install/pilz_industrial_motion_planner_testutils/share/pilz_industrial_motion_planner_testutils/hook/cmake_prefix_path.sh'
[1.891s] Level 1:colcon.colcon_core.environment:checking '/home/aaron/ur_ws/install/pilz_industrial_motion_planner_testutils/lib'
[1.891s] Level 1:colcon.colcon_core.shell:create_environment_hook('pilz_industrial_motion_planner_testutils', 'ld_library_path_lib')
[1.891s] INFO:colcon.colcon_core.shell:Creating environment hook '/home/aaron/ur_ws/install/pilz_industrial_motion_planner_testutils/share/pilz_industrial_motion_planner_testutils/hook/ld_library_path_lib.ps1'
[1.891s] INFO:colcon.colcon_core.shell:Creating environment descriptor '/home/aaron/ur_ws/install/pilz_industrial_motion_planner_testutils/share/pilz_industrial_motion_planner_testutils/hook/ld_library_path_lib.dsv'
[1.892s] INFO:colcon.colcon_core.shell:Creating environment hook '/home/aaron/ur_ws/install/pilz_industrial_motion_planner_testutils/share/pilz_industrial_motion_planner_testutils/hook/ld_library_path_lib.sh'
[1.892s] Level 1:colcon.colcon_core.environment:checking '/home/aaron/ur_ws/install/pilz_industrial_motion_planner_testutils/bin'
[1.892s] Level 1:colcon.colcon_core.environment:checking '/home/aaron/ur_ws/install/pilz_industrial_motion_planner_testutils/lib/pkgconfig/pilz_industrial_motion_planner_testutils.pc'
[1.893s] Level 1:colcon.colcon_core.environment:checking '/home/aaron/ur_ws/install/pilz_industrial_motion_planner_testutils/lib/python3.10/site-packages'
[1.893s] Level 1:colcon.colcon_core.environment:checking '/home/aaron/ur_ws/install/pilz_industrial_motion_planner_testutils/bin'
[1.893s] INFO:colcon.colcon_core.shell:Creating package script '/home/aaron/ur_ws/install/pilz_industrial_motion_planner_testutils/share/pilz_industrial_motion_planner_testutils/package.ps1'
[1.894s] INFO:colcon.colcon_core.shell:Creating package descriptor '/home/aaron/ur_ws/install/pilz_industrial_motion_planner_testutils/share/pilz_industrial_motion_planner_testutils/package.dsv'
[1.895s] INFO:colcon.colcon_core.shell:Creating package script '/home/aaron/ur_ws/install/pilz_industrial_motion_planner_testutils/share/pilz_industrial_motion_planner_testutils/package.sh'
[1.895s] INFO:colcon.colcon_core.shell:Creating package script '/home/aaron/ur_ws/install/pilz_industrial_motion_planner_testutils/share/pilz_industrial_motion_planner_testutils/package.bash'
[1.896s] INFO:colcon.colcon_core.shell:Creating package script '/home/aaron/ur_ws/install/pilz_industrial_motion_planner_testutils/share/pilz_industrial_motion_planner_testutils/package.zsh'
[1.896s] Level 1:colcon.colcon_core.environment:create_file_with_runtime_dependencies(/home/aaron/ur_ws/install/pilz_industrial_motion_planner_testutils/share/colcon-core/packages/pilz_industrial_motion_planner_testutils)
[1.899s] DEBUG:colcon.colcon_core.event_handler.log_command:Invoking command in '/home/aaron/ur_ws/build/moveit_planners_chomp': AMENT_PREFIX_PATH=/home/aaron/ur_ws/install/chomp_motion_planner:/home/aaron/ur_ws/install/moveit_core:/home/aaron/ur_ws/install/moveit_resources_panda_moveit_config:/home/aaron/ur_ws/install/srdfdom:/home/aaron/ur_ws/install/moveit_resources_pr2_description:/home/aaron/ur_ws/install/moveit_resources_panda_description:/home/aaron/ur_ws/install/moveit_common:${AMENT_PREFIX_PATH} CMAKE_PREFIX_PATH=/home/aaron/ur_ws/install/chomp_motion_planner:/home/aaron/ur_ws/install/moveit_core:/home/aaron/ur_ws/install/moveit_resources_panda_moveit_config:/home/aaron/ur_ws/install/srdfdom:/home/aaron/ur_ws/install/moveit_resources_pr2_description:/home/aaron/ur_ws/install/moveit_resources_panda_description:/home/aaron/ur_ws/install/moveit_common:/opt/ros/humble LD_LIBRARY_PATH=/home/aaron/ur_ws/install/chomp_motion_planner/lib:/home/aaron/ur_ws/install/moveit_core/lib:/home/aaron/ur_ws/install/srdfdom/lib:${LD_LIBRARY_PATH} PATH=/home/aaron/ur_ws/install/moveit_core/bin:${PATH} PYTHONPATH=/home/aaron/ur_ws/install/srdfdom/local/lib/python3.10/dist-packages:${PYTHONPATH} /usr/bin/cmake --build /home/aaron/ur_ws/build/moveit_planners_chomp -- -j20 -l20
[1.901s] DEBUG:colcon.colcon_core.event_handler.log_command:Invoking command in '/home/aaron/ur_ws/build/moveit_chomp_optimizer_adapter': AMENT_PREFIX_PATH=/home/aaron/ur_ws/install/chomp_motion_planner:/home/aaron/ur_ws/install/moveit_core:/home/aaron/ur_ws/install/moveit_resources_panda_moveit_config:/home/aaron/ur_ws/install/srdfdom:/home/aaron/ur_ws/install/moveit_resources_pr2_description:/home/aaron/ur_ws/install/moveit_resources_panda_description:/home/aaron/ur_ws/install/moveit_common:${AMENT_PREFIX_PATH} CMAKE_PREFIX_PATH=/home/aaron/ur_ws/install/chomp_motion_planner:/home/aaron/ur_ws/install/moveit_core:/home/aaron/ur_ws/install/moveit_resources_panda_moveit_config:/home/aaron/ur_ws/install/srdfdom:/home/aaron/ur_ws/install/moveit_resources_pr2_description:/home/aaron/ur_ws/install/moveit_resources_panda_description:/home/aaron/ur_ws/install/moveit_common:/opt/ros/humble LD_LIBRARY_PATH=/home/aaron/ur_ws/install/chomp_motion_planner/lib:/home/aaron/ur_ws/install/moveit_core/lib:/home/aaron/ur_ws/install/srdfdom/lib:${LD_LIBRARY_PATH} PATH=/home/aaron/ur_ws/install/moveit_core/bin:${PATH} PYTHONPATH=/home/aaron/ur_ws/install/srdfdom/local/lib/python3.10/dist-packages:${PYTHONPATH} /usr/bin/cmake --build /home/aaron/ur_ws/build/moveit_chomp_optimizer_adapter -- -j20 -l20
[1.909s] DEBUG:colcon.colcon_core.event_handler.log_command:Invoked command in '/home/aaron/ur_ws/build/moveit_plugins' returned '0': AMENT_PREFIX_PATH=/home/aaron/ur_ws/install/moveit_simple_controller_manager:/home/aaron/ur_ws/install/moveit_core:/home/aaron/ur_ws/install/moveit_resources_panda_moveit_config:/home/aaron/ur_ws/install/srdfdom:/home/aaron/ur_ws/install/moveit_resources_pr2_description:/home/aaron/ur_ws/install/moveit_resources_panda_description:/home/aaron/ur_ws/install/moveit_common:${AMENT_PREFIX_PATH} CMAKE_PREFIX_PATH=/home/aaron/ur_ws/install/moveit_simple_controller_manager:/home/aaron/ur_ws/install/moveit_core:/home/aaron/ur_ws/install/moveit_resources_panda_moveit_config:/home/aaron/ur_ws/install/srdfdom:/home/aaron/ur_ws/install/moveit_resources_pr2_description:/home/aaron/ur_ws/install/moveit_resources_panda_description:/home/aaron/ur_ws/install/moveit_common:/opt/ros/humble LD_LIBRARY_PATH=/home/aaron/ur_ws/install/moveit_simple_controller_manager/lib:/home/aaron/ur_ws/install/moveit_core/lib:/home/aaron/ur_ws/install/srdfdom/lib:${LD_LIBRARY_PATH} PATH=/home/aaron/ur_ws/install/moveit_core/bin:${PATH} PYTHONPATH=/home/aaron/ur_ws/install/srdfdom/local/lib/python3.10/dist-packages:${PYTHONPATH} /usr/bin/cmake --build /home/aaron/ur_ws/build/moveit_plugins -- -j20 -l20
[1.910s] DEBUG:colcon.colcon_core.event_handler.log_command:Invoking command in '/home/aaron/ur_ws/build/moveit_plugins': AMENT_PREFIX_PATH=/home/aaron/ur_ws/install/moveit_simple_controller_manager:/home/aaron/ur_ws/install/moveit_core:/home/aaron/ur_ws/install/moveit_resources_panda_moveit_config:/home/aaron/ur_ws/install/srdfdom:/home/aaron/ur_ws/install/moveit_resources_pr2_description:/home/aaron/ur_ws/install/moveit_resources_panda_description:/home/aaron/ur_ws/install/moveit_common:${AMENT_PREFIX_PATH} CMAKE_PREFIX_PATH=/home/aaron/ur_ws/install/moveit_simple_controller_manager:/home/aaron/ur_ws/install/moveit_core:/home/aaron/ur_ws/install/moveit_resources_panda_moveit_config:/home/aaron/ur_ws/install/srdfdom:/home/aaron/ur_ws/install/moveit_resources_pr2_description:/home/aaron/ur_ws/install/moveit_resources_panda_description:/home/aaron/ur_ws/install/moveit_common:/opt/ros/humble LD_LIBRARY_PATH=/home/aaron/ur_ws/install/moveit_simple_controller_manager/lib:/home/aaron/ur_ws/install/moveit_core/lib:/home/aaron/ur_ws/install/srdfdom/lib:${LD_LIBRARY_PATH} PATH=/home/aaron/ur_ws/install/moveit_core/bin:${PATH} PYTHONPATH=/home/aaron/ur_ws/install/srdfdom/local/lib/python3.10/dist-packages:${PYTHONPATH} /usr/bin/cmake --install /home/aaron/ur_ws/build/moveit_plugins
[1.920s] Level 1:colcon.colcon_core.environment:create_environment_scripts_only(moveit_plugins)
[1.920s] Level 1:colcon.colcon_core.environment:checking '/home/aaron/ur_ws/install/moveit_plugins' for CMake module files
[1.921s] DEBUG:colcon.colcon_core.event_handler.log_command:Invoked command in '/home/aaron/ur_ws/build/moveit_plugins' returned '0': AMENT_PREFIX_PATH=/home/aaron/ur_ws/install/moveit_simple_controller_manager:/home/aaron/ur_ws/install/moveit_core:/home/aaron/ur_ws/install/moveit_resources_panda_moveit_config:/home/aaron/ur_ws/install/srdfdom:/home/aaron/ur_ws/install/moveit_resources_pr2_description:/home/aaron/ur_ws/install/moveit_resources_panda_description:/home/aaron/ur_ws/install/moveit_common:${AMENT_PREFIX_PATH} CMAKE_PREFIX_PATH=/home/aaron/ur_ws/install/moveit_simple_controller_manager:/home/aaron/ur_ws/install/moveit_core:/home/aaron/ur_ws/install/moveit_resources_panda_moveit_config:/home/aaron/ur_ws/install/srdfdom:/home/aaron/ur_ws/install/moveit_resources_pr2_description:/home/aaron/ur_ws/install/moveit_resources_panda_description:/home/aaron/ur_ws/install/moveit_common:/opt/ros/humble LD_LIBRARY_PATH=/home/aaron/ur_ws/install/moveit_simple_controller_manager/lib:/home/aaron/ur_ws/install/moveit_core/lib:/home/aaron/ur_ws/install/srdfdom/lib:${LD_LIBRARY_PATH} PATH=/home/aaron/ur_ws/install/moveit_core/bin:${PATH} PYTHONPATH=/home/aaron/ur_ws/install/srdfdom/local/lib/python3.10/dist-packages:${PYTHONPATH} /usr/bin/cmake --install /home/aaron/ur_ws/build/moveit_plugins
[1.921s] Level 1:colcon.colcon_core.environment:checking '/home/aaron/ur_ws/install/moveit_plugins' for CMake config files
[1.921s] Level 1:colcon.colcon_core.shell:create_environment_hook('moveit_plugins', 'cmake_prefix_path')
[1.922s] INFO:colcon.colcon_core.shell:Creating environment hook '/home/aaron/ur_ws/install/moveit_plugins/share/moveit_plugins/hook/cmake_prefix_path.ps1'
[1.922s] INFO:colcon.colcon_core.shell:Creating environment descriptor '/home/aaron/ur_ws/install/moveit_plugins/share/moveit_plugins/hook/cmake_prefix_path.dsv'
[1.923s] INFO:colcon.colcon_core.shell:Creating environment hook '/home/aaron/ur_ws/install/moveit_plugins/share/moveit_plugins/hook/cmake_prefix_path.sh'
[1.924s] Level 1:colcon.colcon_core.environment:checking '/home/aaron/ur_ws/install/moveit_plugins/bin'
[1.924s] Level 1:colcon.colcon_core.environment:checking '/home/aaron/ur_ws/install/moveit_plugins/lib/pkgconfig/moveit_plugins.pc'
[1.924s] Level 1:colcon.colcon_core.environment:checking '/home/aaron/ur_ws/install/moveit_plugins/lib/python3.10/site-packages'
[1.924s] Level 1:colcon.colcon_core.environment:checking '/home/aaron/ur_ws/install/moveit_plugins/bin'
[1.925s] INFO:colcon.colcon_core.shell:Creating package script '/home/aaron/ur_ws/install/moveit_plugins/share/moveit_plugins/package.ps1'
[1.926s] INFO:colcon.colcon_core.shell:Creating package descriptor '/home/aaron/ur_ws/install/moveit_plugins/share/moveit_plugins/package.dsv'
[1.926s] INFO:colcon.colcon_core.shell:Creating package script '/home/aaron/ur_ws/install/moveit_plugins/share/moveit_plugins/package.sh'
[1.927s] INFO:colcon.colcon_core.shell:Creating package script '/home/aaron/ur_ws/install/moveit_plugins/share/moveit_plugins/package.bash'
[1.927s] INFO:colcon.colcon_core.shell:Creating package script '/home/aaron/ur_ws/install/moveit_plugins/share/moveit_plugins/package.zsh'
[1.927s] Level 1:colcon.colcon_core.environment:create_file_with_runtime_dependencies(/home/aaron/ur_ws/install/moveit_plugins/share/colcon-core/packages/moveit_plugins)
[1.927s] Level 1:colcon.colcon_core.environment:create_environment_scripts_only(moveit_plugins)
[1.927s] Level 1:colcon.colcon_core.environment:checking '/home/aaron/ur_ws/install/moveit_plugins' for CMake module files
[1.928s] Level 1:colcon.colcon_core.environment:checking '/home/aaron/ur_ws/install/moveit_plugins' for CMake config files
[1.928s] Level 1:colcon.colcon_core.shell:create_environment_hook('moveit_plugins', 'cmake_prefix_path')
[1.928s] INFO:colcon.colcon_core.shell:Creating environment hook '/home/aaron/ur_ws/install/moveit_plugins/share/moveit_plugins/hook/cmake_prefix_path.ps1'
[1.928s] INFO:colcon.colcon_core.shell:Creating environment descriptor '/home/aaron/ur_ws/install/moveit_plugins/share/moveit_plugins/hook/cmake_prefix_path.dsv'
[1.929s] INFO:colcon.colcon_core.shell:Creating environment hook '/home/aaron/ur_ws/install/moveit_plugins/share/moveit_plugins/hook/cmake_prefix_path.sh'
[1.929s] Level 1:colcon.colcon_core.environment:checking '/home/aaron/ur_ws/install/moveit_plugins/bin'
[1.929s] Level 1:colcon.colcon_core.environment:checking '/home/aaron/ur_ws/install/moveit_plugins/lib/pkgconfig/moveit_plugins.pc'
[1.929s] Level 1:colcon.colcon_core.environment:checking '/home/aaron/ur_ws/install/moveit_plugins/lib/python3.10/site-packages'
[1.929s] Level 1:colcon.colcon_core.environment:checking '/home/aaron/ur_ws/install/moveit_plugins/bin'
[1.929s] INFO:colcon.colcon_core.shell:Creating package script '/home/aaron/ur_ws/install/moveit_plugins/share/moveit_plugins/package.ps1'
[1.930s] INFO:colcon.colcon_core.shell:Creating package descriptor '/home/aaron/ur_ws/install/moveit_plugins/share/moveit_plugins/package.dsv'
[1.930s] INFO:colcon.colcon_core.shell:Creating package script '/home/aaron/ur_ws/install/moveit_plugins/share/moveit_plugins/package.sh'
[1.930s] INFO:colcon.colcon_core.shell:Creating package script '/home/aaron/ur_ws/install/moveit_plugins/share/moveit_plugins/package.bash'
[1.931s] INFO:colcon.colcon_core.shell:Creating package script '/home/aaron/ur_ws/install/moveit_plugins/share/moveit_plugins/package.zsh'
[1.931s] Level 1:colcon.colcon_core.environment:create_file_with_runtime_dependencies(/home/aaron/ur_ws/install/moveit_plugins/share/colcon-core/packages/moveit_plugins)
[1.960s] DEBUG:colcon.colcon_core.event_handler.log_command:Invoking command in '/home/aaron/ur_ws/src/moveit2/moveit_configs_utils': AMENT_PREFIX_PATH=/home/aaron/ur_ws/install/srdfdom:/home/aaron/ur_ws/install/launch_param_builder:${AMENT_PREFIX_PATH} CMAKE_PREFIX_PATH=/home/aaron/ur_ws/install/srdfdom LD_LIBRARY_PATH=/home/aaron/ur_ws/install/srdfdom/lib:${LD_LIBRARY_PATH} PYTHONPATH=/home/aaron/ur_ws/build/moveit_configs_utils/prefix_override:/usr/lib/python3/dist-packages/colcon_core/task/python/colcon_distutils_commands:/home/aaron/ur_ws/install/moveit_configs_utils/lib/python3.10/site-packages:/home/aaron/ur_ws/install/srdfdom/local/lib/python3.10/dist-packages:/home/aaron/ur_ws/install/launch_param_builder/lib/python3.10/site-packages:${PYTHONPATH} /usr/bin/python3 -W ignore:setup.py install is deprecated -W ignore:easy_install command is deprecated setup.py egg_info --egg-base ../../../build/moveit_configs_utils build --build-base /home/aaron/ur_ws/build/moveit_configs_utils/build install --record /home/aaron/ur_ws/build/moveit_configs_utils/install.log --single-version-externally-managed install_data
[1.967s] DEBUG:colcon.colcon_core.event_handler.log_command:Invoked command in '/home/aaron/ur_ws/build/moveit_chomp_optimizer_adapter' returned '0': AMENT_PREFIX_PATH=/home/aaron/ur_ws/install/chomp_motion_planner:/home/aaron/ur_ws/install/moveit_core:/home/aaron/ur_ws/install/moveit_resources_panda_moveit_config:/home/aaron/ur_ws/install/srdfdom:/home/aaron/ur_ws/install/moveit_resources_pr2_description:/home/aaron/ur_ws/install/moveit_resources_panda_description:/home/aaron/ur_ws/install/moveit_common:${AMENT_PREFIX_PATH} CMAKE_PREFIX_PATH=/home/aaron/ur_ws/install/chomp_motion_planner:/home/aaron/ur_ws/install/moveit_core:/home/aaron/ur_ws/install/moveit_resources_panda_moveit_config:/home/aaron/ur_ws/install/srdfdom:/home/aaron/ur_ws/install/moveit_resources_pr2_description:/home/aaron/ur_ws/install/moveit_resources_panda_description:/home/aaron/ur_ws/install/moveit_common:/opt/ros/humble LD_LIBRARY_PATH=/home/aaron/ur_ws/install/chomp_motion_planner/lib:/home/aaron/ur_ws/install/moveit_core/lib:/home/aaron/ur_ws/install/srdfdom/lib:${LD_LIBRARY_PATH} PATH=/home/aaron/ur_ws/install/moveit_core/bin:${PATH} PYTHONPATH=/home/aaron/ur_ws/install/srdfdom/local/lib/python3.10/dist-packages:${PYTHONPATH} /usr/bin/cmake --build /home/aaron/ur_ws/build/moveit_chomp_optimizer_adapter -- -j20 -l20
[1.968s] DEBUG:colcon.colcon_core.event_handler.log_command:Invoking command in '/home/aaron/ur_ws/build/moveit_chomp_optimizer_adapter': AMENT_PREFIX_PATH=/home/aaron/ur_ws/install/chomp_motion_planner:/home/aaron/ur_ws/install/moveit_core:/home/aaron/ur_ws/install/moveit_resources_panda_moveit_config:/home/aaron/ur_ws/install/srdfdom:/home/aaron/ur_ws/install/moveit_resources_pr2_description:/home/aaron/ur_ws/install/moveit_resources_panda_description:/home/aaron/ur_ws/install/moveit_common:${AMENT_PREFIX_PATH} CMAKE_PREFIX_PATH=/home/aaron/ur_ws/install/chomp_motion_planner:/home/aaron/ur_ws/install/moveit_core:/home/aaron/ur_ws/install/moveit_resources_panda_moveit_config:/home/aaron/ur_ws/install/srdfdom:/home/aaron/ur_ws/install/moveit_resources_pr2_description:/home/aaron/ur_ws/install/moveit_resources_panda_description:/home/aaron/ur_ws/install/moveit_common:/opt/ros/humble LD_LIBRARY_PATH=/home/aaron/ur_ws/install/chomp_motion_planner/lib:/home/aaron/ur_ws/install/moveit_core/lib:/home/aaron/ur_ws/install/srdfdom/lib:${LD_LIBRARY_PATH} PATH=/home/aaron/ur_ws/install/moveit_core/bin:${PATH} PYTHONPATH=/home/aaron/ur_ws/install/srdfdom/local/lib/python3.10/dist-packages:${PYTHONPATH} /usr/bin/cmake --install /home/aaron/ur_ws/build/moveit_chomp_optimizer_adapter
[1.976s] Level 1:colcon.colcon_core.environment:create_environment_scripts_only(moveit_chomp_optimizer_adapter)
[1.977s] Level 1:colcon.colcon_core.environment:checking '/home/aaron/ur_ws/install/moveit_chomp_optimizer_adapter' for CMake module files
[1.978s] DEBUG:colcon.colcon_core.event_handler.log_command:Invoked command in '/home/aaron/ur_ws/build/moveit_chomp_optimizer_adapter' returned '0': AMENT_PREFIX_PATH=/home/aaron/ur_ws/install/chomp_motion_planner:/home/aaron/ur_ws/install/moveit_core:/home/aaron/ur_ws/install/moveit_resources_panda_moveit_config:/home/aaron/ur_ws/install/srdfdom:/home/aaron/ur_ws/install/moveit_resources_pr2_description:/home/aaron/ur_ws/install/moveit_resources_panda_description:/home/aaron/ur_ws/install/moveit_common:${AMENT_PREFIX_PATH} CMAKE_PREFIX_PATH=/home/aaron/ur_ws/install/chomp_motion_planner:/home/aaron/ur_ws/install/moveit_core:/home/aaron/ur_ws/install/moveit_resources_panda_moveit_config:/home/aaron/ur_ws/install/srdfdom:/home/aaron/ur_ws/install/moveit_resources_pr2_description:/home/aaron/ur_ws/install/moveit_resources_panda_description:/home/aaron/ur_ws/install/moveit_common:/opt/ros/humble LD_LIBRARY_PATH=/home/aaron/ur_ws/install/chomp_motion_planner/lib:/home/aaron/ur_ws/install/moveit_core/lib:/home/aaron/ur_ws/install/srdfdom/lib:${LD_LIBRARY_PATH} PATH=/home/aaron/ur_ws/install/moveit_core/bin:${PATH} PYTHONPATH=/home/aaron/ur_ws/install/srdfdom/local/lib/python3.10/dist-packages:${PYTHONPATH} /usr/bin/cmake --install /home/aaron/ur_ws/build/moveit_chomp_optimizer_adapter
[1.978s] Level 1:colcon.colcon_core.environment:checking '/home/aaron/ur_ws/install/moveit_chomp_optimizer_adapter' for CMake config files
[1.978s] Level 1:colcon.colcon_core.shell:create_environment_hook('moveit_chomp_optimizer_adapter', 'cmake_prefix_path')
[1.979s] INFO:colcon.colcon_core.shell:Creating environment hook '/home/aaron/ur_ws/install/moveit_chomp_optimizer_adapter/share/moveit_chomp_optimizer_adapter/hook/cmake_prefix_path.ps1'
[1.979s] INFO:colcon.colcon_core.shell:Creating environment descriptor '/home/aaron/ur_ws/install/moveit_chomp_optimizer_adapter/share/moveit_chomp_optimizer_adapter/hook/cmake_prefix_path.dsv'
[1.979s] INFO:colcon.colcon_core.shell:Creating environment hook '/home/aaron/ur_ws/install/moveit_chomp_optimizer_adapter/share/moveit_chomp_optimizer_adapter/hook/cmake_prefix_path.sh'
[1.979s] Level 1:colcon.colcon_core.environment:checking '/home/aaron/ur_ws/install/moveit_chomp_optimizer_adapter/lib'
[1.980s] Level 1:colcon.colcon_core.shell:create_environment_hook('moveit_chomp_optimizer_adapter', 'ld_library_path_lib')
[1.980s] INFO:colcon.colcon_core.shell:Creating environment hook '/home/aaron/ur_ws/install/moveit_chomp_optimizer_adapter/share/moveit_chomp_optimizer_adapter/hook/ld_library_path_lib.ps1'
[1.980s] INFO:colcon.colcon_core.shell:Creating environment descriptor '/home/aaron/ur_ws/install/moveit_chomp_optimizer_adapter/share/moveit_chomp_optimizer_adapter/hook/ld_library_path_lib.dsv'
[1.980s] INFO:colcon.colcon_core.shell:Creating environment hook '/home/aaron/ur_ws/install/moveit_chomp_optimizer_adapter/share/moveit_chomp_optimizer_adapter/hook/ld_library_path_lib.sh'
[1.980s] Level 1:colcon.colcon_core.environment:checking '/home/aaron/ur_ws/install/moveit_chomp_optimizer_adapter/bin'
[1.980s] Level 1:colcon.colcon_core.environment:checking '/home/aaron/ur_ws/install/moveit_chomp_optimizer_adapter/lib/pkgconfig/moveit_chomp_optimizer_adapter.pc'
[1.981s] Level 1:colcon.colcon_core.environment:checking '/home/aaron/ur_ws/install/moveit_chomp_optimizer_adapter/lib/python3.10/site-packages'
[1.981s] Level 1:colcon.colcon_core.environment:checking '/home/aaron/ur_ws/install/moveit_chomp_optimizer_adapter/bin'
[1.981s] INFO:colcon.colcon_core.shell:Creating package script '/home/aaron/ur_ws/install/moveit_chomp_optimizer_adapter/share/moveit_chomp_optimizer_adapter/package.ps1'
[1.981s] INFO:colcon.colcon_core.shell:Creating package descriptor '/home/aaron/ur_ws/install/moveit_chomp_optimizer_adapter/share/moveit_chomp_optimizer_adapter/package.dsv'
[1.982s] INFO:colcon.colcon_core.shell:Creating package script '/home/aaron/ur_ws/install/moveit_chomp_optimizer_adapter/share/moveit_chomp_optimizer_adapter/package.sh'
[1.982s] INFO:colcon.colcon_core.shell:Creating package script '/home/aaron/ur_ws/install/moveit_chomp_optimizer_adapter/share/moveit_chomp_optimizer_adapter/package.bash'
[1.982s] INFO:colcon.colcon_core.shell:Creating package script '/home/aaron/ur_ws/install/moveit_chomp_optimizer_adapter/share/moveit_chomp_optimizer_adapter/package.zsh'
[1.982s] Level 1:colcon.colcon_core.environment:create_file_with_runtime_dependencies(/home/aaron/ur_ws/install/moveit_chomp_optimizer_adapter/share/colcon-core/packages/moveit_chomp_optimizer_adapter)
[1.983s] Level 1:colcon.colcon_core.environment:create_environment_scripts_only(moveit_chomp_optimizer_adapter)
[1.983s] Level 1:colcon.colcon_core.environment:checking '/home/aaron/ur_ws/install/moveit_chomp_optimizer_adapter' for CMake module files
[1.983s] Level 1:colcon.colcon_core.environment:checking '/home/aaron/ur_ws/install/moveit_chomp_optimizer_adapter' for CMake config files
[1.983s] Level 1:colcon.colcon_core.shell:create_environment_hook('moveit_chomp_optimizer_adapter', 'cmake_prefix_path')
[1.983s] INFO:colcon.colcon_core.shell:Creating environment hook '/home/aaron/ur_ws/install/moveit_chomp_optimizer_adapter/share/moveit_chomp_optimizer_adapter/hook/cmake_prefix_path.ps1'
[1.983s] INFO:colcon.colcon_core.shell:Creating environment descriptor '/home/aaron/ur_ws/install/moveit_chomp_optimizer_adapter/share/moveit_chomp_optimizer_adapter/hook/cmake_prefix_path.dsv'
[1.984s] INFO:colcon.colcon_core.shell:Creating environment hook '/home/aaron/ur_ws/install/moveit_chomp_optimizer_adapter/share/moveit_chomp_optimizer_adapter/hook/cmake_prefix_path.sh'
[1.984s] Level 1:colcon.colcon_core.environment:checking '/home/aaron/ur_ws/install/moveit_chomp_optimizer_adapter/lib'
[1.984s] Level 1:colcon.colcon_core.shell:create_environment_hook('moveit_chomp_optimizer_adapter', 'ld_library_path_lib')
[1.984s] INFO:colcon.colcon_core.shell:Creating environment hook '/home/aaron/ur_ws/install/moveit_chomp_optimizer_adapter/share/moveit_chomp_optimizer_adapter/hook/ld_library_path_lib.ps1'
[1.984s] INFO:colcon.colcon_core.shell:Creating environment descriptor '/home/aaron/ur_ws/install/moveit_chomp_optimizer_adapter/share/moveit_chomp_optimizer_adapter/hook/ld_library_path_lib.dsv'
[1.984s] INFO:colcon.colcon_core.shell:Creating environment hook '/home/aaron/ur_ws/install/moveit_chomp_optimizer_adapter/share/moveit_chomp_optimizer_adapter/hook/ld_library_path_lib.sh'
[1.985s] Level 1:colcon.colcon_core.environment:checking '/home/aaron/ur_ws/install/moveit_chomp_optimizer_adapter/bin'
[1.985s] Level 1:colcon.colcon_core.environment:checking '/home/aaron/ur_ws/install/moveit_chomp_optimizer_adapter/lib/pkgconfig/moveit_chomp_optimizer_adapter.pc'
[1.985s] Level 1:colcon.colcon_core.environment:checking '/home/aaron/ur_ws/install/moveit_chomp_optimizer_adapter/lib/python3.10/site-packages'
[1.985s] Level 1:colcon.colcon_core.environment:checking '/home/aaron/ur_ws/install/moveit_chomp_optimizer_adapter/bin'
[1.985s] INFO:colcon.colcon_core.shell:Creating package script '/home/aaron/ur_ws/install/moveit_chomp_optimizer_adapter/share/moveit_chomp_optimizer_adapter/package.ps1'
[1.986s] INFO:colcon.colcon_core.shell:Creating package descriptor '/home/aaron/ur_ws/install/moveit_chomp_optimizer_adapter/share/moveit_chomp_optimizer_adapter/package.dsv'
[1.986s] INFO:colcon.colcon_core.shell:Creating package script '/home/aaron/ur_ws/install/moveit_chomp_optimizer_adapter/share/moveit_chomp_optimizer_adapter/package.sh'
[1.986s] INFO:colcon.colcon_core.shell:Creating package script '/home/aaron/ur_ws/install/moveit_chomp_optimizer_adapter/share/moveit_chomp_optimizer_adapter/package.bash'
[1.986s] INFO:colcon.colcon_core.shell:Creating package script '/home/aaron/ur_ws/install/moveit_chomp_optimizer_adapter/share/moveit_chomp_optimizer_adapter/package.zsh'
[1.987s] Level 1:colcon.colcon_core.environment:create_file_with_runtime_dependencies(/home/aaron/ur_ws/install/moveit_chomp_optimizer_adapter/share/colcon-core/packages/moveit_chomp_optimizer_adapter)
[1.988s] DEBUG:colcon.colcon_core.event_handler.log_command:Invoked command in '/home/aaron/ur_ws/build/moveit_ros_control_interface' returned '0': AMENT_PREFIX_PATH=/home/aaron/ur_ws/install/moveit_simple_controller_manager:/home/aaron/ur_ws/install/moveit_core:/home/aaron/ur_ws/install/moveit_resources_panda_moveit_config:/home/aaron/ur_ws/install/srdfdom:/home/aaron/ur_ws/install/moveit_resources_pr2_description:/home/aaron/ur_ws/install/moveit_resources_panda_description:/home/aaron/ur_ws/install/moveit_common:${AMENT_PREFIX_PATH} CMAKE_PREFIX_PATH=/home/aaron/ur_ws/install/moveit_simple_controller_manager:/home/aaron/ur_ws/install/moveit_core:/home/aaron/ur_ws/install/moveit_resources_panda_moveit_config:/home/aaron/ur_ws/install/srdfdom:/home/aaron/ur_ws/install/moveit_resources_pr2_description:/home/aaron/ur_ws/install/moveit_resources_panda_description:/home/aaron/ur_ws/install/moveit_common:/opt/ros/humble LD_LIBRARY_PATH=/home/aaron/ur_ws/install/moveit_simple_controller_manager/lib:/home/aaron/ur_ws/install/moveit_core/lib:/home/aaron/ur_ws/install/srdfdom/lib:${LD_LIBRARY_PATH} PATH=/home/aaron/ur_ws/install/moveit_core/bin:${PATH} PYTHONPATH=/home/aaron/ur_ws/install/srdfdom/local/lib/python3.10/dist-packages:${PYTHONPATH} /usr/bin/cmake --build /home/aaron/ur_ws/build/moveit_ros_control_interface -- -j20 -l20
[1.989s] DEBUG:colcon.colcon_core.event_handler.log_command:Invoking command in '/home/aaron/ur_ws/build/moveit_ros_control_interface': AMENT_PREFIX_PATH=/home/aaron/ur_ws/install/moveit_simple_controller_manager:/home/aaron/ur_ws/install/moveit_core:/home/aaron/ur_ws/install/moveit_resources_panda_moveit_config:/home/aaron/ur_ws/install/srdfdom:/home/aaron/ur_ws/install/moveit_resources_pr2_description:/home/aaron/ur_ws/install/moveit_resources_panda_description:/home/aaron/ur_ws/install/moveit_common:${AMENT_PREFIX_PATH} CMAKE_PREFIX_PATH=/home/aaron/ur_ws/install/moveit_simple_controller_manager:/home/aaron/ur_ws/install/moveit_core:/home/aaron/ur_ws/install/moveit_resources_panda_moveit_config:/home/aaron/ur_ws/install/srdfdom:/home/aaron/ur_ws/install/moveit_resources_pr2_description:/home/aaron/ur_ws/install/moveit_resources_panda_description:/home/aaron/ur_ws/install/moveit_common:/opt/ros/humble LD_LIBRARY_PATH=/home/aaron/ur_ws/install/moveit_simple_controller_manager/lib:/home/aaron/ur_ws/install/moveit_core/lib:/home/aaron/ur_ws/install/srdfdom/lib:${LD_LIBRARY_PATH} PATH=/home/aaron/ur_ws/install/moveit_core/bin:${PATH} PYTHONPATH=/home/aaron/ur_ws/install/srdfdom/local/lib/python3.10/dist-packages:${PYTHONPATH} /usr/bin/cmake --install /home/aaron/ur_ws/build/moveit_ros_control_interface
[1.998s] Level 1:colcon.colcon_core.environment:create_environment_scripts_only(moveit_ros_control_interface)
[1.998s] Level 1:colcon.colcon_core.environment:checking '/home/aaron/ur_ws/install/moveit_ros_control_interface' for CMake module files
[1.999s] Level 1:colcon.colcon_core.environment:checking '/home/aaron/ur_ws/install/moveit_ros_control_interface' for CMake config files
[2.000s] Level 1:colcon.colcon_core.shell:create_environment_hook('moveit_ros_control_interface', 'cmake_prefix_path')
[2.000s] INFO:colcon.colcon_core.shell:Creating environment hook '/home/aaron/ur_ws/install/moveit_ros_control_interface/share/moveit_ros_control_interface/hook/cmake_prefix_path.ps1'
[2.000s] DEBUG:colcon.colcon_core.event_handler.log_command:Invoked command in '/home/aaron/ur_ws/build/moveit_ros_control_interface' returned '0': AMENT_PREFIX_PATH=/home/aaron/ur_ws/install/moveit_simple_controller_manager:/home/aaron/ur_ws/install/moveit_core:/home/aaron/ur_ws/install/moveit_resources_panda_moveit_config:/home/aaron/ur_ws/install/srdfdom:/home/aaron/ur_ws/install/moveit_resources_pr2_description:/home/aaron/ur_ws/install/moveit_resources_panda_description:/home/aaron/ur_ws/install/moveit_common:${AMENT_PREFIX_PATH} CMAKE_PREFIX_PATH=/home/aaron/ur_ws/install/moveit_simple_controller_manager:/home/aaron/ur_ws/install/moveit_core:/home/aaron/ur_ws/install/moveit_resources_panda_moveit_config:/home/aaron/ur_ws/install/srdfdom:/home/aaron/ur_ws/install/moveit_resources_pr2_description:/home/aaron/ur_ws/install/moveit_resources_panda_description:/home/aaron/ur_ws/install/moveit_common:/opt/ros/humble LD_LIBRARY_PATH=/home/aaron/ur_ws/install/moveit_simple_controller_manager/lib:/home/aaron/ur_ws/install/moveit_core/lib:/home/aaron/ur_ws/install/srdfdom/lib:${LD_LIBRARY_PATH} PATH=/home/aaron/ur_ws/install/moveit_core/bin:${PATH} PYTHONPATH=/home/aaron/ur_ws/install/srdfdom/local/lib/python3.10/dist-packages:${PYTHONPATH} /usr/bin/cmake --install /home/aaron/ur_ws/build/moveit_ros_control_interface
[2.001s] INFO:colcon.colcon_core.shell:Creating environment descriptor '/home/aaron/ur_ws/install/moveit_ros_control_interface/share/moveit_ros_control_interface/hook/cmake_prefix_path.dsv'
[2.001s] INFO:colcon.colcon_core.shell:Creating environment hook '/home/aaron/ur_ws/install/moveit_ros_control_interface/share/moveit_ros_control_interface/hook/cmake_prefix_path.sh'
[2.002s] Level 1:colcon.colcon_core.environment:checking '/home/aaron/ur_ws/install/moveit_ros_control_interface/lib'
[2.002s] Level 1:colcon.colcon_core.shell:create_environment_hook('moveit_ros_control_interface', 'ld_library_path_lib')
[2.002s] INFO:colcon.colcon_core.shell:Creating environment hook '/home/aaron/ur_ws/install/moveit_ros_control_interface/share/moveit_ros_control_interface/hook/ld_library_path_lib.ps1'
[2.003s] INFO:colcon.colcon_core.shell:Creating environment descriptor '/home/aaron/ur_ws/install/moveit_ros_control_interface/share/moveit_ros_control_interface/hook/ld_library_path_lib.dsv'
[2.003s] INFO:colcon.colcon_core.shell:Creating environment hook '/home/aaron/ur_ws/install/moveit_ros_control_interface/share/moveit_ros_control_interface/hook/ld_library_path_lib.sh'
[2.004s] Level 1:colcon.colcon_core.environment:checking '/home/aaron/ur_ws/install/moveit_ros_control_interface/bin'
[2.004s] Level 1:colcon.colcon_core.environment:checking '/home/aaron/ur_ws/install/moveit_ros_control_interface/lib/pkgconfig/moveit_ros_control_interface.pc'
[2.004s] Level 1:colcon.colcon_core.environment:checking '/home/aaron/ur_ws/install/moveit_ros_control_interface/lib/python3.10/site-packages'
[2.004s] Level 1:colcon.colcon_core.environment:checking '/home/aaron/ur_ws/install/moveit_ros_control_interface/bin'
[2.005s] INFO:colcon.colcon_core.shell:Creating package script '/home/aaron/ur_ws/install/moveit_ros_control_interface/share/moveit_ros_control_interface/package.ps1'
[2.005s] INFO:colcon.colcon_core.shell:Creating package descriptor '/home/aaron/ur_ws/install/moveit_ros_control_interface/share/moveit_ros_control_interface/package.dsv'
[2.006s] INFO:colcon.colcon_core.shell:Creating package script '/home/aaron/ur_ws/install/moveit_ros_control_interface/share/moveit_ros_control_interface/package.sh'
[2.006s] INFO:colcon.colcon_core.shell:Creating package script '/home/aaron/ur_ws/install/moveit_ros_control_interface/share/moveit_ros_control_interface/package.bash'
[2.007s] INFO:colcon.colcon_core.shell:Creating package script '/home/aaron/ur_ws/install/moveit_ros_control_interface/share/moveit_ros_control_interface/package.zsh'
[2.007s] Level 1:colcon.colcon_core.environment:create_file_with_runtime_dependencies(/home/aaron/ur_ws/install/moveit_ros_control_interface/share/colcon-core/packages/moveit_ros_control_interface)
[2.008s] Level 1:colcon.colcon_core.environment:create_environment_scripts_only(moveit_ros_control_interface)
[2.008s] Level 1:colcon.colcon_core.environment:checking '/home/aaron/ur_ws/install/moveit_ros_control_interface' for CMake module files
[2.009s] Level 1:colcon.colcon_core.environment:checking '/home/aaron/ur_ws/install/moveit_ros_control_interface' for CMake config files
[2.009s] Level 1:colcon.colcon_core.shell:create_environment_hook('moveit_ros_control_interface', 'cmake_prefix_path')
[2.009s] INFO:colcon.colcon_core.shell:Creating environment hook '/home/aaron/ur_ws/install/moveit_ros_control_interface/share/moveit_ros_control_interface/hook/cmake_prefix_path.ps1'
[2.010s] INFO:colcon.colcon_core.shell:Creating environment descriptor '/home/aaron/ur_ws/install/moveit_ros_control_interface/share/moveit_ros_control_interface/hook/cmake_prefix_path.dsv'
[2.010s] INFO:colcon.colcon_core.shell:Creating environment hook '/home/aaron/ur_ws/install/moveit_ros_control_interface/share/moveit_ros_control_interface/hook/cmake_prefix_path.sh'
[2.011s] Level 1:colcon.colcon_core.environment:checking '/home/aaron/ur_ws/install/moveit_ros_control_interface/lib'
[2.011s] Level 1:colcon.colcon_core.shell:create_environment_hook('moveit_ros_control_interface', 'ld_library_path_lib')
[2.011s] INFO:colcon.colcon_core.shell:Creating environment hook '/home/aaron/ur_ws/install/moveit_ros_control_interface/share/moveit_ros_control_interface/hook/ld_library_path_lib.ps1'
[2.011s] INFO:colcon.colcon_core.shell:Creating environment descriptor '/home/aaron/ur_ws/install/moveit_ros_control_interface/share/moveit_ros_control_interface/hook/ld_library_path_lib.dsv'
[2.012s] INFO:colcon.colcon_core.shell:Creating environment hook '/home/aaron/ur_ws/install/moveit_ros_control_interface/share/moveit_ros_control_interface/hook/ld_library_path_lib.sh'
[2.012s] Level 1:colcon.colcon_core.environment:checking '/home/aaron/ur_ws/install/moveit_ros_control_interface/bin'
[2.012s] Level 1:colcon.colcon_core.environment:checking '/home/aaron/ur_ws/install/moveit_ros_control_interface/lib/pkgconfig/moveit_ros_control_interface.pc'
[2.012s] Level 1:colcon.colcon_core.environment:checking '/home/aaron/ur_ws/install/moveit_ros_control_interface/lib/python3.10/site-packages'
[2.012s] Level 1:colcon.colcon_core.environment:checking '/home/aaron/ur_ws/install/moveit_ros_control_interface/bin'
[2.013s] INFO:colcon.colcon_core.shell:Creating package script '/home/aaron/ur_ws/install/moveit_ros_control_interface/share/moveit_ros_control_interface/package.ps1'
[2.013s] INFO:colcon.colcon_core.shell:Creating package descriptor '/home/aaron/ur_ws/install/moveit_ros_control_interface/share/moveit_ros_control_interface/package.dsv'
[2.013s] INFO:colcon.colcon_core.shell:Creating package script '/home/aaron/ur_ws/install/moveit_ros_control_interface/share/moveit_ros_control_interface/package.sh'
[2.014s] INFO:colcon.colcon_core.shell:Creating package script '/home/aaron/ur_ws/install/moveit_ros_control_interface/share/moveit_ros_control_interface/package.bash'
[2.014s] INFO:colcon.colcon_core.shell:Creating package script '/home/aaron/ur_ws/install/moveit_ros_control_interface/share/moveit_ros_control_interface/package.zsh'
[2.014s] Level 1:colcon.colcon_core.environment:create_file_with_runtime_dependencies(/home/aaron/ur_ws/install/moveit_ros_control_interface/share/colcon-core/packages/moveit_ros_control_interface)
[2.016s] DEBUG:colcon.colcon_core.event_handler.log_command:Invoked command in '/home/aaron/ur_ws/build/moveit_planners_chomp' returned '0': AMENT_PREFIX_PATH=/home/aaron/ur_ws/install/chomp_motion_planner:/home/aaron/ur_ws/install/moveit_core:/home/aaron/ur_ws/install/moveit_resources_panda_moveit_config:/home/aaron/ur_ws/install/srdfdom:/home/aaron/ur_ws/install/moveit_resources_pr2_description:/home/aaron/ur_ws/install/moveit_resources_panda_description:/home/aaron/ur_ws/install/moveit_common:${AMENT_PREFIX_PATH} CMAKE_PREFIX_PATH=/home/aaron/ur_ws/install/chomp_motion_planner:/home/aaron/ur_ws/install/moveit_core:/home/aaron/ur_ws/install/moveit_resources_panda_moveit_config:/home/aaron/ur_ws/install/srdfdom:/home/aaron/ur_ws/install/moveit_resources_pr2_description:/home/aaron/ur_ws/install/moveit_resources_panda_description:/home/aaron/ur_ws/install/moveit_common:/opt/ros/humble LD_LIBRARY_PATH=/home/aaron/ur_ws/install/chomp_motion_planner/lib:/home/aaron/ur_ws/install/moveit_core/lib:/home/aaron/ur_ws/install/srdfdom/lib:${LD_LIBRARY_PATH} PATH=/home/aaron/ur_ws/install/moveit_core/bin:${PATH} PYTHONPATH=/home/aaron/ur_ws/install/srdfdom/local/lib/python3.10/dist-packages:${PYTHONPATH} /usr/bin/cmake --build /home/aaron/ur_ws/build/moveit_planners_chomp -- -j20 -l20
[2.017s] DEBUG:colcon.colcon_core.event_handler.log_command:Invoking command in '/home/aaron/ur_ws/build/moveit_planners_chomp': AMENT_PREFIX_PATH=/home/aaron/ur_ws/install/chomp_motion_planner:/home/aaron/ur_ws/install/moveit_core:/home/aaron/ur_ws/install/moveit_resources_panda_moveit_config:/home/aaron/ur_ws/install/srdfdom:/home/aaron/ur_ws/install/moveit_resources_pr2_description:/home/aaron/ur_ws/install/moveit_resources_panda_description:/home/aaron/ur_ws/install/moveit_common:${AMENT_PREFIX_PATH} CMAKE_PREFIX_PATH=/home/aaron/ur_ws/install/chomp_motion_planner:/home/aaron/ur_ws/install/moveit_core:/home/aaron/ur_ws/install/moveit_resources_panda_moveit_config:/home/aaron/ur_ws/install/srdfdom:/home/aaron/ur_ws/install/moveit_resources_pr2_description:/home/aaron/ur_ws/install/moveit_resources_panda_description:/home/aaron/ur_ws/install/moveit_common:/opt/ros/humble LD_LIBRARY_PATH=/home/aaron/ur_ws/install/chomp_motion_planner/lib:/home/aaron/ur_ws/install/moveit_core/lib:/home/aaron/ur_ws/install/srdfdom/lib:${LD_LIBRARY_PATH} PATH=/home/aaron/ur_ws/install/moveit_core/bin:${PATH} PYTHONPATH=/home/aaron/ur_ws/install/srdfdom/local/lib/python3.10/dist-packages:${PYTHONPATH} /usr/bin/cmake --install /home/aaron/ur_ws/build/moveit_planners_chomp
[2.028s] Level 1:colcon.colcon_core.environment:create_environment_scripts_only(moveit_planners_chomp)
[2.029s] Level 1:colcon.colcon_core.environment:checking '/home/aaron/ur_ws/install/moveit_planners_chomp' for CMake module files
[2.029s] DEBUG:colcon.colcon_core.event_handler.log_command:Invoked command in '/home/aaron/ur_ws/build/moveit_planners_chomp' returned '0': AMENT_PREFIX_PATH=/home/aaron/ur_ws/install/chomp_motion_planner:/home/aaron/ur_ws/install/moveit_core:/home/aaron/ur_ws/install/moveit_resources_panda_moveit_config:/home/aaron/ur_ws/install/srdfdom:/home/aaron/ur_ws/install/moveit_resources_pr2_description:/home/aaron/ur_ws/install/moveit_resources_panda_description:/home/aaron/ur_ws/install/moveit_common:${AMENT_PREFIX_PATH} CMAKE_PREFIX_PATH=/home/aaron/ur_ws/install/chomp_motion_planner:/home/aaron/ur_ws/install/moveit_core:/home/aaron/ur_ws/install/moveit_resources_panda_moveit_config:/home/aaron/ur_ws/install/srdfdom:/home/aaron/ur_ws/install/moveit_resources_pr2_description:/home/aaron/ur_ws/install/moveit_resources_panda_description:/home/aaron/ur_ws/install/moveit_common:/opt/ros/humble LD_LIBRARY_PATH=/home/aaron/ur_ws/install/chomp_motion_planner/lib:/home/aaron/ur_ws/install/moveit_core/lib:/home/aaron/ur_ws/install/srdfdom/lib:${LD_LIBRARY_PATH} PATH=/home/aaron/ur_ws/install/moveit_core/bin:${PATH} PYTHONPATH=/home/aaron/ur_ws/install/srdfdom/local/lib/python3.10/dist-packages:${PYTHONPATH} /usr/bin/cmake --install /home/aaron/ur_ws/build/moveit_planners_chomp
[2.030s] Level 1:colcon.colcon_core.environment:checking '/home/aaron/ur_ws/install/moveit_planners_chomp' for CMake config files
[2.030s] Level 1:colcon.colcon_core.shell:create_environment_hook('moveit_planners_chomp', 'cmake_prefix_path')
[2.030s] INFO:colcon.colcon_core.shell:Creating environment hook '/home/aaron/ur_ws/install/moveit_planners_chomp/share/moveit_planners_chomp/hook/cmake_prefix_path.ps1'
[2.031s] INFO:colcon.colcon_core.shell:Creating environment descriptor '/home/aaron/ur_ws/install/moveit_planners_chomp/share/moveit_planners_chomp/hook/cmake_prefix_path.dsv'
[2.031s] INFO:colcon.colcon_core.shell:Creating environment hook '/home/aaron/ur_ws/install/moveit_planners_chomp/share/moveit_planners_chomp/hook/cmake_prefix_path.sh'
[2.032s] Level 1:colcon.colcon_core.environment:checking '/home/aaron/ur_ws/install/moveit_planners_chomp/lib'
[2.032s] Level 1:colcon.colcon_core.shell:create_environment_hook('moveit_planners_chomp', 'ld_library_path_lib')
[2.032s] INFO:colcon.colcon_core.shell:Creating environment hook '/home/aaron/ur_ws/install/moveit_planners_chomp/share/moveit_planners_chomp/hook/ld_library_path_lib.ps1'
[2.032s] INFO:colcon.colcon_core.shell:Creating environment descriptor '/home/aaron/ur_ws/install/moveit_planners_chomp/share/moveit_planners_chomp/hook/ld_library_path_lib.dsv'
[2.032s] INFO:colcon.colcon_core.shell:Creating environment hook '/home/aaron/ur_ws/install/moveit_planners_chomp/share/moveit_planners_chomp/hook/ld_library_path_lib.sh'
[2.033s] Level 1:colcon.colcon_core.environment:checking '/home/aaron/ur_ws/install/moveit_planners_chomp/bin'
[2.033s] Level 1:colcon.colcon_core.environment:checking '/home/aaron/ur_ws/install/moveit_planners_chomp/lib/pkgconfig/moveit_planners_chomp.pc'
[2.033s] Level 1:colcon.colcon_core.environment:checking '/home/aaron/ur_ws/install/moveit_planners_chomp/lib/python3.10/site-packages'
[2.033s] Level 1:colcon.colcon_core.environment:checking '/home/aaron/ur_ws/install/moveit_planners_chomp/bin'
[2.033s] INFO:colcon.colcon_core.shell:Creating package script '/home/aaron/ur_ws/install/moveit_planners_chomp/share/moveit_planners_chomp/package.ps1'
[2.034s] INFO:colcon.colcon_core.shell:Creating package descriptor '/home/aaron/ur_ws/install/moveit_planners_chomp/share/moveit_planners_chomp/package.dsv'
[2.034s] INFO:colcon.colcon_core.shell:Creating package script '/home/aaron/ur_ws/install/moveit_planners_chomp/share/moveit_planners_chomp/package.sh'
[2.034s] INFO:colcon.colcon_core.shell:Creating package script '/home/aaron/ur_ws/install/moveit_planners_chomp/share/moveit_planners_chomp/package.bash'
[2.034s] INFO:colcon.colcon_core.shell:Creating package script '/home/aaron/ur_ws/install/moveit_planners_chomp/share/moveit_planners_chomp/package.zsh'
[2.035s] Level 1:colcon.colcon_core.environment:create_file_with_runtime_dependencies(/home/aaron/ur_ws/install/moveit_planners_chomp/share/colcon-core/packages/moveit_planners_chomp)
[2.035s] Level 1:colcon.colcon_core.environment:create_environment_scripts_only(moveit_planners_chomp)
[2.035s] Level 1:colcon.colcon_core.environment:checking '/home/aaron/ur_ws/install/moveit_planners_chomp' for CMake module files
[2.035s] Level 1:colcon.colcon_core.environment:checking '/home/aaron/ur_ws/install/moveit_planners_chomp' for CMake config files
[2.035s] Level 1:colcon.colcon_core.shell:create_environment_hook('moveit_planners_chomp', 'cmake_prefix_path')
[2.036s] INFO:colcon.colcon_core.shell:Creating environment hook '/home/aaron/ur_ws/install/moveit_planners_chomp/share/moveit_planners_chomp/hook/cmake_prefix_path.ps1'
[2.036s] INFO:colcon.colcon_core.shell:Creating environment descriptor '/home/aaron/ur_ws/install/moveit_planners_chomp/share/moveit_planners_chomp/hook/cmake_prefix_path.dsv'
[2.036s] INFO:colcon.colcon_core.shell:Creating environment hook '/home/aaron/ur_ws/install/moveit_planners_chomp/share/moveit_planners_chomp/hook/cmake_prefix_path.sh'
[2.037s] Level 1:colcon.colcon_core.environment:checking '/home/aaron/ur_ws/install/moveit_planners_chomp/lib'
[2.037s] Level 1:colcon.colcon_core.shell:create_environment_hook('moveit_planners_chomp', 'ld_library_path_lib')
[2.037s] INFO:colcon.colcon_core.shell:Creating environment hook '/home/aaron/ur_ws/install/moveit_planners_chomp/share/moveit_planners_chomp/hook/ld_library_path_lib.ps1'
[2.037s] INFO:colcon.colcon_core.shell:Creating environment descriptor '/home/aaron/ur_ws/install/moveit_planners_chomp/share/moveit_planners_chomp/hook/ld_library_path_lib.dsv'
[2.037s] INFO:colcon.colcon_core.shell:Creating environment hook '/home/aaron/ur_ws/install/moveit_planners_chomp/share/moveit_planners_chomp/hook/ld_library_path_lib.sh'
[2.037s] Level 1:colcon.colcon_core.environment:checking '/home/aaron/ur_ws/install/moveit_planners_chomp/bin'
[2.037s] Level 1:colcon.colcon_core.environment:checking '/home/aaron/ur_ws/install/moveit_planners_chomp/lib/pkgconfig/moveit_planners_chomp.pc'
[2.038s] Level 1:colcon.colcon_core.environment:checking '/home/aaron/ur_ws/install/moveit_planners_chomp/lib/python3.10/site-packages'
[2.038s] Level 1:colcon.colcon_core.environment:checking '/home/aaron/ur_ws/install/moveit_planners_chomp/bin'
[2.038s] INFO:colcon.colcon_core.shell:Creating package script '/home/aaron/ur_ws/install/moveit_planners_chomp/share/moveit_planners_chomp/package.ps1'
[2.038s] INFO:colcon.colcon_core.shell:Creating package descriptor '/home/aaron/ur_ws/install/moveit_planners_chomp/share/moveit_planners_chomp/package.dsv'
[2.039s] INFO:colcon.colcon_core.shell:Creating package script '/home/aaron/ur_ws/install/moveit_planners_chomp/share/moveit_planners_chomp/package.sh'
[2.039s] INFO:colcon.colcon_core.shell:Creating package script '/home/aaron/ur_ws/install/moveit_planners_chomp/share/moveit_planners_chomp/package.bash'
[2.039s] INFO:colcon.colcon_core.shell:Creating package script '/home/aaron/ur_ws/install/moveit_planners_chomp/share/moveit_planners_chomp/package.zsh'
[2.039s] Level 1:colcon.colcon_core.environment:create_file_with_runtime_dependencies(/home/aaron/ur_ws/install/moveit_planners_chomp/share/colcon-core/packages/moveit_planners_chomp)
[2.154s] Level 1:colcon.colcon_core.environment:checking '/home/aaron/ur_ws/install/moveit_configs_utils' for CMake module files
[2.155s] DEBUG:colcon.colcon_core.event_handler.log_command:Invoked command in '/home/aaron/ur_ws/src/moveit2/moveit_configs_utils' returned '0': AMENT_PREFIX_PATH=/home/aaron/ur_ws/install/srdfdom:/home/aaron/ur_ws/install/launch_param_builder:${AMENT_PREFIX_PATH} CMAKE_PREFIX_PATH=/home/aaron/ur_ws/install/srdfdom LD_LIBRARY_PATH=/home/aaron/ur_ws/install/srdfdom/lib:${LD_LIBRARY_PATH} PYTHONPATH=/home/aaron/ur_ws/build/moveit_configs_utils/prefix_override:/usr/lib/python3/dist-packages/colcon_core/task/python/colcon_distutils_commands:/home/aaron/ur_ws/install/moveit_configs_utils/lib/python3.10/site-packages:/home/aaron/ur_ws/install/srdfdom/local/lib/python3.10/dist-packages:/home/aaron/ur_ws/install/launch_param_builder/lib/python3.10/site-packages:${PYTHONPATH} /usr/bin/python3 -W ignore:setup.py install is deprecated -W ignore:easy_install command is deprecated setup.py egg_info --egg-base ../../../build/moveit_configs_utils build --build-base /home/aaron/ur_ws/build/moveit_configs_utils/build install --record /home/aaron/ur_ws/build/moveit_configs_utils/install.log --single-version-externally-managed install_data
[2.155s] Level 1:colcon.colcon_core.environment:checking '/home/aaron/ur_ws/install/moveit_configs_utils' for CMake config files
[2.155s] Level 1:colcon.colcon_core.environment:checking '/home/aaron/ur_ws/install/moveit_configs_utils/lib'
[2.155s] Level 1:colcon.colcon_core.environment:checking '/home/aaron/ur_ws/install/moveit_configs_utils/bin'
[2.155s] Level 1:colcon.colcon_core.environment:checking '/home/aaron/ur_ws/install/moveit_configs_utils/lib/pkgconfig/moveit_configs_utils.pc'
[2.155s] Level 1:colcon.colcon_core.environment:checking '/home/aaron/ur_ws/install/moveit_configs_utils/lib/python3.10/site-packages'
[2.155s] Level 1:colcon.colcon_core.shell:create_environment_hook('moveit_configs_utils', 'pythonpath')
[2.156s] INFO:colcon.colcon_core.shell:Creating environment hook '/home/aaron/ur_ws/install/moveit_configs_utils/share/moveit_configs_utils/hook/pythonpath.ps1'
[2.156s] INFO:colcon.colcon_core.shell:Creating environment descriptor '/home/aaron/ur_ws/install/moveit_configs_utils/share/moveit_configs_utils/hook/pythonpath.dsv'
[2.156s] INFO:colcon.colcon_core.shell:Creating environment hook '/home/aaron/ur_ws/install/moveit_configs_utils/share/moveit_configs_utils/hook/pythonpath.sh'
[2.157s] Level 1:colcon.colcon_core.environment:checking '/home/aaron/ur_ws/install/moveit_configs_utils/bin'
[2.157s] Level 1:colcon.colcon_core.environment:create_environment_scripts_only(moveit_configs_utils)
[2.157s] INFO:colcon.colcon_core.shell:Creating package script '/home/aaron/ur_ws/install/moveit_configs_utils/share/moveit_configs_utils/package.ps1'
[2.157s] INFO:colcon.colcon_core.shell:Creating package descriptor '/home/aaron/ur_ws/install/moveit_configs_utils/share/moveit_configs_utils/package.dsv'
[2.158s] INFO:colcon.colcon_core.shell:Creating package script '/home/aaron/ur_ws/install/moveit_configs_utils/share/moveit_configs_utils/package.sh'
[2.158s] INFO:colcon.colcon_core.shell:Creating package script '/home/aaron/ur_ws/install/moveit_configs_utils/share/moveit_configs_utils/package.bash'
[2.158s] INFO:colcon.colcon_core.shell:Creating package script '/home/aaron/ur_ws/install/moveit_configs_utils/share/moveit_configs_utils/package.zsh'
[2.158s] Level 1:colcon.colcon_core.environment:create_file_with_runtime_dependencies(/home/aaron/ur_ws/install/moveit_configs_utils/share/colcon-core/packages/moveit_configs_utils)
[2.158s] INFO:colcon.colcon_ros.task.ament_cmake.build:Building ROS package in '/home/aaron/ur_ws/src/moveit2/moveit_ros/planning' with build type 'ament_cmake'
[2.159s] INFO:colcon.colcon_cmake.task.cmake.build:Building CMake package in '/home/aaron/ur_ws/src/moveit2/moveit_ros/planning'
[2.159s] INFO:colcon.colcon_core.shell:Skip shell extension 'powershell' for command environment: Not usable outside of PowerShell
[2.159s] DEBUG:colcon.colcon_core.shell:Skip shell extension 'dsv' for command environment
[2.175s] DEBUG:colcon.colcon_core.event_handler.log_command:Invoking command in '/home/aaron/ur_ws/build/moveit_ros_planning': AMENT_PREFIX_PATH=/home/aaron/ur_ws/install/moveit_ros_occupancy_map_monitor:/home/aaron/ur_ws/install/moveit_core:/home/aaron/ur_ws/install/moveit_resources_panda_moveit_config:/home/aaron/ur_ws/install/moveit_configs_utils:/home/aaron/ur_ws/install/srdfdom:/home/aaron/ur_ws/install/moveit_resources_pr2_description:/home/aaron/ur_ws/install/moveit_resources_panda_description:/home/aaron/ur_ws/install/moveit_common:/home/aaron/ur_ws/install/launch_param_builder:${AMENT_PREFIX_PATH} CMAKE_PREFIX_PATH=/home/aaron/ur_ws/install/moveit_ros_occupancy_map_monitor:/home/aaron/ur_ws/install/moveit_core:/home/aaron/ur_ws/install/moveit_resources_panda_moveit_config:/home/aaron/ur_ws/install/srdfdom:/home/aaron/ur_ws/install/moveit_resources_pr2_description:/home/aaron/ur_ws/install/moveit_resources_panda_description:/home/aaron/ur_ws/install/moveit_common:/opt/ros/humble LD_LIBRARY_PATH=/home/aaron/ur_ws/install/moveit_ros_occupancy_map_monitor/lib:/home/aaron/ur_ws/install/moveit_core/lib:/home/aaron/ur_ws/install/srdfdom/lib:${LD_LIBRARY_PATH} PATH=/home/aaron/ur_ws/install/moveit_core/bin:${PATH} PYTHONPATH=/home/aaron/ur_ws/install/moveit_configs_utils/lib/python3.10/site-packages:/home/aaron/ur_ws/install/srdfdom/local/lib/python3.10/dist-packages:/home/aaron/ur_ws/install/launch_param_builder/lib/python3.10/site-packages:${PYTHONPATH} /usr/bin/cmake --build /home/aaron/ur_ws/build/moveit_ros_planning -- -j20 -l20
[2.431s] DEBUG:colcon.colcon_core.event_handler.log_command:Invoked command in '/home/aaron/ur_ws/build/moveit_ros_planning' returned '0': AMENT_PREFIX_PATH=/home/aaron/ur_ws/install/moveit_ros_occupancy_map_monitor:/home/aaron/ur_ws/install/moveit_core:/home/aaron/ur_ws/install/moveit_resources_panda_moveit_config:/home/aaron/ur_ws/install/moveit_configs_utils:/home/aaron/ur_ws/install/srdfdom:/home/aaron/ur_ws/install/moveit_resources_pr2_description:/home/aaron/ur_ws/install/moveit_resources_panda_description:/home/aaron/ur_ws/install/moveit_common:/home/aaron/ur_ws/install/launch_param_builder:${AMENT_PREFIX_PATH} CMAKE_PREFIX_PATH=/home/aaron/ur_ws/install/moveit_ros_occupancy_map_monitor:/home/aaron/ur_ws/install/moveit_core:/home/aaron/ur_ws/install/moveit_resources_panda_moveit_config:/home/aaron/ur_ws/install/srdfdom:/home/aaron/ur_ws/install/moveit_resources_pr2_description:/home/aaron/ur_ws/install/moveit_resources_panda_description:/home/aaron/ur_ws/install/moveit_common:/opt/ros/humble LD_LIBRARY_PATH=/home/aaron/ur_ws/install/moveit_ros_occupancy_map_monitor/lib:/home/aaron/ur_ws/install/moveit_core/lib:/home/aaron/ur_ws/install/srdfdom/lib:${LD_LIBRARY_PATH} PATH=/home/aaron/ur_ws/install/moveit_core/bin:${PATH} PYTHONPATH=/home/aaron/ur_ws/install/moveit_configs_utils/lib/python3.10/site-packages:/home/aaron/ur_ws/install/srdfdom/local/lib/python3.10/dist-packages:/home/aaron/ur_ws/install/launch_param_builder/lib/python3.10/site-packages:${PYTHONPATH} /usr/bin/cmake --build /home/aaron/ur_ws/build/moveit_ros_planning -- -j20 -l20
[2.433s] DEBUG:colcon.colcon_core.event_handler.log_command:Invoking command in '/home/aaron/ur_ws/build/moveit_ros_planning': AMENT_PREFIX_PATH=/home/aaron/ur_ws/install/moveit_ros_occupancy_map_monitor:/home/aaron/ur_ws/install/moveit_core:/home/aaron/ur_ws/install/moveit_resources_panda_moveit_config:/home/aaron/ur_ws/install/moveit_configs_utils:/home/aaron/ur_ws/install/srdfdom:/home/aaron/ur_ws/install/moveit_resources_pr2_description:/home/aaron/ur_ws/install/moveit_resources_panda_description:/home/aaron/ur_ws/install/moveit_common:/home/aaron/ur_ws/install/launch_param_builder:${AMENT_PREFIX_PATH} CMAKE_PREFIX_PATH=/home/aaron/ur_ws/install/moveit_ros_occupancy_map_monitor:/home/aaron/ur_ws/install/moveit_core:/home/aaron/ur_ws/install/moveit_resources_panda_moveit_config:/home/aaron/ur_ws/install/srdfdom:/home/aaron/ur_ws/install/moveit_resources_pr2_description:/home/aaron/ur_ws/install/moveit_resources_panda_description:/home/aaron/ur_ws/install/moveit_common:/opt/ros/humble LD_LIBRARY_PATH=/home/aaron/ur_ws/install/moveit_ros_occupancy_map_monitor/lib:/home/aaron/ur_ws/install/moveit_core/lib:/home/aaron/ur_ws/install/srdfdom/lib:${LD_LIBRARY_PATH} PATH=/home/aaron/ur_ws/install/moveit_core/bin:${PATH} PYTHONPATH=/home/aaron/ur_ws/install/moveit_configs_utils/lib/python3.10/site-packages:/home/aaron/ur_ws/install/srdfdom/local/lib/python3.10/dist-packages:/home/aaron/ur_ws/install/launch_param_builder/lib/python3.10/site-packages:${PYTHONPATH} /usr/bin/cmake --install /home/aaron/ur_ws/build/moveit_ros_planning
[2.446s] Level 1:colcon.colcon_core.environment:create_environment_scripts_only(moveit_ros_planning)
[2.447s] Level 1:colcon.colcon_core.environment:checking '/home/aaron/ur_ws/install/moveit_ros_planning' for CMake module files
[2.448s] DEBUG:colcon.colcon_core.event_handler.log_command:Invoked command in '/home/aaron/ur_ws/build/moveit_ros_planning' returned '0': AMENT_PREFIX_PATH=/home/aaron/ur_ws/install/moveit_ros_occupancy_map_monitor:/home/aaron/ur_ws/install/moveit_core:/home/aaron/ur_ws/install/moveit_resources_panda_moveit_config:/home/aaron/ur_ws/install/moveit_configs_utils:/home/aaron/ur_ws/install/srdfdom:/home/aaron/ur_ws/install/moveit_resources_pr2_description:/home/aaron/ur_ws/install/moveit_resources_panda_description:/home/aaron/ur_ws/install/moveit_common:/home/aaron/ur_ws/install/launch_param_builder:${AMENT_PREFIX_PATH} CMAKE_PREFIX_PATH=/home/aaron/ur_ws/install/moveit_ros_occupancy_map_monitor:/home/aaron/ur_ws/install/moveit_core:/home/aaron/ur_ws/install/moveit_resources_panda_moveit_config:/home/aaron/ur_ws/install/srdfdom:/home/aaron/ur_ws/install/moveit_resources_pr2_description:/home/aaron/ur_ws/install/moveit_resources_panda_description:/home/aaron/ur_ws/install/moveit_common:/opt/ros/humble LD_LIBRARY_PATH=/home/aaron/ur_ws/install/moveit_ros_occupancy_map_monitor/lib:/home/aaron/ur_ws/install/moveit_core/lib:/home/aaron/ur_ws/install/srdfdom/lib:${LD_LIBRARY_PATH} PATH=/home/aaron/ur_ws/install/moveit_core/bin:${PATH} PYTHONPATH=/home/aaron/ur_ws/install/moveit_configs_utils/lib/python3.10/site-packages:/home/aaron/ur_ws/install/srdfdom/local/lib/python3.10/dist-packages:/home/aaron/ur_ws/install/launch_param_builder/lib/python3.10/site-packages:${PYTHONPATH} /usr/bin/cmake --install /home/aaron/ur_ws/build/moveit_ros_planning
[2.448s] Level 1:colcon.colcon_core.environment:checking '/home/aaron/ur_ws/install/moveit_ros_planning' for CMake config files
[2.448s] Level 1:colcon.colcon_core.shell:create_environment_hook('moveit_ros_planning', 'cmake_prefix_path')
[2.448s] INFO:colcon.colcon_core.shell:Creating environment hook '/home/aaron/ur_ws/install/moveit_ros_planning/share/moveit_ros_planning/hook/cmake_prefix_path.ps1'
[2.448s] INFO:colcon.colcon_core.shell:Creating environment descriptor '/home/aaron/ur_ws/install/moveit_ros_planning/share/moveit_ros_planning/hook/cmake_prefix_path.dsv'
[2.449s] INFO:colcon.colcon_core.shell:Creating environment hook '/home/aaron/ur_ws/install/moveit_ros_planning/share/moveit_ros_planning/hook/cmake_prefix_path.sh'
[2.449s] Level 1:colcon.colcon_core.environment:checking '/home/aaron/ur_ws/install/moveit_ros_planning/lib'
[2.449s] Level 1:colcon.colcon_core.shell:create_environment_hook('moveit_ros_planning', 'ld_library_path_lib')
[2.449s] INFO:colcon.colcon_core.shell:Creating environment hook '/home/aaron/ur_ws/install/moveit_ros_planning/share/moveit_ros_planning/hook/ld_library_path_lib.ps1'
[2.449s] INFO:colcon.colcon_core.shell:Creating environment descriptor '/home/aaron/ur_ws/install/moveit_ros_planning/share/moveit_ros_planning/hook/ld_library_path_lib.dsv'
[2.450s] INFO:colcon.colcon_core.shell:Creating environment hook '/home/aaron/ur_ws/install/moveit_ros_planning/share/moveit_ros_planning/hook/ld_library_path_lib.sh'
[2.450s] Level 1:colcon.colcon_core.environment:checking '/home/aaron/ur_ws/install/moveit_ros_planning/bin'
[2.450s] Level 1:colcon.colcon_core.environment:checking '/home/aaron/ur_ws/install/moveit_ros_planning/lib/pkgconfig/moveit_ros_planning.pc'
[2.450s] Level 1:colcon.colcon_core.environment:checking '/home/aaron/ur_ws/install/moveit_ros_planning/lib/python3.10/site-packages'
[2.450s] Level 1:colcon.colcon_core.environment:checking '/home/aaron/ur_ws/install/moveit_ros_planning/bin'
[2.450s] INFO:colcon.colcon_core.shell:Creating package script '/home/aaron/ur_ws/install/moveit_ros_planning/share/moveit_ros_planning/package.ps1'
[2.451s] INFO:colcon.colcon_core.shell:Creating package descriptor '/home/aaron/ur_ws/install/moveit_ros_planning/share/moveit_ros_planning/package.dsv'
[2.451s] INFO:colcon.colcon_core.shell:Creating package script '/home/aaron/ur_ws/install/moveit_ros_planning/share/moveit_ros_planning/package.sh'
[2.451s] INFO:colcon.colcon_core.shell:Creating package script '/home/aaron/ur_ws/install/moveit_ros_planning/share/moveit_ros_planning/package.bash'
[2.451s] INFO:colcon.colcon_core.shell:Creating package script '/home/aaron/ur_ws/install/moveit_ros_planning/share/moveit_ros_planning/package.zsh'
[2.452s] Level 1:colcon.colcon_core.environment:create_file_with_runtime_dependencies(/home/aaron/ur_ws/install/moveit_ros_planning/share/colcon-core/packages/moveit_ros_planning)
[2.452s] Level 1:colcon.colcon_core.environment:create_environment_scripts_only(moveit_ros_planning)
[2.452s] Level 1:colcon.colcon_core.environment:checking '/home/aaron/ur_ws/install/moveit_ros_planning' for CMake module files
[2.452s] Level 1:colcon.colcon_core.environment:checking '/home/aaron/ur_ws/install/moveit_ros_planning' for CMake config files
[2.452s] Level 1:colcon.colcon_core.shell:create_environment_hook('moveit_ros_planning', 'cmake_prefix_path')
[2.453s] INFO:colcon.colcon_core.shell:Creating environment hook '/home/aaron/ur_ws/install/moveit_ros_planning/share/moveit_ros_planning/hook/cmake_prefix_path.ps1'
[2.453s] INFO:colcon.colcon_core.shell:Creating environment descriptor '/home/aaron/ur_ws/install/moveit_ros_planning/share/moveit_ros_planning/hook/cmake_prefix_path.dsv'
[2.453s] INFO:colcon.colcon_core.shell:Creating environment hook '/home/aaron/ur_ws/install/moveit_ros_planning/share/moveit_ros_planning/hook/cmake_prefix_path.sh'
[2.453s] Level 1:colcon.colcon_core.environment:checking '/home/aaron/ur_ws/install/moveit_ros_planning/lib'
[2.453s] Level 1:colcon.colcon_core.shell:create_environment_hook('moveit_ros_planning', 'ld_library_path_lib')
[2.453s] INFO:colcon.colcon_core.shell:Creating environment hook '/home/aaron/ur_ws/install/moveit_ros_planning/share/moveit_ros_planning/hook/ld_library_path_lib.ps1'
[2.454s] INFO:colcon.colcon_core.shell:Creating environment descriptor '/home/aaron/ur_ws/install/moveit_ros_planning/share/moveit_ros_planning/hook/ld_library_path_lib.dsv'
[2.454s] INFO:colcon.colcon_core.shell:Creating environment hook '/home/aaron/ur_ws/install/moveit_ros_planning/share/moveit_ros_planning/hook/ld_library_path_lib.sh'
[2.454s] Level 1:colcon.colcon_core.environment:checking '/home/aaron/ur_ws/install/moveit_ros_planning/bin'
[2.454s] Level 1:colcon.colcon_core.environment:checking '/home/aaron/ur_ws/install/moveit_ros_planning/lib/pkgconfig/moveit_ros_planning.pc'
[2.454s] Level 1:colcon.colcon_core.environment:checking '/home/aaron/ur_ws/install/moveit_ros_planning/lib/python3.10/site-packages'
[2.454s] Level 1:colcon.colcon_core.environment:checking '/home/aaron/ur_ws/install/moveit_ros_planning/bin'
[2.455s] INFO:colcon.colcon_core.shell:Creating package script '/home/aaron/ur_ws/install/moveit_ros_planning/share/moveit_ros_planning/package.ps1'
[2.455s] INFO:colcon.colcon_core.shell:Creating package descriptor '/home/aaron/ur_ws/install/moveit_ros_planning/share/moveit_ros_planning/package.dsv'
[2.455s] INFO:colcon.colcon_core.shell:Creating package script '/home/aaron/ur_ws/install/moveit_ros_planning/share/moveit_ros_planning/package.sh'
[2.455s] INFO:colcon.colcon_core.shell:Creating package script '/home/aaron/ur_ws/install/moveit_ros_planning/share/moveit_ros_planning/package.bash'
[2.456s] INFO:colcon.colcon_core.shell:Creating package script '/home/aaron/ur_ws/install/moveit_ros_planning/share/moveit_ros_planning/package.zsh'
[2.456s] Level 1:colcon.colcon_core.environment:create_file_with_runtime_dependencies(/home/aaron/ur_ws/install/moveit_ros_planning/share/colcon-core/packages/moveit_ros_planning)
[2.456s] INFO:colcon.colcon_ros.task.ament_cmake.build:Building ROS package in '/home/aaron/ur_ws/src/moveit2/moveit_kinematics' with build type 'ament_cmake'
[2.456s] INFO:colcon.colcon_cmake.task.cmake.build:Building CMake package in '/home/aaron/ur_ws/src/moveit2/moveit_kinematics'
[2.456s] INFO:colcon.colcon_core.shell:Skip shell extension 'powershell' for command environment: Not usable outside of PowerShell
[2.457s] DEBUG:colcon.colcon_core.shell:Skip shell extension 'dsv' for command environment
[2.459s] INFO:colcon.colcon_ros.task.ament_cmake.build:Building ROS package in '/home/aaron/ur_ws/src/moveit2/moveit_ros/warehouse' with build type 'ament_cmake'
[2.459s] INFO:colcon.colcon_cmake.task.cmake.build:Building CMake package in '/home/aaron/ur_ws/src/moveit2/moveit_ros/warehouse'
[2.459s] INFO:colcon.colcon_core.shell:Skip shell extension 'powershell' for command environment: Not usable outside of PowerShell
[2.459s] DEBUG:colcon.colcon_core.shell:Skip shell extension 'dsv' for command environment
[2.462s] INFO:colcon.colcon_ros.task.ament_cmake.build:Building ROS package in '/home/aaron/ur_ws/src/moveit2/moveit_planners/ompl' with build type 'ament_cmake'
[2.462s] INFO:colcon.colcon_cmake.task.cmake.build:Building CMake package in '/home/aaron/ur_ws/src/moveit2/moveit_planners/ompl'
[2.462s] INFO:colcon.colcon_core.shell:Skip shell extension 'powershell' for command environment: Not usable outside of PowerShell
[2.462s] DEBUG:colcon.colcon_core.shell:Skip shell extension 'dsv' for command environment
[2.464s] INFO:colcon.colcon_ros.task.ament_cmake.build:Building ROS package in '/home/aaron/ur_ws/src/moveit2/moveit_ros/robot_interaction' with build type 'ament_cmake'
[2.464s] INFO:colcon.colcon_cmake.task.cmake.build:Building CMake package in '/home/aaron/ur_ws/src/moveit2/moveit_ros/robot_interaction'
[2.464s] INFO:colcon.colcon_core.shell:Skip shell extension 'powershell' for command environment: Not usable outside of PowerShell
[2.464s] DEBUG:colcon.colcon_core.shell:Skip shell extension 'dsv' for command environment
[2.467s] INFO:colcon.colcon_ros.task.ament_cmake.build:Building ROS package in '/home/aaron/ur_ws/src/moveit2/moveit_ros/perception' with build type 'ament_cmake'
[2.467s] INFO:colcon.colcon_cmake.task.cmake.build:Building CMake package in '/home/aaron/ur_ws/src/moveit2/moveit_ros/perception'
[2.467s] INFO:colcon.colcon_core.shell:Skip shell extension 'powershell' for command environment: Not usable outside of PowerShell
[2.467s] DEBUG:colcon.colcon_core.shell:Skip shell extension 'dsv' for command environment
[2.472s] INFO:colcon.colcon_ros.task.ament_cmake.build:Building ROS package in '/home/aaron/ur_ws/src/moveit_visual_tools' with build type 'ament_cmake'
[2.472s] INFO:colcon.colcon_cmake.task.cmake.build:Building CMake package in '/home/aaron/ur_ws/src/moveit_visual_tools'
[2.472s] INFO:colcon.colcon_core.shell:Skip shell extension 'powershell' for command environment: Not usable outside of PowerShell
[2.473s] DEBUG:colcon.colcon_core.shell:Skip shell extension 'dsv' for command environment
[2.482s] DEBUG:colcon.colcon_core.event_handler.log_command:Invoking command in '/home/aaron/ur_ws/build/moveit_kinematics': AMENT_PREFIX_PATH=/home/aaron/ur_ws/install/moveit_ros_planning:/home/aaron/ur_ws/install/moveit_ros_occupancy_map_monitor:/home/aaron/ur_ws/install/moveit_core:/home/aaron/ur_ws/install/moveit_resources_panda_moveit_config:/home/aaron/ur_ws/install/moveit_resources_fanuc_moveit_config:/home/aaron/ur_ws/install/moveit_configs_utils:/home/aaron/ur_ws/install/srdfdom:/home/aaron/ur_ws/install/moveit_resources_pr2_description:/home/aaron/ur_ws/install/moveit_resources_panda_description:/home/aaron/ur_ws/install/moveit_resources_fanuc_description:/home/aaron/ur_ws/install/moveit_common:/home/aaron/ur_ws/install/launch_param_builder:${AMENT_PREFIX_PATH} CMAKE_PREFIX_PATH=/home/aaron/ur_ws/install/moveit_ros_planning:/home/aaron/ur_ws/install/moveit_ros_occupancy_map_monitor:/home/aaron/ur_ws/install/moveit_core:/home/aaron/ur_ws/install/moveit_resources_panda_moveit_config:/home/aaron/ur_ws/install/moveit_resources_fanuc_moveit_config:/home/aaron/ur_ws/install/srdfdom:/home/aaron/ur_ws/install/moveit_resources_pr2_description:/home/aaron/ur_ws/install/moveit_resources_panda_description:/home/aaron/ur_ws/install/moveit_resources_fanuc_description:/home/aaron/ur_ws/install/moveit_common:/opt/ros/humble LD_LIBRARY_PATH=/home/aaron/ur_ws/install/moveit_ros_planning/lib:/home/aaron/ur_ws/install/moveit_ros_occupancy_map_monitor/lib:/home/aaron/ur_ws/install/moveit_core/lib:/home/aaron/ur_ws/install/srdfdom/lib:${LD_LIBRARY_PATH} PATH=/home/aaron/ur_ws/install/moveit_core/bin:${PATH} PYTHONPATH=/home/aaron/ur_ws/install/moveit_configs_utils/lib/python3.10/site-packages:/home/aaron/ur_ws/install/srdfdom/local/lib/python3.10/dist-packages:/home/aaron/ur_ws/install/launch_param_builder/lib/python3.10/site-packages:${PYTHONPATH} /usr/bin/cmake --build /home/aaron/ur_ws/build/moveit_kinematics -- -j20 -l20
[2.484s] DEBUG:colcon.colcon_core.event_handler.log_command:Invoking command in '/home/aaron/ur_ws/build/moveit_ros_warehouse': AMENT_PREFIX_PATH=/home/aaron/ur_ws/install/moveit_ros_planning:/home/aaron/ur_ws/install/moveit_ros_occupancy_map_monitor:/home/aaron/ur_ws/install/moveit_core:/home/aaron/ur_ws/install/moveit_resources_panda_moveit_config:/home/aaron/ur_ws/install/moveit_configs_utils:/home/aaron/ur_ws/install/srdfdom:/home/aaron/ur_ws/install/moveit_resources_pr2_description:/home/aaron/ur_ws/install/moveit_resources_panda_description:/home/aaron/ur_ws/install/moveit_common:/home/aaron/ur_ws/install/launch_param_builder:${AMENT_PREFIX_PATH} CMAKE_PREFIX_PATH=/home/aaron/ur_ws/install/moveit_ros_planning:/home/aaron/ur_ws/install/moveit_ros_occupancy_map_monitor:/home/aaron/ur_ws/install/moveit_core:/home/aaron/ur_ws/install/moveit_resources_panda_moveit_config:/home/aaron/ur_ws/install/srdfdom:/home/aaron/ur_ws/install/moveit_resources_pr2_description:/home/aaron/ur_ws/install/moveit_resources_panda_description:/home/aaron/ur_ws/install/moveit_common:/opt/ros/humble LD_LIBRARY_PATH=/home/aaron/ur_ws/install/moveit_ros_planning/lib:/home/aaron/ur_ws/install/moveit_ros_occupancy_map_monitor/lib:/home/aaron/ur_ws/install/moveit_core/lib:/home/aaron/ur_ws/install/srdfdom/lib:${LD_LIBRARY_PATH} PATH=/home/aaron/ur_ws/install/moveit_core/bin:${PATH} PYTHONPATH=/home/aaron/ur_ws/install/moveit_configs_utils/lib/python3.10/site-packages:/home/aaron/ur_ws/install/srdfdom/local/lib/python3.10/dist-packages:/home/aaron/ur_ws/install/launch_param_builder/lib/python3.10/site-packages:${PYTHONPATH} /usr/bin/cmake --build /home/aaron/ur_ws/build/moveit_ros_warehouse -- -j20 -l20
[2.487s] DEBUG:colcon.colcon_core.event_handler.log_command:Invoking command in '/home/aaron/ur_ws/build/moveit_planners_ompl': AMENT_PREFIX_PATH=/home/aaron/ur_ws/install/moveit_ros_planning:/home/aaron/ur_ws/install/moveit_ros_occupancy_map_monitor:/home/aaron/ur_ws/install/moveit_core:/home/aaron/ur_ws/install/moveit_resources_panda_moveit_config:/home/aaron/ur_ws/install/moveit_resources_fanuc_moveit_config:/home/aaron/ur_ws/install/moveit_configs_utils:/home/aaron/ur_ws/install/srdfdom:/home/aaron/ur_ws/install/moveit_resources_pr2_description:/home/aaron/ur_ws/install/moveit_resources_panda_description:/home/aaron/ur_ws/install/moveit_resources_fanuc_description:/home/aaron/ur_ws/install/moveit_common:/home/aaron/ur_ws/install/launch_param_builder:${AMENT_PREFIX_PATH} CMAKE_PREFIX_PATH=/home/aaron/ur_ws/install/moveit_ros_planning:/home/aaron/ur_ws/install/moveit_ros_occupancy_map_monitor:/home/aaron/ur_ws/install/moveit_core:/home/aaron/ur_ws/install/moveit_resources_panda_moveit_config:/home/aaron/ur_ws/install/moveit_resources_fanuc_moveit_config:/home/aaron/ur_ws/install/srdfdom:/home/aaron/ur_ws/install/moveit_resources_pr2_description:/home/aaron/ur_ws/install/moveit_resources_panda_description:/home/aaron/ur_ws/install/moveit_resources_fanuc_description:/home/aaron/ur_ws/install/moveit_common:/opt/ros/humble LD_LIBRARY_PATH=/home/aaron/ur_ws/install/moveit_ros_planning/lib:/home/aaron/ur_ws/install/moveit_ros_occupancy_map_monitor/lib:/home/aaron/ur_ws/install/moveit_core/lib:/home/aaron/ur_ws/install/srdfdom/lib:${LD_LIBRARY_PATH} PATH=/home/aaron/ur_ws/install/moveit_core/bin:${PATH} PYTHONPATH=/home/aaron/ur_ws/install/moveit_configs_utils/lib/python3.10/site-packages:/home/aaron/ur_ws/install/srdfdom/local/lib/python3.10/dist-packages:/home/aaron/ur_ws/install/launch_param_builder/lib/python3.10/site-packages:${PYTHONPATH} /usr/bin/cmake --build /home/aaron/ur_ws/build/moveit_planners_ompl -- -j20 -l20
[2.490s] DEBUG:colcon.colcon_core.event_handler.log_command:Invoking command in '/home/aaron/ur_ws/build/moveit_ros_robot_interaction': AMENT_PREFIX_PATH=/home/aaron/ur_ws/install/moveit_ros_planning:/home/aaron/ur_ws/install/moveit_ros_occupancy_map_monitor:/home/aaron/ur_ws/install/moveit_core:/home/aaron/ur_ws/install/moveit_resources_panda_moveit_config:/home/aaron/ur_ws/install/moveit_configs_utils:/home/aaron/ur_ws/install/srdfdom:/home/aaron/ur_ws/install/moveit_resources_pr2_description:/home/aaron/ur_ws/install/moveit_resources_panda_description:/home/aaron/ur_ws/install/moveit_common:/home/aaron/ur_ws/install/launch_param_builder:${AMENT_PREFIX_PATH} CMAKE_PREFIX_PATH=/home/aaron/ur_ws/install/moveit_ros_planning:/home/aaron/ur_ws/install/moveit_ros_occupancy_map_monitor:/home/aaron/ur_ws/install/moveit_core:/home/aaron/ur_ws/install/moveit_resources_panda_moveit_config:/home/aaron/ur_ws/install/srdfdom:/home/aaron/ur_ws/install/moveit_resources_pr2_description:/home/aaron/ur_ws/install/moveit_resources_panda_description:/home/aaron/ur_ws/install/moveit_common:/opt/ros/humble LD_LIBRARY_PATH=/home/aaron/ur_ws/install/moveit_ros_planning/lib:/home/aaron/ur_ws/install/moveit_ros_occupancy_map_monitor/lib:/home/aaron/ur_ws/install/moveit_core/lib:/home/aaron/ur_ws/install/srdfdom/lib:${LD_LIBRARY_PATH} PATH=/home/aaron/ur_ws/install/moveit_core/bin:${PATH} PYTHONPATH=/home/aaron/ur_ws/install/moveit_configs_utils/lib/python3.10/site-packages:/home/aaron/ur_ws/install/srdfdom/local/lib/python3.10/dist-packages:/home/aaron/ur_ws/install/launch_param_builder/lib/python3.10/site-packages:${PYTHONPATH} /usr/bin/cmake --build /home/aaron/ur_ws/build/moveit_ros_robot_interaction -- -j20 -l20
[2.493s] DEBUG:colcon.colcon_core.event_handler.log_command:Invoking command in '/home/aaron/ur_ws/build/moveit_ros_perception': AMENT_PREFIX_PATH=/home/aaron/ur_ws/install/moveit_ros_planning:/home/aaron/ur_ws/install/moveit_ros_occupancy_map_monitor:/home/aaron/ur_ws/install/moveit_core:/home/aaron/ur_ws/install/moveit_resources_panda_moveit_config:/home/aaron/ur_ws/install/moveit_configs_utils:/home/aaron/ur_ws/install/srdfdom:/home/aaron/ur_ws/install/moveit_resources_pr2_description:/home/aaron/ur_ws/install/moveit_resources_panda_description:/home/aaron/ur_ws/install/moveit_common:/home/aaron/ur_ws/install/launch_param_builder:${AMENT_PREFIX_PATH} CMAKE_PREFIX_PATH=/home/aaron/ur_ws/install/moveit_ros_planning:/home/aaron/ur_ws/install/moveit_ros_occupancy_map_monitor:/home/aaron/ur_ws/install/moveit_core:/home/aaron/ur_ws/install/moveit_resources_panda_moveit_config:/home/aaron/ur_ws/install/srdfdom:/home/aaron/ur_ws/install/moveit_resources_pr2_description:/home/aaron/ur_ws/install/moveit_resources_panda_description:/home/aaron/ur_ws/install/moveit_common:/opt/ros/humble LD_LIBRARY_PATH=/home/aaron/ur_ws/install/moveit_ros_planning/lib:/home/aaron/ur_ws/install/moveit_ros_occupancy_map_monitor/lib:/home/aaron/ur_ws/install/moveit_core/lib:/home/aaron/ur_ws/install/srdfdom/lib:${LD_LIBRARY_PATH} PATH=/home/aaron/ur_ws/install/moveit_core/bin:${PATH} PYTHONPATH=/home/aaron/ur_ws/install/moveit_configs_utils/lib/python3.10/site-packages:/home/aaron/ur_ws/install/srdfdom/local/lib/python3.10/dist-packages:/home/aaron/ur_ws/install/launch_param_builder/lib/python3.10/site-packages:${PYTHONPATH} /usr/bin/cmake --build /home/aaron/ur_ws/build/moveit_ros_perception -- -j20 -l20
[2.495s] DEBUG:colcon.colcon_core.event_handler.log_command:Invoking command in '/home/aaron/ur_ws/build/moveit_visual_tools': AMENT_PREFIX_PATH=/home/aaron/ur_ws/install/moveit_ros_planning:/home/aaron/ur_ws/install/moveit_ros_occupancy_map_monitor:/home/aaron/ur_ws/install/moveit_core:/home/aaron/ur_ws/install/moveit_resources_panda_moveit_config:/home/aaron/ur_ws/install/moveit_configs_utils:/home/aaron/ur_ws/install/srdfdom:/home/aaron/ur_ws/install/moveit_resources_pr2_description:/home/aaron/ur_ws/install/moveit_resources_panda_description:/home/aaron/ur_ws/install/moveit_common:/home/aaron/ur_ws/install/launch_param_builder:${AMENT_PREFIX_PATH} CMAKE_PREFIX_PATH=/home/aaron/ur_ws/install/moveit_ros_planning:/home/aaron/ur_ws/install/moveit_ros_occupancy_map_monitor:/home/aaron/ur_ws/install/moveit_core:/home/aaron/ur_ws/install/moveit_resources_panda_moveit_config:/home/aaron/ur_ws/install/srdfdom:/home/aaron/ur_ws/install/moveit_resources_pr2_description:/home/aaron/ur_ws/install/moveit_resources_panda_description:/home/aaron/ur_ws/install/moveit_common:/opt/ros/humble LD_LIBRARY_PATH=/home/aaron/ur_ws/install/moveit_ros_planning/lib:/home/aaron/ur_ws/install/moveit_ros_occupancy_map_monitor/lib:/home/aaron/ur_ws/install/moveit_core/lib:/home/aaron/ur_ws/install/srdfdom/lib:${LD_LIBRARY_PATH} PATH=/home/aaron/ur_ws/install/moveit_core/bin:${PATH} PYTHONPATH=/home/aaron/ur_ws/install/moveit_configs_utils/lib/python3.10/site-packages:/home/aaron/ur_ws/install/srdfdom/local/lib/python3.10/dist-packages:/home/aaron/ur_ws/install/launch_param_builder/lib/python3.10/site-packages:${PYTHONPATH} /usr/bin/cmake --build /home/aaron/ur_ws/build/moveit_visual_tools -- -j20 -l20
[2.571s] DEBUG:colcon.colcon_core.event_handler.log_command:Invoked command in '/home/aaron/ur_ws/build/moveit_kinematics' returned '0': AMENT_PREFIX_PATH=/home/aaron/ur_ws/install/moveit_ros_planning:/home/aaron/ur_ws/install/moveit_ros_occupancy_map_monitor:/home/aaron/ur_ws/install/moveit_core:/home/aaron/ur_ws/install/moveit_resources_panda_moveit_config:/home/aaron/ur_ws/install/moveit_resources_fanuc_moveit_config:/home/aaron/ur_ws/install/moveit_configs_utils:/home/aaron/ur_ws/install/srdfdom:/home/aaron/ur_ws/install/moveit_resources_pr2_description:/home/aaron/ur_ws/install/moveit_resources_panda_description:/home/aaron/ur_ws/install/moveit_resources_fanuc_description:/home/aaron/ur_ws/install/moveit_common:/home/aaron/ur_ws/install/launch_param_builder:${AMENT_PREFIX_PATH} CMAKE_PREFIX_PATH=/home/aaron/ur_ws/install/moveit_ros_planning:/home/aaron/ur_ws/install/moveit_ros_occupancy_map_monitor:/home/aaron/ur_ws/install/moveit_core:/home/aaron/ur_ws/install/moveit_resources_panda_moveit_config:/home/aaron/ur_ws/install/moveit_resources_fanuc_moveit_config:/home/aaron/ur_ws/install/srdfdom:/home/aaron/ur_ws/install/moveit_resources_pr2_description:/home/aaron/ur_ws/install/moveit_resources_panda_description:/home/aaron/ur_ws/install/moveit_resources_fanuc_description:/home/aaron/ur_ws/install/moveit_common:/opt/ros/humble LD_LIBRARY_PATH=/home/aaron/ur_ws/install/moveit_ros_planning/lib:/home/aaron/ur_ws/install/moveit_ros_occupancy_map_monitor/lib:/home/aaron/ur_ws/install/moveit_core/lib:/home/aaron/ur_ws/install/srdfdom/lib:${LD_LIBRARY_PATH} PATH=/home/aaron/ur_ws/install/moveit_core/bin:${PATH} PYTHONPATH=/home/aaron/ur_ws/install/moveit_configs_utils/lib/python3.10/site-packages:/home/aaron/ur_ws/install/srdfdom/local/lib/python3.10/dist-packages:/home/aaron/ur_ws/install/launch_param_builder/lib/python3.10/site-packages:${PYTHONPATH} /usr/bin/cmake --build /home/aaron/ur_ws/build/moveit_kinematics -- -j20 -l20
[2.572s] DEBUG:colcon.colcon_core.event_handler.log_command:Invoking command in '/home/aaron/ur_ws/build/moveit_kinematics': AMENT_PREFIX_PATH=/home/aaron/ur_ws/install/moveit_ros_planning:/home/aaron/ur_ws/install/moveit_ros_occupancy_map_monitor:/home/aaron/ur_ws/install/moveit_core:/home/aaron/ur_ws/install/moveit_resources_panda_moveit_config:/home/aaron/ur_ws/install/moveit_resources_fanuc_moveit_config:/home/aaron/ur_ws/install/moveit_configs_utils:/home/aaron/ur_ws/install/srdfdom:/home/aaron/ur_ws/install/moveit_resources_pr2_description:/home/aaron/ur_ws/install/moveit_resources_panda_description:/home/aaron/ur_ws/install/moveit_resources_fanuc_description:/home/aaron/ur_ws/install/moveit_common:/home/aaron/ur_ws/install/launch_param_builder:${AMENT_PREFIX_PATH} CMAKE_PREFIX_PATH=/home/aaron/ur_ws/install/moveit_ros_planning:/home/aaron/ur_ws/install/moveit_ros_occupancy_map_monitor:/home/aaron/ur_ws/install/moveit_core:/home/aaron/ur_ws/install/moveit_resources_panda_moveit_config:/home/aaron/ur_ws/install/moveit_resources_fanuc_moveit_config:/home/aaron/ur_ws/install/srdfdom:/home/aaron/ur_ws/install/moveit_resources_pr2_description:/home/aaron/ur_ws/install/moveit_resources_panda_description:/home/aaron/ur_ws/install/moveit_resources_fanuc_description:/home/aaron/ur_ws/install/moveit_common:/opt/ros/humble LD_LIBRARY_PATH=/home/aaron/ur_ws/install/moveit_ros_planning/lib:/home/aaron/ur_ws/install/moveit_ros_occupancy_map_monitor/lib:/home/aaron/ur_ws/install/moveit_core/lib:/home/aaron/ur_ws/install/srdfdom/lib:${LD_LIBRARY_PATH} PATH=/home/aaron/ur_ws/install/moveit_core/bin:${PATH} PYTHONPATH=/home/aaron/ur_ws/install/moveit_configs_utils/lib/python3.10/site-packages:/home/aaron/ur_ws/install/srdfdom/local/lib/python3.10/dist-packages:/home/aaron/ur_ws/install/launch_param_builder/lib/python3.10/site-packages:${PYTHONPATH} /usr/bin/cmake --install /home/aaron/ur_ws/build/moveit_kinematics
[2.584s] Level 1:colcon.colcon_core.environment:create_environment_scripts_only(moveit_kinematics)
[2.584s] Level 1:colcon.colcon_core.environment:checking '/home/aaron/ur_ws/install/moveit_kinematics' for CMake module files
[2.585s] DEBUG:colcon.colcon_core.event_handler.log_command:Invoked command in '/home/aaron/ur_ws/build/moveit_kinematics' returned '0': AMENT_PREFIX_PATH=/home/aaron/ur_ws/install/moveit_ros_planning:/home/aaron/ur_ws/install/moveit_ros_occupancy_map_monitor:/home/aaron/ur_ws/install/moveit_core:/home/aaron/ur_ws/install/moveit_resources_panda_moveit_config:/home/aaron/ur_ws/install/moveit_resources_fanuc_moveit_config:/home/aaron/ur_ws/install/moveit_configs_utils:/home/aaron/ur_ws/install/srdfdom:/home/aaron/ur_ws/install/moveit_resources_pr2_description:/home/aaron/ur_ws/install/moveit_resources_panda_description:/home/aaron/ur_ws/install/moveit_resources_fanuc_description:/home/aaron/ur_ws/install/moveit_common:/home/aaron/ur_ws/install/launch_param_builder:${AMENT_PREFIX_PATH} CMAKE_PREFIX_PATH=/home/aaron/ur_ws/install/moveit_ros_planning:/home/aaron/ur_ws/install/moveit_ros_occupancy_map_monitor:/home/aaron/ur_ws/install/moveit_core:/home/aaron/ur_ws/install/moveit_resources_panda_moveit_config:/home/aaron/ur_ws/install/moveit_resources_fanuc_moveit_config:/home/aaron/ur_ws/install/srdfdom:/home/aaron/ur_ws/install/moveit_resources_pr2_description:/home/aaron/ur_ws/install/moveit_resources_panda_description:/home/aaron/ur_ws/install/moveit_resources_fanuc_description:/home/aaron/ur_ws/install/moveit_common:/opt/ros/humble LD_LIBRARY_PATH=/home/aaron/ur_ws/install/moveit_ros_planning/lib:/home/aaron/ur_ws/install/moveit_ros_occupancy_map_monitor/lib:/home/aaron/ur_ws/install/moveit_core/lib:/home/aaron/ur_ws/install/srdfdom/lib:${LD_LIBRARY_PATH} PATH=/home/aaron/ur_ws/install/moveit_core/bin:${PATH} PYTHONPATH=/home/aaron/ur_ws/install/moveit_configs_utils/lib/python3.10/site-packages:/home/aaron/ur_ws/install/srdfdom/local/lib/python3.10/dist-packages:/home/aaron/ur_ws/install/launch_param_builder/lib/python3.10/site-packages:${PYTHONPATH} /usr/bin/cmake --install /home/aaron/ur_ws/build/moveit_kinematics
[2.585s] Level 1:colcon.colcon_core.environment:checking '/home/aaron/ur_ws/install/moveit_kinematics' for CMake config files
[2.586s] Level 1:colcon.colcon_core.shell:create_environment_hook('moveit_kinematics', 'cmake_prefix_path')
[2.586s] INFO:colcon.colcon_core.shell:Creating environment hook '/home/aaron/ur_ws/install/moveit_kinematics/share/moveit_kinematics/hook/cmake_prefix_path.ps1'
[2.587s] INFO:colcon.colcon_core.shell:Creating environment descriptor '/home/aaron/ur_ws/install/moveit_kinematics/share/moveit_kinematics/hook/cmake_prefix_path.dsv'
[2.587s] INFO:colcon.colcon_core.shell:Creating environment hook '/home/aaron/ur_ws/install/moveit_kinematics/share/moveit_kinematics/hook/cmake_prefix_path.sh'
[2.588s] Level 1:colcon.colcon_core.environment:checking '/home/aaron/ur_ws/install/moveit_kinematics/lib'
[2.588s] Level 1:colcon.colcon_core.shell:create_environment_hook('moveit_kinematics', 'ld_library_path_lib')
[2.589s] INFO:colcon.colcon_core.shell:Creating environment hook '/home/aaron/ur_ws/install/moveit_kinematics/share/moveit_kinematics/hook/ld_library_path_lib.ps1'
[2.589s] INFO:colcon.colcon_core.shell:Creating environment descriptor '/home/aaron/ur_ws/install/moveit_kinematics/share/moveit_kinematics/hook/ld_library_path_lib.dsv'
[2.590s] INFO:colcon.colcon_core.shell:Creating environment hook '/home/aaron/ur_ws/install/moveit_kinematics/share/moveit_kinematics/hook/ld_library_path_lib.sh'
[2.590s] Level 1:colcon.colcon_core.environment:checking '/home/aaron/ur_ws/install/moveit_kinematics/bin'
[2.590s] Level 1:colcon.colcon_core.environment:checking '/home/aaron/ur_ws/install/moveit_kinematics/lib/pkgconfig/moveit_kinematics.pc'
[2.590s] Level 1:colcon.colcon_core.environment:checking '/home/aaron/ur_ws/install/moveit_kinematics/lib/python3.10/site-packages'
[2.591s] Level 1:colcon.colcon_core.environment:checking '/home/aaron/ur_ws/install/moveit_kinematics/bin'
[2.591s] INFO:colcon.colcon_core.shell:Creating package script '/home/aaron/ur_ws/install/moveit_kinematics/share/moveit_kinematics/package.ps1'
[2.592s] INFO:colcon.colcon_core.shell:Creating package descriptor '/home/aaron/ur_ws/install/moveit_kinematics/share/moveit_kinematics/package.dsv'
[2.593s] INFO:colcon.colcon_core.shell:Creating package script '/home/aaron/ur_ws/install/moveit_kinematics/share/moveit_kinematics/package.sh'
[2.593s] INFO:colcon.colcon_core.shell:Creating package script '/home/aaron/ur_ws/install/moveit_kinematics/share/moveit_kinematics/package.bash'
[2.593s] INFO:colcon.colcon_core.shell:Creating package script '/home/aaron/ur_ws/install/moveit_kinematics/share/moveit_kinematics/package.zsh'
[2.593s] Level 1:colcon.colcon_core.environment:create_file_with_runtime_dependencies(/home/aaron/ur_ws/install/moveit_kinematics/share/colcon-core/packages/moveit_kinematics)
[2.594s] Level 1:colcon.colcon_core.environment:create_environment_scripts_only(moveit_kinematics)
[2.594s] Level 1:colcon.colcon_core.environment:checking '/home/aaron/ur_ws/install/moveit_kinematics' for CMake module files
[2.594s] Level 1:colcon.colcon_core.environment:checking '/home/aaron/ur_ws/install/moveit_kinematics' for CMake config files
[2.595s] Level 1:colcon.colcon_core.shell:create_environment_hook('moveit_kinematics', 'cmake_prefix_path')
[2.595s] INFO:colcon.colcon_core.shell:Creating environment hook '/home/aaron/ur_ws/install/moveit_kinematics/share/moveit_kinematics/hook/cmake_prefix_path.ps1'
[2.595s] INFO:colcon.colcon_core.shell:Creating environment descriptor '/home/aaron/ur_ws/install/moveit_kinematics/share/moveit_kinematics/hook/cmake_prefix_path.dsv'
[2.595s] INFO:colcon.colcon_core.shell:Creating environment hook '/home/aaron/ur_ws/install/moveit_kinematics/share/moveit_kinematics/hook/cmake_prefix_path.sh'
[2.596s] Level 1:colcon.colcon_core.environment:checking '/home/aaron/ur_ws/install/moveit_kinematics/lib'
[2.596s] Level 1:colcon.colcon_core.shell:create_environment_hook('moveit_kinematics', 'ld_library_path_lib')
[2.596s] INFO:colcon.colcon_core.shell:Creating environment hook '/home/aaron/ur_ws/install/moveit_kinematics/share/moveit_kinematics/hook/ld_library_path_lib.ps1'
[2.596s] INFO:colcon.colcon_core.shell:Creating environment descriptor '/home/aaron/ur_ws/install/moveit_kinematics/share/moveit_kinematics/hook/ld_library_path_lib.dsv'
[2.597s] INFO:colcon.colcon_core.shell:Creating environment hook '/home/aaron/ur_ws/install/moveit_kinematics/share/moveit_kinematics/hook/ld_library_path_lib.sh'
[2.598s] Level 1:colcon.colcon_core.environment:checking '/home/aaron/ur_ws/install/moveit_kinematics/bin'
[2.598s] Level 1:colcon.colcon_core.environment:checking '/home/aaron/ur_ws/install/moveit_kinematics/lib/pkgconfig/moveit_kinematics.pc'
[2.598s] Level 1:colcon.colcon_core.environment:checking '/home/aaron/ur_ws/install/moveit_kinematics/lib/python3.10/site-packages'
[2.598s] Level 1:colcon.colcon_core.environment:checking '/home/aaron/ur_ws/install/moveit_kinematics/bin'
[2.598s] INFO:colcon.colcon_core.shell:Creating package script '/home/aaron/ur_ws/install/moveit_kinematics/share/moveit_kinematics/package.ps1'
[2.599s] INFO:colcon.colcon_core.shell:Creating package descriptor '/home/aaron/ur_ws/install/moveit_kinematics/share/moveit_kinematics/package.dsv'
[2.600s] INFO:colcon.colcon_core.shell:Creating package script '/home/aaron/ur_ws/install/moveit_kinematics/share/moveit_kinematics/package.sh'
[2.601s] INFO:colcon.colcon_core.shell:Creating package script '/home/aaron/ur_ws/install/moveit_kinematics/share/moveit_kinematics/package.bash'
[2.601s] INFO:colcon.colcon_core.shell:Creating package script '/home/aaron/ur_ws/install/moveit_kinematics/share/moveit_kinematics/package.zsh'
[2.601s] Level 1:colcon.colcon_core.environment:create_file_with_runtime_dependencies(/home/aaron/ur_ws/install/moveit_kinematics/share/colcon-core/packages/moveit_kinematics)
[2.602s] INFO:colcon.colcon_ros.task.ament_cmake.build:Building ROS package in '/home/aaron/ur_ws/src/moveit2/moveit_ros/move_group' with build type 'ament_cmake'
[2.602s] INFO:colcon.colcon_cmake.task.cmake.build:Building CMake package in '/home/aaron/ur_ws/src/moveit2/moveit_ros/move_group'
[2.602s] INFO:colcon.colcon_core.shell:Skip shell extension 'powershell' for command environment: Not usable outside of PowerShell
[2.602s] DEBUG:colcon.colcon_core.shell:Skip shell extension 'dsv' for command environment
[2.620s] DEBUG:colcon.colcon_core.event_handler.log_command:Invoked command in '/home/aaron/ur_ws/build/moveit_ros_robot_interaction' returned '0': AMENT_PREFIX_PATH=/home/aaron/ur_ws/install/moveit_ros_planning:/home/aaron/ur_ws/install/moveit_ros_occupancy_map_monitor:/home/aaron/ur_ws/install/moveit_core:/home/aaron/ur_ws/install/moveit_resources_panda_moveit_config:/home/aaron/ur_ws/install/moveit_configs_utils:/home/aaron/ur_ws/install/srdfdom:/home/aaron/ur_ws/install/moveit_resources_pr2_description:/home/aaron/ur_ws/install/moveit_resources_panda_description:/home/aaron/ur_ws/install/moveit_common:/home/aaron/ur_ws/install/launch_param_builder:${AMENT_PREFIX_PATH} CMAKE_PREFIX_PATH=/home/aaron/ur_ws/install/moveit_ros_planning:/home/aaron/ur_ws/install/moveit_ros_occupancy_map_monitor:/home/aaron/ur_ws/install/moveit_core:/home/aaron/ur_ws/install/moveit_resources_panda_moveit_config:/home/aaron/ur_ws/install/srdfdom:/home/aaron/ur_ws/install/moveit_resources_pr2_description:/home/aaron/ur_ws/install/moveit_resources_panda_description:/home/aaron/ur_ws/install/moveit_common:/opt/ros/humble LD_LIBRARY_PATH=/home/aaron/ur_ws/install/moveit_ros_planning/lib:/home/aaron/ur_ws/install/moveit_ros_occupancy_map_monitor/lib:/home/aaron/ur_ws/install/moveit_core/lib:/home/aaron/ur_ws/install/srdfdom/lib:${LD_LIBRARY_PATH} PATH=/home/aaron/ur_ws/install/moveit_core/bin:${PATH} PYTHONPATH=/home/aaron/ur_ws/install/moveit_configs_utils/lib/python3.10/site-packages:/home/aaron/ur_ws/install/srdfdom/local/lib/python3.10/dist-packages:/home/aaron/ur_ws/install/launch_param_builder/lib/python3.10/site-packages:${PYTHONPATH} /usr/bin/cmake --build /home/aaron/ur_ws/build/moveit_ros_robot_interaction -- -j20 -l20
[2.622s] DEBUG:colcon.colcon_core.event_handler.log_command:Invoking command in '/home/aaron/ur_ws/build/moveit_ros_robot_interaction': AMENT_PREFIX_PATH=/home/aaron/ur_ws/install/moveit_ros_planning:/home/aaron/ur_ws/install/moveit_ros_occupancy_map_monitor:/home/aaron/ur_ws/install/moveit_core:/home/aaron/ur_ws/install/moveit_resources_panda_moveit_config:/home/aaron/ur_ws/install/moveit_configs_utils:/home/aaron/ur_ws/install/srdfdom:/home/aaron/ur_ws/install/moveit_resources_pr2_description:/home/aaron/ur_ws/install/moveit_resources_panda_description:/home/aaron/ur_ws/install/moveit_common:/home/aaron/ur_ws/install/launch_param_builder:${AMENT_PREFIX_PATH} CMAKE_PREFIX_PATH=/home/aaron/ur_ws/install/moveit_ros_planning:/home/aaron/ur_ws/install/moveit_ros_occupancy_map_monitor:/home/aaron/ur_ws/install/moveit_core:/home/aaron/ur_ws/install/moveit_resources_panda_moveit_config:/home/aaron/ur_ws/install/srdfdom:/home/aaron/ur_ws/install/moveit_resources_pr2_description:/home/aaron/ur_ws/install/moveit_resources_panda_description:/home/aaron/ur_ws/install/moveit_common:/opt/ros/humble LD_LIBRARY_PATH=/home/aaron/ur_ws/install/moveit_ros_planning/lib:/home/aaron/ur_ws/install/moveit_ros_occupancy_map_monitor/lib:/home/aaron/ur_ws/install/moveit_core/lib:/home/aaron/ur_ws/install/srdfdom/lib:${LD_LIBRARY_PATH} PATH=/home/aaron/ur_ws/install/moveit_core/bin:${PATH} PYTHONPATH=/home/aaron/ur_ws/install/moveit_configs_utils/lib/python3.10/site-packages:/home/aaron/ur_ws/install/srdfdom/local/lib/python3.10/dist-packages:/home/aaron/ur_ws/install/launch_param_builder/lib/python3.10/site-packages:${PYTHONPATH} /usr/bin/cmake --install /home/aaron/ur_ws/build/moveit_ros_robot_interaction
[2.626s] DEBUG:colcon.colcon_core.event_handler.log_command:Invoking command in '/home/aaron/ur_ws/build/moveit_ros_move_group': AMENT_PREFIX_PATH=/home/aaron/ur_ws/install/moveit_kinematics:/home/aaron/ur_ws/install/moveit_ros_planning:/home/aaron/ur_ws/install/moveit_ros_occupancy_map_monitor:/home/aaron/ur_ws/install/moveit_core:/home/aaron/ur_ws/install/moveit_resources_panda_moveit_config:/home/aaron/ur_ws/install/moveit_resources_fanuc_moveit_config:/home/aaron/ur_ws/install/moveit_configs_utils:/home/aaron/ur_ws/install/srdfdom:/home/aaron/ur_ws/install/moveit_resources_pr2_description:/home/aaron/ur_ws/install/moveit_resources_panda_description:/home/aaron/ur_ws/install/moveit_resources_fanuc_description:/home/aaron/ur_ws/install/moveit_common:/home/aaron/ur_ws/install/launch_param_builder:${AMENT_PREFIX_PATH} CMAKE_PREFIX_PATH=/home/aaron/ur_ws/install/moveit_kinematics:/home/aaron/ur_ws/install/moveit_ros_planning:/home/aaron/ur_ws/install/moveit_ros_occupancy_map_monitor:/home/aaron/ur_ws/install/moveit_core:/home/aaron/ur_ws/install/moveit_resources_panda_moveit_config:/home/aaron/ur_ws/install/moveit_resources_fanuc_moveit_config:/home/aaron/ur_ws/install/srdfdom:/home/aaron/ur_ws/install/moveit_resources_pr2_description:/home/aaron/ur_ws/install/moveit_resources_panda_description:/home/aaron/ur_ws/install/moveit_resources_fanuc_description:/home/aaron/ur_ws/install/moveit_common:/opt/ros/humble LD_LIBRARY_PATH=/home/aaron/ur_ws/install/moveit_kinematics/lib:/home/aaron/ur_ws/install/moveit_ros_planning/lib:/home/aaron/ur_ws/install/moveit_ros_occupancy_map_monitor/lib:/home/aaron/ur_ws/install/moveit_core/lib:/home/aaron/ur_ws/install/srdfdom/lib:${LD_LIBRARY_PATH} PATH=/home/aaron/ur_ws/install/moveit_core/bin:${PATH} PYTHONPATH=/home/aaron/ur_ws/install/moveit_configs_utils/lib/python3.10/site-packages:/home/aaron/ur_ws/install/srdfdom/local/lib/python3.10/dist-packages:/home/aaron/ur_ws/install/launch_param_builder/lib/python3.10/site-packages:${PYTHONPATH} /usr/bin/cmake --build /home/aaron/ur_ws/build/moveit_ros_move_group -- -j20 -l20
[2.628s] DEBUG:colcon.colcon_core.event_handler.log_command:Invoked command in '/home/aaron/ur_ws/build/moveit_visual_tools' returned '0': AMENT_PREFIX_PATH=/home/aaron/ur_ws/install/moveit_ros_planning:/home/aaron/ur_ws/install/moveit_ros_occupancy_map_monitor:/home/aaron/ur_ws/install/moveit_core:/home/aaron/ur_ws/install/moveit_resources_panda_moveit_config:/home/aaron/ur_ws/install/moveit_configs_utils:/home/aaron/ur_ws/install/srdfdom:/home/aaron/ur_ws/install/moveit_resources_pr2_description:/home/aaron/ur_ws/install/moveit_resources_panda_description:/home/aaron/ur_ws/install/moveit_common:/home/aaron/ur_ws/install/launch_param_builder:${AMENT_PREFIX_PATH} CMAKE_PREFIX_PATH=/home/aaron/ur_ws/install/moveit_ros_planning:/home/aaron/ur_ws/install/moveit_ros_occupancy_map_monitor:/home/aaron/ur_ws/install/moveit_core:/home/aaron/ur_ws/install/moveit_resources_panda_moveit_config:/home/aaron/ur_ws/install/srdfdom:/home/aaron/ur_ws/install/moveit_resources_pr2_description:/home/aaron/ur_ws/install/moveit_resources_panda_description:/home/aaron/ur_ws/install/moveit_common:/opt/ros/humble LD_LIBRARY_PATH=/home/aaron/ur_ws/install/moveit_ros_planning/lib:/home/aaron/ur_ws/install/moveit_ros_occupancy_map_monitor/lib:/home/aaron/ur_ws/install/moveit_core/lib:/home/aaron/ur_ws/install/srdfdom/lib:${LD_LIBRARY_PATH} PATH=/home/aaron/ur_ws/install/moveit_core/bin:${PATH} PYTHONPATH=/home/aaron/ur_ws/install/moveit_configs_utils/lib/python3.10/site-packages:/home/aaron/ur_ws/install/srdfdom/local/lib/python3.10/dist-packages:/home/aaron/ur_ws/install/launch_param_builder/lib/python3.10/site-packages:${PYTHONPATH} /usr/bin/cmake --build /home/aaron/ur_ws/build/moveit_visual_tools -- -j20 -l20
[2.630s] DEBUG:colcon.colcon_core.event_handler.log_command:Invoking command in '/home/aaron/ur_ws/build/moveit_visual_tools': AMENT_PREFIX_PATH=/home/aaron/ur_ws/install/moveit_ros_planning:/home/aaron/ur_ws/install/moveit_ros_occupancy_map_monitor:/home/aaron/ur_ws/install/moveit_core:/home/aaron/ur_ws/install/moveit_resources_panda_moveit_config:/home/aaron/ur_ws/install/moveit_configs_utils:/home/aaron/ur_ws/install/srdfdom:/home/aaron/ur_ws/install/moveit_resources_pr2_description:/home/aaron/ur_ws/install/moveit_resources_panda_description:/home/aaron/ur_ws/install/moveit_common:/home/aaron/ur_ws/install/launch_param_builder:${AMENT_PREFIX_PATH} CMAKE_PREFIX_PATH=/home/aaron/ur_ws/install/moveit_ros_planning:/home/aaron/ur_ws/install/moveit_ros_occupancy_map_monitor:/home/aaron/ur_ws/install/moveit_core:/home/aaron/ur_ws/install/moveit_resources_panda_moveit_config:/home/aaron/ur_ws/install/srdfdom:/home/aaron/ur_ws/install/moveit_resources_pr2_description:/home/aaron/ur_ws/install/moveit_resources_panda_description:/home/aaron/ur_ws/install/moveit_common:/opt/ros/humble LD_LIBRARY_PATH=/home/aaron/ur_ws/install/moveit_ros_planning/lib:/home/aaron/ur_ws/install/moveit_ros_occupancy_map_monitor/lib:/home/aaron/ur_ws/install/moveit_core/lib:/home/aaron/ur_ws/install/srdfdom/lib:${LD_LIBRARY_PATH} PATH=/home/aaron/ur_ws/install/moveit_core/bin:${PATH} PYTHONPATH=/home/aaron/ur_ws/install/moveit_configs_utils/lib/python3.10/site-packages:/home/aaron/ur_ws/install/srdfdom/local/lib/python3.10/dist-packages:/home/aaron/ur_ws/install/launch_param_builder/lib/python3.10/site-packages:${PYTHONPATH} /usr/bin/cmake --install /home/aaron/ur_ws/build/moveit_visual_tools
[2.630s] Level 1:colcon.colcon_core.environment:create_environment_scripts_only(moveit_ros_robot_interaction)
[2.631s] Level 1:colcon.colcon_core.environment:checking '/home/aaron/ur_ws/install/moveit_ros_robot_interaction' for CMake module files
[2.631s] DEBUG:colcon.colcon_core.event_handler.log_command:Invoked command in '/home/aaron/ur_ws/build/moveit_ros_robot_interaction' returned '0': AMENT_PREFIX_PATH=/home/aaron/ur_ws/install/moveit_ros_planning:/home/aaron/ur_ws/install/moveit_ros_occupancy_map_monitor:/home/aaron/ur_ws/install/moveit_core:/home/aaron/ur_ws/install/moveit_resources_panda_moveit_config:/home/aaron/ur_ws/install/moveit_configs_utils:/home/aaron/ur_ws/install/srdfdom:/home/aaron/ur_ws/install/moveit_resources_pr2_description:/home/aaron/ur_ws/install/moveit_resources_panda_description:/home/aaron/ur_ws/install/moveit_common:/home/aaron/ur_ws/install/launch_param_builder:${AMENT_PREFIX_PATH} CMAKE_PREFIX_PATH=/home/aaron/ur_ws/install/moveit_ros_planning:/home/aaron/ur_ws/install/moveit_ros_occupancy_map_monitor:/home/aaron/ur_ws/install/moveit_core:/home/aaron/ur_ws/install/moveit_resources_panda_moveit_config:/home/aaron/ur_ws/install/srdfdom:/home/aaron/ur_ws/install/moveit_resources_pr2_description:/home/aaron/ur_ws/install/moveit_resources_panda_description:/home/aaron/ur_ws/install/moveit_common:/opt/ros/humble LD_LIBRARY_PATH=/home/aaron/ur_ws/install/moveit_ros_planning/lib:/home/aaron/ur_ws/install/moveit_ros_occupancy_map_monitor/lib:/home/aaron/ur_ws/install/moveit_core/lib:/home/aaron/ur_ws/install/srdfdom/lib:${LD_LIBRARY_PATH} PATH=/home/aaron/ur_ws/install/moveit_core/bin:${PATH} PYTHONPATH=/home/aaron/ur_ws/install/moveit_configs_utils/lib/python3.10/site-packages:/home/aaron/ur_ws/install/srdfdom/local/lib/python3.10/dist-packages:/home/aaron/ur_ws/install/launch_param_builder/lib/python3.10/site-packages:${PYTHONPATH} /usr/bin/cmake --install /home/aaron/ur_ws/build/moveit_ros_robot_interaction
[2.632s] Level 1:colcon.colcon_core.environment:checking '/home/aaron/ur_ws/install/moveit_ros_robot_interaction' for CMake config files
[2.632s] Level 1:colcon.colcon_core.shell:create_environment_hook('moveit_ros_robot_interaction', 'cmake_prefix_path')
[2.633s] INFO:colcon.colcon_core.shell:Creating environment hook '/home/aaron/ur_ws/install/moveit_ros_robot_interaction/share/moveit_ros_robot_interaction/hook/cmake_prefix_path.ps1'
[2.633s] INFO:colcon.colcon_core.shell:Creating environment descriptor '/home/aaron/ur_ws/install/moveit_ros_robot_interaction/share/moveit_ros_robot_interaction/hook/cmake_prefix_path.dsv'
[2.634s] INFO:colcon.colcon_core.shell:Creating environment hook '/home/aaron/ur_ws/install/moveit_ros_robot_interaction/share/moveit_ros_robot_interaction/hook/cmake_prefix_path.sh'
[2.634s] Level 1:colcon.colcon_core.environment:checking '/home/aaron/ur_ws/install/moveit_ros_robot_interaction/lib'
[2.635s] Level 1:colcon.colcon_core.shell:create_environment_hook('moveit_ros_robot_interaction', 'ld_library_path_lib')
[2.635s] INFO:colcon.colcon_core.shell:Creating environment hook '/home/aaron/ur_ws/install/moveit_ros_robot_interaction/share/moveit_ros_robot_interaction/hook/ld_library_path_lib.ps1'
[2.635s] INFO:colcon.colcon_core.shell:Creating environment descriptor '/home/aaron/ur_ws/install/moveit_ros_robot_interaction/share/moveit_ros_robot_interaction/hook/ld_library_path_lib.dsv'
[2.636s] INFO:colcon.colcon_core.shell:Creating environment hook '/home/aaron/ur_ws/install/moveit_ros_robot_interaction/share/moveit_ros_robot_interaction/hook/ld_library_path_lib.sh'
[2.636s] Level 1:colcon.colcon_core.environment:checking '/home/aaron/ur_ws/install/moveit_ros_robot_interaction/bin'
[2.636s] Level 1:colcon.colcon_core.environment:checking '/home/aaron/ur_ws/install/moveit_ros_robot_interaction/lib/pkgconfig/moveit_ros_robot_interaction.pc'
[2.636s] Level 1:colcon.colcon_core.environment:checking '/home/aaron/ur_ws/install/moveit_ros_robot_interaction/lib/python3.10/site-packages'
[2.636s] Level 1:colcon.colcon_core.environment:checking '/home/aaron/ur_ws/install/moveit_ros_robot_interaction/bin'
[2.637s] INFO:colcon.colcon_core.shell:Creating package script '/home/aaron/ur_ws/install/moveit_ros_robot_interaction/share/moveit_ros_robot_interaction/package.ps1'
[2.637s] INFO:colcon.colcon_core.shell:Creating package descriptor '/home/aaron/ur_ws/install/moveit_ros_robot_interaction/share/moveit_ros_robot_interaction/package.dsv'
[2.638s] INFO:colcon.colcon_core.shell:Creating package script '/home/aaron/ur_ws/install/moveit_ros_robot_interaction/share/moveit_ros_robot_interaction/package.sh'
[2.638s] INFO:colcon.colcon_core.shell:Creating package script '/home/aaron/ur_ws/install/moveit_ros_robot_interaction/share/moveit_ros_robot_interaction/package.bash'
[2.639s] INFO:colcon.colcon_core.shell:Creating package script '/home/aaron/ur_ws/install/moveit_ros_robot_interaction/share/moveit_ros_robot_interaction/package.zsh'
[2.640s] Level 1:colcon.colcon_core.environment:create_file_with_runtime_dependencies(/home/aaron/ur_ws/install/moveit_ros_robot_interaction/share/colcon-core/packages/moveit_ros_robot_interaction)
[2.641s] Level 1:colcon.colcon_core.environment:create_environment_scripts_only(moveit_ros_robot_interaction)
[2.641s] Level 1:colcon.colcon_core.environment:checking '/home/aaron/ur_ws/install/moveit_ros_robot_interaction' for CMake module files
[2.641s] Level 1:colcon.colcon_core.environment:checking '/home/aaron/ur_ws/install/moveit_ros_robot_interaction' for CMake config files
[2.641s] Level 1:colcon.colcon_core.shell:create_environment_hook('moveit_ros_robot_interaction', 'cmake_prefix_path')
[2.641s] INFO:colcon.colcon_core.shell:Creating environment hook '/home/aaron/ur_ws/install/moveit_ros_robot_interaction/share/moveit_ros_robot_interaction/hook/cmake_prefix_path.ps1'
[2.641s] INFO:colcon.colcon_core.shell:Creating environment descriptor '/home/aaron/ur_ws/install/moveit_ros_robot_interaction/share/moveit_ros_robot_interaction/hook/cmake_prefix_path.dsv'
[2.642s] INFO:colcon.colcon_core.shell:Creating environment hook '/home/aaron/ur_ws/install/moveit_ros_robot_interaction/share/moveit_ros_robot_interaction/hook/cmake_prefix_path.sh'
[2.642s] Level 1:colcon.colcon_core.environment:checking '/home/aaron/ur_ws/install/moveit_ros_robot_interaction/lib'
[2.642s] Level 1:colcon.colcon_core.shell:create_environment_hook('moveit_ros_robot_interaction', 'ld_library_path_lib')
[2.642s] INFO:colcon.colcon_core.shell:Creating environment hook '/home/aaron/ur_ws/install/moveit_ros_robot_interaction/share/moveit_ros_robot_interaction/hook/ld_library_path_lib.ps1'
[2.642s] INFO:colcon.colcon_core.shell:Creating environment descriptor '/home/aaron/ur_ws/install/moveit_ros_robot_interaction/share/moveit_ros_robot_interaction/hook/ld_library_path_lib.dsv'
[2.643s] INFO:colcon.colcon_core.shell:Creating environment hook '/home/aaron/ur_ws/install/moveit_ros_robot_interaction/share/moveit_ros_robot_interaction/hook/ld_library_path_lib.sh'
[2.643s] Level 1:colcon.colcon_core.environment:checking '/home/aaron/ur_ws/install/moveit_ros_robot_interaction/bin'
[2.643s] Level 1:colcon.colcon_core.environment:checking '/home/aaron/ur_ws/install/moveit_ros_robot_interaction/lib/pkgconfig/moveit_ros_robot_interaction.pc'
[2.643s] Level 1:colcon.colcon_core.environment:checking '/home/aaron/ur_ws/install/moveit_ros_robot_interaction/lib/python3.10/site-packages'
[2.643s] Level 1:colcon.colcon_core.environment:checking '/home/aaron/ur_ws/install/moveit_ros_robot_interaction/bin'
[2.643s] INFO:colcon.colcon_core.shell:Creating package script '/home/aaron/ur_ws/install/moveit_ros_robot_interaction/share/moveit_ros_robot_interaction/package.ps1'
[2.644s] INFO:colcon.colcon_core.shell:Creating package descriptor '/home/aaron/ur_ws/install/moveit_ros_robot_interaction/share/moveit_ros_robot_interaction/package.dsv'
[2.644s] INFO:colcon.colcon_core.shell:Creating package script '/home/aaron/ur_ws/install/moveit_ros_robot_interaction/share/moveit_ros_robot_interaction/package.sh'
[2.644s] INFO:colcon.colcon_core.shell:Creating package script '/home/aaron/ur_ws/install/moveit_ros_robot_interaction/share/moveit_ros_robot_interaction/package.bash'
[2.644s] INFO:colcon.colcon_core.shell:Creating package script '/home/aaron/ur_ws/install/moveit_ros_robot_interaction/share/moveit_ros_robot_interaction/package.zsh'
[2.645s] Level 1:colcon.colcon_core.environment:create_file_with_runtime_dependencies(/home/aaron/ur_ws/install/moveit_ros_robot_interaction/share/colcon-core/packages/moveit_ros_robot_interaction)
[2.646s] DEBUG:colcon.colcon_core.event_handler.log_command:Invoked command in '/home/aaron/ur_ws/build/moveit_ros_warehouse' returned '0': AMENT_PREFIX_PATH=/home/aaron/ur_ws/install/moveit_ros_planning:/home/aaron/ur_ws/install/moveit_ros_occupancy_map_monitor:/home/aaron/ur_ws/install/moveit_core:/home/aaron/ur_ws/install/moveit_resources_panda_moveit_config:/home/aaron/ur_ws/install/moveit_configs_utils:/home/aaron/ur_ws/install/srdfdom:/home/aaron/ur_ws/install/moveit_resources_pr2_description:/home/aaron/ur_ws/install/moveit_resources_panda_description:/home/aaron/ur_ws/install/moveit_common:/home/aaron/ur_ws/install/launch_param_builder:${AMENT_PREFIX_PATH} CMAKE_PREFIX_PATH=/home/aaron/ur_ws/install/moveit_ros_planning:/home/aaron/ur_ws/install/moveit_ros_occupancy_map_monitor:/home/aaron/ur_ws/install/moveit_core:/home/aaron/ur_ws/install/moveit_resources_panda_moveit_config:/home/aaron/ur_ws/install/srdfdom:/home/aaron/ur_ws/install/moveit_resources_pr2_description:/home/aaron/ur_ws/install/moveit_resources_panda_description:/home/aaron/ur_ws/install/moveit_common:/opt/ros/humble LD_LIBRARY_PATH=/home/aaron/ur_ws/install/moveit_ros_planning/lib:/home/aaron/ur_ws/install/moveit_ros_occupancy_map_monitor/lib:/home/aaron/ur_ws/install/moveit_core/lib:/home/aaron/ur_ws/install/srdfdom/lib:${LD_LIBRARY_PATH} PATH=/home/aaron/ur_ws/install/moveit_core/bin:${PATH} PYTHONPATH=/home/aaron/ur_ws/install/moveit_configs_utils/lib/python3.10/site-packages:/home/aaron/ur_ws/install/srdfdom/local/lib/python3.10/dist-packages:/home/aaron/ur_ws/install/launch_param_builder/lib/python3.10/site-packages:${PYTHONPATH} /usr/bin/cmake --build /home/aaron/ur_ws/build/moveit_ros_warehouse -- -j20 -l20
[2.647s] DEBUG:colcon.colcon_core.event_handler.log_command:Invoking command in '/home/aaron/ur_ws/build/moveit_ros_warehouse': AMENT_PREFIX_PATH=/home/aaron/ur_ws/install/moveit_ros_planning:/home/aaron/ur_ws/install/moveit_ros_occupancy_map_monitor:/home/aaron/ur_ws/install/moveit_core:/home/aaron/ur_ws/install/moveit_resources_panda_moveit_config:/home/aaron/ur_ws/install/moveit_configs_utils:/home/aaron/ur_ws/install/srdfdom:/home/aaron/ur_ws/install/moveit_resources_pr2_description:/home/aaron/ur_ws/install/moveit_resources_panda_description:/home/aaron/ur_ws/install/moveit_common:/home/aaron/ur_ws/install/launch_param_builder:${AMENT_PREFIX_PATH} CMAKE_PREFIX_PATH=/home/aaron/ur_ws/install/moveit_ros_planning:/home/aaron/ur_ws/install/moveit_ros_occupancy_map_monitor:/home/aaron/ur_ws/install/moveit_core:/home/aaron/ur_ws/install/moveit_resources_panda_moveit_config:/home/aaron/ur_ws/install/srdfdom:/home/aaron/ur_ws/install/moveit_resources_pr2_description:/home/aaron/ur_ws/install/moveit_resources_panda_description:/home/aaron/ur_ws/install/moveit_common:/opt/ros/humble LD_LIBRARY_PATH=/home/aaron/ur_ws/install/moveit_ros_planning/lib:/home/aaron/ur_ws/install/moveit_ros_occupancy_map_monitor/lib:/home/aaron/ur_ws/install/moveit_core/lib:/home/aaron/ur_ws/install/srdfdom/lib:${LD_LIBRARY_PATH} PATH=/home/aaron/ur_ws/install/moveit_core/bin:${PATH} PYTHONPATH=/home/aaron/ur_ws/install/moveit_configs_utils/lib/python3.10/site-packages:/home/aaron/ur_ws/install/srdfdom/local/lib/python3.10/dist-packages:/home/aaron/ur_ws/install/launch_param_builder/lib/python3.10/site-packages:${PYTHONPATH} /usr/bin/cmake --install /home/aaron/ur_ws/build/moveit_ros_warehouse
[2.647s] Level 1:colcon.colcon_core.environment:create_environment_scripts_only(moveit_visual_tools)
[2.647s] DEBUG:colcon.colcon_core.event_handler.log_command:Invoked command in '/home/aaron/ur_ws/build/moveit_visual_tools' returned '0': AMENT_PREFIX_PATH=/home/aaron/ur_ws/install/moveit_ros_planning:/home/aaron/ur_ws/install/moveit_ros_occupancy_map_monitor:/home/aaron/ur_ws/install/moveit_core:/home/aaron/ur_ws/install/moveit_resources_panda_moveit_config:/home/aaron/ur_ws/install/moveit_configs_utils:/home/aaron/ur_ws/install/srdfdom:/home/aaron/ur_ws/install/moveit_resources_pr2_description:/home/aaron/ur_ws/install/moveit_resources_panda_description:/home/aaron/ur_ws/install/moveit_common:/home/aaron/ur_ws/install/launch_param_builder:${AMENT_PREFIX_PATH} CMAKE_PREFIX_PATH=/home/aaron/ur_ws/install/moveit_ros_planning:/home/aaron/ur_ws/install/moveit_ros_occupancy_map_monitor:/home/aaron/ur_ws/install/moveit_core:/home/aaron/ur_ws/install/moveit_resources_panda_moveit_config:/home/aaron/ur_ws/install/srdfdom:/home/aaron/ur_ws/install/moveit_resources_pr2_description:/home/aaron/ur_ws/install/moveit_resources_panda_description:/home/aaron/ur_ws/install/moveit_common:/opt/ros/humble LD_LIBRARY_PATH=/home/aaron/ur_ws/install/moveit_ros_planning/lib:/home/aaron/ur_ws/install/moveit_ros_occupancy_map_monitor/lib:/home/aaron/ur_ws/install/moveit_core/lib:/home/aaron/ur_ws/install/srdfdom/lib:${LD_LIBRARY_PATH} PATH=/home/aaron/ur_ws/install/moveit_core/bin:${PATH} PYTHONPATH=/home/aaron/ur_ws/install/moveit_configs_utils/lib/python3.10/site-packages:/home/aaron/ur_ws/install/srdfdom/local/lib/python3.10/dist-packages:/home/aaron/ur_ws/install/launch_param_builder/lib/python3.10/site-packages:${PYTHONPATH} /usr/bin/cmake --install /home/aaron/ur_ws/build/moveit_visual_tools
[2.647s] Level 1:colcon.colcon_core.environment:checking '/home/aaron/ur_ws/install/moveit_visual_tools' for CMake module files
[2.648s] Level 1:colcon.colcon_core.environment:checking '/home/aaron/ur_ws/install/moveit_visual_tools' for CMake config files
[2.649s] Level 1:colcon.colcon_core.shell:create_environment_hook('moveit_visual_tools', 'cmake_prefix_path')
[2.649s] INFO:colcon.colcon_core.shell:Creating environment hook '/home/aaron/ur_ws/install/moveit_visual_tools/share/moveit_visual_tools/hook/cmake_prefix_path.ps1'
[2.650s] INFO:colcon.colcon_core.shell:Creating environment descriptor '/home/aaron/ur_ws/install/moveit_visual_tools/share/moveit_visual_tools/hook/cmake_prefix_path.dsv'
[2.650s] INFO:colcon.colcon_core.shell:Creating environment hook '/home/aaron/ur_ws/install/moveit_visual_tools/share/moveit_visual_tools/hook/cmake_prefix_path.sh'
[2.651s] Level 1:colcon.colcon_core.environment:checking '/home/aaron/ur_ws/install/moveit_visual_tools/lib'
[2.651s] Level 1:colcon.colcon_core.shell:create_environment_hook('moveit_visual_tools', 'ld_library_path_lib')
[2.651s] INFO:colcon.colcon_core.shell:Creating environment hook '/home/aaron/ur_ws/install/moveit_visual_tools/share/moveit_visual_tools/hook/ld_library_path_lib.ps1'
[2.652s] INFO:colcon.colcon_core.shell:Creating environment descriptor '/home/aaron/ur_ws/install/moveit_visual_tools/share/moveit_visual_tools/hook/ld_library_path_lib.dsv'
[2.653s] INFO:colcon.colcon_core.shell:Creating environment hook '/home/aaron/ur_ws/install/moveit_visual_tools/share/moveit_visual_tools/hook/ld_library_path_lib.sh'
[2.655s] Level 1:colcon.colcon_core.environment:checking '/home/aaron/ur_ws/install/moveit_visual_tools/bin'
[2.656s] Level 1:colcon.colcon_core.environment:checking '/home/aaron/ur_ws/install/moveit_visual_tools/lib/pkgconfig/moveit_visual_tools.pc'
[2.656s] Level 1:colcon.colcon_core.environment:checking '/home/aaron/ur_ws/install/moveit_visual_tools/lib/python3.10/site-packages'
[2.656s] Level 1:colcon.colcon_core.environment:checking '/home/aaron/ur_ws/install/moveit_visual_tools/bin'
[2.657s] INFO:colcon.colcon_core.shell:Creating package script '/home/aaron/ur_ws/install/moveit_visual_tools/share/moveit_visual_tools/package.ps1'
[2.658s] INFO:colcon.colcon_core.shell:Creating package descriptor '/home/aaron/ur_ws/install/moveit_visual_tools/share/moveit_visual_tools/package.dsv'
[2.658s] INFO:colcon.colcon_core.shell:Creating package script '/home/aaron/ur_ws/install/moveit_visual_tools/share/moveit_visual_tools/package.sh'
[2.659s] INFO:colcon.colcon_core.shell:Creating package script '/home/aaron/ur_ws/install/moveit_visual_tools/share/moveit_visual_tools/package.bash'
[2.661s] INFO:colcon.colcon_core.shell:Creating package script '/home/aaron/ur_ws/install/moveit_visual_tools/share/moveit_visual_tools/package.zsh'
[2.662s] Level 1:colcon.colcon_core.environment:create_file_with_runtime_dependencies(/home/aaron/ur_ws/install/moveit_visual_tools/share/colcon-core/packages/moveit_visual_tools)
[2.662s] Level 1:colcon.colcon_core.environment:create_environment_scripts_only(moveit_visual_tools)
[2.663s] Level 1:colcon.colcon_core.environment:checking '/home/aaron/ur_ws/install/moveit_visual_tools' for CMake module files
[2.664s] Level 1:colcon.colcon_core.environment:checking '/home/aaron/ur_ws/install/moveit_visual_tools' for CMake config files
[2.664s] Level 1:colcon.colcon_core.shell:create_environment_hook('moveit_visual_tools', 'cmake_prefix_path')
[2.665s] INFO:colcon.colcon_core.shell:Creating environment hook '/home/aaron/ur_ws/install/moveit_visual_tools/share/moveit_visual_tools/hook/cmake_prefix_path.ps1'
[2.665s] INFO:colcon.colcon_core.shell:Creating environment descriptor '/home/aaron/ur_ws/install/moveit_visual_tools/share/moveit_visual_tools/hook/cmake_prefix_path.dsv'
[2.665s] INFO:colcon.colcon_core.shell:Creating environment hook '/home/aaron/ur_ws/install/moveit_visual_tools/share/moveit_visual_tools/hook/cmake_prefix_path.sh'
[2.666s] Level 1:colcon.colcon_core.environment:checking '/home/aaron/ur_ws/install/moveit_visual_tools/lib'
[2.666s] Level 1:colcon.colcon_core.shell:create_environment_hook('moveit_visual_tools', 'ld_library_path_lib')
[2.666s] INFO:colcon.colcon_core.shell:Creating environment hook '/home/aaron/ur_ws/install/moveit_visual_tools/share/moveit_visual_tools/hook/ld_library_path_lib.ps1'
[2.666s] INFO:colcon.colcon_core.shell:Creating environment descriptor '/home/aaron/ur_ws/install/moveit_visual_tools/share/moveit_visual_tools/hook/ld_library_path_lib.dsv'
[2.666s] INFO:colcon.colcon_core.shell:Creating environment hook '/home/aaron/ur_ws/install/moveit_visual_tools/share/moveit_visual_tools/hook/ld_library_path_lib.sh'
[2.667s] Level 1:colcon.colcon_core.environment:checking '/home/aaron/ur_ws/install/moveit_visual_tools/bin'
[2.667s] Level 1:colcon.colcon_core.environment:checking '/home/aaron/ur_ws/install/moveit_visual_tools/lib/pkgconfig/moveit_visual_tools.pc'
[2.667s] Level 1:colcon.colcon_core.environment:checking '/home/aaron/ur_ws/install/moveit_visual_tools/lib/python3.10/site-packages'
[2.667s] Level 1:colcon.colcon_core.environment:checking '/home/aaron/ur_ws/install/moveit_visual_tools/bin'
[2.668s] INFO:colcon.colcon_core.shell:Creating package script '/home/aaron/ur_ws/install/moveit_visual_tools/share/moveit_visual_tools/package.ps1'
[2.668s] INFO:colcon.colcon_core.shell:Creating package descriptor '/home/aaron/ur_ws/install/moveit_visual_tools/share/moveit_visual_tools/package.dsv'
[2.669s] INFO:colcon.colcon_core.shell:Creating package script '/home/aaron/ur_ws/install/moveit_visual_tools/share/moveit_visual_tools/package.sh'
[2.670s] INFO:colcon.colcon_core.shell:Creating package script '/home/aaron/ur_ws/install/moveit_visual_tools/share/moveit_visual_tools/package.bash'
[2.670s] INFO:colcon.colcon_core.shell:Creating package script '/home/aaron/ur_ws/install/moveit_visual_tools/share/moveit_visual_tools/package.zsh'
[2.670s] Level 1:colcon.colcon_core.environment:create_file_with_runtime_dependencies(/home/aaron/ur_ws/install/moveit_visual_tools/share/colcon-core/packages/moveit_visual_tools)
[2.672s] DEBUG:colcon.colcon_core.event_handler.log_command:Invoked command in '/home/aaron/ur_ws/build/moveit_ros_perception' returned '0': AMENT_PREFIX_PATH=/home/aaron/ur_ws/install/moveit_ros_planning:/home/aaron/ur_ws/install/moveit_ros_occupancy_map_monitor:/home/aaron/ur_ws/install/moveit_core:/home/aaron/ur_ws/install/moveit_resources_panda_moveit_config:/home/aaron/ur_ws/install/moveit_configs_utils:/home/aaron/ur_ws/install/srdfdom:/home/aaron/ur_ws/install/moveit_resources_pr2_description:/home/aaron/ur_ws/install/moveit_resources_panda_description:/home/aaron/ur_ws/install/moveit_common:/home/aaron/ur_ws/install/launch_param_builder:${AMENT_PREFIX_PATH} CMAKE_PREFIX_PATH=/home/aaron/ur_ws/install/moveit_ros_planning:/home/aaron/ur_ws/install/moveit_ros_occupancy_map_monitor:/home/aaron/ur_ws/install/moveit_core:/home/aaron/ur_ws/install/moveit_resources_panda_moveit_config:/home/aaron/ur_ws/install/srdfdom:/home/aaron/ur_ws/install/moveit_resources_pr2_description:/home/aaron/ur_ws/install/moveit_resources_panda_description:/home/aaron/ur_ws/install/moveit_common:/opt/ros/humble LD_LIBRARY_PATH=/home/aaron/ur_ws/install/moveit_ros_planning/lib:/home/aaron/ur_ws/install/moveit_ros_occupancy_map_monitor/lib:/home/aaron/ur_ws/install/moveit_core/lib:/home/aaron/ur_ws/install/srdfdom/lib:${LD_LIBRARY_PATH} PATH=/home/aaron/ur_ws/install/moveit_core/bin:${PATH} PYTHONPATH=/home/aaron/ur_ws/install/moveit_configs_utils/lib/python3.10/site-packages:/home/aaron/ur_ws/install/srdfdom/local/lib/python3.10/dist-packages:/home/aaron/ur_ws/install/launch_param_builder/lib/python3.10/site-packages:${PYTHONPATH} /usr/bin/cmake --build /home/aaron/ur_ws/build/moveit_ros_perception -- -j20 -l20
[2.673s] DEBUG:colcon.colcon_core.event_handler.log_command:Invoking command in '/home/aaron/ur_ws/build/moveit_ros_perception': AMENT_PREFIX_PATH=/home/aaron/ur_ws/install/moveit_ros_planning:/home/aaron/ur_ws/install/moveit_ros_occupancy_map_monitor:/home/aaron/ur_ws/install/moveit_core:/home/aaron/ur_ws/install/moveit_resources_panda_moveit_config:/home/aaron/ur_ws/install/moveit_configs_utils:/home/aaron/ur_ws/install/srdfdom:/home/aaron/ur_ws/install/moveit_resources_pr2_description:/home/aaron/ur_ws/install/moveit_resources_panda_description:/home/aaron/ur_ws/install/moveit_common:/home/aaron/ur_ws/install/launch_param_builder:${AMENT_PREFIX_PATH} CMAKE_PREFIX_PATH=/home/aaron/ur_ws/install/moveit_ros_planning:/home/aaron/ur_ws/install/moveit_ros_occupancy_map_monitor:/home/aaron/ur_ws/install/moveit_core:/home/aaron/ur_ws/install/moveit_resources_panda_moveit_config:/home/aaron/ur_ws/install/srdfdom:/home/aaron/ur_ws/install/moveit_resources_pr2_description:/home/aaron/ur_ws/install/moveit_resources_panda_description:/home/aaron/ur_ws/install/moveit_common:/opt/ros/humble LD_LIBRARY_PATH=/home/aaron/ur_ws/install/moveit_ros_planning/lib:/home/aaron/ur_ws/install/moveit_ros_occupancy_map_monitor/lib:/home/aaron/ur_ws/install/moveit_core/lib:/home/aaron/ur_ws/install/srdfdom/lib:${LD_LIBRARY_PATH} PATH=/home/aaron/ur_ws/install/moveit_core/bin:${PATH} PYTHONPATH=/home/aaron/ur_ws/install/moveit_configs_utils/lib/python3.10/site-packages:/home/aaron/ur_ws/install/srdfdom/local/lib/python3.10/dist-packages:/home/aaron/ur_ws/install/launch_param_builder/lib/python3.10/site-packages:${PYTHONPATH} /usr/bin/cmake --install /home/aaron/ur_ws/build/moveit_ros_perception
[2.674s] Level 1:colcon.colcon_core.environment:create_environment_scripts_only(moveit_ros_warehouse)
[2.674s] Level 1:colcon.colcon_core.environment:checking '/home/aaron/ur_ws/install/moveit_ros_warehouse' for CMake module files
[2.675s] DEBUG:colcon.colcon_core.event_handler.log_command:Invoked command in '/home/aaron/ur_ws/build/moveit_ros_warehouse' returned '0': AMENT_PREFIX_PATH=/home/aaron/ur_ws/install/moveit_ros_planning:/home/aaron/ur_ws/install/moveit_ros_occupancy_map_monitor:/home/aaron/ur_ws/install/moveit_core:/home/aaron/ur_ws/install/moveit_resources_panda_moveit_config:/home/aaron/ur_ws/install/moveit_configs_utils:/home/aaron/ur_ws/install/srdfdom:/home/aaron/ur_ws/install/moveit_resources_pr2_description:/home/aaron/ur_ws/install/moveit_resources_panda_description:/home/aaron/ur_ws/install/moveit_common:/home/aaron/ur_ws/install/launch_param_builder:${AMENT_PREFIX_PATH} CMAKE_PREFIX_PATH=/home/aaron/ur_ws/install/moveit_ros_planning:/home/aaron/ur_ws/install/moveit_ros_occupancy_map_monitor:/home/aaron/ur_ws/install/moveit_core:/home/aaron/ur_ws/install/moveit_resources_panda_moveit_config:/home/aaron/ur_ws/install/srdfdom:/home/aaron/ur_ws/install/moveit_resources_pr2_description:/home/aaron/ur_ws/install/moveit_resources_panda_description:/home/aaron/ur_ws/install/moveit_common:/opt/ros/humble LD_LIBRARY_PATH=/home/aaron/ur_ws/install/moveit_ros_planning/lib:/home/aaron/ur_ws/install/moveit_ros_occupancy_map_monitor/lib:/home/aaron/ur_ws/install/moveit_core/lib:/home/aaron/ur_ws/install/srdfdom/lib:${LD_LIBRARY_PATH} PATH=/home/aaron/ur_ws/install/moveit_core/bin:${PATH} PYTHONPATH=/home/aaron/ur_ws/install/moveit_configs_utils/lib/python3.10/site-packages:/home/aaron/ur_ws/install/srdfdom/local/lib/python3.10/dist-packages:/home/aaron/ur_ws/install/launch_param_builder/lib/python3.10/site-packages:${PYTHONPATH} /usr/bin/cmake --install /home/aaron/ur_ws/build/moveit_ros_warehouse
[2.675s] Level 1:colcon.colcon_core.environment:checking '/home/aaron/ur_ws/install/moveit_ros_warehouse' for CMake config files
[2.676s] Level 1:colcon.colcon_core.shell:create_environment_hook('moveit_ros_warehouse', 'cmake_prefix_path')
[2.676s] INFO:colcon.colcon_core.shell:Creating environment hook '/home/aaron/ur_ws/install/moveit_ros_warehouse/share/moveit_ros_warehouse/hook/cmake_prefix_path.ps1'
[2.676s] INFO:colcon.colcon_core.shell:Creating environment descriptor '/home/aaron/ur_ws/install/moveit_ros_warehouse/share/moveit_ros_warehouse/hook/cmake_prefix_path.dsv'
[2.677s] INFO:colcon.colcon_core.shell:Creating environment hook '/home/aaron/ur_ws/install/moveit_ros_warehouse/share/moveit_ros_warehouse/hook/cmake_prefix_path.sh'
[2.678s] Level 1:colcon.colcon_core.environment:checking '/home/aaron/ur_ws/install/moveit_ros_warehouse/lib'
[2.678s] Level 1:colcon.colcon_core.shell:create_environment_hook('moveit_ros_warehouse', 'ld_library_path_lib')
[2.678s] INFO:colcon.colcon_core.shell:Creating environment hook '/home/aaron/ur_ws/install/moveit_ros_warehouse/share/moveit_ros_warehouse/hook/ld_library_path_lib.ps1'
[2.679s] INFO:colcon.colcon_core.shell:Creating environment descriptor '/home/aaron/ur_ws/install/moveit_ros_warehouse/share/moveit_ros_warehouse/hook/ld_library_path_lib.dsv'
[2.679s] INFO:colcon.colcon_core.shell:Creating environment hook '/home/aaron/ur_ws/install/moveit_ros_warehouse/share/moveit_ros_warehouse/hook/ld_library_path_lib.sh'
[2.680s] Level 1:colcon.colcon_core.environment:checking '/home/aaron/ur_ws/install/moveit_ros_warehouse/bin'
[2.680s] Level 1:colcon.colcon_core.environment:checking '/home/aaron/ur_ws/install/moveit_ros_warehouse/lib/pkgconfig/moveit_ros_warehouse.pc'
[2.680s] Level 1:colcon.colcon_core.environment:checking '/home/aaron/ur_ws/install/moveit_ros_warehouse/lib/python3.10/site-packages'
[2.681s] Level 1:colcon.colcon_core.environment:checking '/home/aaron/ur_ws/install/moveit_ros_warehouse/bin'
[2.681s] INFO:colcon.colcon_core.shell:Creating package script '/home/aaron/ur_ws/install/moveit_ros_warehouse/share/moveit_ros_warehouse/package.ps1'
[2.682s] INFO:colcon.colcon_core.shell:Creating package descriptor '/home/aaron/ur_ws/install/moveit_ros_warehouse/share/moveit_ros_warehouse/package.dsv'
[2.685s] INFO:colcon.colcon_core.shell:Creating package script '/home/aaron/ur_ws/install/moveit_ros_warehouse/share/moveit_ros_warehouse/package.sh'
[2.686s] INFO:colcon.colcon_core.shell:Creating package script '/home/aaron/ur_ws/install/moveit_ros_warehouse/share/moveit_ros_warehouse/package.bash'
[2.688s] INFO:colcon.colcon_core.shell:Creating package script '/home/aaron/ur_ws/install/moveit_ros_warehouse/share/moveit_ros_warehouse/package.zsh'
[2.689s] Level 1:colcon.colcon_core.environment:create_file_with_runtime_dependencies(/home/aaron/ur_ws/install/moveit_ros_warehouse/share/colcon-core/packages/moveit_ros_warehouse)
[2.690s] Level 1:colcon.colcon_core.environment:create_environment_scripts_only(moveit_ros_warehouse)
[2.690s] Level 1:colcon.colcon_core.environment:checking '/home/aaron/ur_ws/install/moveit_ros_warehouse' for CMake module files
[2.691s] Level 1:colcon.colcon_core.environment:checking '/home/aaron/ur_ws/install/moveit_ros_warehouse' for CMake config files
[2.691s] Level 1:colcon.colcon_core.shell:create_environment_hook('moveit_ros_warehouse', 'cmake_prefix_path')
[2.692s] INFO:colcon.colcon_core.shell:Creating environment hook '/home/aaron/ur_ws/install/moveit_ros_warehouse/share/moveit_ros_warehouse/hook/cmake_prefix_path.ps1'
[2.692s] INFO:colcon.colcon_core.shell:Creating environment descriptor '/home/aaron/ur_ws/install/moveit_ros_warehouse/share/moveit_ros_warehouse/hook/cmake_prefix_path.dsv'
[2.693s] INFO:colcon.colcon_core.shell:Creating environment hook '/home/aaron/ur_ws/install/moveit_ros_warehouse/share/moveit_ros_warehouse/hook/cmake_prefix_path.sh'
[2.693s] Level 1:colcon.colcon_core.environment:checking '/home/aaron/ur_ws/install/moveit_ros_warehouse/lib'
[2.693s] Level 1:colcon.colcon_core.shell:create_environment_hook('moveit_ros_warehouse', 'ld_library_path_lib')
[2.694s] INFO:colcon.colcon_core.shell:Creating environment hook '/home/aaron/ur_ws/install/moveit_ros_warehouse/share/moveit_ros_warehouse/hook/ld_library_path_lib.ps1'
[2.694s] INFO:colcon.colcon_core.shell:Creating environment descriptor '/home/aaron/ur_ws/install/moveit_ros_warehouse/share/moveit_ros_warehouse/hook/ld_library_path_lib.dsv'
[2.695s] INFO:colcon.colcon_core.shell:Creating environment hook '/home/aaron/ur_ws/install/moveit_ros_warehouse/share/moveit_ros_warehouse/hook/ld_library_path_lib.sh'
[2.695s] Level 1:colcon.colcon_core.environment:checking '/home/aaron/ur_ws/install/moveit_ros_warehouse/bin'
[2.695s] Level 1:colcon.colcon_core.environment:checking '/home/aaron/ur_ws/install/moveit_ros_warehouse/lib/pkgconfig/moveit_ros_warehouse.pc'
[2.696s] Level 1:colcon.colcon_core.environment:checking '/home/aaron/ur_ws/install/moveit_ros_warehouse/lib/python3.10/site-packages'
[2.696s] Level 1:colcon.colcon_core.environment:checking '/home/aaron/ur_ws/install/moveit_ros_warehouse/bin'
[2.697s] INFO:colcon.colcon_core.shell:Creating package script '/home/aaron/ur_ws/install/moveit_ros_warehouse/share/moveit_ros_warehouse/package.ps1'
[2.697s] INFO:colcon.colcon_core.shell:Creating package descriptor '/home/aaron/ur_ws/install/moveit_ros_warehouse/share/moveit_ros_warehouse/package.dsv'
[2.698s] INFO:colcon.colcon_core.shell:Creating package script '/home/aaron/ur_ws/install/moveit_ros_warehouse/share/moveit_ros_warehouse/package.sh'
[2.699s] INFO:colcon.colcon_core.shell:Creating package script '/home/aaron/ur_ws/install/moveit_ros_warehouse/share/moveit_ros_warehouse/package.bash'
[2.699s] INFO:colcon.colcon_core.shell:Creating package script '/home/aaron/ur_ws/install/moveit_ros_warehouse/share/moveit_ros_warehouse/package.zsh'
[2.700s] Level 1:colcon.colcon_core.environment:create_file_with_runtime_dependencies(/home/aaron/ur_ws/install/moveit_ros_warehouse/share/colcon-core/packages/moveit_ros_warehouse)
[2.701s] INFO:colcon.colcon_ros.task.ament_cmake.build:Building ROS package in '/home/aaron/ur_ws/src/moveit2/moveit_ros/benchmarks' with build type 'ament_cmake'
[2.701s] INFO:colcon.colcon_cmake.task.cmake.build:Building CMake package in '/home/aaron/ur_ws/src/moveit2/moveit_ros/benchmarks'
[2.701s] INFO:colcon.colcon_core.shell:Skip shell extension 'powershell' for command environment: Not usable outside of PowerShell
[2.701s] DEBUG:colcon.colcon_core.shell:Skip shell extension 'dsv' for command environment
[2.707s] Level 1:colcon.colcon_core.environment:create_environment_scripts_only(moveit_ros_perception)
[2.707s] Level 1:colcon.colcon_core.environment:checking '/home/aaron/ur_ws/install/moveit_ros_perception' for CMake module files
[2.708s] DEBUG:colcon.colcon_core.event_handler.log_command:Invoked command in '/home/aaron/ur_ws/build/moveit_ros_perception' returned '0': AMENT_PREFIX_PATH=/home/aaron/ur_ws/install/moveit_ros_planning:/home/aaron/ur_ws/install/moveit_ros_occupancy_map_monitor:/home/aaron/ur_ws/install/moveit_core:/home/aaron/ur_ws/install/moveit_resources_panda_moveit_config:/home/aaron/ur_ws/install/moveit_configs_utils:/home/aaron/ur_ws/install/srdfdom:/home/aaron/ur_ws/install/moveit_resources_pr2_description:/home/aaron/ur_ws/install/moveit_resources_panda_description:/home/aaron/ur_ws/install/moveit_common:/home/aaron/ur_ws/install/launch_param_builder:${AMENT_PREFIX_PATH} CMAKE_PREFIX_PATH=/home/aaron/ur_ws/install/moveit_ros_planning:/home/aaron/ur_ws/install/moveit_ros_occupancy_map_monitor:/home/aaron/ur_ws/install/moveit_core:/home/aaron/ur_ws/install/moveit_resources_panda_moveit_config:/home/aaron/ur_ws/install/srdfdom:/home/aaron/ur_ws/install/moveit_resources_pr2_description:/home/aaron/ur_ws/install/moveit_resources_panda_description:/home/aaron/ur_ws/install/moveit_common:/opt/ros/humble LD_LIBRARY_PATH=/home/aaron/ur_ws/install/moveit_ros_planning/lib:/home/aaron/ur_ws/install/moveit_ros_occupancy_map_monitor/lib:/home/aaron/ur_ws/install/moveit_core/lib:/home/aaron/ur_ws/install/srdfdom/lib:${LD_LIBRARY_PATH} PATH=/home/aaron/ur_ws/install/moveit_core/bin:${PATH} PYTHONPATH=/home/aaron/ur_ws/install/moveit_configs_utils/lib/python3.10/site-packages:/home/aaron/ur_ws/install/srdfdom/local/lib/python3.10/dist-packages:/home/aaron/ur_ws/install/launch_param_builder/lib/python3.10/site-packages:${PYTHONPATH} /usr/bin/cmake --install /home/aaron/ur_ws/build/moveit_ros_perception
[2.708s] Level 1:colcon.colcon_core.environment:checking '/home/aaron/ur_ws/install/moveit_ros_perception' for CMake config files
[2.709s] Level 1:colcon.colcon_core.shell:create_environment_hook('moveit_ros_perception', 'cmake_prefix_path')
[2.709s] INFO:colcon.colcon_core.shell:Creating environment hook '/home/aaron/ur_ws/install/moveit_ros_perception/share/moveit_ros_perception/hook/cmake_prefix_path.ps1'
[2.709s] INFO:colcon.colcon_core.shell:Creating environment descriptor '/home/aaron/ur_ws/install/moveit_ros_perception/share/moveit_ros_perception/hook/cmake_prefix_path.dsv'
[2.710s] INFO:colcon.colcon_core.shell:Creating environment hook '/home/aaron/ur_ws/install/moveit_ros_perception/share/moveit_ros_perception/hook/cmake_prefix_path.sh'
[2.710s] Level 1:colcon.colcon_core.environment:checking '/home/aaron/ur_ws/install/moveit_ros_perception/lib'
[2.711s] Level 1:colcon.colcon_core.shell:create_environment_hook('moveit_ros_perception', 'ld_library_path_lib')
[2.711s] INFO:colcon.colcon_core.shell:Creating environment hook '/home/aaron/ur_ws/install/moveit_ros_perception/share/moveit_ros_perception/hook/ld_library_path_lib.ps1'
[2.711s] INFO:colcon.colcon_core.shell:Creating environment descriptor '/home/aaron/ur_ws/install/moveit_ros_perception/share/moveit_ros_perception/hook/ld_library_path_lib.dsv'
[2.712s] INFO:colcon.colcon_core.shell:Creating environment hook '/home/aaron/ur_ws/install/moveit_ros_perception/share/moveit_ros_perception/hook/ld_library_path_lib.sh'
[2.712s] Level 1:colcon.colcon_core.environment:checking '/home/aaron/ur_ws/install/moveit_ros_perception/bin'
[2.712s] Level 1:colcon.colcon_core.environment:checking '/home/aaron/ur_ws/install/moveit_ros_perception/lib/pkgconfig/moveit_ros_perception.pc'
[2.712s] Level 1:colcon.colcon_core.environment:checking '/home/aaron/ur_ws/install/moveit_ros_perception/lib/python3.10/site-packages'
[2.713s] Level 1:colcon.colcon_core.environment:checking '/home/aaron/ur_ws/install/moveit_ros_perception/bin'
[2.713s] INFO:colcon.colcon_core.shell:Creating package script '/home/aaron/ur_ws/install/moveit_ros_perception/share/moveit_ros_perception/package.ps1'
[2.714s] INFO:colcon.colcon_core.shell:Creating package descriptor '/home/aaron/ur_ws/install/moveit_ros_perception/share/moveit_ros_perception/package.dsv'
[2.714s] INFO:colcon.colcon_core.shell:Creating package script '/home/aaron/ur_ws/install/moveit_ros_perception/share/moveit_ros_perception/package.sh'
[2.715s] INFO:colcon.colcon_core.shell:Creating package script '/home/aaron/ur_ws/install/moveit_ros_perception/share/moveit_ros_perception/package.bash'
[2.715s] INFO:colcon.colcon_core.shell:Creating package script '/home/aaron/ur_ws/install/moveit_ros_perception/share/moveit_ros_perception/package.zsh'
[2.715s] Level 1:colcon.colcon_core.environment:create_file_with_runtime_dependencies(/home/aaron/ur_ws/install/moveit_ros_perception/share/colcon-core/packages/moveit_ros_perception)
[2.716s] Level 1:colcon.colcon_core.environment:create_environment_scripts_only(moveit_ros_perception)
[2.716s] Level 1:colcon.colcon_core.environment:checking '/home/aaron/ur_ws/install/moveit_ros_perception' for CMake module files
[2.717s] Level 1:colcon.colcon_core.environment:checking '/home/aaron/ur_ws/install/moveit_ros_perception' for CMake config files
[2.717s] Level 1:colcon.colcon_core.shell:create_environment_hook('moveit_ros_perception', 'cmake_prefix_path')
[2.718s] INFO:colcon.colcon_core.shell:Creating environment hook '/home/aaron/ur_ws/install/moveit_ros_perception/share/moveit_ros_perception/hook/cmake_prefix_path.ps1'
[2.718s] INFO:colcon.colcon_core.shell:Creating environment descriptor '/home/aaron/ur_ws/install/moveit_ros_perception/share/moveit_ros_perception/hook/cmake_prefix_path.dsv'
[2.718s] INFO:colcon.colcon_core.shell:Creating environment hook '/home/aaron/ur_ws/install/moveit_ros_perception/share/moveit_ros_perception/hook/cmake_prefix_path.sh'
[2.719s] Level 1:colcon.colcon_core.environment:checking '/home/aaron/ur_ws/install/moveit_ros_perception/lib'
[2.719s] Level 1:colcon.colcon_core.shell:create_environment_hook('moveit_ros_perception', 'ld_library_path_lib')
[2.719s] INFO:colcon.colcon_core.shell:Creating environment hook '/home/aaron/ur_ws/install/moveit_ros_perception/share/moveit_ros_perception/hook/ld_library_path_lib.ps1'
[2.720s] INFO:colcon.colcon_core.shell:Creating environment descriptor '/home/aaron/ur_ws/install/moveit_ros_perception/share/moveit_ros_perception/hook/ld_library_path_lib.dsv'
[2.720s] INFO:colcon.colcon_core.shell:Creating environment hook '/home/aaron/ur_ws/install/moveit_ros_perception/share/moveit_ros_perception/hook/ld_library_path_lib.sh'
[2.721s] Level 1:colcon.colcon_core.environment:checking '/home/aaron/ur_ws/install/moveit_ros_perception/bin'
[2.721s] Level 1:colcon.colcon_core.environment:checking '/home/aaron/ur_ws/install/moveit_ros_perception/lib/pkgconfig/moveit_ros_perception.pc'
[2.721s] Level 1:colcon.colcon_core.environment:checking '/home/aaron/ur_ws/install/moveit_ros_perception/lib/python3.10/site-packages'
[2.721s] Level 1:colcon.colcon_core.environment:checking '/home/aaron/ur_ws/install/moveit_ros_perception/bin'
[2.722s] INFO:colcon.colcon_core.shell:Creating package script '/home/aaron/ur_ws/install/moveit_ros_perception/share/moveit_ros_perception/package.ps1'
[2.723s] INFO:colcon.colcon_core.shell:Creating package descriptor '/home/aaron/ur_ws/install/moveit_ros_perception/share/moveit_ros_perception/package.dsv'
[2.723s] INFO:colcon.colcon_core.shell:Creating package script '/home/aaron/ur_ws/install/moveit_ros_perception/share/moveit_ros_perception/package.sh'
[2.723s] INFO:colcon.colcon_core.shell:Creating package script '/home/aaron/ur_ws/install/moveit_ros_perception/share/moveit_ros_perception/package.bash'
[2.723s] INFO:colcon.colcon_core.shell:Creating package script '/home/aaron/ur_ws/install/moveit_ros_perception/share/moveit_ros_perception/package.zsh'
[2.724s] Level 1:colcon.colcon_core.environment:create_file_with_runtime_dependencies(/home/aaron/ur_ws/install/moveit_ros_perception/share/colcon-core/packages/moveit_ros_perception)
[2.725s] DEBUG:colcon.colcon_core.event_handler.log_command:Invoked command in '/home/aaron/ur_ws/build/moveit_planners_ompl' returned '0': AMENT_PREFIX_PATH=/home/aaron/ur_ws/install/moveit_ros_planning:/home/aaron/ur_ws/install/moveit_ros_occupancy_map_monitor:/home/aaron/ur_ws/install/moveit_core:/home/aaron/ur_ws/install/moveit_resources_panda_moveit_config:/home/aaron/ur_ws/install/moveit_resources_fanuc_moveit_config:/home/aaron/ur_ws/install/moveit_configs_utils:/home/aaron/ur_ws/install/srdfdom:/home/aaron/ur_ws/install/moveit_resources_pr2_description:/home/aaron/ur_ws/install/moveit_resources_panda_description:/home/aaron/ur_ws/install/moveit_resources_fanuc_description:/home/aaron/ur_ws/install/moveit_common:/home/aaron/ur_ws/install/launch_param_builder:${AMENT_PREFIX_PATH} CMAKE_PREFIX_PATH=/home/aaron/ur_ws/install/moveit_ros_planning:/home/aaron/ur_ws/install/moveit_ros_occupancy_map_monitor:/home/aaron/ur_ws/install/moveit_core:/home/aaron/ur_ws/install/moveit_resources_panda_moveit_config:/home/aaron/ur_ws/install/moveit_resources_fanuc_moveit_config:/home/aaron/ur_ws/install/srdfdom:/home/aaron/ur_ws/install/moveit_resources_pr2_description:/home/aaron/ur_ws/install/moveit_resources_panda_description:/home/aaron/ur_ws/install/moveit_resources_fanuc_description:/home/aaron/ur_ws/install/moveit_common:/opt/ros/humble LD_LIBRARY_PATH=/home/aaron/ur_ws/install/moveit_ros_planning/lib:/home/aaron/ur_ws/install/moveit_ros_occupancy_map_monitor/lib:/home/aaron/ur_ws/install/moveit_core/lib:/home/aaron/ur_ws/install/srdfdom/lib:${LD_LIBRARY_PATH} PATH=/home/aaron/ur_ws/install/moveit_core/bin:${PATH} PYTHONPATH=/home/aaron/ur_ws/install/moveit_configs_utils/lib/python3.10/site-packages:/home/aaron/ur_ws/install/srdfdom/local/lib/python3.10/dist-packages:/home/aaron/ur_ws/install/launch_param_builder/lib/python3.10/site-packages:${PYTHONPATH} /usr/bin/cmake --build /home/aaron/ur_ws/build/moveit_planners_ompl -- -j20 -l20
[2.726s] DEBUG:colcon.colcon_core.event_handler.log_command:Invoking command in '/home/aaron/ur_ws/build/moveit_planners_ompl': AMENT_PREFIX_PATH=/home/aaron/ur_ws/install/moveit_ros_planning:/home/aaron/ur_ws/install/moveit_ros_occupancy_map_monitor:/home/aaron/ur_ws/install/moveit_core:/home/aaron/ur_ws/install/moveit_resources_panda_moveit_config:/home/aaron/ur_ws/install/moveit_resources_fanuc_moveit_config:/home/aaron/ur_ws/install/moveit_configs_utils:/home/aaron/ur_ws/install/srdfdom:/home/aaron/ur_ws/install/moveit_resources_pr2_description:/home/aaron/ur_ws/install/moveit_resources_panda_description:/home/aaron/ur_ws/install/moveit_resources_fanuc_description:/home/aaron/ur_ws/install/moveit_common:/home/aaron/ur_ws/install/launch_param_builder:${AMENT_PREFIX_PATH} CMAKE_PREFIX_PATH=/home/aaron/ur_ws/install/moveit_ros_planning:/home/aaron/ur_ws/install/moveit_ros_occupancy_map_monitor:/home/aaron/ur_ws/install/moveit_core:/home/aaron/ur_ws/install/moveit_resources_panda_moveit_config:/home/aaron/ur_ws/install/moveit_resources_fanuc_moveit_config:/home/aaron/ur_ws/install/srdfdom:/home/aaron/ur_ws/install/moveit_resources_pr2_description:/home/aaron/ur_ws/install/moveit_resources_panda_description:/home/aaron/ur_ws/install/moveit_resources_fanuc_description:/home/aaron/ur_ws/install/moveit_common:/opt/ros/humble LD_LIBRARY_PATH=/home/aaron/ur_ws/install/moveit_ros_planning/lib:/home/aaron/ur_ws/install/moveit_ros_occupancy_map_monitor/lib:/home/aaron/ur_ws/install/moveit_core/lib:/home/aaron/ur_ws/install/srdfdom/lib:${LD_LIBRARY_PATH} PATH=/home/aaron/ur_ws/install/moveit_core/bin:${PATH} PYTHONPATH=/home/aaron/ur_ws/install/moveit_configs_utils/lib/python3.10/site-packages:/home/aaron/ur_ws/install/srdfdom/local/lib/python3.10/dist-packages:/home/aaron/ur_ws/install/launch_param_builder/lib/python3.10/site-packages:${PYTHONPATH} /usr/bin/cmake --install /home/aaron/ur_ws/build/moveit_planners_ompl
[2.729s] DEBUG:colcon.colcon_core.event_handler.log_command:Invoking command in '/home/aaron/ur_ws/build/moveit_ros_benchmarks': AMENT_PREFIX_PATH=/home/aaron/ur_ws/install/moveit_ros_warehouse:/home/aaron/ur_ws/install/moveit_ros_planning:/home/aaron/ur_ws/install/moveit_ros_occupancy_map_monitor:/home/aaron/ur_ws/install/moveit_core:/home/aaron/ur_ws/install/moveit_resources_panda_moveit_config:/home/aaron/ur_ws/install/moveit_configs_utils:/home/aaron/ur_ws/install/srdfdom:/home/aaron/ur_ws/install/moveit_resources_pr2_description:/home/aaron/ur_ws/install/moveit_resources_panda_description:/home/aaron/ur_ws/install/moveit_common:/home/aaron/ur_ws/install/launch_param_builder:${AMENT_PREFIX_PATH} CMAKE_PREFIX_PATH=/home/aaron/ur_ws/install/moveit_ros_warehouse:/home/aaron/ur_ws/install/moveit_ros_planning:/home/aaron/ur_ws/install/moveit_ros_occupancy_map_monitor:/home/aaron/ur_ws/install/moveit_core:/home/aaron/ur_ws/install/moveit_resources_panda_moveit_config:/home/aaron/ur_ws/install/srdfdom:/home/aaron/ur_ws/install/moveit_resources_pr2_description:/home/aaron/ur_ws/install/moveit_resources_panda_description:/home/aaron/ur_ws/install/moveit_common:/opt/ros/humble LD_LIBRARY_PATH=/home/aaron/ur_ws/install/moveit_ros_warehouse/lib:/home/aaron/ur_ws/install/moveit_ros_planning/lib:/home/aaron/ur_ws/install/moveit_ros_occupancy_map_monitor/lib:/home/aaron/ur_ws/install/moveit_core/lib:/home/aaron/ur_ws/install/srdfdom/lib:${LD_LIBRARY_PATH} PATH=/home/aaron/ur_ws/install/moveit_core/bin:${PATH} PYTHONPATH=/home/aaron/ur_ws/install/moveit_configs_utils/lib/python3.10/site-packages:/home/aaron/ur_ws/install/srdfdom/local/lib/python3.10/dist-packages:/home/aaron/ur_ws/install/launch_param_builder/lib/python3.10/site-packages:${PYTHONPATH} /usr/bin/cmake --build /home/aaron/ur_ws/build/moveit_ros_benchmarks -- -j20 -l20
[2.736s] Level 1:colcon.colcon_core.environment:create_environment_scripts_only(moveit_planners_ompl)
[2.736s] Level 1:colcon.colcon_core.environment:checking '/home/aaron/ur_ws/install/moveit_planners_ompl' for CMake module files
[2.738s] DEBUG:colcon.colcon_core.event_handler.log_command:Invoked command in '/home/aaron/ur_ws/build/moveit_planners_ompl' returned '0': AMENT_PREFIX_PATH=/home/aaron/ur_ws/install/moveit_ros_planning:/home/aaron/ur_ws/install/moveit_ros_occupancy_map_monitor:/home/aaron/ur_ws/install/moveit_core:/home/aaron/ur_ws/install/moveit_resources_panda_moveit_config:/home/aaron/ur_ws/install/moveit_resources_fanuc_moveit_config:/home/aaron/ur_ws/install/moveit_configs_utils:/home/aaron/ur_ws/install/srdfdom:/home/aaron/ur_ws/install/moveit_resources_pr2_description:/home/aaron/ur_ws/install/moveit_resources_panda_description:/home/aaron/ur_ws/install/moveit_resources_fanuc_description:/home/aaron/ur_ws/install/moveit_common:/home/aaron/ur_ws/install/launch_param_builder:${AMENT_PREFIX_PATH} CMAKE_PREFIX_PATH=/home/aaron/ur_ws/install/moveit_ros_planning:/home/aaron/ur_ws/install/moveit_ros_occupancy_map_monitor:/home/aaron/ur_ws/install/moveit_core:/home/aaron/ur_ws/install/moveit_resources_panda_moveit_config:/home/aaron/ur_ws/install/moveit_resources_fanuc_moveit_config:/home/aaron/ur_ws/install/srdfdom:/home/aaron/ur_ws/install/moveit_resources_pr2_description:/home/aaron/ur_ws/install/moveit_resources_panda_description:/home/aaron/ur_ws/install/moveit_resources_fanuc_description:/home/aaron/ur_ws/install/moveit_common:/opt/ros/humble LD_LIBRARY_PATH=/home/aaron/ur_ws/install/moveit_ros_planning/lib:/home/aaron/ur_ws/install/moveit_ros_occupancy_map_monitor/lib:/home/aaron/ur_ws/install/moveit_core/lib:/home/aaron/ur_ws/install/srdfdom/lib:${LD_LIBRARY_PATH} PATH=/home/aaron/ur_ws/install/moveit_core/bin:${PATH} PYTHONPATH=/home/aaron/ur_ws/install/moveit_configs_utils/lib/python3.10/site-packages:/home/aaron/ur_ws/install/srdfdom/local/lib/python3.10/dist-packages:/home/aaron/ur_ws/install/launch_param_builder/lib/python3.10/site-packages:${PYTHONPATH} /usr/bin/cmake --install /home/aaron/ur_ws/build/moveit_planners_ompl
[2.738s] Level 1:colcon.colcon_core.environment:checking '/home/aaron/ur_ws/install/moveit_planners_ompl' for CMake config files
[2.739s] Level 1:colcon.colcon_core.shell:create_environment_hook('moveit_planners_ompl', 'cmake_prefix_path')
[2.739s] INFO:colcon.colcon_core.shell:Creating environment hook '/home/aaron/ur_ws/install/moveit_planners_ompl/share/moveit_planners_ompl/hook/cmake_prefix_path.ps1'
[2.739s] INFO:colcon.colcon_core.shell:Creating environment descriptor '/home/aaron/ur_ws/install/moveit_planners_ompl/share/moveit_planners_ompl/hook/cmake_prefix_path.dsv'
[2.740s] INFO:colcon.colcon_core.shell:Creating environment hook '/home/aaron/ur_ws/install/moveit_planners_ompl/share/moveit_planners_ompl/hook/cmake_prefix_path.sh'
[2.740s] Level 1:colcon.colcon_core.environment:checking '/home/aaron/ur_ws/install/moveit_planners_ompl/lib'
[2.741s] Level 1:colcon.colcon_core.shell:create_environment_hook('moveit_planners_ompl', 'ld_library_path_lib')
[2.741s] INFO:colcon.colcon_core.shell:Creating environment hook '/home/aaron/ur_ws/install/moveit_planners_ompl/share/moveit_planners_ompl/hook/ld_library_path_lib.ps1'
[2.741s] INFO:colcon.colcon_core.shell:Creating environment descriptor '/home/aaron/ur_ws/install/moveit_planners_ompl/share/moveit_planners_ompl/hook/ld_library_path_lib.dsv'
[2.742s] INFO:colcon.colcon_core.shell:Creating environment hook '/home/aaron/ur_ws/install/moveit_planners_ompl/share/moveit_planners_ompl/hook/ld_library_path_lib.sh'
[2.742s] Level 1:colcon.colcon_core.environment:checking '/home/aaron/ur_ws/install/moveit_planners_ompl/bin'
[2.742s] Level 1:colcon.colcon_core.environment:checking '/home/aaron/ur_ws/install/moveit_planners_ompl/lib/pkgconfig/moveit_planners_ompl.pc'
[2.742s] Level 1:colcon.colcon_core.environment:checking '/home/aaron/ur_ws/install/moveit_planners_ompl/lib/python3.10/site-packages'
[2.743s] Level 1:colcon.colcon_core.environment:checking '/home/aaron/ur_ws/install/moveit_planners_ompl/bin'
[2.743s] INFO:colcon.colcon_core.shell:Creating package script '/home/aaron/ur_ws/install/moveit_planners_ompl/share/moveit_planners_ompl/package.ps1'
[2.744s] INFO:colcon.colcon_core.shell:Creating package descriptor '/home/aaron/ur_ws/install/moveit_planners_ompl/share/moveit_planners_ompl/package.dsv'
[2.744s] INFO:colcon.colcon_core.shell:Creating package script '/home/aaron/ur_ws/install/moveit_planners_ompl/share/moveit_planners_ompl/package.sh'
[2.745s] INFO:colcon.colcon_core.shell:Creating package script '/home/aaron/ur_ws/install/moveit_planners_ompl/share/moveit_planners_ompl/package.bash'
[2.745s] INFO:colcon.colcon_core.shell:Creating package script '/home/aaron/ur_ws/install/moveit_planners_ompl/share/moveit_planners_ompl/package.zsh'
[2.746s] Level 1:colcon.colcon_core.environment:create_file_with_runtime_dependencies(/home/aaron/ur_ws/install/moveit_planners_ompl/share/colcon-core/packages/moveit_planners_ompl)
[2.746s] Level 1:colcon.colcon_core.environment:create_environment_scripts_only(moveit_planners_ompl)
[2.746s] Level 1:colcon.colcon_core.environment:checking '/home/aaron/ur_ws/install/moveit_planners_ompl' for CMake module files
[2.747s] Level 1:colcon.colcon_core.environment:checking '/home/aaron/ur_ws/install/moveit_planners_ompl' for CMake config files
[2.747s] Level 1:colcon.colcon_core.shell:create_environment_hook('moveit_planners_ompl', 'cmake_prefix_path')
[2.748s] INFO:colcon.colcon_core.shell:Creating environment hook '/home/aaron/ur_ws/install/moveit_planners_ompl/share/moveit_planners_ompl/hook/cmake_prefix_path.ps1'
[2.748s] INFO:colcon.colcon_core.shell:Creating environment descriptor '/home/aaron/ur_ws/install/moveit_planners_ompl/share/moveit_planners_ompl/hook/cmake_prefix_path.dsv'
[2.748s] INFO:colcon.colcon_core.shell:Creating environment hook '/home/aaron/ur_ws/install/moveit_planners_ompl/share/moveit_planners_ompl/hook/cmake_prefix_path.sh'
[2.749s] Level 1:colcon.colcon_core.environment:checking '/home/aaron/ur_ws/install/moveit_planners_ompl/lib'
[2.749s] Level 1:colcon.colcon_core.shell:create_environment_hook('moveit_planners_ompl', 'ld_library_path_lib')
[2.749s] INFO:colcon.colcon_core.shell:Creating environment hook '/home/aaron/ur_ws/install/moveit_planners_ompl/share/moveit_planners_ompl/hook/ld_library_path_lib.ps1'
[2.750s] INFO:colcon.colcon_core.shell:Creating environment descriptor '/home/aaron/ur_ws/install/moveit_planners_ompl/share/moveit_planners_ompl/hook/ld_library_path_lib.dsv'
[2.750s] INFO:colcon.colcon_core.shell:Creating environment hook '/home/aaron/ur_ws/install/moveit_planners_ompl/share/moveit_planners_ompl/hook/ld_library_path_lib.sh'
[2.751s] Level 1:colcon.colcon_core.environment:checking '/home/aaron/ur_ws/install/moveit_planners_ompl/bin'
[2.751s] Level 1:colcon.colcon_core.environment:checking '/home/aaron/ur_ws/install/moveit_planners_ompl/lib/pkgconfig/moveit_planners_ompl.pc'
[2.751s] Level 1:colcon.colcon_core.environment:checking '/home/aaron/ur_ws/install/moveit_planners_ompl/lib/python3.10/site-packages'
[2.751s] Level 1:colcon.colcon_core.environment:checking '/home/aaron/ur_ws/install/moveit_planners_ompl/bin'
[2.752s] INFO:colcon.colcon_core.shell:Creating package script '/home/aaron/ur_ws/install/moveit_planners_ompl/share/moveit_planners_ompl/package.ps1'
[2.752s] INFO:colcon.colcon_core.shell:Creating package descriptor '/home/aaron/ur_ws/install/moveit_planners_ompl/share/moveit_planners_ompl/package.dsv'
[2.753s] INFO:colcon.colcon_core.shell:Creating package script '/home/aaron/ur_ws/install/moveit_planners_ompl/share/moveit_planners_ompl/package.sh'
[2.753s] INFO:colcon.colcon_core.shell:Creating package script '/home/aaron/ur_ws/install/moveit_planners_ompl/share/moveit_planners_ompl/package.bash'
[2.754s] INFO:colcon.colcon_core.shell:Creating package script '/home/aaron/ur_ws/install/moveit_planners_ompl/share/moveit_planners_ompl/package.zsh'
[2.755s] Level 1:colcon.colcon_core.environment:create_file_with_runtime_dependencies(/home/aaron/ur_ws/install/moveit_planners_ompl/share/colcon-core/packages/moveit_planners_ompl)
[2.793s] DEBUG:colcon.colcon_core.event_handler.log_command:Invoked command in '/home/aaron/ur_ws/build/moveit_ros_move_group' returned '0': AMENT_PREFIX_PATH=/home/aaron/ur_ws/install/moveit_kinematics:/home/aaron/ur_ws/install/moveit_ros_planning:/home/aaron/ur_ws/install/moveit_ros_occupancy_map_monitor:/home/aaron/ur_ws/install/moveit_core:/home/aaron/ur_ws/install/moveit_resources_panda_moveit_config:/home/aaron/ur_ws/install/moveit_resources_fanuc_moveit_config:/home/aaron/ur_ws/install/moveit_configs_utils:/home/aaron/ur_ws/install/srdfdom:/home/aaron/ur_ws/install/moveit_resources_pr2_description:/home/aaron/ur_ws/install/moveit_resources_panda_description:/home/aaron/ur_ws/install/moveit_resources_fanuc_description:/home/aaron/ur_ws/install/moveit_common:/home/aaron/ur_ws/install/launch_param_builder:${AMENT_PREFIX_PATH} CMAKE_PREFIX_PATH=/home/aaron/ur_ws/install/moveit_kinematics:/home/aaron/ur_ws/install/moveit_ros_planning:/home/aaron/ur_ws/install/moveit_ros_occupancy_map_monitor:/home/aaron/ur_ws/install/moveit_core:/home/aaron/ur_ws/install/moveit_resources_panda_moveit_config:/home/aaron/ur_ws/install/moveit_resources_fanuc_moveit_config:/home/aaron/ur_ws/install/srdfdom:/home/aaron/ur_ws/install/moveit_resources_pr2_description:/home/aaron/ur_ws/install/moveit_resources_panda_description:/home/aaron/ur_ws/install/moveit_resources_fanuc_description:/home/aaron/ur_ws/install/moveit_common:/opt/ros/humble LD_LIBRARY_PATH=/home/aaron/ur_ws/install/moveit_kinematics/lib:/home/aaron/ur_ws/install/moveit_ros_planning/lib:/home/aaron/ur_ws/install/moveit_ros_occupancy_map_monitor/lib:/home/aaron/ur_ws/install/moveit_core/lib:/home/aaron/ur_ws/install/srdfdom/lib:${LD_LIBRARY_PATH} PATH=/home/aaron/ur_ws/install/moveit_core/bin:${PATH} PYTHONPATH=/home/aaron/ur_ws/install/moveit_configs_utils/lib/python3.10/site-packages:/home/aaron/ur_ws/install/srdfdom/local/lib/python3.10/dist-packages:/home/aaron/ur_ws/install/launch_param_builder/lib/python3.10/site-packages:${PYTHONPATH} /usr/bin/cmake --build /home/aaron/ur_ws/build/moveit_ros_move_group -- -j20 -l20
[2.794s] DEBUG:colcon.colcon_core.event_handler.log_command:Invoking command in '/home/aaron/ur_ws/build/moveit_ros_move_group': AMENT_PREFIX_PATH=/home/aaron/ur_ws/install/moveit_kinematics:/home/aaron/ur_ws/install/moveit_ros_planning:/home/aaron/ur_ws/install/moveit_ros_occupancy_map_monitor:/home/aaron/ur_ws/install/moveit_core:/home/aaron/ur_ws/install/moveit_resources_panda_moveit_config:/home/aaron/ur_ws/install/moveit_resources_fanuc_moveit_config:/home/aaron/ur_ws/install/moveit_configs_utils:/home/aaron/ur_ws/install/srdfdom:/home/aaron/ur_ws/install/moveit_resources_pr2_description:/home/aaron/ur_ws/install/moveit_resources_panda_description:/home/aaron/ur_ws/install/moveit_resources_fanuc_description:/home/aaron/ur_ws/install/moveit_common:/home/aaron/ur_ws/install/launch_param_builder:${AMENT_PREFIX_PATH} CMAKE_PREFIX_PATH=/home/aaron/ur_ws/install/moveit_kinematics:/home/aaron/ur_ws/install/moveit_ros_planning:/home/aaron/ur_ws/install/moveit_ros_occupancy_map_monitor:/home/aaron/ur_ws/install/moveit_core:/home/aaron/ur_ws/install/moveit_resources_panda_moveit_config:/home/aaron/ur_ws/install/moveit_resources_fanuc_moveit_config:/home/aaron/ur_ws/install/srdfdom:/home/aaron/ur_ws/install/moveit_resources_pr2_description:/home/aaron/ur_ws/install/moveit_resources_panda_description:/home/aaron/ur_ws/install/moveit_resources_fanuc_description:/home/aaron/ur_ws/install/moveit_common:/opt/ros/humble LD_LIBRARY_PATH=/home/aaron/ur_ws/install/moveit_kinematics/lib:/home/aaron/ur_ws/install/moveit_ros_planning/lib:/home/aaron/ur_ws/install/moveit_ros_occupancy_map_monitor/lib:/home/aaron/ur_ws/install/moveit_core/lib:/home/aaron/ur_ws/install/srdfdom/lib:${LD_LIBRARY_PATH} PATH=/home/aaron/ur_ws/install/moveit_core/bin:${PATH} PYTHONPATH=/home/aaron/ur_ws/install/moveit_configs_utils/lib/python3.10/site-packages:/home/aaron/ur_ws/install/srdfdom/local/lib/python3.10/dist-packages:/home/aaron/ur_ws/install/launch_param_builder/lib/python3.10/site-packages:${PYTHONPATH} /usr/bin/cmake --install /home/aaron/ur_ws/build/moveit_ros_move_group
[2.802s] Level 1:colcon.colcon_core.environment:create_environment_scripts_only(moveit_ros_move_group)
[2.802s] Level 1:colcon.colcon_core.environment:checking '/home/aaron/ur_ws/install/moveit_ros_move_group' for CMake module files
[2.803s] DEBUG:colcon.colcon_core.event_handler.log_command:Invoked command in '/home/aaron/ur_ws/build/moveit_ros_move_group' returned '0': AMENT_PREFIX_PATH=/home/aaron/ur_ws/install/moveit_kinematics:/home/aaron/ur_ws/install/moveit_ros_planning:/home/aaron/ur_ws/install/moveit_ros_occupancy_map_monitor:/home/aaron/ur_ws/install/moveit_core:/home/aaron/ur_ws/install/moveit_resources_panda_moveit_config:/home/aaron/ur_ws/install/moveit_resources_fanuc_moveit_config:/home/aaron/ur_ws/install/moveit_configs_utils:/home/aaron/ur_ws/install/srdfdom:/home/aaron/ur_ws/install/moveit_resources_pr2_description:/home/aaron/ur_ws/install/moveit_resources_panda_description:/home/aaron/ur_ws/install/moveit_resources_fanuc_description:/home/aaron/ur_ws/install/moveit_common:/home/aaron/ur_ws/install/launch_param_builder:${AMENT_PREFIX_PATH} CMAKE_PREFIX_PATH=/home/aaron/ur_ws/install/moveit_kinematics:/home/aaron/ur_ws/install/moveit_ros_planning:/home/aaron/ur_ws/install/moveit_ros_occupancy_map_monitor:/home/aaron/ur_ws/install/moveit_core:/home/aaron/ur_ws/install/moveit_resources_panda_moveit_config:/home/aaron/ur_ws/install/moveit_resources_fanuc_moveit_config:/home/aaron/ur_ws/install/srdfdom:/home/aaron/ur_ws/install/moveit_resources_pr2_description:/home/aaron/ur_ws/install/moveit_resources_panda_description:/home/aaron/ur_ws/install/moveit_resources_fanuc_description:/home/aaron/ur_ws/install/moveit_common:/opt/ros/humble LD_LIBRARY_PATH=/home/aaron/ur_ws/install/moveit_kinematics/lib:/home/aaron/ur_ws/install/moveit_ros_planning/lib:/home/aaron/ur_ws/install/moveit_ros_occupancy_map_monitor/lib:/home/aaron/ur_ws/install/moveit_core/lib:/home/aaron/ur_ws/install/srdfdom/lib:${LD_LIBRARY_PATH} PATH=/home/aaron/ur_ws/install/moveit_core/bin:${PATH} PYTHONPATH=/home/aaron/ur_ws/install/moveit_configs_utils/lib/python3.10/site-packages:/home/aaron/ur_ws/install/srdfdom/local/lib/python3.10/dist-packages:/home/aaron/ur_ws/install/launch_param_builder/lib/python3.10/site-packages:${PYTHONPATH} /usr/bin/cmake --install /home/aaron/ur_ws/build/moveit_ros_move_group
[2.803s] Level 1:colcon.colcon_core.environment:checking '/home/aaron/ur_ws/install/moveit_ros_move_group' for CMake config files
[2.804s] Level 1:colcon.colcon_core.shell:create_environment_hook('moveit_ros_move_group', 'cmake_prefix_path')
[2.804s] INFO:colcon.colcon_core.shell:Creating environment hook '/home/aaron/ur_ws/install/moveit_ros_move_group/share/moveit_ros_move_group/hook/cmake_prefix_path.ps1'
[2.804s] INFO:colcon.colcon_core.shell:Creating environment descriptor '/home/aaron/ur_ws/install/moveit_ros_move_group/share/moveit_ros_move_group/hook/cmake_prefix_path.dsv'
[2.805s] INFO:colcon.colcon_core.shell:Creating environment hook '/home/aaron/ur_ws/install/moveit_ros_move_group/share/moveit_ros_move_group/hook/cmake_prefix_path.sh'
[2.806s] Level 1:colcon.colcon_core.environment:checking '/home/aaron/ur_ws/install/moveit_ros_move_group/lib'
[2.806s] Level 1:colcon.colcon_core.shell:create_environment_hook('moveit_ros_move_group', 'ld_library_path_lib')
[2.806s] INFO:colcon.colcon_core.shell:Creating environment hook '/home/aaron/ur_ws/install/moveit_ros_move_group/share/moveit_ros_move_group/hook/ld_library_path_lib.ps1'
[2.806s] INFO:colcon.colcon_core.shell:Creating environment descriptor '/home/aaron/ur_ws/install/moveit_ros_move_group/share/moveit_ros_move_group/hook/ld_library_path_lib.dsv'
[2.807s] INFO:colcon.colcon_core.shell:Creating environment hook '/home/aaron/ur_ws/install/moveit_ros_move_group/share/moveit_ros_move_group/hook/ld_library_path_lib.sh'
[2.807s] Level 1:colcon.colcon_core.environment:checking '/home/aaron/ur_ws/install/moveit_ros_move_group/bin'
[2.807s] Level 1:colcon.colcon_core.environment:checking '/home/aaron/ur_ws/install/moveit_ros_move_group/lib/pkgconfig/moveit_ros_move_group.pc'
[2.807s] Level 1:colcon.colcon_core.environment:checking '/home/aaron/ur_ws/install/moveit_ros_move_group/lib/python3.10/site-packages'
[2.808s] Level 1:colcon.colcon_core.environment:checking '/home/aaron/ur_ws/install/moveit_ros_move_group/bin'
[2.808s] INFO:colcon.colcon_core.shell:Creating package script '/home/aaron/ur_ws/install/moveit_ros_move_group/share/moveit_ros_move_group/package.ps1'
[2.809s] INFO:colcon.colcon_core.shell:Creating package descriptor '/home/aaron/ur_ws/install/moveit_ros_move_group/share/moveit_ros_move_group/package.dsv'
[2.809s] INFO:colcon.colcon_core.shell:Creating package script '/home/aaron/ur_ws/install/moveit_ros_move_group/share/moveit_ros_move_group/package.sh'
[2.810s] INFO:colcon.colcon_core.shell:Creating package script '/home/aaron/ur_ws/install/moveit_ros_move_group/share/moveit_ros_move_group/package.bash'
[2.810s] INFO:colcon.colcon_core.shell:Creating package script '/home/aaron/ur_ws/install/moveit_ros_move_group/share/moveit_ros_move_group/package.zsh'
[2.811s] Level 1:colcon.colcon_core.environment:create_file_with_runtime_dependencies(/home/aaron/ur_ws/install/moveit_ros_move_group/share/colcon-core/packages/moveit_ros_move_group)
[2.811s] Level 1:colcon.colcon_core.environment:create_environment_scripts_only(moveit_ros_move_group)
[2.811s] Level 1:colcon.colcon_core.environment:checking '/home/aaron/ur_ws/install/moveit_ros_move_group' for CMake module files
[2.812s] Level 1:colcon.colcon_core.environment:checking '/home/aaron/ur_ws/install/moveit_ros_move_group' for CMake config files
[2.812s] Level 1:colcon.colcon_core.shell:create_environment_hook('moveit_ros_move_group', 'cmake_prefix_path')
[2.813s] INFO:colcon.colcon_core.shell:Creating environment hook '/home/aaron/ur_ws/install/moveit_ros_move_group/share/moveit_ros_move_group/hook/cmake_prefix_path.ps1'
[2.813s] INFO:colcon.colcon_core.shell:Creating environment descriptor '/home/aaron/ur_ws/install/moveit_ros_move_group/share/moveit_ros_move_group/hook/cmake_prefix_path.dsv'
[2.813s] INFO:colcon.colcon_core.shell:Creating environment hook '/home/aaron/ur_ws/install/moveit_ros_move_group/share/moveit_ros_move_group/hook/cmake_prefix_path.sh'
[2.814s] Level 1:colcon.colcon_core.environment:checking '/home/aaron/ur_ws/install/moveit_ros_move_group/lib'
[2.814s] Level 1:colcon.colcon_core.shell:create_environment_hook('moveit_ros_move_group', 'ld_library_path_lib')
[2.815s] INFO:colcon.colcon_core.shell:Creating environment hook '/home/aaron/ur_ws/install/moveit_ros_move_group/share/moveit_ros_move_group/hook/ld_library_path_lib.ps1'
[2.815s] INFO:colcon.colcon_core.shell:Creating environment descriptor '/home/aaron/ur_ws/install/moveit_ros_move_group/share/moveit_ros_move_group/hook/ld_library_path_lib.dsv'
[2.816s] INFO:colcon.colcon_core.shell:Creating environment hook '/home/aaron/ur_ws/install/moveit_ros_move_group/share/moveit_ros_move_group/hook/ld_library_path_lib.sh'
[2.816s] Level 1:colcon.colcon_core.environment:checking '/home/aaron/ur_ws/install/moveit_ros_move_group/bin'
[2.816s] Level 1:colcon.colcon_core.environment:checking '/home/aaron/ur_ws/install/moveit_ros_move_group/lib/pkgconfig/moveit_ros_move_group.pc'
[2.817s] Level 1:colcon.colcon_core.environment:checking '/home/aaron/ur_ws/install/moveit_ros_move_group/lib/python3.10/site-packages'
[2.817s] Level 1:colcon.colcon_core.environment:checking '/home/aaron/ur_ws/install/moveit_ros_move_group/bin'
[2.817s] INFO:colcon.colcon_core.shell:Creating package script '/home/aaron/ur_ws/install/moveit_ros_move_group/share/moveit_ros_move_group/package.ps1'
[2.818s] INFO:colcon.colcon_core.shell:Creating package descriptor '/home/aaron/ur_ws/install/moveit_ros_move_group/share/moveit_ros_move_group/package.dsv'
[2.819s] INFO:colcon.colcon_core.shell:Creating package script '/home/aaron/ur_ws/install/moveit_ros_move_group/share/moveit_ros_move_group/package.sh'
[2.819s] INFO:colcon.colcon_core.shell:Creating package script '/home/aaron/ur_ws/install/moveit_ros_move_group/share/moveit_ros_move_group/package.bash'
[2.820s] INFO:colcon.colcon_core.shell:Creating package script '/home/aaron/ur_ws/install/moveit_ros_move_group/share/moveit_ros_move_group/package.zsh'
[2.820s] Level 1:colcon.colcon_core.environment:create_file_with_runtime_dependencies(/home/aaron/ur_ws/install/moveit_ros_move_group/share/colcon-core/packages/moveit_ros_move_group)
[2.820s] INFO:colcon.colcon_ros.task.ament_cmake.build:Building ROS package in '/home/aaron/ur_ws/src/moveit2/moveit_ros/planning_interface' with build type 'ament_cmake'
[2.820s] INFO:colcon.colcon_cmake.task.cmake.build:Building CMake package in '/home/aaron/ur_ws/src/moveit2/moveit_ros/planning_interface'
[2.820s] INFO:colcon.colcon_core.shell:Skip shell extension 'powershell' for command environment: Not usable outside of PowerShell
[2.821s] DEBUG:colcon.colcon_core.shell:Skip shell extension 'dsv' for command environment
[2.823s] INFO:colcon.colcon_ros.task.ament_cmake.build:Building ROS package in '/home/aaron/ur_ws/src/moveit2/moveit_planners/test_configs/prbt_moveit_config' with build type 'ament_cmake'
[2.824s] INFO:colcon.colcon_cmake.task.cmake.build:Building CMake package in '/home/aaron/ur_ws/src/moveit2/moveit_planners/test_configs/prbt_moveit_config'
[2.824s] INFO:colcon.colcon_core.shell:Skip shell extension 'powershell' for command environment: Not usable outside of PowerShell
[2.824s] DEBUG:colcon.colcon_core.shell:Skip shell extension 'dsv' for command environment
[2.847s] DEBUG:colcon.colcon_core.event_handler.log_command:Invoking command in '/home/aaron/ur_ws/build/moveit_resources_prbt_moveit_config': AMENT_PREFIX_PATH=/home/aaron/ur_ws/install/moveit_ros_move_group:/home/aaron/ur_ws/install/moveit_kinematics:/home/aaron/ur_ws/install/moveit_ros_planning:/home/aaron/ur_ws/install/moveit_ros_occupancy_map_monitor:/home/aaron/ur_ws/install/moveit_resources_prbt_ikfast_manipulator_plugin:/home/aaron/ur_ws/install/moveit_core:/home/aaron/ur_ws/install/moveit_resources_panda_moveit_config:/home/aaron/ur_ws/install/moveit_resources_fanuc_moveit_config:/home/aaron/ur_ws/install/moveit_configs_utils:/home/aaron/ur_ws/install/srdfdom:/home/aaron/ur_ws/install/moveit_resources_prbt_support:/home/aaron/ur_ws/install/moveit_resources_pr2_description:/home/aaron/ur_ws/install/moveit_resources_panda_description:/home/aaron/ur_ws/install/moveit_resources_fanuc_description:/home/aaron/ur_ws/install/moveit_common:/home/aaron/ur_ws/install/launch_param_builder:${AMENT_PREFIX_PATH} CMAKE_PREFIX_PATH=/home/aaron/ur_ws/install/moveit_ros_move_group:/home/aaron/ur_ws/install/moveit_kinematics:/home/aaron/ur_ws/install/moveit_ros_planning:/home/aaron/ur_ws/install/moveit_ros_occupancy_map_monitor:/home/aaron/ur_ws/install/moveit_resources_prbt_ikfast_manipulator_plugin:/home/aaron/ur_ws/install/moveit_core:/home/aaron/ur_ws/install/moveit_resources_panda_moveit_config:/home/aaron/ur_ws/install/moveit_resources_fanuc_moveit_config:/home/aaron/ur_ws/install/srdfdom:/home/aaron/ur_ws/install/moveit_resources_prbt_support:/home/aaron/ur_ws/install/moveit_resources_pr2_description:/home/aaron/ur_ws/install/moveit_resources_panda_description:/home/aaron/ur_ws/install/moveit_resources_fanuc_description:/home/aaron/ur_ws/install/moveit_common:/opt/ros/humble LD_LIBRARY_PATH=/home/aaron/ur_ws/install/moveit_ros_move_group/lib:/home/aaron/ur_ws/install/moveit_kinematics/lib:/home/aaron/ur_ws/install/moveit_ros_planning/lib:/home/aaron/ur_ws/install/moveit_ros_occupancy_map_monitor/lib:/home/aaron/ur_ws/install/moveit_resources_prbt_ikfast_manipulator_plugin/lib:/home/aaron/ur_ws/install/moveit_core/lib:/home/aaron/ur_ws/install/srdfdom/lib:${LD_LIBRARY_PATH} PATH=/home/aaron/ur_ws/install/moveit_core/bin:${PATH} PYTHONPATH=/home/aaron/ur_ws/install/moveit_configs_utils/lib/python3.10/site-packages:/home/aaron/ur_ws/install/srdfdom/local/lib/python3.10/dist-packages:/home/aaron/ur_ws/install/launch_param_builder/lib/python3.10/site-packages:${PYTHONPATH} /usr/bin/cmake --build /home/aaron/ur_ws/build/moveit_resources_prbt_moveit_config -- -j20 -l20
[2.854s] DEBUG:colcon.colcon_core.event_handler.log_command:Invoking command in '/home/aaron/ur_ws/build/moveit_ros_planning_interface': AMENT_PREFIX_PATH=/home/aaron/ur_ws/install/moveit_ros_move_group:/home/aaron/ur_ws/install/moveit_ros_warehouse:/home/aaron/ur_ws/install/moveit_planners_ompl:/home/aaron/ur_ws/install/moveit_kinematics:/home/aaron/ur_ws/install/moveit_ros_planning:/home/aaron/ur_ws/install/moveit_simple_controller_manager:/home/aaron/ur_ws/install/moveit_ros_occupancy_map_monitor:/home/aaron/ur_ws/install/moveit_core:/home/aaron/ur_ws/install/moveit_resources_panda_moveit_config:/home/aaron/ur_ws/install/moveit_resources_fanuc_moveit_config:/home/aaron/ur_ws/install/moveit_configs_utils:/home/aaron/ur_ws/install/srdfdom:/home/aaron/ur_ws/install/moveit_resources_pr2_description:/home/aaron/ur_ws/install/moveit_resources_panda_description:/home/aaron/ur_ws/install/moveit_resources_fanuc_description:/home/aaron/ur_ws/install/moveit_common:/home/aaron/ur_ws/install/launch_param_builder:${AMENT_PREFIX_PATH} CMAKE_PREFIX_PATH=/home/aaron/ur_ws/install/moveit_ros_move_group:/home/aaron/ur_ws/install/moveit_ros_warehouse:/home/aaron/ur_ws/install/moveit_planners_ompl:/home/aaron/ur_ws/install/moveit_kinematics:/home/aaron/ur_ws/install/moveit_ros_planning:/home/aaron/ur_ws/install/moveit_simple_controller_manager:/home/aaron/ur_ws/install/moveit_ros_occupancy_map_monitor:/home/aaron/ur_ws/install/moveit_core:/home/aaron/ur_ws/install/moveit_resources_panda_moveit_config:/home/aaron/ur_ws/install/moveit_resources_fanuc_moveit_config:/home/aaron/ur_ws/install/srdfdom:/home/aaron/ur_ws/install/moveit_resources_pr2_description:/home/aaron/ur_ws/install/moveit_resources_panda_description:/home/aaron/ur_ws/install/moveit_resources_fanuc_description:/home/aaron/ur_ws/install/moveit_common:/opt/ros/humble LD_LIBRARY_PATH=/home/aaron/ur_ws/install/moveit_ros_move_group/lib:/home/aaron/ur_ws/install/moveit_ros_warehouse/lib:/home/aaron/ur_ws/install/moveit_planners_ompl/lib:/home/aaron/ur_ws/install/moveit_kinematics/lib:/home/aaron/ur_ws/install/moveit_ros_planning/lib:/home/aaron/ur_ws/install/moveit_simple_controller_manager/lib:/home/aaron/ur_ws/install/moveit_ros_occupancy_map_monitor/lib:/home/aaron/ur_ws/install/moveit_core/lib:/home/aaron/ur_ws/install/srdfdom/lib:${LD_LIBRARY_PATH} PATH=/home/aaron/ur_ws/install/moveit_core/bin:${PATH} PYTHONPATH=/home/aaron/ur_ws/install/moveit_configs_utils/lib/python3.10/site-packages:/home/aaron/ur_ws/install/srdfdom/local/lib/python3.10/dist-packages:/home/aaron/ur_ws/install/launch_param_builder/lib/python3.10/site-packages:${PYTHONPATH} /usr/bin/cmake --build /home/aaron/ur_ws/build/moveit_ros_planning_interface -- -j20 -l20
[2.855s] DEBUG:colcon.colcon_core.event_handler.log_command:Invoked command in '/home/aaron/ur_ws/build/moveit_ros_benchmarks' returned '0': AMENT_PREFIX_PATH=/home/aaron/ur_ws/install/moveit_ros_warehouse:/home/aaron/ur_ws/install/moveit_ros_planning:/home/aaron/ur_ws/install/moveit_ros_occupancy_map_monitor:/home/aaron/ur_ws/install/moveit_core:/home/aaron/ur_ws/install/moveit_resources_panda_moveit_config:/home/aaron/ur_ws/install/moveit_configs_utils:/home/aaron/ur_ws/install/srdfdom:/home/aaron/ur_ws/install/moveit_resources_pr2_description:/home/aaron/ur_ws/install/moveit_resources_panda_description:/home/aaron/ur_ws/install/moveit_common:/home/aaron/ur_ws/install/launch_param_builder:${AMENT_PREFIX_PATH} CMAKE_PREFIX_PATH=/home/aaron/ur_ws/install/moveit_ros_warehouse:/home/aaron/ur_ws/install/moveit_ros_planning:/home/aaron/ur_ws/install/moveit_ros_occupancy_map_monitor:/home/aaron/ur_ws/install/moveit_core:/home/aaron/ur_ws/install/moveit_resources_panda_moveit_config:/home/aaron/ur_ws/install/srdfdom:/home/aaron/ur_ws/install/moveit_resources_pr2_description:/home/aaron/ur_ws/install/moveit_resources_panda_description:/home/aaron/ur_ws/install/moveit_common:/opt/ros/humble LD_LIBRARY_PATH=/home/aaron/ur_ws/install/moveit_ros_warehouse/lib:/home/aaron/ur_ws/install/moveit_ros_planning/lib:/home/aaron/ur_ws/install/moveit_ros_occupancy_map_monitor/lib:/home/aaron/ur_ws/install/moveit_core/lib:/home/aaron/ur_ws/install/srdfdom/lib:${LD_LIBRARY_PATH} PATH=/home/aaron/ur_ws/install/moveit_core/bin:${PATH} PYTHONPATH=/home/aaron/ur_ws/install/moveit_configs_utils/lib/python3.10/site-packages:/home/aaron/ur_ws/install/srdfdom/local/lib/python3.10/dist-packages:/home/aaron/ur_ws/install/launch_param_builder/lib/python3.10/site-packages:${PYTHONPATH} /usr/bin/cmake --build /home/aaron/ur_ws/build/moveit_ros_benchmarks -- -j20 -l20
[2.856s] DEBUG:colcon.colcon_core.event_handler.log_command:Invoking command in '/home/aaron/ur_ws/build/moveit_ros_benchmarks': AMENT_PREFIX_PATH=/home/aaron/ur_ws/install/moveit_ros_warehouse:/home/aaron/ur_ws/install/moveit_ros_planning:/home/aaron/ur_ws/install/moveit_ros_occupancy_map_monitor:/home/aaron/ur_ws/install/moveit_core:/home/aaron/ur_ws/install/moveit_resources_panda_moveit_config:/home/aaron/ur_ws/install/moveit_configs_utils:/home/aaron/ur_ws/install/srdfdom:/home/aaron/ur_ws/install/moveit_resources_pr2_description:/home/aaron/ur_ws/install/moveit_resources_panda_description:/home/aaron/ur_ws/install/moveit_common:/home/aaron/ur_ws/install/launch_param_builder:${AMENT_PREFIX_PATH} CMAKE_PREFIX_PATH=/home/aaron/ur_ws/install/moveit_ros_warehouse:/home/aaron/ur_ws/install/moveit_ros_planning:/home/aaron/ur_ws/install/moveit_ros_occupancy_map_monitor:/home/aaron/ur_ws/install/moveit_core:/home/aaron/ur_ws/install/moveit_resources_panda_moveit_config:/home/aaron/ur_ws/install/srdfdom:/home/aaron/ur_ws/install/moveit_resources_pr2_description:/home/aaron/ur_ws/install/moveit_resources_panda_description:/home/aaron/ur_ws/install/moveit_common:/opt/ros/humble LD_LIBRARY_PATH=/home/aaron/ur_ws/install/moveit_ros_warehouse/lib:/home/aaron/ur_ws/install/moveit_ros_planning/lib:/home/aaron/ur_ws/install/moveit_ros_occupancy_map_monitor/lib:/home/aaron/ur_ws/install/moveit_core/lib:/home/aaron/ur_ws/install/srdfdom/lib:${LD_LIBRARY_PATH} PATH=/home/aaron/ur_ws/install/moveit_core/bin:${PATH} PYTHONPATH=/home/aaron/ur_ws/install/moveit_configs_utils/lib/python3.10/site-packages:/home/aaron/ur_ws/install/srdfdom/local/lib/python3.10/dist-packages:/home/aaron/ur_ws/install/launch_param_builder/lib/python3.10/site-packages:${PYTHONPATH} /usr/bin/cmake --install /home/aaron/ur_ws/build/moveit_ros_benchmarks
[2.864s] Level 1:colcon.colcon_core.environment:create_environment_scripts_only(moveit_ros_benchmarks)
[2.865s] Level 1:colcon.colcon_core.environment:checking '/home/aaron/ur_ws/install/moveit_ros_benchmarks' for CMake module files
[2.865s] DEBUG:colcon.colcon_core.event_handler.log_command:Invoked command in '/home/aaron/ur_ws/build/moveit_ros_benchmarks' returned '0': AMENT_PREFIX_PATH=/home/aaron/ur_ws/install/moveit_ros_warehouse:/home/aaron/ur_ws/install/moveit_ros_planning:/home/aaron/ur_ws/install/moveit_ros_occupancy_map_monitor:/home/aaron/ur_ws/install/moveit_core:/home/aaron/ur_ws/install/moveit_resources_panda_moveit_config:/home/aaron/ur_ws/install/moveit_configs_utils:/home/aaron/ur_ws/install/srdfdom:/home/aaron/ur_ws/install/moveit_resources_pr2_description:/home/aaron/ur_ws/install/moveit_resources_panda_description:/home/aaron/ur_ws/install/moveit_common:/home/aaron/ur_ws/install/launch_param_builder:${AMENT_PREFIX_PATH} CMAKE_PREFIX_PATH=/home/aaron/ur_ws/install/moveit_ros_warehouse:/home/aaron/ur_ws/install/moveit_ros_planning:/home/aaron/ur_ws/install/moveit_ros_occupancy_map_monitor:/home/aaron/ur_ws/install/moveit_core:/home/aaron/ur_ws/install/moveit_resources_panda_moveit_config:/home/aaron/ur_ws/install/srdfdom:/home/aaron/ur_ws/install/moveit_resources_pr2_description:/home/aaron/ur_ws/install/moveit_resources_panda_description:/home/aaron/ur_ws/install/moveit_common:/opt/ros/humble LD_LIBRARY_PATH=/home/aaron/ur_ws/install/moveit_ros_warehouse/lib:/home/aaron/ur_ws/install/moveit_ros_planning/lib:/home/aaron/ur_ws/install/moveit_ros_occupancy_map_monitor/lib:/home/aaron/ur_ws/install/moveit_core/lib:/home/aaron/ur_ws/install/srdfdom/lib:${LD_LIBRARY_PATH} PATH=/home/aaron/ur_ws/install/moveit_core/bin:${PATH} PYTHONPATH=/home/aaron/ur_ws/install/moveit_configs_utils/lib/python3.10/site-packages:/home/aaron/ur_ws/install/srdfdom/local/lib/python3.10/dist-packages:/home/aaron/ur_ws/install/launch_param_builder/lib/python3.10/site-packages:${PYTHONPATH} /usr/bin/cmake --install /home/aaron/ur_ws/build/moveit_ros_benchmarks
[2.865s] Level 1:colcon.colcon_core.environment:checking '/home/aaron/ur_ws/install/moveit_ros_benchmarks' for CMake config files
[2.865s] Level 1:colcon.colcon_core.shell:create_environment_hook('moveit_ros_benchmarks', 'cmake_prefix_path')
[2.866s] INFO:colcon.colcon_core.shell:Creating environment hook '/home/aaron/ur_ws/install/moveit_ros_benchmarks/share/moveit_ros_benchmarks/hook/cmake_prefix_path.ps1'
[2.866s] INFO:colcon.colcon_core.shell:Creating environment descriptor '/home/aaron/ur_ws/install/moveit_ros_benchmarks/share/moveit_ros_benchmarks/hook/cmake_prefix_path.dsv'
[2.866s] INFO:colcon.colcon_core.shell:Creating environment hook '/home/aaron/ur_ws/install/moveit_ros_benchmarks/share/moveit_ros_benchmarks/hook/cmake_prefix_path.sh'
[2.866s] Level 1:colcon.colcon_core.environment:checking '/home/aaron/ur_ws/install/moveit_ros_benchmarks/lib'
[2.867s] Level 1:colcon.colcon_core.shell:create_environment_hook('moveit_ros_benchmarks', 'ld_library_path_lib')
[2.867s] INFO:colcon.colcon_core.shell:Creating environment hook '/home/aaron/ur_ws/install/moveit_ros_benchmarks/share/moveit_ros_benchmarks/hook/ld_library_path_lib.ps1'
[2.867s] INFO:colcon.colcon_core.shell:Creating environment descriptor '/home/aaron/ur_ws/install/moveit_ros_benchmarks/share/moveit_ros_benchmarks/hook/ld_library_path_lib.dsv'
[2.867s] INFO:colcon.colcon_core.shell:Creating environment hook '/home/aaron/ur_ws/install/moveit_ros_benchmarks/share/moveit_ros_benchmarks/hook/ld_library_path_lib.sh'
[2.867s] Level 1:colcon.colcon_core.environment:checking '/home/aaron/ur_ws/install/moveit_ros_benchmarks/bin'
[2.867s] Level 1:colcon.colcon_core.environment:checking '/home/aaron/ur_ws/install/moveit_ros_benchmarks/lib/pkgconfig/moveit_ros_benchmarks.pc'
[2.867s] Level 1:colcon.colcon_core.environment:checking '/home/aaron/ur_ws/install/moveit_ros_benchmarks/lib/python3.10/site-packages'
[2.868s] Level 1:colcon.colcon_core.environment:checking '/home/aaron/ur_ws/install/moveit_ros_benchmarks/bin'
[2.868s] INFO:colcon.colcon_core.shell:Creating package script '/home/aaron/ur_ws/install/moveit_ros_benchmarks/share/moveit_ros_benchmarks/package.ps1'
[2.868s] INFO:colcon.colcon_core.shell:Creating package descriptor '/home/aaron/ur_ws/install/moveit_ros_benchmarks/share/moveit_ros_benchmarks/package.dsv'
[2.868s] INFO:colcon.colcon_core.shell:Creating package script '/home/aaron/ur_ws/install/moveit_ros_benchmarks/share/moveit_ros_benchmarks/package.sh'
[2.869s] INFO:colcon.colcon_core.shell:Creating package script '/home/aaron/ur_ws/install/moveit_ros_benchmarks/share/moveit_ros_benchmarks/package.bash'
[2.869s] INFO:colcon.colcon_core.shell:Creating package script '/home/aaron/ur_ws/install/moveit_ros_benchmarks/share/moveit_ros_benchmarks/package.zsh'
[2.869s] Level 1:colcon.colcon_core.environment:create_file_with_runtime_dependencies(/home/aaron/ur_ws/install/moveit_ros_benchmarks/share/colcon-core/packages/moveit_ros_benchmarks)
[2.869s] Level 1:colcon.colcon_core.environment:create_environment_scripts_only(moveit_ros_benchmarks)
[2.869s] Level 1:colcon.colcon_core.environment:checking '/home/aaron/ur_ws/install/moveit_ros_benchmarks' for CMake module files
[2.870s] Level 1:colcon.colcon_core.environment:checking '/home/aaron/ur_ws/install/moveit_ros_benchmarks' for CMake config files
[2.870s] Level 1:colcon.colcon_core.shell:create_environment_hook('moveit_ros_benchmarks', 'cmake_prefix_path')
[2.870s] INFO:colcon.colcon_core.shell:Creating environment hook '/home/aaron/ur_ws/install/moveit_ros_benchmarks/share/moveit_ros_benchmarks/hook/cmake_prefix_path.ps1'
[2.870s] INFO:colcon.colcon_core.shell:Creating environment descriptor '/home/aaron/ur_ws/install/moveit_ros_benchmarks/share/moveit_ros_benchmarks/hook/cmake_prefix_path.dsv'
[2.870s] INFO:colcon.colcon_core.shell:Creating environment hook '/home/aaron/ur_ws/install/moveit_ros_benchmarks/share/moveit_ros_benchmarks/hook/cmake_prefix_path.sh'
[2.871s] Level 1:colcon.colcon_core.environment:checking '/home/aaron/ur_ws/install/moveit_ros_benchmarks/lib'
[2.871s] Level 1:colcon.colcon_core.shell:create_environment_hook('moveit_ros_benchmarks', 'ld_library_path_lib')
[2.871s] INFO:colcon.colcon_core.shell:Creating environment hook '/home/aaron/ur_ws/install/moveit_ros_benchmarks/share/moveit_ros_benchmarks/hook/ld_library_path_lib.ps1'
[2.871s] INFO:colcon.colcon_core.shell:Creating environment descriptor '/home/aaron/ur_ws/install/moveit_ros_benchmarks/share/moveit_ros_benchmarks/hook/ld_library_path_lib.dsv'
[2.871s] INFO:colcon.colcon_core.shell:Creating environment hook '/home/aaron/ur_ws/install/moveit_ros_benchmarks/share/moveit_ros_benchmarks/hook/ld_library_path_lib.sh'
[2.872s] Level 1:colcon.colcon_core.environment:checking '/home/aaron/ur_ws/install/moveit_ros_benchmarks/bin'
[2.872s] Level 1:colcon.colcon_core.environment:checking '/home/aaron/ur_ws/install/moveit_ros_benchmarks/lib/pkgconfig/moveit_ros_benchmarks.pc'
[2.872s] Level 1:colcon.colcon_core.environment:checking '/home/aaron/ur_ws/install/moveit_ros_benchmarks/lib/python3.10/site-packages'
[2.872s] Level 1:colcon.colcon_core.environment:checking '/home/aaron/ur_ws/install/moveit_ros_benchmarks/bin'
[2.872s] INFO:colcon.colcon_core.shell:Creating package script '/home/aaron/ur_ws/install/moveit_ros_benchmarks/share/moveit_ros_benchmarks/package.ps1'
[2.872s] INFO:colcon.colcon_core.shell:Creating package descriptor '/home/aaron/ur_ws/install/moveit_ros_benchmarks/share/moveit_ros_benchmarks/package.dsv'
[2.873s] INFO:colcon.colcon_core.shell:Creating package script '/home/aaron/ur_ws/install/moveit_ros_benchmarks/share/moveit_ros_benchmarks/package.sh'
[2.873s] INFO:colcon.colcon_core.shell:Creating package script '/home/aaron/ur_ws/install/moveit_ros_benchmarks/share/moveit_ros_benchmarks/package.bash'
[2.873s] INFO:colcon.colcon_core.shell:Creating package script '/home/aaron/ur_ws/install/moveit_ros_benchmarks/share/moveit_ros_benchmarks/package.zsh'
[2.874s] Level 1:colcon.colcon_core.environment:create_file_with_runtime_dependencies(/home/aaron/ur_ws/install/moveit_ros_benchmarks/share/colcon-core/packages/moveit_ros_benchmarks)
[2.878s] DEBUG:colcon.colcon_core.event_handler.log_command:Invoked command in '/home/aaron/ur_ws/build/moveit_resources_prbt_moveit_config' returned '0': AMENT_PREFIX_PATH=/home/aaron/ur_ws/install/moveit_ros_move_group:/home/aaron/ur_ws/install/moveit_kinematics:/home/aaron/ur_ws/install/moveit_ros_planning:/home/aaron/ur_ws/install/moveit_ros_occupancy_map_monitor:/home/aaron/ur_ws/install/moveit_resources_prbt_ikfast_manipulator_plugin:/home/aaron/ur_ws/install/moveit_core:/home/aaron/ur_ws/install/moveit_resources_panda_moveit_config:/home/aaron/ur_ws/install/moveit_resources_fanuc_moveit_config:/home/aaron/ur_ws/install/moveit_configs_utils:/home/aaron/ur_ws/install/srdfdom:/home/aaron/ur_ws/install/moveit_resources_prbt_support:/home/aaron/ur_ws/install/moveit_resources_pr2_description:/home/aaron/ur_ws/install/moveit_resources_panda_description:/home/aaron/ur_ws/install/moveit_resources_fanuc_description:/home/aaron/ur_ws/install/moveit_common:/home/aaron/ur_ws/install/launch_param_builder:${AMENT_PREFIX_PATH} CMAKE_PREFIX_PATH=/home/aaron/ur_ws/install/moveit_ros_move_group:/home/aaron/ur_ws/install/moveit_kinematics:/home/aaron/ur_ws/install/moveit_ros_planning:/home/aaron/ur_ws/install/moveit_ros_occupancy_map_monitor:/home/aaron/ur_ws/install/moveit_resources_prbt_ikfast_manipulator_plugin:/home/aaron/ur_ws/install/moveit_core:/home/aaron/ur_ws/install/moveit_resources_panda_moveit_config:/home/aaron/ur_ws/install/moveit_resources_fanuc_moveit_config:/home/aaron/ur_ws/install/srdfdom:/home/aaron/ur_ws/install/moveit_resources_prbt_support:/home/aaron/ur_ws/install/moveit_resources_pr2_description:/home/aaron/ur_ws/install/moveit_resources_panda_description:/home/aaron/ur_ws/install/moveit_resources_fanuc_description:/home/aaron/ur_ws/install/moveit_common:/opt/ros/humble LD_LIBRARY_PATH=/home/aaron/ur_ws/install/moveit_ros_move_group/lib:/home/aaron/ur_ws/install/moveit_kinematics/lib:/home/aaron/ur_ws/install/moveit_ros_planning/lib:/home/aaron/ur_ws/install/moveit_ros_occupancy_map_monitor/lib:/home/aaron/ur_ws/install/moveit_resources_prbt_ikfast_manipulator_plugin/lib:/home/aaron/ur_ws/install/moveit_core/lib:/home/aaron/ur_ws/install/srdfdom/lib:${LD_LIBRARY_PATH} PATH=/home/aaron/ur_ws/install/moveit_core/bin:${PATH} PYTHONPATH=/home/aaron/ur_ws/install/moveit_configs_utils/lib/python3.10/site-packages:/home/aaron/ur_ws/install/srdfdom/local/lib/python3.10/dist-packages:/home/aaron/ur_ws/install/launch_param_builder/lib/python3.10/site-packages:${PYTHONPATH} /usr/bin/cmake --build /home/aaron/ur_ws/build/moveit_resources_prbt_moveit_config -- -j20 -l20
[2.879s] DEBUG:colcon.colcon_core.event_handler.log_command:Invoking command in '/home/aaron/ur_ws/build/moveit_resources_prbt_moveit_config': AMENT_PREFIX_PATH=/home/aaron/ur_ws/install/moveit_ros_move_group:/home/aaron/ur_ws/install/moveit_kinematics:/home/aaron/ur_ws/install/moveit_ros_planning:/home/aaron/ur_ws/install/moveit_ros_occupancy_map_monitor:/home/aaron/ur_ws/install/moveit_resources_prbt_ikfast_manipulator_plugin:/home/aaron/ur_ws/install/moveit_core:/home/aaron/ur_ws/install/moveit_resources_panda_moveit_config:/home/aaron/ur_ws/install/moveit_resources_fanuc_moveit_config:/home/aaron/ur_ws/install/moveit_configs_utils:/home/aaron/ur_ws/install/srdfdom:/home/aaron/ur_ws/install/moveit_resources_prbt_support:/home/aaron/ur_ws/install/moveit_resources_pr2_description:/home/aaron/ur_ws/install/moveit_resources_panda_description:/home/aaron/ur_ws/install/moveit_resources_fanuc_description:/home/aaron/ur_ws/install/moveit_common:/home/aaron/ur_ws/install/launch_param_builder:${AMENT_PREFIX_PATH} CMAKE_PREFIX_PATH=/home/aaron/ur_ws/install/moveit_ros_move_group:/home/aaron/ur_ws/install/moveit_kinematics:/home/aaron/ur_ws/install/moveit_ros_planning:/home/aaron/ur_ws/install/moveit_ros_occupancy_map_monitor:/home/aaron/ur_ws/install/moveit_resources_prbt_ikfast_manipulator_plugin:/home/aaron/ur_ws/install/moveit_core:/home/aaron/ur_ws/install/moveit_resources_panda_moveit_config:/home/aaron/ur_ws/install/moveit_resources_fanuc_moveit_config:/home/aaron/ur_ws/install/srdfdom:/home/aaron/ur_ws/install/moveit_resources_prbt_support:/home/aaron/ur_ws/install/moveit_resources_pr2_description:/home/aaron/ur_ws/install/moveit_resources_panda_description:/home/aaron/ur_ws/install/moveit_resources_fanuc_description:/home/aaron/ur_ws/install/moveit_common:/opt/ros/humble LD_LIBRARY_PATH=/home/aaron/ur_ws/install/moveit_ros_move_group/lib:/home/aaron/ur_ws/install/moveit_kinematics/lib:/home/aaron/ur_ws/install/moveit_ros_planning/lib:/home/aaron/ur_ws/install/moveit_ros_occupancy_map_monitor/lib:/home/aaron/ur_ws/install/moveit_resources_prbt_ikfast_manipulator_plugin/lib:/home/aaron/ur_ws/install/moveit_core/lib:/home/aaron/ur_ws/install/srdfdom/lib:${LD_LIBRARY_PATH} PATH=/home/aaron/ur_ws/install/moveit_core/bin:${PATH} PYTHONPATH=/home/aaron/ur_ws/install/moveit_configs_utils/lib/python3.10/site-packages:/home/aaron/ur_ws/install/srdfdom/local/lib/python3.10/dist-packages:/home/aaron/ur_ws/install/launch_param_builder/lib/python3.10/site-packages:${PYTHONPATH} /usr/bin/cmake --install /home/aaron/ur_ws/build/moveit_resources_prbt_moveit_config
[2.888s] Level 1:colcon.colcon_core.environment:create_environment_scripts_only(moveit_resources_prbt_moveit_config)
[2.888s] Level 1:colcon.colcon_core.environment:checking '/home/aaron/ur_ws/install/moveit_resources_prbt_moveit_config' for CMake module files
[2.888s] DEBUG:colcon.colcon_core.event_handler.log_command:Invoked command in '/home/aaron/ur_ws/build/moveit_resources_prbt_moveit_config' returned '0': AMENT_PREFIX_PATH=/home/aaron/ur_ws/install/moveit_ros_move_group:/home/aaron/ur_ws/install/moveit_kinematics:/home/aaron/ur_ws/install/moveit_ros_planning:/home/aaron/ur_ws/install/moveit_ros_occupancy_map_monitor:/home/aaron/ur_ws/install/moveit_resources_prbt_ikfast_manipulator_plugin:/home/aaron/ur_ws/install/moveit_core:/home/aaron/ur_ws/install/moveit_resources_panda_moveit_config:/home/aaron/ur_ws/install/moveit_resources_fanuc_moveit_config:/home/aaron/ur_ws/install/moveit_configs_utils:/home/aaron/ur_ws/install/srdfdom:/home/aaron/ur_ws/install/moveit_resources_prbt_support:/home/aaron/ur_ws/install/moveit_resources_pr2_description:/home/aaron/ur_ws/install/moveit_resources_panda_description:/home/aaron/ur_ws/install/moveit_resources_fanuc_description:/home/aaron/ur_ws/install/moveit_common:/home/aaron/ur_ws/install/launch_param_builder:${AMENT_PREFIX_PATH} CMAKE_PREFIX_PATH=/home/aaron/ur_ws/install/moveit_ros_move_group:/home/aaron/ur_ws/install/moveit_kinematics:/home/aaron/ur_ws/install/moveit_ros_planning:/home/aaron/ur_ws/install/moveit_ros_occupancy_map_monitor:/home/aaron/ur_ws/install/moveit_resources_prbt_ikfast_manipulator_plugin:/home/aaron/ur_ws/install/moveit_core:/home/aaron/ur_ws/install/moveit_resources_panda_moveit_config:/home/aaron/ur_ws/install/moveit_resources_fanuc_moveit_config:/home/aaron/ur_ws/install/srdfdom:/home/aaron/ur_ws/install/moveit_resources_prbt_support:/home/aaron/ur_ws/install/moveit_resources_pr2_description:/home/aaron/ur_ws/install/moveit_resources_panda_description:/home/aaron/ur_ws/install/moveit_resources_fanuc_description:/home/aaron/ur_ws/install/moveit_common:/opt/ros/humble LD_LIBRARY_PATH=/home/aaron/ur_ws/install/moveit_ros_move_group/lib:/home/aaron/ur_ws/install/moveit_kinematics/lib:/home/aaron/ur_ws/install/moveit_ros_planning/lib:/home/aaron/ur_ws/install/moveit_ros_occupancy_map_monitor/lib:/home/aaron/ur_ws/install/moveit_resources_prbt_ikfast_manipulator_plugin/lib:/home/aaron/ur_ws/install/moveit_core/lib:/home/aaron/ur_ws/install/srdfdom/lib:${LD_LIBRARY_PATH} PATH=/home/aaron/ur_ws/install/moveit_core/bin:${PATH} PYTHONPATH=/home/aaron/ur_ws/install/moveit_configs_utils/lib/python3.10/site-packages:/home/aaron/ur_ws/install/srdfdom/local/lib/python3.10/dist-packages:/home/aaron/ur_ws/install/launch_param_builder/lib/python3.10/site-packages:${PYTHONPATH} /usr/bin/cmake --install /home/aaron/ur_ws/build/moveit_resources_prbt_moveit_config
[2.888s] Level 1:colcon.colcon_core.environment:checking '/home/aaron/ur_ws/install/moveit_resources_prbt_moveit_config' for CMake config files
[2.889s] Level 1:colcon.colcon_core.shell:create_environment_hook('moveit_resources_prbt_moveit_config', 'cmake_prefix_path')
[2.889s] INFO:colcon.colcon_core.shell:Creating environment hook '/home/aaron/ur_ws/install/moveit_resources_prbt_moveit_config/share/moveit_resources_prbt_moveit_config/hook/cmake_prefix_path.ps1'
[2.889s] INFO:colcon.colcon_core.shell:Creating environment descriptor '/home/aaron/ur_ws/install/moveit_resources_prbt_moveit_config/share/moveit_resources_prbt_moveit_config/hook/cmake_prefix_path.dsv'
[2.889s] INFO:colcon.colcon_core.shell:Creating environment hook '/home/aaron/ur_ws/install/moveit_resources_prbt_moveit_config/share/moveit_resources_prbt_moveit_config/hook/cmake_prefix_path.sh'
[2.890s] Level 1:colcon.colcon_core.environment:checking '/home/aaron/ur_ws/install/moveit_resources_prbt_moveit_config/bin'
[2.890s] Level 1:colcon.colcon_core.environment:checking '/home/aaron/ur_ws/install/moveit_resources_prbt_moveit_config/lib/pkgconfig/moveit_resources_prbt_moveit_config.pc'
[2.890s] Level 1:colcon.colcon_core.environment:checking '/home/aaron/ur_ws/install/moveit_resources_prbt_moveit_config/lib/python3.10/site-packages'
[2.890s] Level 1:colcon.colcon_core.environment:checking '/home/aaron/ur_ws/install/moveit_resources_prbt_moveit_config/bin'
[2.890s] INFO:colcon.colcon_core.shell:Creating package script '/home/aaron/ur_ws/install/moveit_resources_prbt_moveit_config/share/moveit_resources_prbt_moveit_config/package.ps1'
[2.890s] INFO:colcon.colcon_core.shell:Creating package descriptor '/home/aaron/ur_ws/install/moveit_resources_prbt_moveit_config/share/moveit_resources_prbt_moveit_config/package.dsv'
[2.891s] INFO:colcon.colcon_core.shell:Creating package script '/home/aaron/ur_ws/install/moveit_resources_prbt_moveit_config/share/moveit_resources_prbt_moveit_config/package.sh'
[2.891s] INFO:colcon.colcon_core.shell:Creating package script '/home/aaron/ur_ws/install/moveit_resources_prbt_moveit_config/share/moveit_resources_prbt_moveit_config/package.bash'
[2.891s] INFO:colcon.colcon_core.shell:Creating package script '/home/aaron/ur_ws/install/moveit_resources_prbt_moveit_config/share/moveit_resources_prbt_moveit_config/package.zsh'
[2.891s] Level 1:colcon.colcon_core.environment:create_file_with_runtime_dependencies(/home/aaron/ur_ws/install/moveit_resources_prbt_moveit_config/share/colcon-core/packages/moveit_resources_prbt_moveit_config)
[2.892s] Level 1:colcon.colcon_core.environment:create_environment_scripts_only(moveit_resources_prbt_moveit_config)
[2.892s] Level 1:colcon.colcon_core.environment:checking '/home/aaron/ur_ws/install/moveit_resources_prbt_moveit_config' for CMake module files
[2.892s] Level 1:colcon.colcon_core.environment:checking '/home/aaron/ur_ws/install/moveit_resources_prbt_moveit_config' for CMake config files
[2.892s] Level 1:colcon.colcon_core.shell:create_environment_hook('moveit_resources_prbt_moveit_config', 'cmake_prefix_path')
[2.892s] INFO:colcon.colcon_core.shell:Creating environment hook '/home/aaron/ur_ws/install/moveit_resources_prbt_moveit_config/share/moveit_resources_prbt_moveit_config/hook/cmake_prefix_path.ps1'
[2.893s] INFO:colcon.colcon_core.shell:Creating environment descriptor '/home/aaron/ur_ws/install/moveit_resources_prbt_moveit_config/share/moveit_resources_prbt_moveit_config/hook/cmake_prefix_path.dsv'
[2.893s] INFO:colcon.colcon_core.shell:Creating environment hook '/home/aaron/ur_ws/install/moveit_resources_prbt_moveit_config/share/moveit_resources_prbt_moveit_config/hook/cmake_prefix_path.sh'
[2.893s] Level 1:colcon.colcon_core.environment:checking '/home/aaron/ur_ws/install/moveit_resources_prbt_moveit_config/bin'
[2.893s] Level 1:colcon.colcon_core.environment:checking '/home/aaron/ur_ws/install/moveit_resources_prbt_moveit_config/lib/pkgconfig/moveit_resources_prbt_moveit_config.pc'
[2.893s] Level 1:colcon.colcon_core.environment:checking '/home/aaron/ur_ws/install/moveit_resources_prbt_moveit_config/lib/python3.10/site-packages'
[2.893s] Level 1:colcon.colcon_core.environment:checking '/home/aaron/ur_ws/install/moveit_resources_prbt_moveit_config/bin'
[2.894s] INFO:colcon.colcon_core.shell:Creating package script '/home/aaron/ur_ws/install/moveit_resources_prbt_moveit_config/share/moveit_resources_prbt_moveit_config/package.ps1'
[2.894s] INFO:colcon.colcon_core.shell:Creating package descriptor '/home/aaron/ur_ws/install/moveit_resources_prbt_moveit_config/share/moveit_resources_prbt_moveit_config/package.dsv'
[2.894s] INFO:colcon.colcon_core.shell:Creating package script '/home/aaron/ur_ws/install/moveit_resources_prbt_moveit_config/share/moveit_resources_prbt_moveit_config/package.sh'
[2.894s] INFO:colcon.colcon_core.shell:Creating package script '/home/aaron/ur_ws/install/moveit_resources_prbt_moveit_config/share/moveit_resources_prbt_moveit_config/package.bash'
[2.895s] INFO:colcon.colcon_core.shell:Creating package script '/home/aaron/ur_ws/install/moveit_resources_prbt_moveit_config/share/moveit_resources_prbt_moveit_config/package.zsh'
[2.895s] Level 1:colcon.colcon_core.environment:create_file_with_runtime_dependencies(/home/aaron/ur_ws/install/moveit_resources_prbt_moveit_config/share/colcon-core/packages/moveit_resources_prbt_moveit_config)
[2.895s] INFO:colcon.colcon_ros.task.ament_cmake.build:Building ROS package in '/home/aaron/ur_ws/src/moveit2/moveit_planners/test_configs/prbt_pg70_support' with build type 'ament_cmake'
[2.895s] INFO:colcon.colcon_cmake.task.cmake.build:Building CMake package in '/home/aaron/ur_ws/src/moveit2/moveit_planners/test_configs/prbt_pg70_support'
[2.896s] INFO:colcon.colcon_core.shell:Skip shell extension 'powershell' for command environment: Not usable outside of PowerShell
[2.896s] DEBUG:colcon.colcon_core.shell:Skip shell extension 'dsv' for command environment
[2.921s] DEBUG:colcon.colcon_core.event_handler.log_command:Invoking command in '/home/aaron/ur_ws/build/moveit_resources_prbt_pg70_support': AMENT_PREFIX_PATH=/home/aaron/ur_ws/install/moveit_resources_prbt_moveit_config:/home/aaron/ur_ws/install/moveit_ros_move_group:/home/aaron/ur_ws/install/moveit_kinematics:/home/aaron/ur_ws/install/moveit_ros_planning:/home/aaron/ur_ws/install/moveit_ros_occupancy_map_monitor:/home/aaron/ur_ws/install/moveit_resources_prbt_ikfast_manipulator_plugin:/home/aaron/ur_ws/install/moveit_core:/home/aaron/ur_ws/install/moveit_resources_panda_moveit_config:/home/aaron/ur_ws/install/moveit_resources_fanuc_moveit_config:/home/aaron/ur_ws/install/moveit_configs_utils:/home/aaron/ur_ws/install/srdfdom:/home/aaron/ur_ws/install/moveit_resources_prbt_support:/home/aaron/ur_ws/install/moveit_resources_pr2_description:/home/aaron/ur_ws/install/moveit_resources_panda_description:/home/aaron/ur_ws/install/moveit_resources_fanuc_description:/home/aaron/ur_ws/install/moveit_common:/home/aaron/ur_ws/install/launch_param_builder:${AMENT_PREFIX_PATH} CMAKE_PREFIX_PATH=/home/aaron/ur_ws/install/moveit_resources_prbt_moveit_config:/home/aaron/ur_ws/install/moveit_ros_move_group:/home/aaron/ur_ws/install/moveit_kinematics:/home/aaron/ur_ws/install/moveit_ros_planning:/home/aaron/ur_ws/install/moveit_ros_occupancy_map_monitor:/home/aaron/ur_ws/install/moveit_resources_prbt_ikfast_manipulator_plugin:/home/aaron/ur_ws/install/moveit_core:/home/aaron/ur_ws/install/moveit_resources_panda_moveit_config:/home/aaron/ur_ws/install/moveit_resources_fanuc_moveit_config:/home/aaron/ur_ws/install/srdfdom:/home/aaron/ur_ws/install/moveit_resources_prbt_support:/home/aaron/ur_ws/install/moveit_resources_pr2_description:/home/aaron/ur_ws/install/moveit_resources_panda_description:/home/aaron/ur_ws/install/moveit_resources_fanuc_description:/home/aaron/ur_ws/install/moveit_common:/opt/ros/humble LD_LIBRARY_PATH=/home/aaron/ur_ws/install/moveit_ros_move_group/lib:/home/aaron/ur_ws/install/moveit_kinematics/lib:/home/aaron/ur_ws/install/moveit_ros_planning/lib:/home/aaron/ur_ws/install/moveit_ros_occupancy_map_monitor/lib:/home/aaron/ur_ws/install/moveit_resources_prbt_ikfast_manipulator_plugin/lib:/home/aaron/ur_ws/install/moveit_core/lib:/home/aaron/ur_ws/install/srdfdom/lib:${LD_LIBRARY_PATH} PATH=/home/aaron/ur_ws/install/moveit_core/bin:${PATH} PYTHONPATH=/home/aaron/ur_ws/install/moveit_configs_utils/lib/python3.10/site-packages:/home/aaron/ur_ws/install/srdfdom/local/lib/python3.10/dist-packages:/home/aaron/ur_ws/install/launch_param_builder/lib/python3.10/site-packages:${PYTHONPATH} /usr/bin/cmake --build /home/aaron/ur_ws/build/moveit_resources_prbt_pg70_support -- -j20 -l20
[2.953s] DEBUG:colcon.colcon_core.event_handler.log_command:Invoked command in '/home/aaron/ur_ws/build/moveit_resources_prbt_pg70_support' returned '0': AMENT_PREFIX_PATH=/home/aaron/ur_ws/install/moveit_resources_prbt_moveit_config:/home/aaron/ur_ws/install/moveit_ros_move_group:/home/aaron/ur_ws/install/moveit_kinematics:/home/aaron/ur_ws/install/moveit_ros_planning:/home/aaron/ur_ws/install/moveit_ros_occupancy_map_monitor:/home/aaron/ur_ws/install/moveit_resources_prbt_ikfast_manipulator_plugin:/home/aaron/ur_ws/install/moveit_core:/home/aaron/ur_ws/install/moveit_resources_panda_moveit_config:/home/aaron/ur_ws/install/moveit_resources_fanuc_moveit_config:/home/aaron/ur_ws/install/moveit_configs_utils:/home/aaron/ur_ws/install/srdfdom:/home/aaron/ur_ws/install/moveit_resources_prbt_support:/home/aaron/ur_ws/install/moveit_resources_pr2_description:/home/aaron/ur_ws/install/moveit_resources_panda_description:/home/aaron/ur_ws/install/moveit_resources_fanuc_description:/home/aaron/ur_ws/install/moveit_common:/home/aaron/ur_ws/install/launch_param_builder:${AMENT_PREFIX_PATH} CMAKE_PREFIX_PATH=/home/aaron/ur_ws/install/moveit_resources_prbt_moveit_config:/home/aaron/ur_ws/install/moveit_ros_move_group:/home/aaron/ur_ws/install/moveit_kinematics:/home/aaron/ur_ws/install/moveit_ros_planning:/home/aaron/ur_ws/install/moveit_ros_occupancy_map_monitor:/home/aaron/ur_ws/install/moveit_resources_prbt_ikfast_manipulator_plugin:/home/aaron/ur_ws/install/moveit_core:/home/aaron/ur_ws/install/moveit_resources_panda_moveit_config:/home/aaron/ur_ws/install/moveit_resources_fanuc_moveit_config:/home/aaron/ur_ws/install/srdfdom:/home/aaron/ur_ws/install/moveit_resources_prbt_support:/home/aaron/ur_ws/install/moveit_resources_pr2_description:/home/aaron/ur_ws/install/moveit_resources_panda_description:/home/aaron/ur_ws/install/moveit_resources_fanuc_description:/home/aaron/ur_ws/install/moveit_common:/opt/ros/humble LD_LIBRARY_PATH=/home/aaron/ur_ws/install/moveit_ros_move_group/lib:/home/aaron/ur_ws/install/moveit_kinematics/lib:/home/aaron/ur_ws/install/moveit_ros_planning/lib:/home/aaron/ur_ws/install/moveit_ros_occupancy_map_monitor/lib:/home/aaron/ur_ws/install/moveit_resources_prbt_ikfast_manipulator_plugin/lib:/home/aaron/ur_ws/install/moveit_core/lib:/home/aaron/ur_ws/install/srdfdom/lib:${LD_LIBRARY_PATH} PATH=/home/aaron/ur_ws/install/moveit_core/bin:${PATH} PYTHONPATH=/home/aaron/ur_ws/install/moveit_configs_utils/lib/python3.10/site-packages:/home/aaron/ur_ws/install/srdfdom/local/lib/python3.10/dist-packages:/home/aaron/ur_ws/install/launch_param_builder/lib/python3.10/site-packages:${PYTHONPATH} /usr/bin/cmake --build /home/aaron/ur_ws/build/moveit_resources_prbt_pg70_support -- -j20 -l20
[2.954s] DEBUG:colcon.colcon_core.event_handler.log_command:Invoking command in '/home/aaron/ur_ws/build/moveit_resources_prbt_pg70_support': AMENT_PREFIX_PATH=/home/aaron/ur_ws/install/moveit_resources_prbt_moveit_config:/home/aaron/ur_ws/install/moveit_ros_move_group:/home/aaron/ur_ws/install/moveit_kinematics:/home/aaron/ur_ws/install/moveit_ros_planning:/home/aaron/ur_ws/install/moveit_ros_occupancy_map_monitor:/home/aaron/ur_ws/install/moveit_resources_prbt_ikfast_manipulator_plugin:/home/aaron/ur_ws/install/moveit_core:/home/aaron/ur_ws/install/moveit_resources_panda_moveit_config:/home/aaron/ur_ws/install/moveit_resources_fanuc_moveit_config:/home/aaron/ur_ws/install/moveit_configs_utils:/home/aaron/ur_ws/install/srdfdom:/home/aaron/ur_ws/install/moveit_resources_prbt_support:/home/aaron/ur_ws/install/moveit_resources_pr2_description:/home/aaron/ur_ws/install/moveit_resources_panda_description:/home/aaron/ur_ws/install/moveit_resources_fanuc_description:/home/aaron/ur_ws/install/moveit_common:/home/aaron/ur_ws/install/launch_param_builder:${AMENT_PREFIX_PATH} CMAKE_PREFIX_PATH=/home/aaron/ur_ws/install/moveit_resources_prbt_moveit_config:/home/aaron/ur_ws/install/moveit_ros_move_group:/home/aaron/ur_ws/install/moveit_kinematics:/home/aaron/ur_ws/install/moveit_ros_planning:/home/aaron/ur_ws/install/moveit_ros_occupancy_map_monitor:/home/aaron/ur_ws/install/moveit_resources_prbt_ikfast_manipulator_plugin:/home/aaron/ur_ws/install/moveit_core:/home/aaron/ur_ws/install/moveit_resources_panda_moveit_config:/home/aaron/ur_ws/install/moveit_resources_fanuc_moveit_config:/home/aaron/ur_ws/install/srdfdom:/home/aaron/ur_ws/install/moveit_resources_prbt_support:/home/aaron/ur_ws/install/moveit_resources_pr2_description:/home/aaron/ur_ws/install/moveit_resources_panda_description:/home/aaron/ur_ws/install/moveit_resources_fanuc_description:/home/aaron/ur_ws/install/moveit_common:/opt/ros/humble LD_LIBRARY_PATH=/home/aaron/ur_ws/install/moveit_ros_move_group/lib:/home/aaron/ur_ws/install/moveit_kinematics/lib:/home/aaron/ur_ws/install/moveit_ros_planning/lib:/home/aaron/ur_ws/install/moveit_ros_occupancy_map_monitor/lib:/home/aaron/ur_ws/install/moveit_resources_prbt_ikfast_manipulator_plugin/lib:/home/aaron/ur_ws/install/moveit_core/lib:/home/aaron/ur_ws/install/srdfdom/lib:${LD_LIBRARY_PATH} PATH=/home/aaron/ur_ws/install/moveit_core/bin:${PATH} PYTHONPATH=/home/aaron/ur_ws/install/moveit_configs_utils/lib/python3.10/site-packages:/home/aaron/ur_ws/install/srdfdom/local/lib/python3.10/dist-packages:/home/aaron/ur_ws/install/launch_param_builder/lib/python3.10/site-packages:${PYTHONPATH} /usr/bin/cmake --install /home/aaron/ur_ws/build/moveit_resources_prbt_pg70_support
[2.965s] DEBUG:colcon.colcon_core.event_handler.log_command:Invoked command in '/home/aaron/ur_ws/build/moveit_ros_planning_interface' returned '0': AMENT_PREFIX_PATH=/home/aaron/ur_ws/install/moveit_ros_move_group:/home/aaron/ur_ws/install/moveit_ros_warehouse:/home/aaron/ur_ws/install/moveit_planners_ompl:/home/aaron/ur_ws/install/moveit_kinematics:/home/aaron/ur_ws/install/moveit_ros_planning:/home/aaron/ur_ws/install/moveit_simple_controller_manager:/home/aaron/ur_ws/install/moveit_ros_occupancy_map_monitor:/home/aaron/ur_ws/install/moveit_core:/home/aaron/ur_ws/install/moveit_resources_panda_moveit_config:/home/aaron/ur_ws/install/moveit_resources_fanuc_moveit_config:/home/aaron/ur_ws/install/moveit_configs_utils:/home/aaron/ur_ws/install/srdfdom:/home/aaron/ur_ws/install/moveit_resources_pr2_description:/home/aaron/ur_ws/install/moveit_resources_panda_description:/home/aaron/ur_ws/install/moveit_resources_fanuc_description:/home/aaron/ur_ws/install/moveit_common:/home/aaron/ur_ws/install/launch_param_builder:${AMENT_PREFIX_PATH} CMAKE_PREFIX_PATH=/home/aaron/ur_ws/install/moveit_ros_move_group:/home/aaron/ur_ws/install/moveit_ros_warehouse:/home/aaron/ur_ws/install/moveit_planners_ompl:/home/aaron/ur_ws/install/moveit_kinematics:/home/aaron/ur_ws/install/moveit_ros_planning:/home/aaron/ur_ws/install/moveit_simple_controller_manager:/home/aaron/ur_ws/install/moveit_ros_occupancy_map_monitor:/home/aaron/ur_ws/install/moveit_core:/home/aaron/ur_ws/install/moveit_resources_panda_moveit_config:/home/aaron/ur_ws/install/moveit_resources_fanuc_moveit_config:/home/aaron/ur_ws/install/srdfdom:/home/aaron/ur_ws/install/moveit_resources_pr2_description:/home/aaron/ur_ws/install/moveit_resources_panda_description:/home/aaron/ur_ws/install/moveit_resources_fanuc_description:/home/aaron/ur_ws/install/moveit_common:/opt/ros/humble LD_LIBRARY_PATH=/home/aaron/ur_ws/install/moveit_ros_move_group/lib:/home/aaron/ur_ws/install/moveit_ros_warehouse/lib:/home/aaron/ur_ws/install/moveit_planners_ompl/lib:/home/aaron/ur_ws/install/moveit_kinematics/lib:/home/aaron/ur_ws/install/moveit_ros_planning/lib:/home/aaron/ur_ws/install/moveit_simple_controller_manager/lib:/home/aaron/ur_ws/install/moveit_ros_occupancy_map_monitor/lib:/home/aaron/ur_ws/install/moveit_core/lib:/home/aaron/ur_ws/install/srdfdom/lib:${LD_LIBRARY_PATH} PATH=/home/aaron/ur_ws/install/moveit_core/bin:${PATH} PYTHONPATH=/home/aaron/ur_ws/install/moveit_configs_utils/lib/python3.10/site-packages:/home/aaron/ur_ws/install/srdfdom/local/lib/python3.10/dist-packages:/home/aaron/ur_ws/install/launch_param_builder/lib/python3.10/site-packages:${PYTHONPATH} /usr/bin/cmake --build /home/aaron/ur_ws/build/moveit_ros_planning_interface -- -j20 -l20
[2.966s] DEBUG:colcon.colcon_core.event_handler.log_command:Invoking command in '/home/aaron/ur_ws/build/moveit_ros_planning_interface': AMENT_PREFIX_PATH=/home/aaron/ur_ws/install/moveit_ros_move_group:/home/aaron/ur_ws/install/moveit_ros_warehouse:/home/aaron/ur_ws/install/moveit_planners_ompl:/home/aaron/ur_ws/install/moveit_kinematics:/home/aaron/ur_ws/install/moveit_ros_planning:/home/aaron/ur_ws/install/moveit_simple_controller_manager:/home/aaron/ur_ws/install/moveit_ros_occupancy_map_monitor:/home/aaron/ur_ws/install/moveit_core:/home/aaron/ur_ws/install/moveit_resources_panda_moveit_config:/home/aaron/ur_ws/install/moveit_resources_fanuc_moveit_config:/home/aaron/ur_ws/install/moveit_configs_utils:/home/aaron/ur_ws/install/srdfdom:/home/aaron/ur_ws/install/moveit_resources_pr2_description:/home/aaron/ur_ws/install/moveit_resources_panda_description:/home/aaron/ur_ws/install/moveit_resources_fanuc_description:/home/aaron/ur_ws/install/moveit_common:/home/aaron/ur_ws/install/launch_param_builder:${AMENT_PREFIX_PATH} CMAKE_PREFIX_PATH=/home/aaron/ur_ws/install/moveit_ros_move_group:/home/aaron/ur_ws/install/moveit_ros_warehouse:/home/aaron/ur_ws/install/moveit_planners_ompl:/home/aaron/ur_ws/install/moveit_kinematics:/home/aaron/ur_ws/install/moveit_ros_planning:/home/aaron/ur_ws/install/moveit_simple_controller_manager:/home/aaron/ur_ws/install/moveit_ros_occupancy_map_monitor:/home/aaron/ur_ws/install/moveit_core:/home/aaron/ur_ws/install/moveit_resources_panda_moveit_config:/home/aaron/ur_ws/install/moveit_resources_fanuc_moveit_config:/home/aaron/ur_ws/install/srdfdom:/home/aaron/ur_ws/install/moveit_resources_pr2_description:/home/aaron/ur_ws/install/moveit_resources_panda_description:/home/aaron/ur_ws/install/moveit_resources_fanuc_description:/home/aaron/ur_ws/install/moveit_common:/opt/ros/humble LD_LIBRARY_PATH=/home/aaron/ur_ws/install/moveit_ros_move_group/lib:/home/aaron/ur_ws/install/moveit_ros_warehouse/lib:/home/aaron/ur_ws/install/moveit_planners_ompl/lib:/home/aaron/ur_ws/install/moveit_kinematics/lib:/home/aaron/ur_ws/install/moveit_ros_planning/lib:/home/aaron/ur_ws/install/moveit_simple_controller_manager/lib:/home/aaron/ur_ws/install/moveit_ros_occupancy_map_monitor/lib:/home/aaron/ur_ws/install/moveit_core/lib:/home/aaron/ur_ws/install/srdfdom/lib:${LD_LIBRARY_PATH} PATH=/home/aaron/ur_ws/install/moveit_core/bin:${PATH} PYTHONPATH=/home/aaron/ur_ws/install/moveit_configs_utils/lib/python3.10/site-packages:/home/aaron/ur_ws/install/srdfdom/local/lib/python3.10/dist-packages:/home/aaron/ur_ws/install/launch_param_builder/lib/python3.10/site-packages:${PYTHONPATH} /usr/bin/cmake --install /home/aaron/ur_ws/build/moveit_ros_planning_interface
[2.966s] Level 1:colcon.colcon_core.environment:create_environment_scripts_only(moveit_resources_prbt_pg70_support)
[2.967s] Level 1:colcon.colcon_core.environment:checking '/home/aaron/ur_ws/install/moveit_resources_prbt_pg70_support' for CMake module files
[2.967s] DEBUG:colcon.colcon_core.event_handler.log_command:Invoked command in '/home/aaron/ur_ws/build/moveit_resources_prbt_pg70_support' returned '0': AMENT_PREFIX_PATH=/home/aaron/ur_ws/install/moveit_resources_prbt_moveit_config:/home/aaron/ur_ws/install/moveit_ros_move_group:/home/aaron/ur_ws/install/moveit_kinematics:/home/aaron/ur_ws/install/moveit_ros_planning:/home/aaron/ur_ws/install/moveit_ros_occupancy_map_monitor:/home/aaron/ur_ws/install/moveit_resources_prbt_ikfast_manipulator_plugin:/home/aaron/ur_ws/install/moveit_core:/home/aaron/ur_ws/install/moveit_resources_panda_moveit_config:/home/aaron/ur_ws/install/moveit_resources_fanuc_moveit_config:/home/aaron/ur_ws/install/moveit_configs_utils:/home/aaron/ur_ws/install/srdfdom:/home/aaron/ur_ws/install/moveit_resources_prbt_support:/home/aaron/ur_ws/install/moveit_resources_pr2_description:/home/aaron/ur_ws/install/moveit_resources_panda_description:/home/aaron/ur_ws/install/moveit_resources_fanuc_description:/home/aaron/ur_ws/install/moveit_common:/home/aaron/ur_ws/install/launch_param_builder:${AMENT_PREFIX_PATH} CMAKE_PREFIX_PATH=/home/aaron/ur_ws/install/moveit_resources_prbt_moveit_config:/home/aaron/ur_ws/install/moveit_ros_move_group:/home/aaron/ur_ws/install/moveit_kinematics:/home/aaron/ur_ws/install/moveit_ros_planning:/home/aaron/ur_ws/install/moveit_ros_occupancy_map_monitor:/home/aaron/ur_ws/install/moveit_resources_prbt_ikfast_manipulator_plugin:/home/aaron/ur_ws/install/moveit_core:/home/aaron/ur_ws/install/moveit_resources_panda_moveit_config:/home/aaron/ur_ws/install/moveit_resources_fanuc_moveit_config:/home/aaron/ur_ws/install/srdfdom:/home/aaron/ur_ws/install/moveit_resources_prbt_support:/home/aaron/ur_ws/install/moveit_resources_pr2_description:/home/aaron/ur_ws/install/moveit_resources_panda_description:/home/aaron/ur_ws/install/moveit_resources_fanuc_description:/home/aaron/ur_ws/install/moveit_common:/opt/ros/humble LD_LIBRARY_PATH=/home/aaron/ur_ws/install/moveit_ros_move_group/lib:/home/aaron/ur_ws/install/moveit_kinematics/lib:/home/aaron/ur_ws/install/moveit_ros_planning/lib:/home/aaron/ur_ws/install/moveit_ros_occupancy_map_monitor/lib:/home/aaron/ur_ws/install/moveit_resources_prbt_ikfast_manipulator_plugin/lib:/home/aaron/ur_ws/install/moveit_core/lib:/home/aaron/ur_ws/install/srdfdom/lib:${LD_LIBRARY_PATH} PATH=/home/aaron/ur_ws/install/moveit_core/bin:${PATH} PYTHONPATH=/home/aaron/ur_ws/install/moveit_configs_utils/lib/python3.10/site-packages:/home/aaron/ur_ws/install/srdfdom/local/lib/python3.10/dist-packages:/home/aaron/ur_ws/install/launch_param_builder/lib/python3.10/site-packages:${PYTHONPATH} /usr/bin/cmake --install /home/aaron/ur_ws/build/moveit_resources_prbt_pg70_support
[2.967s] Level 1:colcon.colcon_core.environment:checking '/home/aaron/ur_ws/install/moveit_resources_prbt_pg70_support' for CMake config files
[2.967s] Level 1:colcon.colcon_core.shell:create_environment_hook('moveit_resources_prbt_pg70_support', 'cmake_prefix_path')
[2.967s] INFO:colcon.colcon_core.shell:Creating environment hook '/home/aaron/ur_ws/install/moveit_resources_prbt_pg70_support/share/moveit_resources_prbt_pg70_support/hook/cmake_prefix_path.ps1'
[2.968s] INFO:colcon.colcon_core.shell:Creating environment descriptor '/home/aaron/ur_ws/install/moveit_resources_prbt_pg70_support/share/moveit_resources_prbt_pg70_support/hook/cmake_prefix_path.dsv'
[2.968s] INFO:colcon.colcon_core.shell:Creating environment hook '/home/aaron/ur_ws/install/moveit_resources_prbt_pg70_support/share/moveit_resources_prbt_pg70_support/hook/cmake_prefix_path.sh'
[2.968s] Level 1:colcon.colcon_core.environment:checking '/home/aaron/ur_ws/install/moveit_resources_prbt_pg70_support/bin'
[2.968s] Level 1:colcon.colcon_core.environment:checking '/home/aaron/ur_ws/install/moveit_resources_prbt_pg70_support/lib/pkgconfig/moveit_resources_prbt_pg70_support.pc'
[2.969s] Level 1:colcon.colcon_core.environment:checking '/home/aaron/ur_ws/install/moveit_resources_prbt_pg70_support/lib/python3.10/site-packages'
[2.969s] Level 1:colcon.colcon_core.environment:checking '/home/aaron/ur_ws/install/moveit_resources_prbt_pg70_support/bin'
[2.969s] INFO:colcon.colcon_core.shell:Creating package script '/home/aaron/ur_ws/install/moveit_resources_prbt_pg70_support/share/moveit_resources_prbt_pg70_support/package.ps1'
[2.969s] INFO:colcon.colcon_core.shell:Creating package descriptor '/home/aaron/ur_ws/install/moveit_resources_prbt_pg70_support/share/moveit_resources_prbt_pg70_support/package.dsv'
[2.969s] INFO:colcon.colcon_core.shell:Creating package script '/home/aaron/ur_ws/install/moveit_resources_prbt_pg70_support/share/moveit_resources_prbt_pg70_support/package.sh'
[2.970s] INFO:colcon.colcon_core.shell:Creating package script '/home/aaron/ur_ws/install/moveit_resources_prbt_pg70_support/share/moveit_resources_prbt_pg70_support/package.bash'
[2.970s] INFO:colcon.colcon_core.shell:Creating package script '/home/aaron/ur_ws/install/moveit_resources_prbt_pg70_support/share/moveit_resources_prbt_pg70_support/package.zsh'
[2.970s] Level 1:colcon.colcon_core.environment:create_file_with_runtime_dependencies(/home/aaron/ur_ws/install/moveit_resources_prbt_pg70_support/share/colcon-core/packages/moveit_resources_prbt_pg70_support)
[2.970s] Level 1:colcon.colcon_core.environment:create_environment_scripts_only(moveit_resources_prbt_pg70_support)
[2.970s] Level 1:colcon.colcon_core.environment:checking '/home/aaron/ur_ws/install/moveit_resources_prbt_pg70_support' for CMake module files
[2.971s] Level 1:colcon.colcon_core.environment:checking '/home/aaron/ur_ws/install/moveit_resources_prbt_pg70_support' for CMake config files
[2.971s] Level 1:colcon.colcon_core.shell:create_environment_hook('moveit_resources_prbt_pg70_support', 'cmake_prefix_path')
[2.971s] INFO:colcon.colcon_core.shell:Creating environment hook '/home/aaron/ur_ws/install/moveit_resources_prbt_pg70_support/share/moveit_resources_prbt_pg70_support/hook/cmake_prefix_path.ps1'
[2.971s] INFO:colcon.colcon_core.shell:Creating environment descriptor '/home/aaron/ur_ws/install/moveit_resources_prbt_pg70_support/share/moveit_resources_prbt_pg70_support/hook/cmake_prefix_path.dsv'
[2.971s] INFO:colcon.colcon_core.shell:Creating environment hook '/home/aaron/ur_ws/install/moveit_resources_prbt_pg70_support/share/moveit_resources_prbt_pg70_support/hook/cmake_prefix_path.sh'
[2.972s] Level 1:colcon.colcon_core.environment:checking '/home/aaron/ur_ws/install/moveit_resources_prbt_pg70_support/bin'
[2.972s] Level 1:colcon.colcon_core.environment:checking '/home/aaron/ur_ws/install/moveit_resources_prbt_pg70_support/lib/pkgconfig/moveit_resources_prbt_pg70_support.pc'
[2.972s] Level 1:colcon.colcon_core.environment:checking '/home/aaron/ur_ws/install/moveit_resources_prbt_pg70_support/lib/python3.10/site-packages'
[2.972s] Level 1:colcon.colcon_core.environment:checking '/home/aaron/ur_ws/install/moveit_resources_prbt_pg70_support/bin'
[2.972s] INFO:colcon.colcon_core.shell:Creating package script '/home/aaron/ur_ws/install/moveit_resources_prbt_pg70_support/share/moveit_resources_prbt_pg70_support/package.ps1'
[2.973s] INFO:colcon.colcon_core.shell:Creating package descriptor '/home/aaron/ur_ws/install/moveit_resources_prbt_pg70_support/share/moveit_resources_prbt_pg70_support/package.dsv'
[2.974s] INFO:colcon.colcon_core.shell:Creating package script '/home/aaron/ur_ws/install/moveit_resources_prbt_pg70_support/share/moveit_resources_prbt_pg70_support/package.sh'
[2.975s] INFO:colcon.colcon_core.shell:Creating package script '/home/aaron/ur_ws/install/moveit_resources_prbt_pg70_support/share/moveit_resources_prbt_pg70_support/package.bash'
[2.975s] INFO:colcon.colcon_core.shell:Creating package script '/home/aaron/ur_ws/install/moveit_resources_prbt_pg70_support/share/moveit_resources_prbt_pg70_support/package.zsh'
[2.975s] Level 1:colcon.colcon_core.environment:create_file_with_runtime_dependencies(/home/aaron/ur_ws/install/moveit_resources_prbt_pg70_support/share/colcon-core/packages/moveit_resources_prbt_pg70_support)
[2.976s] Level 1:colcon.colcon_core.environment:create_environment_scripts_only(moveit_ros_planning_interface)
[2.976s] Level 1:colcon.colcon_core.environment:checking '/home/aaron/ur_ws/install/moveit_ros_planning_interface' for CMake module files
[2.977s] DEBUG:colcon.colcon_core.event_handler.log_command:Invoked command in '/home/aaron/ur_ws/build/moveit_ros_planning_interface' returned '0': AMENT_PREFIX_PATH=/home/aaron/ur_ws/install/moveit_ros_move_group:/home/aaron/ur_ws/install/moveit_ros_warehouse:/home/aaron/ur_ws/install/moveit_planners_ompl:/home/aaron/ur_ws/install/moveit_kinematics:/home/aaron/ur_ws/install/moveit_ros_planning:/home/aaron/ur_ws/install/moveit_simple_controller_manager:/home/aaron/ur_ws/install/moveit_ros_occupancy_map_monitor:/home/aaron/ur_ws/install/moveit_core:/home/aaron/ur_ws/install/moveit_resources_panda_moveit_config:/home/aaron/ur_ws/install/moveit_resources_fanuc_moveit_config:/home/aaron/ur_ws/install/moveit_configs_utils:/home/aaron/ur_ws/install/srdfdom:/home/aaron/ur_ws/install/moveit_resources_pr2_description:/home/aaron/ur_ws/install/moveit_resources_panda_description:/home/aaron/ur_ws/install/moveit_resources_fanuc_description:/home/aaron/ur_ws/install/moveit_common:/home/aaron/ur_ws/install/launch_param_builder:${AMENT_PREFIX_PATH} CMAKE_PREFIX_PATH=/home/aaron/ur_ws/install/moveit_ros_move_group:/home/aaron/ur_ws/install/moveit_ros_warehouse:/home/aaron/ur_ws/install/moveit_planners_ompl:/home/aaron/ur_ws/install/moveit_kinematics:/home/aaron/ur_ws/install/moveit_ros_planning:/home/aaron/ur_ws/install/moveit_simple_controller_manager:/home/aaron/ur_ws/install/moveit_ros_occupancy_map_monitor:/home/aaron/ur_ws/install/moveit_core:/home/aaron/ur_ws/install/moveit_resources_panda_moveit_config:/home/aaron/ur_ws/install/moveit_resources_fanuc_moveit_config:/home/aaron/ur_ws/install/srdfdom:/home/aaron/ur_ws/install/moveit_resources_pr2_description:/home/aaron/ur_ws/install/moveit_resources_panda_description:/home/aaron/ur_ws/install/moveit_resources_fanuc_description:/home/aaron/ur_ws/install/moveit_common:/opt/ros/humble LD_LIBRARY_PATH=/home/aaron/ur_ws/install/moveit_ros_move_group/lib:/home/aaron/ur_ws/install/moveit_ros_warehouse/lib:/home/aaron/ur_ws/install/moveit_planners_ompl/lib:/home/aaron/ur_ws/install/moveit_kinematics/lib:/home/aaron/ur_ws/install/moveit_ros_planning/lib:/home/aaron/ur_ws/install/moveit_simple_controller_manager/lib:/home/aaron/ur_ws/install/moveit_ros_occupancy_map_monitor/lib:/home/aaron/ur_ws/install/moveit_core/lib:/home/aaron/ur_ws/install/srdfdom/lib:${LD_LIBRARY_PATH} PATH=/home/aaron/ur_ws/install/moveit_core/bin:${PATH} PYTHONPATH=/home/aaron/ur_ws/install/moveit_configs_utils/lib/python3.10/site-packages:/home/aaron/ur_ws/install/srdfdom/local/lib/python3.10/dist-packages:/home/aaron/ur_ws/install/launch_param_builder/lib/python3.10/site-packages:${PYTHONPATH} /usr/bin/cmake --install /home/aaron/ur_ws/build/moveit_ros_planning_interface
[2.977s] Level 1:colcon.colcon_core.environment:checking '/home/aaron/ur_ws/install/moveit_ros_planning_interface' for CMake config files
[2.977s] Level 1:colcon.colcon_core.shell:create_environment_hook('moveit_ros_planning_interface', 'cmake_prefix_path')
[2.978s] INFO:colcon.colcon_core.shell:Creating environment hook '/home/aaron/ur_ws/install/moveit_ros_planning_interface/share/moveit_ros_planning_interface/hook/cmake_prefix_path.ps1'
[2.978s] INFO:colcon.colcon_core.shell:Creating environment descriptor '/home/aaron/ur_ws/install/moveit_ros_planning_interface/share/moveit_ros_planning_interface/hook/cmake_prefix_path.dsv'
[2.978s] INFO:colcon.colcon_core.shell:Creating environment hook '/home/aaron/ur_ws/install/moveit_ros_planning_interface/share/moveit_ros_planning_interface/hook/cmake_prefix_path.sh'
[2.979s] Level 1:colcon.colcon_core.environment:checking '/home/aaron/ur_ws/install/moveit_ros_planning_interface/lib'
[2.979s] Level 1:colcon.colcon_core.shell:create_environment_hook('moveit_ros_planning_interface', 'ld_library_path_lib')
[2.979s] INFO:colcon.colcon_core.shell:Creating environment hook '/home/aaron/ur_ws/install/moveit_ros_planning_interface/share/moveit_ros_planning_interface/hook/ld_library_path_lib.ps1'
[2.979s] INFO:colcon.colcon_core.shell:Creating environment descriptor '/home/aaron/ur_ws/install/moveit_ros_planning_interface/share/moveit_ros_planning_interface/hook/ld_library_path_lib.dsv'
[2.979s] INFO:colcon.colcon_core.shell:Creating environment hook '/home/aaron/ur_ws/install/moveit_ros_planning_interface/share/moveit_ros_planning_interface/hook/ld_library_path_lib.sh'
[2.980s] Level 1:colcon.colcon_core.environment:checking '/home/aaron/ur_ws/install/moveit_ros_planning_interface/bin'
[2.980s] Level 1:colcon.colcon_core.environment:checking '/home/aaron/ur_ws/install/moveit_ros_planning_interface/lib/pkgconfig/moveit_ros_planning_interface.pc'
[2.980s] Level 1:colcon.colcon_core.environment:checking '/home/aaron/ur_ws/install/moveit_ros_planning_interface/lib/python3.10/site-packages'
[2.980s] Level 1:colcon.colcon_core.environment:checking '/home/aaron/ur_ws/install/moveit_ros_planning_interface/bin'
[2.980s] INFO:colcon.colcon_core.shell:Creating package script '/home/aaron/ur_ws/install/moveit_ros_planning_interface/share/moveit_ros_planning_interface/package.ps1'
[2.981s] INFO:colcon.colcon_core.shell:Creating package descriptor '/home/aaron/ur_ws/install/moveit_ros_planning_interface/share/moveit_ros_planning_interface/package.dsv'
[2.981s] INFO:colcon.colcon_core.shell:Creating package script '/home/aaron/ur_ws/install/moveit_ros_planning_interface/share/moveit_ros_planning_interface/package.sh'
[2.981s] INFO:colcon.colcon_core.shell:Creating package script '/home/aaron/ur_ws/install/moveit_ros_planning_interface/share/moveit_ros_planning_interface/package.bash'
[2.981s] INFO:colcon.colcon_core.shell:Creating package script '/home/aaron/ur_ws/install/moveit_ros_planning_interface/share/moveit_ros_planning_interface/package.zsh'
[2.981s] Level 1:colcon.colcon_core.environment:create_file_with_runtime_dependencies(/home/aaron/ur_ws/install/moveit_ros_planning_interface/share/colcon-core/packages/moveit_ros_planning_interface)
[2.982s] Level 1:colcon.colcon_core.environment:create_environment_scripts_only(moveit_ros_planning_interface)
[2.982s] Level 1:colcon.colcon_core.environment:checking '/home/aaron/ur_ws/install/moveit_ros_planning_interface' for CMake module files
[2.982s] Level 1:colcon.colcon_core.environment:checking '/home/aaron/ur_ws/install/moveit_ros_planning_interface' for CMake config files
[2.982s] Level 1:colcon.colcon_core.shell:create_environment_hook('moveit_ros_planning_interface', 'cmake_prefix_path')
[2.982s] INFO:colcon.colcon_core.shell:Creating environment hook '/home/aaron/ur_ws/install/moveit_ros_planning_interface/share/moveit_ros_planning_interface/hook/cmake_prefix_path.ps1'
[2.983s] INFO:colcon.colcon_core.shell:Creating environment descriptor '/home/aaron/ur_ws/install/moveit_ros_planning_interface/share/moveit_ros_planning_interface/hook/cmake_prefix_path.dsv'
[2.983s] INFO:colcon.colcon_core.shell:Creating environment hook '/home/aaron/ur_ws/install/moveit_ros_planning_interface/share/moveit_ros_planning_interface/hook/cmake_prefix_path.sh'
[2.983s] Level 1:colcon.colcon_core.environment:checking '/home/aaron/ur_ws/install/moveit_ros_planning_interface/lib'
[2.983s] Level 1:colcon.colcon_core.shell:create_environment_hook('moveit_ros_planning_interface', 'ld_library_path_lib')
[2.983s] INFO:colcon.colcon_core.shell:Creating environment hook '/home/aaron/ur_ws/install/moveit_ros_planning_interface/share/moveit_ros_planning_interface/hook/ld_library_path_lib.ps1'
[2.984s] INFO:colcon.colcon_core.shell:Creating environment descriptor '/home/aaron/ur_ws/install/moveit_ros_planning_interface/share/moveit_ros_planning_interface/hook/ld_library_path_lib.dsv'
[2.984s] INFO:colcon.colcon_core.shell:Creating environment hook '/home/aaron/ur_ws/install/moveit_ros_planning_interface/share/moveit_ros_planning_interface/hook/ld_library_path_lib.sh'
[2.984s] Level 1:colcon.colcon_core.environment:checking '/home/aaron/ur_ws/install/moveit_ros_planning_interface/bin'
[2.984s] Level 1:colcon.colcon_core.environment:checking '/home/aaron/ur_ws/install/moveit_ros_planning_interface/lib/pkgconfig/moveit_ros_planning_interface.pc'
[2.984s] Level 1:colcon.colcon_core.environment:checking '/home/aaron/ur_ws/install/moveit_ros_planning_interface/lib/python3.10/site-packages'
[2.984s] Level 1:colcon.colcon_core.environment:checking '/home/aaron/ur_ws/install/moveit_ros_planning_interface/bin'
[2.984s] INFO:colcon.colcon_core.shell:Creating package script '/home/aaron/ur_ws/install/moveit_ros_planning_interface/share/moveit_ros_planning_interface/package.ps1'
[2.985s] INFO:colcon.colcon_core.shell:Creating package descriptor '/home/aaron/ur_ws/install/moveit_ros_planning_interface/share/moveit_ros_planning_interface/package.dsv'
[2.985s] INFO:colcon.colcon_core.shell:Creating package script '/home/aaron/ur_ws/install/moveit_ros_planning_interface/share/moveit_ros_planning_interface/package.sh'
[2.985s] INFO:colcon.colcon_core.shell:Creating package script '/home/aaron/ur_ws/install/moveit_ros_planning_interface/share/moveit_ros_planning_interface/package.bash'
[2.986s] INFO:colcon.colcon_core.shell:Creating package script '/home/aaron/ur_ws/install/moveit_ros_planning_interface/share/moveit_ros_planning_interface/package.zsh'
[2.986s] Level 1:colcon.colcon_core.environment:create_file_with_runtime_dependencies(/home/aaron/ur_ws/install/moveit_ros_planning_interface/share/colcon-core/packages/moveit_ros_planning_interface)
[2.986s] INFO:colcon.colcon_ros.task.ament_cmake.build:Building ROS package in '/home/aaron/ur_ws/src/moveit2/moveit_ros/visualization' with build type 'ament_cmake'
[2.987s] INFO:colcon.colcon_cmake.task.cmake.build:Building CMake package in '/home/aaron/ur_ws/src/moveit2/moveit_ros/visualization'
[2.987s] INFO:colcon.colcon_core.shell:Skip shell extension 'powershell' for command environment: Not usable outside of PowerShell
[2.987s] DEBUG:colcon.colcon_core.shell:Skip shell extension 'dsv' for command environment
[2.989s] INFO:colcon.colcon_ros.task.ament_cmake.build:Building ROS package in '/home/aaron/ur_ws/src/moveit2/moveit_planners/pilz_industrial_motion_planner' with build type 'ament_cmake'
[2.989s] INFO:colcon.colcon_cmake.task.cmake.build:Building CMake package in '/home/aaron/ur_ws/src/moveit2/moveit_planners/pilz_industrial_motion_planner'
[2.990s] INFO:colcon.colcon_core.shell:Skip shell extension 'powershell' for command environment: Not usable outside of PowerShell
[2.990s] DEBUG:colcon.colcon_core.shell:Skip shell extension 'dsv' for command environment
[2.992s] INFO:colcon.colcon_ros.task.ament_cmake.build:Building ROS package in '/home/aaron/ur_ws/src/moveit2/moveit_ros/hybrid_planning' with build type 'ament_cmake'
[2.992s] INFO:colcon.colcon_cmake.task.cmake.build:Building CMake package in '/home/aaron/ur_ws/src/moveit2/moveit_ros/hybrid_planning'
[2.992s] INFO:colcon.colcon_core.shell:Skip shell extension 'powershell' for command environment: Not usable outside of PowerShell
[2.992s] DEBUG:colcon.colcon_core.shell:Skip shell extension 'dsv' for command environment
[2.997s] INFO:colcon.colcon_ros.task.ament_cmake.build:Building ROS package in '/home/aaron/ur_ws/src/moveit2/moveit_ros/moveit_servo' with build type 'ament_cmake'
[2.997s] INFO:colcon.colcon_cmake.task.cmake.build:Building CMake package in '/home/aaron/ur_ws/src/moveit2/moveit_ros/moveit_servo'
[2.997s] INFO:colcon.colcon_core.shell:Skip shell extension 'powershell' for command environment: Not usable outside of PowerShell
[2.997s] DEBUG:colcon.colcon_core.shell:Skip shell extension 'dsv' for command environment
[3.002s] INFO:colcon.colcon_ros.task.ament_cmake.build:Building ROS package in '/home/aaron/ur_ws/src/moveit2/moveit_py' with build type 'ament_cmake'
[3.002s] INFO:colcon.colcon_cmake.task.cmake.build:Building CMake package in '/home/aaron/ur_ws/src/moveit2/moveit_py'
[3.002s] INFO:colcon.colcon_core.shell:Skip shell extension 'powershell' for command environment: Not usable outside of PowerShell
[3.003s] DEBUG:colcon.colcon_core.shell:Skip shell extension 'dsv' for command environment
[3.019s] DEBUG:colcon.colcon_core.event_handler.log_command:Invoking command in '/home/aaron/ur_ws/build/moveit_ros_visualization': AMENT_PREFIX_PATH=/home/aaron/ur_ws/install/moveit_ros_planning_interface:/home/aaron/ur_ws/install/moveit_ros_move_group:/home/aaron/ur_ws/install/moveit_ros_warehouse:/home/aaron/ur_ws/install/moveit_ros_robot_interaction:/home/aaron/ur_ws/install/moveit_planners_ompl:/home/aaron/ur_ws/install/moveit_kinematics:/home/aaron/ur_ws/install/moveit_ros_planning:/home/aaron/ur_ws/install/moveit_simple_controller_manager:/home/aaron/ur_ws/install/moveit_ros_occupancy_map_monitor:/home/aaron/ur_ws/install/moveit_core:/home/aaron/ur_ws/install/moveit_resources_panda_moveit_config:/home/aaron/ur_ws/install/moveit_resources_fanuc_moveit_config:/home/aaron/ur_ws/install/moveit_configs_utils:/home/aaron/ur_ws/install/srdfdom:/home/aaron/ur_ws/install/moveit_resources_pr2_description:/home/aaron/ur_ws/install/moveit_resources_panda_description:/home/aaron/ur_ws/install/moveit_resources_fanuc_description:/home/aaron/ur_ws/install/moveit_common:/home/aaron/ur_ws/install/launch_param_builder:${AMENT_PREFIX_PATH} CMAKE_PREFIX_PATH=/home/aaron/ur_ws/install/moveit_ros_planning_interface:/home/aaron/ur_ws/install/moveit_ros_move_group:/home/aaron/ur_ws/install/moveit_ros_warehouse:/home/aaron/ur_ws/install/moveit_ros_robot_interaction:/home/aaron/ur_ws/install/moveit_planners_ompl:/home/aaron/ur_ws/install/moveit_kinematics:/home/aaron/ur_ws/install/moveit_ros_planning:/home/aaron/ur_ws/install/moveit_simple_controller_manager:/home/aaron/ur_ws/install/moveit_ros_occupancy_map_monitor:/home/aaron/ur_ws/install/moveit_core:/home/aaron/ur_ws/install/moveit_resources_panda_moveit_config:/home/aaron/ur_ws/install/moveit_resources_fanuc_moveit_config:/home/aaron/ur_ws/install/srdfdom:/home/aaron/ur_ws/install/moveit_resources_pr2_description:/home/aaron/ur_ws/install/moveit_resources_panda_description:/home/aaron/ur_ws/install/moveit_resources_fanuc_description:/home/aaron/ur_ws/install/moveit_common:/opt/ros/humble LD_LIBRARY_PATH=/home/aaron/ur_ws/install/moveit_ros_planning_interface/lib:/home/aaron/ur_ws/install/moveit_ros_move_group/lib:/home/aaron/ur_ws/install/moveit_ros_warehouse/lib:/home/aaron/ur_ws/install/moveit_ros_robot_interaction/lib:/home/aaron/ur_ws/install/moveit_planners_ompl/lib:/home/aaron/ur_ws/install/moveit_kinematics/lib:/home/aaron/ur_ws/install/moveit_ros_planning/lib:/home/aaron/ur_ws/install/moveit_simple_controller_manager/lib:/home/aaron/ur_ws/install/moveit_ros_occupancy_map_monitor/lib:/home/aaron/ur_ws/install/moveit_core/lib:/home/aaron/ur_ws/install/srdfdom/lib:${LD_LIBRARY_PATH} PATH=/home/aaron/ur_ws/install/moveit_core/bin:${PATH} PYTHONPATH=/home/aaron/ur_ws/install/moveit_configs_utils/lib/python3.10/site-packages:/home/aaron/ur_ws/install/srdfdom/local/lib/python3.10/dist-packages:/home/aaron/ur_ws/install/launch_param_builder/lib/python3.10/site-packages:${PYTHONPATH} /usr/bin/cmake --build /home/aaron/ur_ws/build/moveit_ros_visualization -- -j20 -l20
[3.022s] DEBUG:colcon.colcon_core.event_handler.log_command:Invoking command in '/home/aaron/ur_ws/build/pilz_industrial_motion_planner': AMENT_PREFIX_PATH=/home/aaron/ur_ws/install/moveit_resources_prbt_pg70_support:/home/aaron/ur_ws/install/moveit_ros_planning_interface:/home/aaron/ur_ws/install/moveit_resources_prbt_moveit_config:/home/aaron/ur_ws/install/moveit_ros_move_group:/home/aaron/ur_ws/install/moveit_ros_warehouse:/home/aaron/ur_ws/install/moveit_planners_ompl:/home/aaron/ur_ws/install/moveit_kinematics:/home/aaron/ur_ws/install/moveit_ros_planning:/home/aaron/ur_ws/install/pilz_industrial_motion_planner_testutils:/home/aaron/ur_ws/install/moveit_simple_controller_manager:/home/aaron/ur_ws/install/moveit_ros_occupancy_map_monitor:/home/aaron/ur_ws/install/moveit_resources_prbt_ikfast_manipulator_plugin:/home/aaron/ur_ws/install/moveit_core:/home/aaron/ur_ws/install/moveit_resources_panda_moveit_config:/home/aaron/ur_ws/install/moveit_resources_fanuc_moveit_config:/home/aaron/ur_ws/install/moveit_configs_utils:/home/aaron/ur_ws/install/srdfdom:/home/aaron/ur_ws/install/moveit_resources_prbt_support:/home/aaron/ur_ws/install/moveit_resources_pr2_description:/home/aaron/ur_ws/install/moveit_resources_panda_description:/home/aaron/ur_ws/install/moveit_resources_fanuc_description:/home/aaron/ur_ws/install/moveit_common:/home/aaron/ur_ws/install/launch_param_builder:${AMENT_PREFIX_PATH} CMAKE_PREFIX_PATH=/home/aaron/ur_ws/install/moveit_resources_prbt_pg70_support:/home/aaron/ur_ws/install/moveit_ros_planning_interface:/home/aaron/ur_ws/install/moveit_resources_prbt_moveit_config:/home/aaron/ur_ws/install/moveit_ros_move_group:/home/aaron/ur_ws/install/moveit_ros_warehouse:/home/aaron/ur_ws/install/moveit_planners_ompl:/home/aaron/ur_ws/install/moveit_kinematics:/home/aaron/ur_ws/install/moveit_ros_planning:/home/aaron/ur_ws/install/pilz_industrial_motion_planner_testutils:/home/aaron/ur_ws/install/moveit_simple_controller_manager:/home/aaron/ur_ws/install/moveit_ros_occupancy_map_monitor:/home/aaron/ur_ws/install/moveit_resources_prbt_ikfast_manipulator_plugin:/home/aaron/ur_ws/install/moveit_core:/home/aaron/ur_ws/install/moveit_resources_panda_moveit_config:/home/aaron/ur_ws/install/moveit_resources_fanuc_moveit_config:/home/aaron/ur_ws/install/srdfdom:/home/aaron/ur_ws/install/moveit_resources_prbt_support:/home/aaron/ur_ws/install/moveit_resources_pr2_description:/home/aaron/ur_ws/install/moveit_resources_panda_description:/home/aaron/ur_ws/install/moveit_resources_fanuc_description:/home/aaron/ur_ws/install/moveit_common:/opt/ros/humble LD_LIBRARY_PATH=/home/aaron/ur_ws/install/moveit_ros_planning_interface/lib:/home/aaron/ur_ws/install/moveit_ros_move_group/lib:/home/aaron/ur_ws/install/moveit_ros_warehouse/lib:/home/aaron/ur_ws/install/moveit_planners_ompl/lib:/home/aaron/ur_ws/install/moveit_kinematics/lib:/home/aaron/ur_ws/install/moveit_ros_planning/lib:/home/aaron/ur_ws/install/pilz_industrial_motion_planner_testutils/lib:/home/aaron/ur_ws/install/moveit_simple_controller_manager/lib:/home/aaron/ur_ws/install/moveit_ros_occupancy_map_monitor/lib:/home/aaron/ur_ws/install/moveit_resources_prbt_ikfast_manipulator_plugin/lib:/home/aaron/ur_ws/install/moveit_core/lib:/home/aaron/ur_ws/install/srdfdom/lib:${LD_LIBRARY_PATH} PATH=/home/aaron/ur_ws/install/moveit_core/bin:${PATH} PYTHONPATH=/home/aaron/ur_ws/install/moveit_configs_utils/lib/python3.10/site-packages:/home/aaron/ur_ws/install/srdfdom/local/lib/python3.10/dist-packages:/home/aaron/ur_ws/install/launch_param_builder/lib/python3.10/site-packages:${PYTHONPATH} /usr/bin/cmake --build /home/aaron/ur_ws/build/pilz_industrial_motion_planner -- -j20 -l20
[3.026s] DEBUG:colcon.colcon_core.event_handler.log_command:Invoking command in '/home/aaron/ur_ws/build/moveit_hybrid_planning': AMENT_PREFIX_PATH=/home/aaron/ur_ws/install/moveit_ros_planning_interface:/home/aaron/ur_ws/install/moveit_ros_move_group:/home/aaron/ur_ws/install/moveit_ros_warehouse:/home/aaron/ur_ws/install/moveit_planners_ompl:/home/aaron/ur_ws/install/moveit_kinematics:/home/aaron/ur_ws/install/moveit_ros_planning:/home/aaron/ur_ws/install/moveit_simple_controller_manager:/home/aaron/ur_ws/install/moveit_ros_occupancy_map_monitor:/home/aaron/ur_ws/install/moveit_core:/home/aaron/ur_ws/install/moveit_resources_panda_moveit_config:/home/aaron/ur_ws/install/moveit_resources_fanuc_moveit_config:/home/aaron/ur_ws/install/moveit_configs_utils:/home/aaron/ur_ws/install/srdfdom:/home/aaron/ur_ws/install/moveit_resources_pr2_description:/home/aaron/ur_ws/install/moveit_resources_panda_description:/home/aaron/ur_ws/install/moveit_resources_fanuc_description:/home/aaron/ur_ws/install/moveit_common:/home/aaron/ur_ws/install/launch_param_builder:${AMENT_PREFIX_PATH} CMAKE_PREFIX_PATH=/home/aaron/ur_ws/install/moveit_ros_planning_interface:/home/aaron/ur_ws/install/moveit_ros_move_group:/home/aaron/ur_ws/install/moveit_ros_warehouse:/home/aaron/ur_ws/install/moveit_planners_ompl:/home/aaron/ur_ws/install/moveit_kinematics:/home/aaron/ur_ws/install/moveit_ros_planning:/home/aaron/ur_ws/install/moveit_simple_controller_manager:/home/aaron/ur_ws/install/moveit_ros_occupancy_map_monitor:/home/aaron/ur_ws/install/moveit_core:/home/aaron/ur_ws/install/moveit_resources_panda_moveit_config:/home/aaron/ur_ws/install/moveit_resources_fanuc_moveit_config:/home/aaron/ur_ws/install/srdfdom:/home/aaron/ur_ws/install/moveit_resources_pr2_description:/home/aaron/ur_ws/install/moveit_resources_panda_description:/home/aaron/ur_ws/install/moveit_resources_fanuc_description:/home/aaron/ur_ws/install/moveit_common:/opt/ros/humble LD_LIBRARY_PATH=/home/aaron/ur_ws/install/moveit_ros_planning_interface/lib:/home/aaron/ur_ws/install/moveit_ros_move_group/lib:/home/aaron/ur_ws/install/moveit_ros_warehouse/lib:/home/aaron/ur_ws/install/moveit_planners_ompl/lib:/home/aaron/ur_ws/install/moveit_kinematics/lib:/home/aaron/ur_ws/install/moveit_ros_planning/lib:/home/aaron/ur_ws/install/moveit_simple_controller_manager/lib:/home/aaron/ur_ws/install/moveit_ros_occupancy_map_monitor/lib:/home/aaron/ur_ws/install/moveit_core/lib:/home/aaron/ur_ws/install/srdfdom/lib:${LD_LIBRARY_PATH} PATH=/home/aaron/ur_ws/install/moveit_core/bin:${PATH} PYTHONPATH=/home/aaron/ur_ws/install/moveit_configs_utils/lib/python3.10/site-packages:/home/aaron/ur_ws/install/srdfdom/local/lib/python3.10/dist-packages:/home/aaron/ur_ws/install/launch_param_builder/lib/python3.10/site-packages:${PYTHONPATH} /usr/bin/cmake --build /home/aaron/ur_ws/build/moveit_hybrid_planning -- -j20 -l20
[3.028s] DEBUG:colcon.colcon_core.event_handler.log_command:Invoking command in '/home/aaron/ur_ws/build/moveit_servo': AMENT_PREFIX_PATH=/home/aaron/ur_ws/install/moveit_ros_planning_interface:/home/aaron/ur_ws/install/moveit_ros_move_group:/home/aaron/ur_ws/install/moveit_ros_warehouse:/home/aaron/ur_ws/install/moveit_planners_ompl:/home/aaron/ur_ws/install/moveit_kinematics:/home/aaron/ur_ws/install/moveit_ros_planning:/home/aaron/ur_ws/install/moveit_simple_controller_manager:/home/aaron/ur_ws/install/moveit_ros_occupancy_map_monitor:/home/aaron/ur_ws/install/moveit_core:/home/aaron/ur_ws/install/moveit_resources_panda_moveit_config:/home/aaron/ur_ws/install/moveit_resources_fanuc_moveit_config:/home/aaron/ur_ws/install/moveit_configs_utils:/home/aaron/ur_ws/install/srdfdom:/home/aaron/ur_ws/install/moveit_resources_pr2_description:/home/aaron/ur_ws/install/moveit_resources_panda_description:/home/aaron/ur_ws/install/moveit_resources_fanuc_description:/home/aaron/ur_ws/install/moveit_common:/home/aaron/ur_ws/install/launch_param_builder:${AMENT_PREFIX_PATH} CMAKE_PREFIX_PATH=/home/aaron/ur_ws/install/moveit_ros_planning_interface:/home/aaron/ur_ws/install/moveit_ros_move_group:/home/aaron/ur_ws/install/moveit_ros_warehouse:/home/aaron/ur_ws/install/moveit_planners_ompl:/home/aaron/ur_ws/install/moveit_kinematics:/home/aaron/ur_ws/install/moveit_ros_planning:/home/aaron/ur_ws/install/moveit_simple_controller_manager:/home/aaron/ur_ws/install/moveit_ros_occupancy_map_monitor:/home/aaron/ur_ws/install/moveit_core:/home/aaron/ur_ws/install/moveit_resources_panda_moveit_config:/home/aaron/ur_ws/install/moveit_resources_fanuc_moveit_config:/home/aaron/ur_ws/install/srdfdom:/home/aaron/ur_ws/install/moveit_resources_pr2_description:/home/aaron/ur_ws/install/moveit_resources_panda_description:/home/aaron/ur_ws/install/moveit_resources_fanuc_description:/home/aaron/ur_ws/install/moveit_common:/opt/ros/humble LD_LIBRARY_PATH=/home/aaron/ur_ws/install/moveit_ros_planning_interface/lib:/home/aaron/ur_ws/install/moveit_ros_move_group/lib:/home/aaron/ur_ws/install/moveit_ros_warehouse/lib:/home/aaron/ur_ws/install/moveit_planners_ompl/lib:/home/aaron/ur_ws/install/moveit_kinematics/lib:/home/aaron/ur_ws/install/moveit_ros_planning/lib:/home/aaron/ur_ws/install/moveit_simple_controller_manager/lib:/home/aaron/ur_ws/install/moveit_ros_occupancy_map_monitor/lib:/home/aaron/ur_ws/install/moveit_core/lib:/home/aaron/ur_ws/install/srdfdom/lib:${LD_LIBRARY_PATH} PATH=/home/aaron/ur_ws/install/moveit_core/bin:${PATH} PYTHONPATH=/home/aaron/ur_ws/install/moveit_configs_utils/lib/python3.10/site-packages:/home/aaron/ur_ws/install/srdfdom/local/lib/python3.10/dist-packages:/home/aaron/ur_ws/install/launch_param_builder/lib/python3.10/site-packages:${PYTHONPATH} /usr/bin/cmake --build /home/aaron/ur_ws/build/moveit_servo -- -j20 -l20
[3.038s] DEBUG:colcon.colcon_core.event_handler.log_command:Invoking command in '/home/aaron/ur_ws/build/moveit_py': AMENT_PREFIX_PATH=/home/aaron/ur_ws/install/moveit_ros_planning_interface:/home/aaron/ur_ws/install/moveit_ros_move_group:/home/aaron/ur_ws/install/moveit_ros_warehouse:/home/aaron/ur_ws/install/moveit_planners_ompl:/home/aaron/ur_ws/install/moveit_kinematics:/home/aaron/ur_ws/install/moveit_ros_planning:/home/aaron/ur_ws/install/moveit_simple_controller_manager:/home/aaron/ur_ws/install/moveit_ros_occupancy_map_monitor:/home/aaron/ur_ws/install/moveit_core:/home/aaron/ur_ws/install/moveit_resources_panda_moveit_config:/home/aaron/ur_ws/install/moveit_resources_fanuc_moveit_config:/home/aaron/ur_ws/install/moveit_configs_utils:/home/aaron/ur_ws/install/srdfdom:/home/aaron/ur_ws/install/moveit_resources_pr2_description:/home/aaron/ur_ws/install/moveit_resources_panda_description:/home/aaron/ur_ws/install/moveit_resources_fanuc_description:/home/aaron/ur_ws/install/moveit_common:/home/aaron/ur_ws/install/launch_param_builder:${AMENT_PREFIX_PATH} CMAKE_PREFIX_PATH=/home/aaron/ur_ws/install/moveit_ros_planning_interface:/home/aaron/ur_ws/install/moveit_ros_move_group:/home/aaron/ur_ws/install/moveit_ros_warehouse:/home/aaron/ur_ws/install/moveit_planners_ompl:/home/aaron/ur_ws/install/moveit_kinematics:/home/aaron/ur_ws/install/moveit_ros_planning:/home/aaron/ur_ws/install/moveit_simple_controller_manager:/home/aaron/ur_ws/install/moveit_ros_occupancy_map_monitor:/home/aaron/ur_ws/install/moveit_core:/home/aaron/ur_ws/install/moveit_resources_panda_moveit_config:/home/aaron/ur_ws/install/moveit_resources_fanuc_moveit_config:/home/aaron/ur_ws/install/srdfdom:/home/aaron/ur_ws/install/moveit_resources_pr2_description:/home/aaron/ur_ws/install/moveit_resources_panda_description:/home/aaron/ur_ws/install/moveit_resources_fanuc_description:/home/aaron/ur_ws/install/moveit_common:/opt/ros/humble LD_LIBRARY_PATH=/home/aaron/ur_ws/install/moveit_ros_planning_interface/lib:/home/aaron/ur_ws/install/moveit_ros_move_group/lib:/home/aaron/ur_ws/install/moveit_ros_warehouse/lib:/home/aaron/ur_ws/install/moveit_planners_ompl/lib:/home/aaron/ur_ws/install/moveit_kinematics/lib:/home/aaron/ur_ws/install/moveit_ros_planning/lib:/home/aaron/ur_ws/install/moveit_simple_controller_manager/lib:/home/aaron/ur_ws/install/moveit_ros_occupancy_map_monitor/lib:/home/aaron/ur_ws/install/moveit_core/lib:/home/aaron/ur_ws/install/srdfdom/lib:${LD_LIBRARY_PATH} PATH=/home/aaron/ur_ws/install/moveit_core/bin:${PATH} PYTHONPATH=/home/aaron/ur_ws/install/moveit_configs_utils/lib/python3.10/site-packages:/home/aaron/ur_ws/install/srdfdom/local/lib/python3.10/dist-packages:/home/aaron/ur_ws/install/launch_param_builder/lib/python3.10/site-packages:${PYTHONPATH} /usr/bin/cmake --build /home/aaron/ur_ws/build/moveit_py -- -j20 -l20
[84.552s] DEBUG:colcon.colcon_core.event_handler.log_command:Invoked command in '/home/aaron/ur_ws/build/moveit_py' returned '0': AMENT_PREFIX_PATH=/home/aaron/ur_ws/install/moveit_ros_planning_interface:/home/aaron/ur_ws/install/moveit_ros_move_group:/home/aaron/ur_ws/install/moveit_ros_warehouse:/home/aaron/ur_ws/install/moveit_planners_ompl:/home/aaron/ur_ws/install/moveit_kinematics:/home/aaron/ur_ws/install/moveit_ros_planning:/home/aaron/ur_ws/install/moveit_simple_controller_manager:/home/aaron/ur_ws/install/moveit_ros_occupancy_map_monitor:/home/aaron/ur_ws/install/moveit_core:/home/aaron/ur_ws/install/moveit_resources_panda_moveit_config:/home/aaron/ur_ws/install/moveit_resources_fanuc_moveit_config:/home/aaron/ur_ws/install/moveit_configs_utils:/home/aaron/ur_ws/install/srdfdom:/home/aaron/ur_ws/install/moveit_resources_pr2_description:/home/aaron/ur_ws/install/moveit_resources_panda_description:/home/aaron/ur_ws/install/moveit_resources_fanuc_description:/home/aaron/ur_ws/install/moveit_common:/home/aaron/ur_ws/install/launch_param_builder:${AMENT_PREFIX_PATH} CMAKE_PREFIX_PATH=/home/aaron/ur_ws/install/moveit_ros_planning_interface:/home/aaron/ur_ws/install/moveit_ros_move_group:/home/aaron/ur_ws/install/moveit_ros_warehouse:/home/aaron/ur_ws/install/moveit_planners_ompl:/home/aaron/ur_ws/install/moveit_kinematics:/home/aaron/ur_ws/install/moveit_ros_planning:/home/aaron/ur_ws/install/moveit_simple_controller_manager:/home/aaron/ur_ws/install/moveit_ros_occupancy_map_monitor:/home/aaron/ur_ws/install/moveit_core:/home/aaron/ur_ws/install/moveit_resources_panda_moveit_config:/home/aaron/ur_ws/install/moveit_resources_fanuc_moveit_config:/home/aaron/ur_ws/install/srdfdom:/home/aaron/ur_ws/install/moveit_resources_pr2_description:/home/aaron/ur_ws/install/moveit_resources_panda_description:/home/aaron/ur_ws/install/moveit_resources_fanuc_description:/home/aaron/ur_ws/install/moveit_common:/opt/ros/humble LD_LIBRARY_PATH=/home/aaron/ur_ws/install/moveit_ros_planning_interface/lib:/home/aaron/ur_ws/install/moveit_ros_move_group/lib:/home/aaron/ur_ws/install/moveit_ros_warehouse/lib:/home/aaron/ur_ws/install/moveit_planners_ompl/lib:/home/aaron/ur_ws/install/moveit_kinematics/lib:/home/aaron/ur_ws/install/moveit_ros_planning/lib:/home/aaron/ur_ws/install/moveit_simple_controller_manager/lib:/home/aaron/ur_ws/install/moveit_ros_occupancy_map_monitor/lib:/home/aaron/ur_ws/install/moveit_core/lib:/home/aaron/ur_ws/install/srdfdom/lib:${LD_LIBRARY_PATH} PATH=/home/aaron/ur_ws/install/moveit_core/bin:${PATH} PYTHONPATH=/home/aaron/ur_ws/install/moveit_configs_utils/lib/python3.10/site-packages:/home/aaron/ur_ws/install/srdfdom/local/lib/python3.10/dist-packages:/home/aaron/ur_ws/install/launch_param_builder/lib/python3.10/site-packages:${PYTHONPATH} /usr/bin/cmake --build /home/aaron/ur_ws/build/moveit_py -- -j20 -l20
[84.556s] DEBUG:colcon.colcon_core.event_handler.log_command:Invoking command in '/home/aaron/ur_ws/build/moveit_py': AMENT_PREFIX_PATH=/home/aaron/ur_ws/install/moveit_ros_planning_interface:/home/aaron/ur_ws/install/moveit_ros_move_group:/home/aaron/ur_ws/install/moveit_ros_warehouse:/home/aaron/ur_ws/install/moveit_planners_ompl:/home/aaron/ur_ws/install/moveit_kinematics:/home/aaron/ur_ws/install/moveit_ros_planning:/home/aaron/ur_ws/install/moveit_simple_controller_manager:/home/aaron/ur_ws/install/moveit_ros_occupancy_map_monitor:/home/aaron/ur_ws/install/moveit_core:/home/aaron/ur_ws/install/moveit_resources_panda_moveit_config:/home/aaron/ur_ws/install/moveit_resources_fanuc_moveit_config:/home/aaron/ur_ws/install/moveit_configs_utils:/home/aaron/ur_ws/install/srdfdom:/home/aaron/ur_ws/install/moveit_resources_pr2_description:/home/aaron/ur_ws/install/moveit_resources_panda_description:/home/aaron/ur_ws/install/moveit_resources_fanuc_description:/home/aaron/ur_ws/install/moveit_common:/home/aaron/ur_ws/install/launch_param_builder:${AMENT_PREFIX_PATH} CMAKE_PREFIX_PATH=/home/aaron/ur_ws/install/moveit_ros_planning_interface:/home/aaron/ur_ws/install/moveit_ros_move_group:/home/aaron/ur_ws/install/moveit_ros_warehouse:/home/aaron/ur_ws/install/moveit_planners_ompl:/home/aaron/ur_ws/install/moveit_kinematics:/home/aaron/ur_ws/install/moveit_ros_planning:/home/aaron/ur_ws/install/moveit_simple_controller_manager:/home/aaron/ur_ws/install/moveit_ros_occupancy_map_monitor:/home/aaron/ur_ws/install/moveit_core:/home/aaron/ur_ws/install/moveit_resources_panda_moveit_config:/home/aaron/ur_ws/install/moveit_resources_fanuc_moveit_config:/home/aaron/ur_ws/install/srdfdom:/home/aaron/ur_ws/install/moveit_resources_pr2_description:/home/aaron/ur_ws/install/moveit_resources_panda_description:/home/aaron/ur_ws/install/moveit_resources_fanuc_description:/home/aaron/ur_ws/install/moveit_common:/opt/ros/humble LD_LIBRARY_PATH=/home/aaron/ur_ws/install/moveit_ros_planning_interface/lib:/home/aaron/ur_ws/install/moveit_ros_move_group/lib:/home/aaron/ur_ws/install/moveit_ros_warehouse/lib:/home/aaron/ur_ws/install/moveit_planners_ompl/lib:/home/aaron/ur_ws/install/moveit_kinematics/lib:/home/aaron/ur_ws/install/moveit_ros_planning/lib:/home/aaron/ur_ws/install/moveit_simple_controller_manager/lib:/home/aaron/ur_ws/install/moveit_ros_occupancy_map_monitor/lib:/home/aaron/ur_ws/install/moveit_core/lib:/home/aaron/ur_ws/install/srdfdom/lib:${LD_LIBRARY_PATH} PATH=/home/aaron/ur_ws/install/moveit_core/bin:${PATH} PYTHONPATH=/home/aaron/ur_ws/install/moveit_configs_utils/lib/python3.10/site-packages:/home/aaron/ur_ws/install/srdfdom/local/lib/python3.10/dist-packages:/home/aaron/ur_ws/install/launch_param_builder/lib/python3.10/site-packages:${PYTHONPATH} /usr/bin/cmake --install /home/aaron/ur_ws/build/moveit_py
[84.709s] Level 1:colcon.colcon_core.environment:create_environment_scripts_only(moveit_py)
[84.710s] Level 1:colcon.colcon_core.environment:checking '/home/aaron/ur_ws/install/moveit_py' for CMake module files
[84.711s] DEBUG:colcon.colcon_core.event_handler.log_command:Invoked command in '/home/aaron/ur_ws/build/moveit_py' returned '0': AMENT_PREFIX_PATH=/home/aaron/ur_ws/install/moveit_ros_planning_interface:/home/aaron/ur_ws/install/moveit_ros_move_group:/home/aaron/ur_ws/install/moveit_ros_warehouse:/home/aaron/ur_ws/install/moveit_planners_ompl:/home/aaron/ur_ws/install/moveit_kinematics:/home/aaron/ur_ws/install/moveit_ros_planning:/home/aaron/ur_ws/install/moveit_simple_controller_manager:/home/aaron/ur_ws/install/moveit_ros_occupancy_map_monitor:/home/aaron/ur_ws/install/moveit_core:/home/aaron/ur_ws/install/moveit_resources_panda_moveit_config:/home/aaron/ur_ws/install/moveit_resources_fanuc_moveit_config:/home/aaron/ur_ws/install/moveit_configs_utils:/home/aaron/ur_ws/install/srdfdom:/home/aaron/ur_ws/install/moveit_resources_pr2_description:/home/aaron/ur_ws/install/moveit_resources_panda_description:/home/aaron/ur_ws/install/moveit_resources_fanuc_description:/home/aaron/ur_ws/install/moveit_common:/home/aaron/ur_ws/install/launch_param_builder:${AMENT_PREFIX_PATH} CMAKE_PREFIX_PATH=/home/aaron/ur_ws/install/moveit_ros_planning_interface:/home/aaron/ur_ws/install/moveit_ros_move_group:/home/aaron/ur_ws/install/moveit_ros_warehouse:/home/aaron/ur_ws/install/moveit_planners_ompl:/home/aaron/ur_ws/install/moveit_kinematics:/home/aaron/ur_ws/install/moveit_ros_planning:/home/aaron/ur_ws/install/moveit_simple_controller_manager:/home/aaron/ur_ws/install/moveit_ros_occupancy_map_monitor:/home/aaron/ur_ws/install/moveit_core:/home/aaron/ur_ws/install/moveit_resources_panda_moveit_config:/home/aaron/ur_ws/install/moveit_resources_fanuc_moveit_config:/home/aaron/ur_ws/install/srdfdom:/home/aaron/ur_ws/install/moveit_resources_pr2_description:/home/aaron/ur_ws/install/moveit_resources_panda_description:/home/aaron/ur_ws/install/moveit_resources_fanuc_description:/home/aaron/ur_ws/install/moveit_common:/opt/ros/humble LD_LIBRARY_PATH=/home/aaron/ur_ws/install/moveit_ros_planning_interface/lib:/home/aaron/ur_ws/install/moveit_ros_move_group/lib:/home/aaron/ur_ws/install/moveit_ros_warehouse/lib:/home/aaron/ur_ws/install/moveit_planners_ompl/lib:/home/aaron/ur_ws/install/moveit_kinematics/lib:/home/aaron/ur_ws/install/moveit_ros_planning/lib:/home/aaron/ur_ws/install/moveit_simple_controller_manager/lib:/home/aaron/ur_ws/install/moveit_ros_occupancy_map_monitor/lib:/home/aaron/ur_ws/install/moveit_core/lib:/home/aaron/ur_ws/install/srdfdom/lib:${LD_LIBRARY_PATH} PATH=/home/aaron/ur_ws/install/moveit_core/bin:${PATH} PYTHONPATH=/home/aaron/ur_ws/install/moveit_configs_utils/lib/python3.10/site-packages:/home/aaron/ur_ws/install/srdfdom/local/lib/python3.10/dist-packages:/home/aaron/ur_ws/install/launch_param_builder/lib/python3.10/site-packages:${PYTHONPATH} /usr/bin/cmake --install /home/aaron/ur_ws/build/moveit_py
[84.712s] Level 1:colcon.colcon_core.environment:checking '/home/aaron/ur_ws/install/moveit_py' for CMake config files
[84.713s] Level 1:colcon.colcon_core.shell:create_environment_hook('moveit_py', 'cmake_prefix_path')
[84.714s] INFO:colcon.colcon_core.shell:Creating environment hook '/home/aaron/ur_ws/install/moveit_py/share/moveit_py/hook/cmake_prefix_path.ps1'
[84.715s] INFO:colcon.colcon_core.shell:Creating environment descriptor '/home/aaron/ur_ws/install/moveit_py/share/moveit_py/hook/cmake_prefix_path.dsv'
[84.716s] INFO:colcon.colcon_core.shell:Creating environment hook '/home/aaron/ur_ws/install/moveit_py/share/moveit_py/hook/cmake_prefix_path.sh'
[84.717s] Level 1:colcon.colcon_core.environment:checking '/home/aaron/ur_ws/install/moveit_py/lib'
[84.717s] Level 1:colcon.colcon_core.shell:create_environment_hook('moveit_py', 'ld_library_path_lib')
[84.718s] INFO:colcon.colcon_core.shell:Creating environment hook '/home/aaron/ur_ws/install/moveit_py/share/moveit_py/hook/ld_library_path_lib.ps1'
[84.719s] INFO:colcon.colcon_core.shell:Creating environment descriptor '/home/aaron/ur_ws/install/moveit_py/share/moveit_py/hook/ld_library_path_lib.dsv'
[84.720s] INFO:colcon.colcon_core.shell:Creating environment hook '/home/aaron/ur_ws/install/moveit_py/share/moveit_py/hook/ld_library_path_lib.sh'
[84.721s] Level 1:colcon.colcon_core.environment:checking '/home/aaron/ur_ws/install/moveit_py/bin'
[84.721s] Level 1:colcon.colcon_core.environment:checking '/home/aaron/ur_ws/install/moveit_py/lib/pkgconfig/moveit_py.pc'
[84.722s] Level 1:colcon.colcon_core.environment:checking '/home/aaron/ur_ws/install/moveit_py/lib/python3.10/site-packages'
[84.723s] Level 1:colcon.colcon_core.environment:checking '/home/aaron/ur_ws/install/moveit_py/bin'
[84.724s] INFO:colcon.colcon_core.shell:Creating package script '/home/aaron/ur_ws/install/moveit_py/share/moveit_py/package.ps1'
[84.725s] INFO:colcon.colcon_core.shell:Creating package descriptor '/home/aaron/ur_ws/install/moveit_py/share/moveit_py/package.dsv'
[84.726s] INFO:colcon.colcon_core.shell:Creating package script '/home/aaron/ur_ws/install/moveit_py/share/moveit_py/package.sh'
[84.727s] INFO:colcon.colcon_core.shell:Creating package script '/home/aaron/ur_ws/install/moveit_py/share/moveit_py/package.bash'
[84.728s] INFO:colcon.colcon_core.shell:Creating package script '/home/aaron/ur_ws/install/moveit_py/share/moveit_py/package.zsh'
[84.729s] Level 1:colcon.colcon_core.environment:create_file_with_runtime_dependencies(/home/aaron/ur_ws/install/moveit_py/share/colcon-core/packages/moveit_py)
[84.731s] Level 1:colcon.colcon_core.environment:create_environment_scripts_only(moveit_py)
[84.731s] Level 1:colcon.colcon_core.environment:checking '/home/aaron/ur_ws/install/moveit_py' for CMake module files
[84.732s] Level 1:colcon.colcon_core.environment:checking '/home/aaron/ur_ws/install/moveit_py' for CMake config files
[84.733s] Level 1:colcon.colcon_core.shell:create_environment_hook('moveit_py', 'cmake_prefix_path')
[84.734s] INFO:colcon.colcon_core.shell:Creating environment hook '/home/aaron/ur_ws/install/moveit_py/share/moveit_py/hook/cmake_prefix_path.ps1'
[84.735s] INFO:colcon.colcon_core.shell:Creating environment descriptor '/home/aaron/ur_ws/install/moveit_py/share/moveit_py/hook/cmake_prefix_path.dsv'
[84.736s] INFO:colcon.colcon_core.shell:Creating environment hook '/home/aaron/ur_ws/install/moveit_py/share/moveit_py/hook/cmake_prefix_path.sh'
[84.737s] Level 1:colcon.colcon_core.environment:checking '/home/aaron/ur_ws/install/moveit_py/lib'
[84.737s] Level 1:colcon.colcon_core.shell:create_environment_hook('moveit_py', 'ld_library_path_lib')
[84.738s] INFO:colcon.colcon_core.shell:Creating environment hook '/home/aaron/ur_ws/install/moveit_py/share/moveit_py/hook/ld_library_path_lib.ps1'
[84.739s] INFO:colcon.colcon_core.shell:Creating environment descriptor '/home/aaron/ur_ws/install/moveit_py/share/moveit_py/hook/ld_library_path_lib.dsv'
[84.740s] INFO:colcon.colcon_core.shell:Creating environment hook '/home/aaron/ur_ws/install/moveit_py/share/moveit_py/hook/ld_library_path_lib.sh'
[84.741s] Level 1:colcon.colcon_core.environment:checking '/home/aaron/ur_ws/install/moveit_py/bin'
[84.741s] Level 1:colcon.colcon_core.environment:checking '/home/aaron/ur_ws/install/moveit_py/lib/pkgconfig/moveit_py.pc'
[84.741s] Level 1:colcon.colcon_core.environment:checking '/home/aaron/ur_ws/install/moveit_py/lib/python3.10/site-packages'
[84.742s] Level 1:colcon.colcon_core.environment:checking '/home/aaron/ur_ws/install/moveit_py/bin'
[84.743s] INFO:colcon.colcon_core.shell:Creating package script '/home/aaron/ur_ws/install/moveit_py/share/moveit_py/package.ps1'
[84.745s] INFO:colcon.colcon_core.shell:Creating package descriptor '/home/aaron/ur_ws/install/moveit_py/share/moveit_py/package.dsv'
[84.746s] INFO:colcon.colcon_core.shell:Creating package script '/home/aaron/ur_ws/install/moveit_py/share/moveit_py/package.sh'
[84.747s] INFO:colcon.colcon_core.shell:Creating package script '/home/aaron/ur_ws/install/moveit_py/share/moveit_py/package.bash'
[84.748s] INFO:colcon.colcon_core.shell:Creating package script '/home/aaron/ur_ws/install/moveit_py/share/moveit_py/package.zsh'
[84.749s] Level 1:colcon.colcon_core.environment:create_file_with_runtime_dependencies(/home/aaron/ur_ws/install/moveit_py/share/colcon-core/packages/moveit_py)
[192.583s] DEBUG:colcon.colcon_core.event_handler.log_command:Invoked command in '/home/aaron/ur_ws/build/moveit_hybrid_planning' returned '0': AMENT_PREFIX_PATH=/home/aaron/ur_ws/install/moveit_ros_planning_interface:/home/aaron/ur_ws/install/moveit_ros_move_group:/home/aaron/ur_ws/install/moveit_ros_warehouse:/home/aaron/ur_ws/install/moveit_planners_ompl:/home/aaron/ur_ws/install/moveit_kinematics:/home/aaron/ur_ws/install/moveit_ros_planning:/home/aaron/ur_ws/install/moveit_simple_controller_manager:/home/aaron/ur_ws/install/moveit_ros_occupancy_map_monitor:/home/aaron/ur_ws/install/moveit_core:/home/aaron/ur_ws/install/moveit_resources_panda_moveit_config:/home/aaron/ur_ws/install/moveit_resources_fanuc_moveit_config:/home/aaron/ur_ws/install/moveit_configs_utils:/home/aaron/ur_ws/install/srdfdom:/home/aaron/ur_ws/install/moveit_resources_pr2_description:/home/aaron/ur_ws/install/moveit_resources_panda_description:/home/aaron/ur_ws/install/moveit_resources_fanuc_description:/home/aaron/ur_ws/install/moveit_common:/home/aaron/ur_ws/install/launch_param_builder:${AMENT_PREFIX_PATH} CMAKE_PREFIX_PATH=/home/aaron/ur_ws/install/moveit_ros_planning_interface:/home/aaron/ur_ws/install/moveit_ros_move_group:/home/aaron/ur_ws/install/moveit_ros_warehouse:/home/aaron/ur_ws/install/moveit_planners_ompl:/home/aaron/ur_ws/install/moveit_kinematics:/home/aaron/ur_ws/install/moveit_ros_planning:/home/aaron/ur_ws/install/moveit_simple_controller_manager:/home/aaron/ur_ws/install/moveit_ros_occupancy_map_monitor:/home/aaron/ur_ws/install/moveit_core:/home/aaron/ur_ws/install/moveit_resources_panda_moveit_config:/home/aaron/ur_ws/install/moveit_resources_fanuc_moveit_config:/home/aaron/ur_ws/install/srdfdom:/home/aaron/ur_ws/install/moveit_resources_pr2_description:/home/aaron/ur_ws/install/moveit_resources_panda_description:/home/aaron/ur_ws/install/moveit_resources_fanuc_description:/home/aaron/ur_ws/install/moveit_common:/opt/ros/humble LD_LIBRARY_PATH=/home/aaron/ur_ws/install/moveit_ros_planning_interface/lib:/home/aaron/ur_ws/install/moveit_ros_move_group/lib:/home/aaron/ur_ws/install/moveit_ros_warehouse/lib:/home/aaron/ur_ws/install/moveit_planners_ompl/lib:/home/aaron/ur_ws/install/moveit_kinematics/lib:/home/aaron/ur_ws/install/moveit_ros_planning/lib:/home/aaron/ur_ws/install/moveit_simple_controller_manager/lib:/home/aaron/ur_ws/install/moveit_ros_occupancy_map_monitor/lib:/home/aaron/ur_ws/install/moveit_core/lib:/home/aaron/ur_ws/install/srdfdom/lib:${LD_LIBRARY_PATH} PATH=/home/aaron/ur_ws/install/moveit_core/bin:${PATH} PYTHONPATH=/home/aaron/ur_ws/install/moveit_configs_utils/lib/python3.10/site-packages:/home/aaron/ur_ws/install/srdfdom/local/lib/python3.10/dist-packages:/home/aaron/ur_ws/install/launch_param_builder/lib/python3.10/site-packages:${PYTHONPATH} /usr/bin/cmake --build /home/aaron/ur_ws/build/moveit_hybrid_planning -- -j20 -l20
[192.588s] DEBUG:colcon.colcon_core.event_handler.log_command:Invoking command in '/home/aaron/ur_ws/build/moveit_hybrid_planning': AMENT_PREFIX_PATH=/home/aaron/ur_ws/install/moveit_ros_planning_interface:/home/aaron/ur_ws/install/moveit_ros_move_group:/home/aaron/ur_ws/install/moveit_ros_warehouse:/home/aaron/ur_ws/install/moveit_planners_ompl:/home/aaron/ur_ws/install/moveit_kinematics:/home/aaron/ur_ws/install/moveit_ros_planning:/home/aaron/ur_ws/install/moveit_simple_controller_manager:/home/aaron/ur_ws/install/moveit_ros_occupancy_map_monitor:/home/aaron/ur_ws/install/moveit_core:/home/aaron/ur_ws/install/moveit_resources_panda_moveit_config:/home/aaron/ur_ws/install/moveit_resources_fanuc_moveit_config:/home/aaron/ur_ws/install/moveit_configs_utils:/home/aaron/ur_ws/install/srdfdom:/home/aaron/ur_ws/install/moveit_resources_pr2_description:/home/aaron/ur_ws/install/moveit_resources_panda_description:/home/aaron/ur_ws/install/moveit_resources_fanuc_description:/home/aaron/ur_ws/install/moveit_common:/home/aaron/ur_ws/install/launch_param_builder:${AMENT_PREFIX_PATH} CMAKE_PREFIX_PATH=/home/aaron/ur_ws/install/moveit_ros_planning_interface:/home/aaron/ur_ws/install/moveit_ros_move_group:/home/aaron/ur_ws/install/moveit_ros_warehouse:/home/aaron/ur_ws/install/moveit_planners_ompl:/home/aaron/ur_ws/install/moveit_kinematics:/home/aaron/ur_ws/install/moveit_ros_planning:/home/aaron/ur_ws/install/moveit_simple_controller_manager:/home/aaron/ur_ws/install/moveit_ros_occupancy_map_monitor:/home/aaron/ur_ws/install/moveit_core:/home/aaron/ur_ws/install/moveit_resources_panda_moveit_config:/home/aaron/ur_ws/install/moveit_resources_fanuc_moveit_config:/home/aaron/ur_ws/install/srdfdom:/home/aaron/ur_ws/install/moveit_resources_pr2_description:/home/aaron/ur_ws/install/moveit_resources_panda_description:/home/aaron/ur_ws/install/moveit_resources_fanuc_description:/home/aaron/ur_ws/install/moveit_common:/opt/ros/humble LD_LIBRARY_PATH=/home/aaron/ur_ws/install/moveit_ros_planning_interface/lib:/home/aaron/ur_ws/install/moveit_ros_move_group/lib:/home/aaron/ur_ws/install/moveit_ros_warehouse/lib:/home/aaron/ur_ws/install/moveit_planners_ompl/lib:/home/aaron/ur_ws/install/moveit_kinematics/lib:/home/aaron/ur_ws/install/moveit_ros_planning/lib:/home/aaron/ur_ws/install/moveit_simple_controller_manager/lib:/home/aaron/ur_ws/install/moveit_ros_occupancy_map_monitor/lib:/home/aaron/ur_ws/install/moveit_core/lib:/home/aaron/ur_ws/install/srdfdom/lib:${LD_LIBRARY_PATH} PATH=/home/aaron/ur_ws/install/moveit_core/bin:${PATH} PYTHONPATH=/home/aaron/ur_ws/install/moveit_configs_utils/lib/python3.10/site-packages:/home/aaron/ur_ws/install/srdfdom/local/lib/python3.10/dist-packages:/home/aaron/ur_ws/install/launch_param_builder/lib/python3.10/site-packages:${PYTHONPATH} /usr/bin/cmake --install /home/aaron/ur_ws/build/moveit_hybrid_planning
[192.661s] Level 1:colcon.colcon_core.environment:create_environment_scripts_only(moveit_hybrid_planning)
[192.662s] Level 1:colcon.colcon_core.environment:checking '/home/aaron/ur_ws/install/moveit_hybrid_planning' for CMake module files
[192.668s] Level 1:colcon.colcon_core.environment:checking '/home/aaron/ur_ws/install/moveit_hybrid_planning' for CMake config files
[192.673s] DEBUG:colcon.colcon_core.event_handler.log_command:Invoked command in '/home/aaron/ur_ws/build/moveit_hybrid_planning' returned '0': AMENT_PREFIX_PATH=/home/aaron/ur_ws/install/moveit_ros_planning_interface:/home/aaron/ur_ws/install/moveit_ros_move_group:/home/aaron/ur_ws/install/moveit_ros_warehouse:/home/aaron/ur_ws/install/moveit_planners_ompl:/home/aaron/ur_ws/install/moveit_kinematics:/home/aaron/ur_ws/install/moveit_ros_planning:/home/aaron/ur_ws/install/moveit_simple_controller_manager:/home/aaron/ur_ws/install/moveit_ros_occupancy_map_monitor:/home/aaron/ur_ws/install/moveit_core:/home/aaron/ur_ws/install/moveit_resources_panda_moveit_config:/home/aaron/ur_ws/install/moveit_resources_fanuc_moveit_config:/home/aaron/ur_ws/install/moveit_configs_utils:/home/aaron/ur_ws/install/srdfdom:/home/aaron/ur_ws/install/moveit_resources_pr2_description:/home/aaron/ur_ws/install/moveit_resources_panda_description:/home/aaron/ur_ws/install/moveit_resources_fanuc_description:/home/aaron/ur_ws/install/moveit_common:/home/aaron/ur_ws/install/launch_param_builder:${AMENT_PREFIX_PATH} CMAKE_PREFIX_PATH=/home/aaron/ur_ws/install/moveit_ros_planning_interface:/home/aaron/ur_ws/install/moveit_ros_move_group:/home/aaron/ur_ws/install/moveit_ros_warehouse:/home/aaron/ur_ws/install/moveit_planners_ompl:/home/aaron/ur_ws/install/moveit_kinematics:/home/aaron/ur_ws/install/moveit_ros_planning:/home/aaron/ur_ws/install/moveit_simple_controller_manager:/home/aaron/ur_ws/install/moveit_ros_occupancy_map_monitor:/home/aaron/ur_ws/install/moveit_core:/home/aaron/ur_ws/install/moveit_resources_panda_moveit_config:/home/aaron/ur_ws/install/moveit_resources_fanuc_moveit_config:/home/aaron/ur_ws/install/srdfdom:/home/aaron/ur_ws/install/moveit_resources_pr2_description:/home/aaron/ur_ws/install/moveit_resources_panda_description:/home/aaron/ur_ws/install/moveit_resources_fanuc_description:/home/aaron/ur_ws/install/moveit_common:/opt/ros/humble LD_LIBRARY_PATH=/home/aaron/ur_ws/install/moveit_ros_planning_interface/lib:/home/aaron/ur_ws/install/moveit_ros_move_group/lib:/home/aaron/ur_ws/install/moveit_ros_warehouse/lib:/home/aaron/ur_ws/install/moveit_planners_ompl/lib:/home/aaron/ur_ws/install/moveit_kinematics/lib:/home/aaron/ur_ws/install/moveit_ros_planning/lib:/home/aaron/ur_ws/install/moveit_simple_controller_manager/lib:/home/aaron/ur_ws/install/moveit_ros_occupancy_map_monitor/lib:/home/aaron/ur_ws/install/moveit_core/lib:/home/aaron/ur_ws/install/srdfdom/lib:${LD_LIBRARY_PATH} PATH=/home/aaron/ur_ws/install/moveit_core/bin:${PATH} PYTHONPATH=/home/aaron/ur_ws/install/moveit_configs_utils/lib/python3.10/site-packages:/home/aaron/ur_ws/install/srdfdom/local/lib/python3.10/dist-packages:/home/aaron/ur_ws/install/launch_param_builder/lib/python3.10/site-packages:${PYTHONPATH} /usr/bin/cmake --install /home/aaron/ur_ws/build/moveit_hybrid_planning
[192.674s] Level 1:colcon.colcon_core.shell:create_environment_hook('moveit_hybrid_planning', 'cmake_prefix_path')
[192.675s] INFO:colcon.colcon_core.shell:Creating environment hook '/home/aaron/ur_ws/install/moveit_hybrid_planning/share/moveit_hybrid_planning/hook/cmake_prefix_path.ps1'
[192.677s] INFO:colcon.colcon_core.shell:Creating environment descriptor '/home/aaron/ur_ws/install/moveit_hybrid_planning/share/moveit_hybrid_planning/hook/cmake_prefix_path.dsv'
[192.678s] INFO:colcon.colcon_core.shell:Creating environment hook '/home/aaron/ur_ws/install/moveit_hybrid_planning/share/moveit_hybrid_planning/hook/cmake_prefix_path.sh'
[192.680s] Level 1:colcon.colcon_core.environment:checking '/home/aaron/ur_ws/install/moveit_hybrid_planning/lib'
[192.680s] Level 1:colcon.colcon_core.shell:create_environment_hook('moveit_hybrid_planning', 'ld_library_path_lib')
[192.681s] INFO:colcon.colcon_core.shell:Creating environment hook '/home/aaron/ur_ws/install/moveit_hybrid_planning/share/moveit_hybrid_planning/hook/ld_library_path_lib.ps1'
[192.682s] INFO:colcon.colcon_core.shell:Creating environment descriptor '/home/aaron/ur_ws/install/moveit_hybrid_planning/share/moveit_hybrid_planning/hook/ld_library_path_lib.dsv'
[192.683s] INFO:colcon.colcon_core.shell:Creating environment hook '/home/aaron/ur_ws/install/moveit_hybrid_planning/share/moveit_hybrid_planning/hook/ld_library_path_lib.sh'
[192.684s] Level 1:colcon.colcon_core.environment:checking '/home/aaron/ur_ws/install/moveit_hybrid_planning/bin'
[192.684s] Level 1:colcon.colcon_core.environment:checking '/home/aaron/ur_ws/install/moveit_hybrid_planning/lib/pkgconfig/moveit_hybrid_planning.pc'
[192.685s] Level 1:colcon.colcon_core.environment:checking '/home/aaron/ur_ws/install/moveit_hybrid_planning/lib/python3.10/site-packages'
[192.686s] Level 1:colcon.colcon_core.environment:checking '/home/aaron/ur_ws/install/moveit_hybrid_planning/bin'
[192.687s] INFO:colcon.colcon_core.shell:Creating package script '/home/aaron/ur_ws/install/moveit_hybrid_planning/share/moveit_hybrid_planning/package.ps1'
[192.689s] INFO:colcon.colcon_core.shell:Creating package descriptor '/home/aaron/ur_ws/install/moveit_hybrid_planning/share/moveit_hybrid_planning/package.dsv'
[192.690s] INFO:colcon.colcon_core.shell:Creating package script '/home/aaron/ur_ws/install/moveit_hybrid_planning/share/moveit_hybrid_planning/package.sh'
[192.692s] INFO:colcon.colcon_core.shell:Creating package script '/home/aaron/ur_ws/install/moveit_hybrid_planning/share/moveit_hybrid_planning/package.bash'
[192.693s] INFO:colcon.colcon_core.shell:Creating package script '/home/aaron/ur_ws/install/moveit_hybrid_planning/share/moveit_hybrid_planning/package.zsh'
[192.694s] Level 1:colcon.colcon_core.environment:create_file_with_runtime_dependencies(/home/aaron/ur_ws/install/moveit_hybrid_planning/share/colcon-core/packages/moveit_hybrid_planning)
[192.696s] Level 1:colcon.colcon_core.environment:create_environment_scripts_only(moveit_hybrid_planning)
[192.696s] Level 1:colcon.colcon_core.environment:checking '/home/aaron/ur_ws/install/moveit_hybrid_planning' for CMake module files
[192.698s] Level 1:colcon.colcon_core.environment:checking '/home/aaron/ur_ws/install/moveit_hybrid_planning' for CMake config files
[192.699s] Level 1:colcon.colcon_core.shell:create_environment_hook('moveit_hybrid_planning', 'cmake_prefix_path')
[192.700s] INFO:colcon.colcon_core.shell:Creating environment hook '/home/aaron/ur_ws/install/moveit_hybrid_planning/share/moveit_hybrid_planning/hook/cmake_prefix_path.ps1'
[192.701s] INFO:colcon.colcon_core.shell:Creating environment descriptor '/home/aaron/ur_ws/install/moveit_hybrid_planning/share/moveit_hybrid_planning/hook/cmake_prefix_path.dsv'
[192.702s] INFO:colcon.colcon_core.shell:Creating environment hook '/home/aaron/ur_ws/install/moveit_hybrid_planning/share/moveit_hybrid_planning/hook/cmake_prefix_path.sh'
[192.704s] Level 1:colcon.colcon_core.environment:checking '/home/aaron/ur_ws/install/moveit_hybrid_planning/lib'
[192.705s] Level 1:colcon.colcon_core.shell:create_environment_hook('moveit_hybrid_planning', 'ld_library_path_lib')
[192.706s] INFO:colcon.colcon_core.shell:Creating environment hook '/home/aaron/ur_ws/install/moveit_hybrid_planning/share/moveit_hybrid_planning/hook/ld_library_path_lib.ps1'
[192.707s] INFO:colcon.colcon_core.shell:Creating environment descriptor '/home/aaron/ur_ws/install/moveit_hybrid_planning/share/moveit_hybrid_planning/hook/ld_library_path_lib.dsv'
[192.708s] INFO:colcon.colcon_core.shell:Creating environment hook '/home/aaron/ur_ws/install/moveit_hybrid_planning/share/moveit_hybrid_planning/hook/ld_library_path_lib.sh'
[192.710s] Level 1:colcon.colcon_core.environment:checking '/home/aaron/ur_ws/install/moveit_hybrid_planning/bin'
[192.710s] Level 1:colcon.colcon_core.environment:checking '/home/aaron/ur_ws/install/moveit_hybrid_planning/lib/pkgconfig/moveit_hybrid_planning.pc'
[192.711s] Level 1:colcon.colcon_core.environment:checking '/home/aaron/ur_ws/install/moveit_hybrid_planning/lib/python3.10/site-packages'
[192.712s] Level 1:colcon.colcon_core.environment:checking '/home/aaron/ur_ws/install/moveit_hybrid_planning/bin'
[192.713s] INFO:colcon.colcon_core.shell:Creating package script '/home/aaron/ur_ws/install/moveit_hybrid_planning/share/moveit_hybrid_planning/package.ps1'
[192.715s] INFO:colcon.colcon_core.shell:Creating package descriptor '/home/aaron/ur_ws/install/moveit_hybrid_planning/share/moveit_hybrid_planning/package.dsv'
[192.716s] INFO:colcon.colcon_core.shell:Creating package script '/home/aaron/ur_ws/install/moveit_hybrid_planning/share/moveit_hybrid_planning/package.sh'
[192.718s] INFO:colcon.colcon_core.shell:Creating package script '/home/aaron/ur_ws/install/moveit_hybrid_planning/share/moveit_hybrid_planning/package.bash'
[192.719s] INFO:colcon.colcon_core.shell:Creating package script '/home/aaron/ur_ws/install/moveit_hybrid_planning/share/moveit_hybrid_planning/package.zsh'
[192.720s] Level 1:colcon.colcon_core.environment:create_file_with_runtime_dependencies(/home/aaron/ur_ws/install/moveit_hybrid_planning/share/colcon-core/packages/moveit_hybrid_planning)
[200.804s] DEBUG:colcon.colcon_core.event_handler.log_command:Invoked command in '/home/aaron/ur_ws/build/pilz_industrial_motion_planner' returned '0': AMENT_PREFIX_PATH=/home/aaron/ur_ws/install/moveit_resources_prbt_pg70_support:/home/aaron/ur_ws/install/moveit_ros_planning_interface:/home/aaron/ur_ws/install/moveit_resources_prbt_moveit_config:/home/aaron/ur_ws/install/moveit_ros_move_group:/home/aaron/ur_ws/install/moveit_ros_warehouse:/home/aaron/ur_ws/install/moveit_planners_ompl:/home/aaron/ur_ws/install/moveit_kinematics:/home/aaron/ur_ws/install/moveit_ros_planning:/home/aaron/ur_ws/install/pilz_industrial_motion_planner_testutils:/home/aaron/ur_ws/install/moveit_simple_controller_manager:/home/aaron/ur_ws/install/moveit_ros_occupancy_map_monitor:/home/aaron/ur_ws/install/moveit_resources_prbt_ikfast_manipulator_plugin:/home/aaron/ur_ws/install/moveit_core:/home/aaron/ur_ws/install/moveit_resources_panda_moveit_config:/home/aaron/ur_ws/install/moveit_resources_fanuc_moveit_config:/home/aaron/ur_ws/install/moveit_configs_utils:/home/aaron/ur_ws/install/srdfdom:/home/aaron/ur_ws/install/moveit_resources_prbt_support:/home/aaron/ur_ws/install/moveit_resources_pr2_description:/home/aaron/ur_ws/install/moveit_resources_panda_description:/home/aaron/ur_ws/install/moveit_resources_fanuc_description:/home/aaron/ur_ws/install/moveit_common:/home/aaron/ur_ws/install/launch_param_builder:${AMENT_PREFIX_PATH} CMAKE_PREFIX_PATH=/home/aaron/ur_ws/install/moveit_resources_prbt_pg70_support:/home/aaron/ur_ws/install/moveit_ros_planning_interface:/home/aaron/ur_ws/install/moveit_resources_prbt_moveit_config:/home/aaron/ur_ws/install/moveit_ros_move_group:/home/aaron/ur_ws/install/moveit_ros_warehouse:/home/aaron/ur_ws/install/moveit_planners_ompl:/home/aaron/ur_ws/install/moveit_kinematics:/home/aaron/ur_ws/install/moveit_ros_planning:/home/aaron/ur_ws/install/pilz_industrial_motion_planner_testutils:/home/aaron/ur_ws/install/moveit_simple_controller_manager:/home/aaron/ur_ws/install/moveit_ros_occupancy_map_monitor:/home/aaron/ur_ws/install/moveit_resources_prbt_ikfast_manipulator_plugin:/home/aaron/ur_ws/install/moveit_core:/home/aaron/ur_ws/install/moveit_resources_panda_moveit_config:/home/aaron/ur_ws/install/moveit_resources_fanuc_moveit_config:/home/aaron/ur_ws/install/srdfdom:/home/aaron/ur_ws/install/moveit_resources_prbt_support:/home/aaron/ur_ws/install/moveit_resources_pr2_description:/home/aaron/ur_ws/install/moveit_resources_panda_description:/home/aaron/ur_ws/install/moveit_resources_fanuc_description:/home/aaron/ur_ws/install/moveit_common:/opt/ros/humble LD_LIBRARY_PATH=/home/aaron/ur_ws/install/moveit_ros_planning_interface/lib:/home/aaron/ur_ws/install/moveit_ros_move_group/lib:/home/aaron/ur_ws/install/moveit_ros_warehouse/lib:/home/aaron/ur_ws/install/moveit_planners_ompl/lib:/home/aaron/ur_ws/install/moveit_kinematics/lib:/home/aaron/ur_ws/install/moveit_ros_planning/lib:/home/aaron/ur_ws/install/pilz_industrial_motion_planner_testutils/lib:/home/aaron/ur_ws/install/moveit_simple_controller_manager/lib:/home/aaron/ur_ws/install/moveit_ros_occupancy_map_monitor/lib:/home/aaron/ur_ws/install/moveit_resources_prbt_ikfast_manipulator_plugin/lib:/home/aaron/ur_ws/install/moveit_core/lib:/home/aaron/ur_ws/install/srdfdom/lib:${LD_LIBRARY_PATH} PATH=/home/aaron/ur_ws/install/moveit_core/bin:${PATH} PYTHONPATH=/home/aaron/ur_ws/install/moveit_configs_utils/lib/python3.10/site-packages:/home/aaron/ur_ws/install/srdfdom/local/lib/python3.10/dist-packages:/home/aaron/ur_ws/install/launch_param_builder/lib/python3.10/site-packages:${PYTHONPATH} /usr/bin/cmake --build /home/aaron/ur_ws/build/pilz_industrial_motion_planner -- -j20 -l20
[200.809s] DEBUG:colcon.colcon_core.event_handler.log_command:Invoking command in '/home/aaron/ur_ws/build/pilz_industrial_motion_planner': AMENT_PREFIX_PATH=/home/aaron/ur_ws/install/moveit_resources_prbt_pg70_support:/home/aaron/ur_ws/install/moveit_ros_planning_interface:/home/aaron/ur_ws/install/moveit_resources_prbt_moveit_config:/home/aaron/ur_ws/install/moveit_ros_move_group:/home/aaron/ur_ws/install/moveit_ros_warehouse:/home/aaron/ur_ws/install/moveit_planners_ompl:/home/aaron/ur_ws/install/moveit_kinematics:/home/aaron/ur_ws/install/moveit_ros_planning:/home/aaron/ur_ws/install/pilz_industrial_motion_planner_testutils:/home/aaron/ur_ws/install/moveit_simple_controller_manager:/home/aaron/ur_ws/install/moveit_ros_occupancy_map_monitor:/home/aaron/ur_ws/install/moveit_resources_prbt_ikfast_manipulator_plugin:/home/aaron/ur_ws/install/moveit_core:/home/aaron/ur_ws/install/moveit_resources_panda_moveit_config:/home/aaron/ur_ws/install/moveit_resources_fanuc_moveit_config:/home/aaron/ur_ws/install/moveit_configs_utils:/home/aaron/ur_ws/install/srdfdom:/home/aaron/ur_ws/install/moveit_resources_prbt_support:/home/aaron/ur_ws/install/moveit_resources_pr2_description:/home/aaron/ur_ws/install/moveit_resources_panda_description:/home/aaron/ur_ws/install/moveit_resources_fanuc_description:/home/aaron/ur_ws/install/moveit_common:/home/aaron/ur_ws/install/launch_param_builder:${AMENT_PREFIX_PATH} CMAKE_PREFIX_PATH=/home/aaron/ur_ws/install/moveit_resources_prbt_pg70_support:/home/aaron/ur_ws/install/moveit_ros_planning_interface:/home/aaron/ur_ws/install/moveit_resources_prbt_moveit_config:/home/aaron/ur_ws/install/moveit_ros_move_group:/home/aaron/ur_ws/install/moveit_ros_warehouse:/home/aaron/ur_ws/install/moveit_planners_ompl:/home/aaron/ur_ws/install/moveit_kinematics:/home/aaron/ur_ws/install/moveit_ros_planning:/home/aaron/ur_ws/install/pilz_industrial_motion_planner_testutils:/home/aaron/ur_ws/install/moveit_simple_controller_manager:/home/aaron/ur_ws/install/moveit_ros_occupancy_map_monitor:/home/aaron/ur_ws/install/moveit_resources_prbt_ikfast_manipulator_plugin:/home/aaron/ur_ws/install/moveit_core:/home/aaron/ur_ws/install/moveit_resources_panda_moveit_config:/home/aaron/ur_ws/install/moveit_resources_fanuc_moveit_config:/home/aaron/ur_ws/install/srdfdom:/home/aaron/ur_ws/install/moveit_resources_prbt_support:/home/aaron/ur_ws/install/moveit_resources_pr2_description:/home/aaron/ur_ws/install/moveit_resources_panda_description:/home/aaron/ur_ws/install/moveit_resources_fanuc_description:/home/aaron/ur_ws/install/moveit_common:/opt/ros/humble LD_LIBRARY_PATH=/home/aaron/ur_ws/install/moveit_ros_planning_interface/lib:/home/aaron/ur_ws/install/moveit_ros_move_group/lib:/home/aaron/ur_ws/install/moveit_ros_warehouse/lib:/home/aaron/ur_ws/install/moveit_planners_ompl/lib:/home/aaron/ur_ws/install/moveit_kinematics/lib:/home/aaron/ur_ws/install/moveit_ros_planning/lib:/home/aaron/ur_ws/install/pilz_industrial_motion_planner_testutils/lib:/home/aaron/ur_ws/install/moveit_simple_controller_manager/lib:/home/aaron/ur_ws/install/moveit_ros_occupancy_map_monitor/lib:/home/aaron/ur_ws/install/moveit_resources_prbt_ikfast_manipulator_plugin/lib:/home/aaron/ur_ws/install/moveit_core/lib:/home/aaron/ur_ws/install/srdfdom/lib:${LD_LIBRARY_PATH} PATH=/home/aaron/ur_ws/install/moveit_core/bin:${PATH} PYTHONPATH=/home/aaron/ur_ws/install/moveit_configs_utils/lib/python3.10/site-packages:/home/aaron/ur_ws/install/srdfdom/local/lib/python3.10/dist-packages:/home/aaron/ur_ws/install/launch_param_builder/lib/python3.10/site-packages:${PYTHONPATH} /usr/bin/cmake --install /home/aaron/ur_ws/build/pilz_industrial_motion_planner
[200.871s] Level 1:colcon.colcon_core.environment:create_environment_scripts_only(pilz_industrial_motion_planner)
[200.871s] Level 1:colcon.colcon_core.environment:checking '/home/aaron/ur_ws/install/pilz_industrial_motion_planner' for CMake module files
[200.875s] Level 1:colcon.colcon_core.environment:checking '/home/aaron/ur_ws/install/pilz_industrial_motion_planner' for CMake config files
[200.879s] DEBUG:colcon.colcon_core.event_handler.log_command:Invoked command in '/home/aaron/ur_ws/build/pilz_industrial_motion_planner' returned '0': AMENT_PREFIX_PATH=/home/aaron/ur_ws/install/moveit_resources_prbt_pg70_support:/home/aaron/ur_ws/install/moveit_ros_planning_interface:/home/aaron/ur_ws/install/moveit_resources_prbt_moveit_config:/home/aaron/ur_ws/install/moveit_ros_move_group:/home/aaron/ur_ws/install/moveit_ros_warehouse:/home/aaron/ur_ws/install/moveit_planners_ompl:/home/aaron/ur_ws/install/moveit_kinematics:/home/aaron/ur_ws/install/moveit_ros_planning:/home/aaron/ur_ws/install/pilz_industrial_motion_planner_testutils:/home/aaron/ur_ws/install/moveit_simple_controller_manager:/home/aaron/ur_ws/install/moveit_ros_occupancy_map_monitor:/home/aaron/ur_ws/install/moveit_resources_prbt_ikfast_manipulator_plugin:/home/aaron/ur_ws/install/moveit_core:/home/aaron/ur_ws/install/moveit_resources_panda_moveit_config:/home/aaron/ur_ws/install/moveit_resources_fanuc_moveit_config:/home/aaron/ur_ws/install/moveit_configs_utils:/home/aaron/ur_ws/install/srdfdom:/home/aaron/ur_ws/install/moveit_resources_prbt_support:/home/aaron/ur_ws/install/moveit_resources_pr2_description:/home/aaron/ur_ws/install/moveit_resources_panda_description:/home/aaron/ur_ws/install/moveit_resources_fanuc_description:/home/aaron/ur_ws/install/moveit_common:/home/aaron/ur_ws/install/launch_param_builder:${AMENT_PREFIX_PATH} CMAKE_PREFIX_PATH=/home/aaron/ur_ws/install/moveit_resources_prbt_pg70_support:/home/aaron/ur_ws/install/moveit_ros_planning_interface:/home/aaron/ur_ws/install/moveit_resources_prbt_moveit_config:/home/aaron/ur_ws/install/moveit_ros_move_group:/home/aaron/ur_ws/install/moveit_ros_warehouse:/home/aaron/ur_ws/install/moveit_planners_ompl:/home/aaron/ur_ws/install/moveit_kinematics:/home/aaron/ur_ws/install/moveit_ros_planning:/home/aaron/ur_ws/install/pilz_industrial_motion_planner_testutils:/home/aaron/ur_ws/install/moveit_simple_controller_manager:/home/aaron/ur_ws/install/moveit_ros_occupancy_map_monitor:/home/aaron/ur_ws/install/moveit_resources_prbt_ikfast_manipulator_plugin:/home/aaron/ur_ws/install/moveit_core:/home/aaron/ur_ws/install/moveit_resources_panda_moveit_config:/home/aaron/ur_ws/install/moveit_resources_fanuc_moveit_config:/home/aaron/ur_ws/install/srdfdom:/home/aaron/ur_ws/install/moveit_resources_prbt_support:/home/aaron/ur_ws/install/moveit_resources_pr2_description:/home/aaron/ur_ws/install/moveit_resources_panda_description:/home/aaron/ur_ws/install/moveit_resources_fanuc_description:/home/aaron/ur_ws/install/moveit_common:/opt/ros/humble LD_LIBRARY_PATH=/home/aaron/ur_ws/install/moveit_ros_planning_interface/lib:/home/aaron/ur_ws/install/moveit_ros_move_group/lib:/home/aaron/ur_ws/install/moveit_ros_warehouse/lib:/home/aaron/ur_ws/install/moveit_planners_ompl/lib:/home/aaron/ur_ws/install/moveit_kinematics/lib:/home/aaron/ur_ws/install/moveit_ros_planning/lib:/home/aaron/ur_ws/install/pilz_industrial_motion_planner_testutils/lib:/home/aaron/ur_ws/install/moveit_simple_controller_manager/lib:/home/aaron/ur_ws/install/moveit_ros_occupancy_map_monitor/lib:/home/aaron/ur_ws/install/moveit_resources_prbt_ikfast_manipulator_plugin/lib:/home/aaron/ur_ws/install/moveit_core/lib:/home/aaron/ur_ws/install/srdfdom/lib:${LD_LIBRARY_PATH} PATH=/home/aaron/ur_ws/install/moveit_core/bin:${PATH} PYTHONPATH=/home/aaron/ur_ws/install/moveit_configs_utils/lib/python3.10/site-packages:/home/aaron/ur_ws/install/srdfdom/local/lib/python3.10/dist-packages:/home/aaron/ur_ws/install/launch_param_builder/lib/python3.10/site-packages:${PYTHONPATH} /usr/bin/cmake --install /home/aaron/ur_ws/build/pilz_industrial_motion_planner
[200.880s] Level 1:colcon.colcon_core.shell:create_environment_hook('pilz_industrial_motion_planner', 'cmake_prefix_path')
[200.880s] INFO:colcon.colcon_core.shell:Creating environment hook '/home/aaron/ur_ws/install/pilz_industrial_motion_planner/share/pilz_industrial_motion_planner/hook/cmake_prefix_path.ps1'
[200.881s] INFO:colcon.colcon_core.shell:Creating environment descriptor '/home/aaron/ur_ws/install/pilz_industrial_motion_planner/share/pilz_industrial_motion_planner/hook/cmake_prefix_path.dsv'
[200.882s] INFO:colcon.colcon_core.shell:Creating environment hook '/home/aaron/ur_ws/install/pilz_industrial_motion_planner/share/pilz_industrial_motion_planner/hook/cmake_prefix_path.sh'
[200.883s] Level 1:colcon.colcon_core.environment:checking '/home/aaron/ur_ws/install/pilz_industrial_motion_planner/lib'
[200.883s] Level 1:colcon.colcon_core.shell:create_environment_hook('pilz_industrial_motion_planner', 'ld_library_path_lib')
[200.884s] INFO:colcon.colcon_core.shell:Creating environment hook '/home/aaron/ur_ws/install/pilz_industrial_motion_planner/share/pilz_industrial_motion_planner/hook/ld_library_path_lib.ps1'
[200.885s] INFO:colcon.colcon_core.shell:Creating environment descriptor '/home/aaron/ur_ws/install/pilz_industrial_motion_planner/share/pilz_industrial_motion_planner/hook/ld_library_path_lib.dsv'
[200.885s] INFO:colcon.colcon_core.shell:Creating environment hook '/home/aaron/ur_ws/install/pilz_industrial_motion_planner/share/pilz_industrial_motion_planner/hook/ld_library_path_lib.sh'
[200.886s] Level 1:colcon.colcon_core.environment:checking '/home/aaron/ur_ws/install/pilz_industrial_motion_planner/bin'
[200.886s] Level 1:colcon.colcon_core.environment:checking '/home/aaron/ur_ws/install/pilz_industrial_motion_planner/lib/pkgconfig/pilz_industrial_motion_planner.pc'
[200.887s] Level 1:colcon.colcon_core.environment:checking '/home/aaron/ur_ws/install/pilz_industrial_motion_planner/lib/python3.10/site-packages'
[200.887s] Level 1:colcon.colcon_core.environment:checking '/home/aaron/ur_ws/install/pilz_industrial_motion_planner/bin'
[200.888s] INFO:colcon.colcon_core.shell:Creating package script '/home/aaron/ur_ws/install/pilz_industrial_motion_planner/share/pilz_industrial_motion_planner/package.ps1'
[200.889s] INFO:colcon.colcon_core.shell:Creating package descriptor '/home/aaron/ur_ws/install/pilz_industrial_motion_planner/share/pilz_industrial_motion_planner/package.dsv'
[200.890s] INFO:colcon.colcon_core.shell:Creating package script '/home/aaron/ur_ws/install/pilz_industrial_motion_planner/share/pilz_industrial_motion_planner/package.sh'
[200.891s] INFO:colcon.colcon_core.shell:Creating package script '/home/aaron/ur_ws/install/pilz_industrial_motion_planner/share/pilz_industrial_motion_planner/package.bash'
[200.891s] INFO:colcon.colcon_core.shell:Creating package script '/home/aaron/ur_ws/install/pilz_industrial_motion_planner/share/pilz_industrial_motion_planner/package.zsh'
[200.892s] Level 1:colcon.colcon_core.environment:create_file_with_runtime_dependencies(/home/aaron/ur_ws/install/pilz_industrial_motion_planner/share/colcon-core/packages/pilz_industrial_motion_planner)
[200.893s] Level 1:colcon.colcon_core.environment:create_environment_scripts_only(pilz_industrial_motion_planner)
[200.894s] Level 1:colcon.colcon_core.environment:checking '/home/aaron/ur_ws/install/pilz_industrial_motion_planner' for CMake module files
[200.894s] Level 1:colcon.colcon_core.environment:checking '/home/aaron/ur_ws/install/pilz_industrial_motion_planner' for CMake config files
[200.895s] Level 1:colcon.colcon_core.shell:create_environment_hook('pilz_industrial_motion_planner', 'cmake_prefix_path')
[200.895s] INFO:colcon.colcon_core.shell:Creating environment hook '/home/aaron/ur_ws/install/pilz_industrial_motion_planner/share/pilz_industrial_motion_planner/hook/cmake_prefix_path.ps1'
[200.896s] INFO:colcon.colcon_core.shell:Creating environment descriptor '/home/aaron/ur_ws/install/pilz_industrial_motion_planner/share/pilz_industrial_motion_planner/hook/cmake_prefix_path.dsv'
[200.896s] INFO:colcon.colcon_core.shell:Creating environment hook '/home/aaron/ur_ws/install/pilz_industrial_motion_planner/share/pilz_industrial_motion_planner/hook/cmake_prefix_path.sh'
[200.897s] Level 1:colcon.colcon_core.environment:checking '/home/aaron/ur_ws/install/pilz_industrial_motion_planner/lib'
[200.897s] Level 1:colcon.colcon_core.shell:create_environment_hook('pilz_industrial_motion_planner', 'ld_library_path_lib')
[200.897s] INFO:colcon.colcon_core.shell:Creating environment hook '/home/aaron/ur_ws/install/pilz_industrial_motion_planner/share/pilz_industrial_motion_planner/hook/ld_library_path_lib.ps1'
[200.897s] INFO:colcon.colcon_core.shell:Creating environment descriptor '/home/aaron/ur_ws/install/pilz_industrial_motion_planner/share/pilz_industrial_motion_planner/hook/ld_library_path_lib.dsv'
[200.898s] INFO:colcon.colcon_core.shell:Creating environment hook '/home/aaron/ur_ws/install/pilz_industrial_motion_planner/share/pilz_industrial_motion_planner/hook/ld_library_path_lib.sh'
[200.898s] Level 1:colcon.colcon_core.environment:checking '/home/aaron/ur_ws/install/pilz_industrial_motion_planner/bin'
[200.898s] Level 1:colcon.colcon_core.environment:checking '/home/aaron/ur_ws/install/pilz_industrial_motion_planner/lib/pkgconfig/pilz_industrial_motion_planner.pc'
[200.899s] Level 1:colcon.colcon_core.environment:checking '/home/aaron/ur_ws/install/pilz_industrial_motion_planner/lib/python3.10/site-packages'
[200.899s] Level 1:colcon.colcon_core.environment:checking '/home/aaron/ur_ws/install/pilz_industrial_motion_planner/bin'
[200.899s] INFO:colcon.colcon_core.shell:Creating package script '/home/aaron/ur_ws/install/pilz_industrial_motion_planner/share/pilz_industrial_motion_planner/package.ps1'
[200.900s] INFO:colcon.colcon_core.shell:Creating package descriptor '/home/aaron/ur_ws/install/pilz_industrial_motion_planner/share/pilz_industrial_motion_planner/package.dsv'
[200.900s] INFO:colcon.colcon_core.shell:Creating package script '/home/aaron/ur_ws/install/pilz_industrial_motion_planner/share/pilz_industrial_motion_planner/package.sh'
[200.901s] INFO:colcon.colcon_core.shell:Creating package script '/home/aaron/ur_ws/install/pilz_industrial_motion_planner/share/pilz_industrial_motion_planner/package.bash'
[200.901s] INFO:colcon.colcon_core.shell:Creating package script '/home/aaron/ur_ws/install/pilz_industrial_motion_planner/share/pilz_industrial_motion_planner/package.zsh'
[200.902s] Level 1:colcon.colcon_core.environment:create_file_with_runtime_dependencies(/home/aaron/ur_ws/install/pilz_industrial_motion_planner/share/colcon-core/packages/pilz_industrial_motion_planner)
[200.902s] INFO:colcon.colcon_ros.task.ament_cmake.build:Building ROS package in '/home/aaron/ur_ws/src/moveit2/moveit_planners/moveit_planners' with build type 'ament_cmake'
[200.903s] INFO:colcon.colcon_cmake.task.cmake.build:Building CMake package in '/home/aaron/ur_ws/src/moveit2/moveit_planners/moveit_planners'
[200.903s] INFO:colcon.colcon_core.shell:Skip shell extension 'powershell' for command environment: Not usable outside of PowerShell
[200.903s] DEBUG:colcon.colcon_core.shell:Skip shell extension 'dsv' for command environment
[200.994s] DEBUG:colcon.colcon_core.event_handler.log_command:Invoking command in '/home/aaron/ur_ws/build/moveit_planners': AMENT_PREFIX_PATH=/home/aaron/ur_ws/install/pilz_industrial_motion_planner:/home/aaron/ur_ws/install/moveit_resources_prbt_pg70_support:/home/aaron/ur_ws/install/moveit_ros_planning_interface:/home/aaron/ur_ws/install/moveit_resources_prbt_moveit_config:/home/aaron/ur_ws/install/moveit_ros_move_group:/home/aaron/ur_ws/install/moveit_ros_warehouse:/home/aaron/ur_ws/install/moveit_planners_ompl:/home/aaron/ur_ws/install/moveit_kinematics:/home/aaron/ur_ws/install/moveit_ros_planning:/home/aaron/ur_ws/install/moveit_planners_chomp:/home/aaron/ur_ws/install/pilz_industrial_motion_planner_testutils:/home/aaron/ur_ws/install/moveit_simple_controller_manager:/home/aaron/ur_ws/install/moveit_ros_occupancy_map_monitor:/home/aaron/ur_ws/install/moveit_resources_prbt_ikfast_manipulator_plugin:/home/aaron/ur_ws/install/chomp_motion_planner:/home/aaron/ur_ws/install/moveit_core:/home/aaron/ur_ws/install/moveit_resources_panda_moveit_config:/home/aaron/ur_ws/install/moveit_resources_fanuc_moveit_config:/home/aaron/ur_ws/install/moveit_configs_utils:/home/aaron/ur_ws/install/srdfdom:/home/aaron/ur_ws/install/moveit_resources_prbt_support:/home/aaron/ur_ws/install/moveit_resources_pr2_description:/home/aaron/ur_ws/install/moveit_resources_panda_description:/home/aaron/ur_ws/install/moveit_resources_fanuc_description:/home/aaron/ur_ws/install/moveit_common:/home/aaron/ur_ws/install/launch_param_builder:${AMENT_PREFIX_PATH} CMAKE_PREFIX_PATH=/home/aaron/ur_ws/install/pilz_industrial_motion_planner:/home/aaron/ur_ws/install/moveit_resources_prbt_pg70_support:/home/aaron/ur_ws/install/moveit_ros_planning_interface:/home/aaron/ur_ws/install/moveit_resources_prbt_moveit_config:/home/aaron/ur_ws/install/moveit_ros_move_group:/home/aaron/ur_ws/install/moveit_ros_warehouse:/home/aaron/ur_ws/install/moveit_planners_ompl:/home/aaron/ur_ws/install/moveit_kinematics:/home/aaron/ur_ws/install/moveit_ros_planning:/home/aaron/ur_ws/install/moveit_planners_chomp:/home/aaron/ur_ws/install/pilz_industrial_motion_planner_testutils:/home/aaron/ur_ws/install/moveit_simple_controller_manager:/home/aaron/ur_ws/install/moveit_ros_occupancy_map_monitor:/home/aaron/ur_ws/install/moveit_resources_prbt_ikfast_manipulator_plugin:/home/aaron/ur_ws/install/chomp_motion_planner:/home/aaron/ur_ws/install/moveit_core:/home/aaron/ur_ws/install/moveit_resources_panda_moveit_config:/home/aaron/ur_ws/install/moveit_resources_fanuc_moveit_config:/home/aaron/ur_ws/install/srdfdom:/home/aaron/ur_ws/install/moveit_resources_prbt_support:/home/aaron/ur_ws/install/moveit_resources_pr2_description:/home/aaron/ur_ws/install/moveit_resources_panda_description:/home/aaron/ur_ws/install/moveit_resources_fanuc_description:/home/aaron/ur_ws/install/moveit_common:/opt/ros/humble LD_LIBRARY_PATH=/home/aaron/ur_ws/install/pilz_industrial_motion_planner/lib:/home/aaron/ur_ws/install/moveit_ros_planning_interface/lib:/home/aaron/ur_ws/install/moveit_ros_move_group/lib:/home/aaron/ur_ws/install/moveit_ros_warehouse/lib:/home/aaron/ur_ws/install/moveit_planners_ompl/lib:/home/aaron/ur_ws/install/moveit_kinematics/lib:/home/aaron/ur_ws/install/moveit_ros_planning/lib:/home/aaron/ur_ws/install/moveit_planners_chomp/lib:/home/aaron/ur_ws/install/pilz_industrial_motion_planner_testutils/lib:/home/aaron/ur_ws/install/moveit_simple_controller_manager/lib:/home/aaron/ur_ws/install/moveit_ros_occupancy_map_monitor/lib:/home/aaron/ur_ws/install/moveit_resources_prbt_ikfast_manipulator_plugin/lib:/home/aaron/ur_ws/install/chomp_motion_planner/lib:/home/aaron/ur_ws/install/moveit_core/lib:/home/aaron/ur_ws/install/srdfdom/lib:${LD_LIBRARY_PATH} PATH=/home/aaron/ur_ws/install/moveit_core/bin:${PATH} PYTHONPATH=/home/aaron/ur_ws/install/moveit_configs_utils/lib/python3.10/site-packages:/home/aaron/ur_ws/install/srdfdom/local/lib/python3.10/dist-packages:/home/aaron/ur_ws/install/launch_param_builder/lib/python3.10/site-packages:${PYTHONPATH} /usr/bin/cmake --build /home/aaron/ur_ws/build/moveit_planners -- -j20 -l20
[201.048s] DEBUG:colcon.colcon_core.event_handler.log_command:Invoked command in '/home/aaron/ur_ws/build/moveit_planners' returned '0': AMENT_PREFIX_PATH=/home/aaron/ur_ws/install/pilz_industrial_motion_planner:/home/aaron/ur_ws/install/moveit_resources_prbt_pg70_support:/home/aaron/ur_ws/install/moveit_ros_planning_interface:/home/aaron/ur_ws/install/moveit_resources_prbt_moveit_config:/home/aaron/ur_ws/install/moveit_ros_move_group:/home/aaron/ur_ws/install/moveit_ros_warehouse:/home/aaron/ur_ws/install/moveit_planners_ompl:/home/aaron/ur_ws/install/moveit_kinematics:/home/aaron/ur_ws/install/moveit_ros_planning:/home/aaron/ur_ws/install/moveit_planners_chomp:/home/aaron/ur_ws/install/pilz_industrial_motion_planner_testutils:/home/aaron/ur_ws/install/moveit_simple_controller_manager:/home/aaron/ur_ws/install/moveit_ros_occupancy_map_monitor:/home/aaron/ur_ws/install/moveit_resources_prbt_ikfast_manipulator_plugin:/home/aaron/ur_ws/install/chomp_motion_planner:/home/aaron/ur_ws/install/moveit_core:/home/aaron/ur_ws/install/moveit_resources_panda_moveit_config:/home/aaron/ur_ws/install/moveit_resources_fanuc_moveit_config:/home/aaron/ur_ws/install/moveit_configs_utils:/home/aaron/ur_ws/install/srdfdom:/home/aaron/ur_ws/install/moveit_resources_prbt_support:/home/aaron/ur_ws/install/moveit_resources_pr2_description:/home/aaron/ur_ws/install/moveit_resources_panda_description:/home/aaron/ur_ws/install/moveit_resources_fanuc_description:/home/aaron/ur_ws/install/moveit_common:/home/aaron/ur_ws/install/launch_param_builder:${AMENT_PREFIX_PATH} CMAKE_PREFIX_PATH=/home/aaron/ur_ws/install/pilz_industrial_motion_planner:/home/aaron/ur_ws/install/moveit_resources_prbt_pg70_support:/home/aaron/ur_ws/install/moveit_ros_planning_interface:/home/aaron/ur_ws/install/moveit_resources_prbt_moveit_config:/home/aaron/ur_ws/install/moveit_ros_move_group:/home/aaron/ur_ws/install/moveit_ros_warehouse:/home/aaron/ur_ws/install/moveit_planners_ompl:/home/aaron/ur_ws/install/moveit_kinematics:/home/aaron/ur_ws/install/moveit_ros_planning:/home/aaron/ur_ws/install/moveit_planners_chomp:/home/aaron/ur_ws/install/pilz_industrial_motion_planner_testutils:/home/aaron/ur_ws/install/moveit_simple_controller_manager:/home/aaron/ur_ws/install/moveit_ros_occupancy_map_monitor:/home/aaron/ur_ws/install/moveit_resources_prbt_ikfast_manipulator_plugin:/home/aaron/ur_ws/install/chomp_motion_planner:/home/aaron/ur_ws/install/moveit_core:/home/aaron/ur_ws/install/moveit_resources_panda_moveit_config:/home/aaron/ur_ws/install/moveit_resources_fanuc_moveit_config:/home/aaron/ur_ws/install/srdfdom:/home/aaron/ur_ws/install/moveit_resources_prbt_support:/home/aaron/ur_ws/install/moveit_resources_pr2_description:/home/aaron/ur_ws/install/moveit_resources_panda_description:/home/aaron/ur_ws/install/moveit_resources_fanuc_description:/home/aaron/ur_ws/install/moveit_common:/opt/ros/humble LD_LIBRARY_PATH=/home/aaron/ur_ws/install/pilz_industrial_motion_planner/lib:/home/aaron/ur_ws/install/moveit_ros_planning_interface/lib:/home/aaron/ur_ws/install/moveit_ros_move_group/lib:/home/aaron/ur_ws/install/moveit_ros_warehouse/lib:/home/aaron/ur_ws/install/moveit_planners_ompl/lib:/home/aaron/ur_ws/install/moveit_kinematics/lib:/home/aaron/ur_ws/install/moveit_ros_planning/lib:/home/aaron/ur_ws/install/moveit_planners_chomp/lib:/home/aaron/ur_ws/install/pilz_industrial_motion_planner_testutils/lib:/home/aaron/ur_ws/install/moveit_simple_controller_manager/lib:/home/aaron/ur_ws/install/moveit_ros_occupancy_map_monitor/lib:/home/aaron/ur_ws/install/moveit_resources_prbt_ikfast_manipulator_plugin/lib:/home/aaron/ur_ws/install/chomp_motion_planner/lib:/home/aaron/ur_ws/install/moveit_core/lib:/home/aaron/ur_ws/install/srdfdom/lib:${LD_LIBRARY_PATH} PATH=/home/aaron/ur_ws/install/moveit_core/bin:${PATH} PYTHONPATH=/home/aaron/ur_ws/install/moveit_configs_utils/lib/python3.10/site-packages:/home/aaron/ur_ws/install/srdfdom/local/lib/python3.10/dist-packages:/home/aaron/ur_ws/install/launch_param_builder/lib/python3.10/site-packages:${PYTHONPATH} /usr/bin/cmake --build /home/aaron/ur_ws/build/moveit_planners -- -j20 -l20
[201.051s] DEBUG:colcon.colcon_core.event_handler.log_command:Invoking command in '/home/aaron/ur_ws/build/moveit_planners': AMENT_PREFIX_PATH=/home/aaron/ur_ws/install/pilz_industrial_motion_planner:/home/aaron/ur_ws/install/moveit_resources_prbt_pg70_support:/home/aaron/ur_ws/install/moveit_ros_planning_interface:/home/aaron/ur_ws/install/moveit_resources_prbt_moveit_config:/home/aaron/ur_ws/install/moveit_ros_move_group:/home/aaron/ur_ws/install/moveit_ros_warehouse:/home/aaron/ur_ws/install/moveit_planners_ompl:/home/aaron/ur_ws/install/moveit_kinematics:/home/aaron/ur_ws/install/moveit_ros_planning:/home/aaron/ur_ws/install/moveit_planners_chomp:/home/aaron/ur_ws/install/pilz_industrial_motion_planner_testutils:/home/aaron/ur_ws/install/moveit_simple_controller_manager:/home/aaron/ur_ws/install/moveit_ros_occupancy_map_monitor:/home/aaron/ur_ws/install/moveit_resources_prbt_ikfast_manipulator_plugin:/home/aaron/ur_ws/install/chomp_motion_planner:/home/aaron/ur_ws/install/moveit_core:/home/aaron/ur_ws/install/moveit_resources_panda_moveit_config:/home/aaron/ur_ws/install/moveit_resources_fanuc_moveit_config:/home/aaron/ur_ws/install/moveit_configs_utils:/home/aaron/ur_ws/install/srdfdom:/home/aaron/ur_ws/install/moveit_resources_prbt_support:/home/aaron/ur_ws/install/moveit_resources_pr2_description:/home/aaron/ur_ws/install/moveit_resources_panda_description:/home/aaron/ur_ws/install/moveit_resources_fanuc_description:/home/aaron/ur_ws/install/moveit_common:/home/aaron/ur_ws/install/launch_param_builder:${AMENT_PREFIX_PATH} CMAKE_PREFIX_PATH=/home/aaron/ur_ws/install/pilz_industrial_motion_planner:/home/aaron/ur_ws/install/moveit_resources_prbt_pg70_support:/home/aaron/ur_ws/install/moveit_ros_planning_interface:/home/aaron/ur_ws/install/moveit_resources_prbt_moveit_config:/home/aaron/ur_ws/install/moveit_ros_move_group:/home/aaron/ur_ws/install/moveit_ros_warehouse:/home/aaron/ur_ws/install/moveit_planners_ompl:/home/aaron/ur_ws/install/moveit_kinematics:/home/aaron/ur_ws/install/moveit_ros_planning:/home/aaron/ur_ws/install/moveit_planners_chomp:/home/aaron/ur_ws/install/pilz_industrial_motion_planner_testutils:/home/aaron/ur_ws/install/moveit_simple_controller_manager:/home/aaron/ur_ws/install/moveit_ros_occupancy_map_monitor:/home/aaron/ur_ws/install/moveit_resources_prbt_ikfast_manipulator_plugin:/home/aaron/ur_ws/install/chomp_motion_planner:/home/aaron/ur_ws/install/moveit_core:/home/aaron/ur_ws/install/moveit_resources_panda_moveit_config:/home/aaron/ur_ws/install/moveit_resources_fanuc_moveit_config:/home/aaron/ur_ws/install/srdfdom:/home/aaron/ur_ws/install/moveit_resources_prbt_support:/home/aaron/ur_ws/install/moveit_resources_pr2_description:/home/aaron/ur_ws/install/moveit_resources_panda_description:/home/aaron/ur_ws/install/moveit_resources_fanuc_description:/home/aaron/ur_ws/install/moveit_common:/opt/ros/humble LD_LIBRARY_PATH=/home/aaron/ur_ws/install/pilz_industrial_motion_planner/lib:/home/aaron/ur_ws/install/moveit_ros_planning_interface/lib:/home/aaron/ur_ws/install/moveit_ros_move_group/lib:/home/aaron/ur_ws/install/moveit_ros_warehouse/lib:/home/aaron/ur_ws/install/moveit_planners_ompl/lib:/home/aaron/ur_ws/install/moveit_kinematics/lib:/home/aaron/ur_ws/install/moveit_ros_planning/lib:/home/aaron/ur_ws/install/moveit_planners_chomp/lib:/home/aaron/ur_ws/install/pilz_industrial_motion_planner_testutils/lib:/home/aaron/ur_ws/install/moveit_simple_controller_manager/lib:/home/aaron/ur_ws/install/moveit_ros_occupancy_map_monitor/lib:/home/aaron/ur_ws/install/moveit_resources_prbt_ikfast_manipulator_plugin/lib:/home/aaron/ur_ws/install/chomp_motion_planner/lib:/home/aaron/ur_ws/install/moveit_core/lib:/home/aaron/ur_ws/install/srdfdom/lib:${LD_LIBRARY_PATH} PATH=/home/aaron/ur_ws/install/moveit_core/bin:${PATH} PYTHONPATH=/home/aaron/ur_ws/install/moveit_configs_utils/lib/python3.10/site-packages:/home/aaron/ur_ws/install/srdfdom/local/lib/python3.10/dist-packages:/home/aaron/ur_ws/install/launch_param_builder/lib/python3.10/site-packages:${PYTHONPATH} /usr/bin/cmake --install /home/aaron/ur_ws/build/moveit_planners
[201.066s] Level 1:colcon.colcon_core.environment:create_environment_scripts_only(moveit_planners)
[201.066s] Level 1:colcon.colcon_core.environment:checking '/home/aaron/ur_ws/install/moveit_planners' for CMake module files
[201.067s] DEBUG:colcon.colcon_core.event_handler.log_command:Invoked command in '/home/aaron/ur_ws/build/moveit_planners' returned '0': AMENT_PREFIX_PATH=/home/aaron/ur_ws/install/pilz_industrial_motion_planner:/home/aaron/ur_ws/install/moveit_resources_prbt_pg70_support:/home/aaron/ur_ws/install/moveit_ros_planning_interface:/home/aaron/ur_ws/install/moveit_resources_prbt_moveit_config:/home/aaron/ur_ws/install/moveit_ros_move_group:/home/aaron/ur_ws/install/moveit_ros_warehouse:/home/aaron/ur_ws/install/moveit_planners_ompl:/home/aaron/ur_ws/install/moveit_kinematics:/home/aaron/ur_ws/install/moveit_ros_planning:/home/aaron/ur_ws/install/moveit_planners_chomp:/home/aaron/ur_ws/install/pilz_industrial_motion_planner_testutils:/home/aaron/ur_ws/install/moveit_simple_controller_manager:/home/aaron/ur_ws/install/moveit_ros_occupancy_map_monitor:/home/aaron/ur_ws/install/moveit_resources_prbt_ikfast_manipulator_plugin:/home/aaron/ur_ws/install/chomp_motion_planner:/home/aaron/ur_ws/install/moveit_core:/home/aaron/ur_ws/install/moveit_resources_panda_moveit_config:/home/aaron/ur_ws/install/moveit_resources_fanuc_moveit_config:/home/aaron/ur_ws/install/moveit_configs_utils:/home/aaron/ur_ws/install/srdfdom:/home/aaron/ur_ws/install/moveit_resources_prbt_support:/home/aaron/ur_ws/install/moveit_resources_pr2_description:/home/aaron/ur_ws/install/moveit_resources_panda_description:/home/aaron/ur_ws/install/moveit_resources_fanuc_description:/home/aaron/ur_ws/install/moveit_common:/home/aaron/ur_ws/install/launch_param_builder:${AMENT_PREFIX_PATH} CMAKE_PREFIX_PATH=/home/aaron/ur_ws/install/pilz_industrial_motion_planner:/home/aaron/ur_ws/install/moveit_resources_prbt_pg70_support:/home/aaron/ur_ws/install/moveit_ros_planning_interface:/home/aaron/ur_ws/install/moveit_resources_prbt_moveit_config:/home/aaron/ur_ws/install/moveit_ros_move_group:/home/aaron/ur_ws/install/moveit_ros_warehouse:/home/aaron/ur_ws/install/moveit_planners_ompl:/home/aaron/ur_ws/install/moveit_kinematics:/home/aaron/ur_ws/install/moveit_ros_planning:/home/aaron/ur_ws/install/moveit_planners_chomp:/home/aaron/ur_ws/install/pilz_industrial_motion_planner_testutils:/home/aaron/ur_ws/install/moveit_simple_controller_manager:/home/aaron/ur_ws/install/moveit_ros_occupancy_map_monitor:/home/aaron/ur_ws/install/moveit_resources_prbt_ikfast_manipulator_plugin:/home/aaron/ur_ws/install/chomp_motion_planner:/home/aaron/ur_ws/install/moveit_core:/home/aaron/ur_ws/install/moveit_resources_panda_moveit_config:/home/aaron/ur_ws/install/moveit_resources_fanuc_moveit_config:/home/aaron/ur_ws/install/srdfdom:/home/aaron/ur_ws/install/moveit_resources_prbt_support:/home/aaron/ur_ws/install/moveit_resources_pr2_description:/home/aaron/ur_ws/install/moveit_resources_panda_description:/home/aaron/ur_ws/install/moveit_resources_fanuc_description:/home/aaron/ur_ws/install/moveit_common:/opt/ros/humble LD_LIBRARY_PATH=/home/aaron/ur_ws/install/pilz_industrial_motion_planner/lib:/home/aaron/ur_ws/install/moveit_ros_planning_interface/lib:/home/aaron/ur_ws/install/moveit_ros_move_group/lib:/home/aaron/ur_ws/install/moveit_ros_warehouse/lib:/home/aaron/ur_ws/install/moveit_planners_ompl/lib:/home/aaron/ur_ws/install/moveit_kinematics/lib:/home/aaron/ur_ws/install/moveit_ros_planning/lib:/home/aaron/ur_ws/install/moveit_planners_chomp/lib:/home/aaron/ur_ws/install/pilz_industrial_motion_planner_testutils/lib:/home/aaron/ur_ws/install/moveit_simple_controller_manager/lib:/home/aaron/ur_ws/install/moveit_ros_occupancy_map_monitor/lib:/home/aaron/ur_ws/install/moveit_resources_prbt_ikfast_manipulator_plugin/lib:/home/aaron/ur_ws/install/chomp_motion_planner/lib:/home/aaron/ur_ws/install/moveit_core/lib:/home/aaron/ur_ws/install/srdfdom/lib:${LD_LIBRARY_PATH} PATH=/home/aaron/ur_ws/install/moveit_core/bin:${PATH} PYTHONPATH=/home/aaron/ur_ws/install/moveit_configs_utils/lib/python3.10/site-packages:/home/aaron/ur_ws/install/srdfdom/local/lib/python3.10/dist-packages:/home/aaron/ur_ws/install/launch_param_builder/lib/python3.10/site-packages:${PYTHONPATH} /usr/bin/cmake --install /home/aaron/ur_ws/build/moveit_planners
[201.067s] Level 1:colcon.colcon_core.environment:checking '/home/aaron/ur_ws/install/moveit_planners' for CMake config files
[201.067s] Level 1:colcon.colcon_core.shell:create_environment_hook('moveit_planners', 'cmake_prefix_path')
[201.067s] INFO:colcon.colcon_core.shell:Creating environment hook '/home/aaron/ur_ws/install/moveit_planners/share/moveit_planners/hook/cmake_prefix_path.ps1'
[201.068s] INFO:colcon.colcon_core.shell:Creating environment descriptor '/home/aaron/ur_ws/install/moveit_planners/share/moveit_planners/hook/cmake_prefix_path.dsv'
[201.068s] INFO:colcon.colcon_core.shell:Creating environment hook '/home/aaron/ur_ws/install/moveit_planners/share/moveit_planners/hook/cmake_prefix_path.sh'
[201.069s] Level 1:colcon.colcon_core.environment:checking '/home/aaron/ur_ws/install/moveit_planners/bin'
[201.069s] Level 1:colcon.colcon_core.environment:checking '/home/aaron/ur_ws/install/moveit_planners/lib/pkgconfig/moveit_planners.pc'
[201.069s] Level 1:colcon.colcon_core.environment:checking '/home/aaron/ur_ws/install/moveit_planners/lib/python3.10/site-packages'
[201.070s] Level 1:colcon.colcon_core.environment:checking '/home/aaron/ur_ws/install/moveit_planners/bin'
[201.070s] INFO:colcon.colcon_core.shell:Creating package script '/home/aaron/ur_ws/install/moveit_planners/share/moveit_planners/package.ps1'
[201.071s] INFO:colcon.colcon_core.shell:Creating package descriptor '/home/aaron/ur_ws/install/moveit_planners/share/moveit_planners/package.dsv'
[201.071s] INFO:colcon.colcon_core.shell:Creating package script '/home/aaron/ur_ws/install/moveit_planners/share/moveit_planners/package.sh'
[201.071s] INFO:colcon.colcon_core.shell:Creating package script '/home/aaron/ur_ws/install/moveit_planners/share/moveit_planners/package.bash'
[201.072s] INFO:colcon.colcon_core.shell:Creating package script '/home/aaron/ur_ws/install/moveit_planners/share/moveit_planners/package.zsh'
[201.072s] Level 1:colcon.colcon_core.environment:create_file_with_runtime_dependencies(/home/aaron/ur_ws/install/moveit_planners/share/colcon-core/packages/moveit_planners)
[201.073s] Level 1:colcon.colcon_core.environment:create_environment_scripts_only(moveit_planners)
[201.073s] Level 1:colcon.colcon_core.environment:checking '/home/aaron/ur_ws/install/moveit_planners' for CMake module files
[201.073s] Level 1:colcon.colcon_core.environment:checking '/home/aaron/ur_ws/install/moveit_planners' for CMake config files
[201.074s] Level 1:colcon.colcon_core.shell:create_environment_hook('moveit_planners', 'cmake_prefix_path')
[201.074s] INFO:colcon.colcon_core.shell:Creating environment hook '/home/aaron/ur_ws/install/moveit_planners/share/moveit_planners/hook/cmake_prefix_path.ps1'
[201.074s] INFO:colcon.colcon_core.shell:Creating environment descriptor '/home/aaron/ur_ws/install/moveit_planners/share/moveit_planners/hook/cmake_prefix_path.dsv'
[201.075s] INFO:colcon.colcon_core.shell:Creating environment hook '/home/aaron/ur_ws/install/moveit_planners/share/moveit_planners/hook/cmake_prefix_path.sh'
[201.075s] Level 1:colcon.colcon_core.environment:checking '/home/aaron/ur_ws/install/moveit_planners/bin'
[201.076s] Level 1:colcon.colcon_core.environment:checking '/home/aaron/ur_ws/install/moveit_planners/lib/pkgconfig/moveit_planners.pc'
[201.076s] Level 1:colcon.colcon_core.environment:checking '/home/aaron/ur_ws/install/moveit_planners/lib/python3.10/site-packages'
[201.076s] Level 1:colcon.colcon_core.environment:checking '/home/aaron/ur_ws/install/moveit_planners/bin'
[201.077s] INFO:colcon.colcon_core.shell:Creating package script '/home/aaron/ur_ws/install/moveit_planners/share/moveit_planners/package.ps1'
[201.077s] INFO:colcon.colcon_core.shell:Creating package descriptor '/home/aaron/ur_ws/install/moveit_planners/share/moveit_planners/package.dsv'
[201.078s] INFO:colcon.colcon_core.shell:Creating package script '/home/aaron/ur_ws/install/moveit_planners/share/moveit_planners/package.sh'
[201.079s] INFO:colcon.colcon_core.shell:Creating package script '/home/aaron/ur_ws/install/moveit_planners/share/moveit_planners/package.bash'
[201.079s] INFO:colcon.colcon_core.shell:Creating package script '/home/aaron/ur_ws/install/moveit_planners/share/moveit_planners/package.zsh'
[201.080s] Level 1:colcon.colcon_core.environment:create_file_with_runtime_dependencies(/home/aaron/ur_ws/install/moveit_planners/share/colcon-core/packages/moveit_planners)
[201.080s] INFO:colcon.colcon_ros.task.ament_cmake.build:Building ROS package in '/home/aaron/ur_ws/src/moveit_task_constructor/core' with build type 'ament_cmake'
[201.080s] INFO:colcon.colcon_cmake.task.cmake.build:Building CMake package in '/home/aaron/ur_ws/src/moveit_task_constructor/core'
[201.081s] INFO:colcon.colcon_core.shell:Skip shell extension 'powershell' for command environment: Not usable outside of PowerShell
[201.081s] DEBUG:colcon.colcon_core.shell:Skip shell extension 'dsv' for command environment
[201.087s] INFO:colcon.colcon_ros.task.ament_cmake.build:Building ROS package in '/home/aaron/ur_ws/src/moveit2/moveit_runtime' with build type 'ament_cmake'
[201.088s] INFO:colcon.colcon_cmake.task.cmake.build:Building CMake package in '/home/aaron/ur_ws/src/moveit2/moveit_runtime'
[201.088s] INFO:colcon.colcon_core.shell:Skip shell extension 'powershell' for command environment: Not usable outside of PowerShell
[201.088s] DEBUG:colcon.colcon_core.shell:Skip shell extension 'dsv' for command environment
[201.175s] DEBUG:colcon.colcon_core.event_handler.log_command:Invoking command in '/home/aaron/ur_ws/build/moveit_task_constructor_core': AMENT_PREFIX_PATH=/home/aaron/ur_ws/install/moveit_planners:/home/aaron/ur_ws/install/pilz_industrial_motion_planner:/home/aaron/ur_ws/install/moveit_resources_prbt_pg70_support:/home/aaron/ur_ws/install/moveit_ros_planning_interface:/home/aaron/ur_ws/install/moveit_resources_prbt_moveit_config:/home/aaron/ur_ws/install/moveit_ros_move_group:/home/aaron/ur_ws/install/moveit_ros_warehouse:/home/aaron/ur_ws/install/moveit_planners_ompl:/home/aaron/ur_ws/install/moveit_kinematics:/home/aaron/ur_ws/install/moveit_ros_planning:/home/aaron/ur_ws/install/moveit_planners_chomp:/home/aaron/ur_ws/install/pilz_industrial_motion_planner_testutils:/home/aaron/ur_ws/install/moveit_simple_controller_manager:/home/aaron/ur_ws/install/moveit_ros_occupancy_map_monitor:/home/aaron/ur_ws/install/moveit_resources_prbt_ikfast_manipulator_plugin:/home/aaron/ur_ws/install/chomp_motion_planner:/home/aaron/ur_ws/install/moveit_core:/home/aaron/ur_ws/install/rviz_marker_tools:/home/aaron/ur_ws/install/moveit_resources_panda_moveit_config:/home/aaron/ur_ws/install/moveit_resources_fanuc_moveit_config:/home/aaron/ur_ws/install/moveit_configs_utils:/home/aaron/ur_ws/install/srdfdom:/home/aaron/ur_ws/install/moveit_task_constructor_msgs:/home/aaron/ur_ws/install/moveit_resources_prbt_support:/home/aaron/ur_ws/install/moveit_resources_pr2_description:/home/aaron/ur_ws/install/moveit_resources_panda_description:/home/aaron/ur_ws/install/moveit_resources_fanuc_description:/home/aaron/ur_ws/install/moveit_common:/home/aaron/ur_ws/install/launch_param_builder:${AMENT_PREFIX_PATH} CMAKE_PREFIX_PATH=/home/aaron/ur_ws/install/moveit_planners:/home/aaron/ur_ws/install/pilz_industrial_motion_planner:/home/aaron/ur_ws/install/moveit_resources_prbt_pg70_support:/home/aaron/ur_ws/install/moveit_ros_planning_interface:/home/aaron/ur_ws/install/moveit_resources_prbt_moveit_config:/home/aaron/ur_ws/install/moveit_ros_move_group:/home/aaron/ur_ws/install/moveit_ros_warehouse:/home/aaron/ur_ws/install/moveit_planners_ompl:/home/aaron/ur_ws/install/moveit_kinematics:/home/aaron/ur_ws/install/moveit_ros_planning:/home/aaron/ur_ws/install/moveit_planners_chomp:/home/aaron/ur_ws/install/pilz_industrial_motion_planner_testutils:/home/aaron/ur_ws/install/moveit_simple_controller_manager:/home/aaron/ur_ws/install/moveit_ros_occupancy_map_monitor:/home/aaron/ur_ws/install/moveit_resources_prbt_ikfast_manipulator_plugin:/home/aaron/ur_ws/install/chomp_motion_planner:/home/aaron/ur_ws/install/moveit_core:/home/aaron/ur_ws/install/rviz_marker_tools:/home/aaron/ur_ws/install/moveit_resources_panda_moveit_config:/home/aaron/ur_ws/install/moveit_resources_fanuc_moveit_config:/home/aaron/ur_ws/install/srdfdom:/home/aaron/ur_ws/install/moveit_task_constructor_msgs:/home/aaron/ur_ws/install/moveit_resources_prbt_support:/home/aaron/ur_ws/install/moveit_resources_pr2_description:/home/aaron/ur_ws/install/moveit_resources_panda_description:/home/aaron/ur_ws/install/moveit_resources_fanuc_description:/home/aaron/ur_ws/install/moveit_common:/opt/ros/humble LD_LIBRARY_PATH=/home/aaron/ur_ws/install/pilz_industrial_motion_planner/lib:/home/aaron/ur_ws/install/moveit_ros_planning_interface/lib:/home/aaron/ur_ws/install/moveit_ros_move_group/lib:/home/aaron/ur_ws/install/moveit_ros_warehouse/lib:/home/aaron/ur_ws/install/moveit_planners_ompl/lib:/home/aaron/ur_ws/install/moveit_kinematics/lib:/home/aaron/ur_ws/install/moveit_ros_planning/lib:/home/aaron/ur_ws/install/moveit_planners_chomp/lib:/home/aaron/ur_ws/install/pilz_industrial_motion_planner_testutils/lib:/home/aaron/ur_ws/install/moveit_simple_controller_manager/lib:/home/aaron/ur_ws/install/moveit_ros_occupancy_map_monitor/lib:/home/aaron/ur_ws/install/moveit_resources_prbt_ikfast_manipulator_plugin/lib:/home/aaron/ur_ws/install/chomp_motion_planner/lib:/home/aaron/ur_ws/install/moveit_core/lib:/home/aaron/ur_ws/install/rviz_marker_tools/lib:/home/aaron/ur_ws/install/srdfdom/lib:/home/aaron/ur_ws/install/moveit_task_constructor_msgs/lib:${LD_LIBRARY_PATH} PATH=/home/aaron/ur_ws/install/moveit_core/bin:${PATH} PYTHONPATH=/home/aaron/ur_ws/install/moveit_configs_utils/lib/python3.10/site-packages:/home/aaron/ur_ws/install/srdfdom/local/lib/python3.10/dist-packages:/home/aaron/ur_ws/install/moveit_task_constructor_msgs/local/lib/python3.10/dist-packages:/home/aaron/ur_ws/install/launch_param_builder/lib/python3.10/site-packages:${PYTHONPATH} /usr/bin/cmake --build /home/aaron/ur_ws/build/moveit_task_constructor_core -- -j20 -l20
[201.181s] DEBUG:colcon.colcon_core.event_handler.log_command:Invoking command in '/home/aaron/ur_ws/build/moveit_runtime': AMENT_PREFIX_PATH=/home/aaron/ur_ws/install/moveit_planners:/home/aaron/ur_ws/install/pilz_industrial_motion_planner:/home/aaron/ur_ws/install/moveit_resources_prbt_pg70_support:/home/aaron/ur_ws/install/moveit_ros_planning_interface:/home/aaron/ur_ws/install/moveit_resources_prbt_moveit_config:/home/aaron/ur_ws/install/moveit_ros_move_group:/home/aaron/ur_ws/install/moveit_ros_warehouse:/home/aaron/ur_ws/install/moveit_ros_perception:/home/aaron/ur_ws/install/moveit_planners_ompl:/home/aaron/ur_ws/install/moveit_kinematics:/home/aaron/ur_ws/install/moveit_ros_planning:/home/aaron/ur_ws/install/moveit_plugins:/home/aaron/ur_ws/install/moveit_planners_chomp:/home/aaron/ur_ws/install/pilz_industrial_motion_planner_testutils:/home/aaron/ur_ws/install/moveit_simple_controller_manager:/home/aaron/ur_ws/install/moveit_ros_occupancy_map_monitor:/home/aaron/ur_ws/install/moveit_resources_prbt_ikfast_manipulator_plugin:/home/aaron/ur_ws/install/chomp_motion_planner:/home/aaron/ur_ws/install/moveit_core:/home/aaron/ur_ws/install/moveit_resources_panda_moveit_config:/home/aaron/ur_ws/install/moveit_resources_fanuc_moveit_config:/home/aaron/ur_ws/install/moveit_configs_utils:/home/aaron/ur_ws/install/srdfdom:/home/aaron/ur_ws/install/moveit_resources_prbt_support:/home/aaron/ur_ws/install/moveit_resources_pr2_description:/home/aaron/ur_ws/install/moveit_resources_panda_description:/home/aaron/ur_ws/install/moveit_resources_fanuc_description:/home/aaron/ur_ws/install/moveit_common:/home/aaron/ur_ws/install/launch_param_builder:${AMENT_PREFIX_PATH} CMAKE_PREFIX_PATH=/home/aaron/ur_ws/install/moveit_planners:/home/aaron/ur_ws/install/pilz_industrial_motion_planner:/home/aaron/ur_ws/install/moveit_resources_prbt_pg70_support:/home/aaron/ur_ws/install/moveit_ros_planning_interface:/home/aaron/ur_ws/install/moveit_resources_prbt_moveit_config:/home/aaron/ur_ws/install/moveit_ros_move_group:/home/aaron/ur_ws/install/moveit_ros_warehouse:/home/aaron/ur_ws/install/moveit_ros_perception:/home/aaron/ur_ws/install/moveit_planners_ompl:/home/aaron/ur_ws/install/moveit_kinematics:/home/aaron/ur_ws/install/moveit_ros_planning:/home/aaron/ur_ws/install/moveit_plugins:/home/aaron/ur_ws/install/moveit_planners_chomp:/home/aaron/ur_ws/install/pilz_industrial_motion_planner_testutils:/home/aaron/ur_ws/install/moveit_simple_controller_manager:/home/aaron/ur_ws/install/moveit_ros_occupancy_map_monitor:/home/aaron/ur_ws/install/moveit_resources_prbt_ikfast_manipulator_plugin:/home/aaron/ur_ws/install/chomp_motion_planner:/home/aaron/ur_ws/install/moveit_core:/home/aaron/ur_ws/install/moveit_resources_panda_moveit_config:/home/aaron/ur_ws/install/moveit_resources_fanuc_moveit_config:/home/aaron/ur_ws/install/srdfdom:/home/aaron/ur_ws/install/moveit_resources_prbt_support:/home/aaron/ur_ws/install/moveit_resources_pr2_description:/home/aaron/ur_ws/install/moveit_resources_panda_description:/home/aaron/ur_ws/install/moveit_resources_fanuc_description:/home/aaron/ur_ws/install/moveit_common:/opt/ros/humble LD_LIBRARY_PATH=/home/aaron/ur_ws/install/pilz_industrial_motion_planner/lib:/home/aaron/ur_ws/install/moveit_ros_planning_interface/lib:/home/aaron/ur_ws/install/moveit_ros_move_group/lib:/home/aaron/ur_ws/install/moveit_ros_warehouse/lib:/home/aaron/ur_ws/install/moveit_ros_perception/lib:/home/aaron/ur_ws/install/moveit_planners_ompl/lib:/home/aaron/ur_ws/install/moveit_kinematics/lib:/home/aaron/ur_ws/install/moveit_ros_planning/lib:/home/aaron/ur_ws/install/moveit_planners_chomp/lib:/home/aaron/ur_ws/install/pilz_industrial_motion_planner_testutils/lib:/home/aaron/ur_ws/install/moveit_simple_controller_manager/lib:/home/aaron/ur_ws/install/moveit_ros_occupancy_map_monitor/lib:/home/aaron/ur_ws/install/moveit_resources_prbt_ikfast_manipulator_plugin/lib:/home/aaron/ur_ws/install/chomp_motion_planner/lib:/home/aaron/ur_ws/install/moveit_core/lib:/home/aaron/ur_ws/install/srdfdom/lib:${LD_LIBRARY_PATH} PATH=/home/aaron/ur_ws/install/moveit_core/bin:${PATH} PYTHONPATH=/home/aaron/ur_ws/install/moveit_configs_utils/lib/python3.10/site-packages:/home/aaron/ur_ws/install/srdfdom/local/lib/python3.10/dist-packages:/home/aaron/ur_ws/install/launch_param_builder/lib/python3.10/site-packages:${PYTHONPATH} /usr/bin/cmake --build /home/aaron/ur_ws/build/moveit_runtime -- -j20 -l20
[201.236s] DEBUG:colcon.colcon_core.event_handler.log_command:Invoked command in '/home/aaron/ur_ws/build/moveit_runtime' returned '0': AMENT_PREFIX_PATH=/home/aaron/ur_ws/install/moveit_planners:/home/aaron/ur_ws/install/pilz_industrial_motion_planner:/home/aaron/ur_ws/install/moveit_resources_prbt_pg70_support:/home/aaron/ur_ws/install/moveit_ros_planning_interface:/home/aaron/ur_ws/install/moveit_resources_prbt_moveit_config:/home/aaron/ur_ws/install/moveit_ros_move_group:/home/aaron/ur_ws/install/moveit_ros_warehouse:/home/aaron/ur_ws/install/moveit_ros_perception:/home/aaron/ur_ws/install/moveit_planners_ompl:/home/aaron/ur_ws/install/moveit_kinematics:/home/aaron/ur_ws/install/moveit_ros_planning:/home/aaron/ur_ws/install/moveit_plugins:/home/aaron/ur_ws/install/moveit_planners_chomp:/home/aaron/ur_ws/install/pilz_industrial_motion_planner_testutils:/home/aaron/ur_ws/install/moveit_simple_controller_manager:/home/aaron/ur_ws/install/moveit_ros_occupancy_map_monitor:/home/aaron/ur_ws/install/moveit_resources_prbt_ikfast_manipulator_plugin:/home/aaron/ur_ws/install/chomp_motion_planner:/home/aaron/ur_ws/install/moveit_core:/home/aaron/ur_ws/install/moveit_resources_panda_moveit_config:/home/aaron/ur_ws/install/moveit_resources_fanuc_moveit_config:/home/aaron/ur_ws/install/moveit_configs_utils:/home/aaron/ur_ws/install/srdfdom:/home/aaron/ur_ws/install/moveit_resources_prbt_support:/home/aaron/ur_ws/install/moveit_resources_pr2_description:/home/aaron/ur_ws/install/moveit_resources_panda_description:/home/aaron/ur_ws/install/moveit_resources_fanuc_description:/home/aaron/ur_ws/install/moveit_common:/home/aaron/ur_ws/install/launch_param_builder:${AMENT_PREFIX_PATH} CMAKE_PREFIX_PATH=/home/aaron/ur_ws/install/moveit_planners:/home/aaron/ur_ws/install/pilz_industrial_motion_planner:/home/aaron/ur_ws/install/moveit_resources_prbt_pg70_support:/home/aaron/ur_ws/install/moveit_ros_planning_interface:/home/aaron/ur_ws/install/moveit_resources_prbt_moveit_config:/home/aaron/ur_ws/install/moveit_ros_move_group:/home/aaron/ur_ws/install/moveit_ros_warehouse:/home/aaron/ur_ws/install/moveit_ros_perception:/home/aaron/ur_ws/install/moveit_planners_ompl:/home/aaron/ur_ws/install/moveit_kinematics:/home/aaron/ur_ws/install/moveit_ros_planning:/home/aaron/ur_ws/install/moveit_plugins:/home/aaron/ur_ws/install/moveit_planners_chomp:/home/aaron/ur_ws/install/pilz_industrial_motion_planner_testutils:/home/aaron/ur_ws/install/moveit_simple_controller_manager:/home/aaron/ur_ws/install/moveit_ros_occupancy_map_monitor:/home/aaron/ur_ws/install/moveit_resources_prbt_ikfast_manipulator_plugin:/home/aaron/ur_ws/install/chomp_motion_planner:/home/aaron/ur_ws/install/moveit_core:/home/aaron/ur_ws/install/moveit_resources_panda_moveit_config:/home/aaron/ur_ws/install/moveit_resources_fanuc_moveit_config:/home/aaron/ur_ws/install/srdfdom:/home/aaron/ur_ws/install/moveit_resources_prbt_support:/home/aaron/ur_ws/install/moveit_resources_pr2_description:/home/aaron/ur_ws/install/moveit_resources_panda_description:/home/aaron/ur_ws/install/moveit_resources_fanuc_description:/home/aaron/ur_ws/install/moveit_common:/opt/ros/humble LD_LIBRARY_PATH=/home/aaron/ur_ws/install/pilz_industrial_motion_planner/lib:/home/aaron/ur_ws/install/moveit_ros_planning_interface/lib:/home/aaron/ur_ws/install/moveit_ros_move_group/lib:/home/aaron/ur_ws/install/moveit_ros_warehouse/lib:/home/aaron/ur_ws/install/moveit_ros_perception/lib:/home/aaron/ur_ws/install/moveit_planners_ompl/lib:/home/aaron/ur_ws/install/moveit_kinematics/lib:/home/aaron/ur_ws/install/moveit_ros_planning/lib:/home/aaron/ur_ws/install/moveit_planners_chomp/lib:/home/aaron/ur_ws/install/pilz_industrial_motion_planner_testutils/lib:/home/aaron/ur_ws/install/moveit_simple_controller_manager/lib:/home/aaron/ur_ws/install/moveit_ros_occupancy_map_monitor/lib:/home/aaron/ur_ws/install/moveit_resources_prbt_ikfast_manipulator_plugin/lib:/home/aaron/ur_ws/install/chomp_motion_planner/lib:/home/aaron/ur_ws/install/moveit_core/lib:/home/aaron/ur_ws/install/srdfdom/lib:${LD_LIBRARY_PATH} PATH=/home/aaron/ur_ws/install/moveit_core/bin:${PATH} PYTHONPATH=/home/aaron/ur_ws/install/moveit_configs_utils/lib/python3.10/site-packages:/home/aaron/ur_ws/install/srdfdom/local/lib/python3.10/dist-packages:/home/aaron/ur_ws/install/launch_param_builder/lib/python3.10/site-packages:${PYTHONPATH} /usr/bin/cmake --build /home/aaron/ur_ws/build/moveit_runtime -- -j20 -l20
[201.238s] DEBUG:colcon.colcon_core.event_handler.log_command:Invoking command in '/home/aaron/ur_ws/build/moveit_runtime': AMENT_PREFIX_PATH=/home/aaron/ur_ws/install/moveit_planners:/home/aaron/ur_ws/install/pilz_industrial_motion_planner:/home/aaron/ur_ws/install/moveit_resources_prbt_pg70_support:/home/aaron/ur_ws/install/moveit_ros_planning_interface:/home/aaron/ur_ws/install/moveit_resources_prbt_moveit_config:/home/aaron/ur_ws/install/moveit_ros_move_group:/home/aaron/ur_ws/install/moveit_ros_warehouse:/home/aaron/ur_ws/install/moveit_ros_perception:/home/aaron/ur_ws/install/moveit_planners_ompl:/home/aaron/ur_ws/install/moveit_kinematics:/home/aaron/ur_ws/install/moveit_ros_planning:/home/aaron/ur_ws/install/moveit_plugins:/home/aaron/ur_ws/install/moveit_planners_chomp:/home/aaron/ur_ws/install/pilz_industrial_motion_planner_testutils:/home/aaron/ur_ws/install/moveit_simple_controller_manager:/home/aaron/ur_ws/install/moveit_ros_occupancy_map_monitor:/home/aaron/ur_ws/install/moveit_resources_prbt_ikfast_manipulator_plugin:/home/aaron/ur_ws/install/chomp_motion_planner:/home/aaron/ur_ws/install/moveit_core:/home/aaron/ur_ws/install/moveit_resources_panda_moveit_config:/home/aaron/ur_ws/install/moveit_resources_fanuc_moveit_config:/home/aaron/ur_ws/install/moveit_configs_utils:/home/aaron/ur_ws/install/srdfdom:/home/aaron/ur_ws/install/moveit_resources_prbt_support:/home/aaron/ur_ws/install/moveit_resources_pr2_description:/home/aaron/ur_ws/install/moveit_resources_panda_description:/home/aaron/ur_ws/install/moveit_resources_fanuc_description:/home/aaron/ur_ws/install/moveit_common:/home/aaron/ur_ws/install/launch_param_builder:${AMENT_PREFIX_PATH} CMAKE_PREFIX_PATH=/home/aaron/ur_ws/install/moveit_planners:/home/aaron/ur_ws/install/pilz_industrial_motion_planner:/home/aaron/ur_ws/install/moveit_resources_prbt_pg70_support:/home/aaron/ur_ws/install/moveit_ros_planning_interface:/home/aaron/ur_ws/install/moveit_resources_prbt_moveit_config:/home/aaron/ur_ws/install/moveit_ros_move_group:/home/aaron/ur_ws/install/moveit_ros_warehouse:/home/aaron/ur_ws/install/moveit_ros_perception:/home/aaron/ur_ws/install/moveit_planners_ompl:/home/aaron/ur_ws/install/moveit_kinematics:/home/aaron/ur_ws/install/moveit_ros_planning:/home/aaron/ur_ws/install/moveit_plugins:/home/aaron/ur_ws/install/moveit_planners_chomp:/home/aaron/ur_ws/install/pilz_industrial_motion_planner_testutils:/home/aaron/ur_ws/install/moveit_simple_controller_manager:/home/aaron/ur_ws/install/moveit_ros_occupancy_map_monitor:/home/aaron/ur_ws/install/moveit_resources_prbt_ikfast_manipulator_plugin:/home/aaron/ur_ws/install/chomp_motion_planner:/home/aaron/ur_ws/install/moveit_core:/home/aaron/ur_ws/install/moveit_resources_panda_moveit_config:/home/aaron/ur_ws/install/moveit_resources_fanuc_moveit_config:/home/aaron/ur_ws/install/srdfdom:/home/aaron/ur_ws/install/moveit_resources_prbt_support:/home/aaron/ur_ws/install/moveit_resources_pr2_description:/home/aaron/ur_ws/install/moveit_resources_panda_description:/home/aaron/ur_ws/install/moveit_resources_fanuc_description:/home/aaron/ur_ws/install/moveit_common:/opt/ros/humble LD_LIBRARY_PATH=/home/aaron/ur_ws/install/pilz_industrial_motion_planner/lib:/home/aaron/ur_ws/install/moveit_ros_planning_interface/lib:/home/aaron/ur_ws/install/moveit_ros_move_group/lib:/home/aaron/ur_ws/install/moveit_ros_warehouse/lib:/home/aaron/ur_ws/install/moveit_ros_perception/lib:/home/aaron/ur_ws/install/moveit_planners_ompl/lib:/home/aaron/ur_ws/install/moveit_kinematics/lib:/home/aaron/ur_ws/install/moveit_ros_planning/lib:/home/aaron/ur_ws/install/moveit_planners_chomp/lib:/home/aaron/ur_ws/install/pilz_industrial_motion_planner_testutils/lib:/home/aaron/ur_ws/install/moveit_simple_controller_manager/lib:/home/aaron/ur_ws/install/moveit_ros_occupancy_map_monitor/lib:/home/aaron/ur_ws/install/moveit_resources_prbt_ikfast_manipulator_plugin/lib:/home/aaron/ur_ws/install/chomp_motion_planner/lib:/home/aaron/ur_ws/install/moveit_core/lib:/home/aaron/ur_ws/install/srdfdom/lib:${LD_LIBRARY_PATH} PATH=/home/aaron/ur_ws/install/moveit_core/bin:${PATH} PYTHONPATH=/home/aaron/ur_ws/install/moveit_configs_utils/lib/python3.10/site-packages:/home/aaron/ur_ws/install/srdfdom/local/lib/python3.10/dist-packages:/home/aaron/ur_ws/install/launch_param_builder/lib/python3.10/site-packages:${PYTHONPATH} /usr/bin/cmake --install /home/aaron/ur_ws/build/moveit_runtime
[201.250s] Level 1:colcon.colcon_core.environment:create_environment_scripts_only(moveit_runtime)
[201.251s] Level 1:colcon.colcon_core.environment:checking '/home/aaron/ur_ws/install/moveit_runtime' for CMake module files
[201.252s] DEBUG:colcon.colcon_core.event_handler.log_command:Invoked command in '/home/aaron/ur_ws/build/moveit_runtime' returned '0': AMENT_PREFIX_PATH=/home/aaron/ur_ws/install/moveit_planners:/home/aaron/ur_ws/install/pilz_industrial_motion_planner:/home/aaron/ur_ws/install/moveit_resources_prbt_pg70_support:/home/aaron/ur_ws/install/moveit_ros_planning_interface:/home/aaron/ur_ws/install/moveit_resources_prbt_moveit_config:/home/aaron/ur_ws/install/moveit_ros_move_group:/home/aaron/ur_ws/install/moveit_ros_warehouse:/home/aaron/ur_ws/install/moveit_ros_perception:/home/aaron/ur_ws/install/moveit_planners_ompl:/home/aaron/ur_ws/install/moveit_kinematics:/home/aaron/ur_ws/install/moveit_ros_planning:/home/aaron/ur_ws/install/moveit_plugins:/home/aaron/ur_ws/install/moveit_planners_chomp:/home/aaron/ur_ws/install/pilz_industrial_motion_planner_testutils:/home/aaron/ur_ws/install/moveit_simple_controller_manager:/home/aaron/ur_ws/install/moveit_ros_occupancy_map_monitor:/home/aaron/ur_ws/install/moveit_resources_prbt_ikfast_manipulator_plugin:/home/aaron/ur_ws/install/chomp_motion_planner:/home/aaron/ur_ws/install/moveit_core:/home/aaron/ur_ws/install/moveit_resources_panda_moveit_config:/home/aaron/ur_ws/install/moveit_resources_fanuc_moveit_config:/home/aaron/ur_ws/install/moveit_configs_utils:/home/aaron/ur_ws/install/srdfdom:/home/aaron/ur_ws/install/moveit_resources_prbt_support:/home/aaron/ur_ws/install/moveit_resources_pr2_description:/home/aaron/ur_ws/install/moveit_resources_panda_description:/home/aaron/ur_ws/install/moveit_resources_fanuc_description:/home/aaron/ur_ws/install/moveit_common:/home/aaron/ur_ws/install/launch_param_builder:${AMENT_PREFIX_PATH} CMAKE_PREFIX_PATH=/home/aaron/ur_ws/install/moveit_planners:/home/aaron/ur_ws/install/pilz_industrial_motion_planner:/home/aaron/ur_ws/install/moveit_resources_prbt_pg70_support:/home/aaron/ur_ws/install/moveit_ros_planning_interface:/home/aaron/ur_ws/install/moveit_resources_prbt_moveit_config:/home/aaron/ur_ws/install/moveit_ros_move_group:/home/aaron/ur_ws/install/moveit_ros_warehouse:/home/aaron/ur_ws/install/moveit_ros_perception:/home/aaron/ur_ws/install/moveit_planners_ompl:/home/aaron/ur_ws/install/moveit_kinematics:/home/aaron/ur_ws/install/moveit_ros_planning:/home/aaron/ur_ws/install/moveit_plugins:/home/aaron/ur_ws/install/moveit_planners_chomp:/home/aaron/ur_ws/install/pilz_industrial_motion_planner_testutils:/home/aaron/ur_ws/install/moveit_simple_controller_manager:/home/aaron/ur_ws/install/moveit_ros_occupancy_map_monitor:/home/aaron/ur_ws/install/moveit_resources_prbt_ikfast_manipulator_plugin:/home/aaron/ur_ws/install/chomp_motion_planner:/home/aaron/ur_ws/install/moveit_core:/home/aaron/ur_ws/install/moveit_resources_panda_moveit_config:/home/aaron/ur_ws/install/moveit_resources_fanuc_moveit_config:/home/aaron/ur_ws/install/srdfdom:/home/aaron/ur_ws/install/moveit_resources_prbt_support:/home/aaron/ur_ws/install/moveit_resources_pr2_description:/home/aaron/ur_ws/install/moveit_resources_panda_description:/home/aaron/ur_ws/install/moveit_resources_fanuc_description:/home/aaron/ur_ws/install/moveit_common:/opt/ros/humble LD_LIBRARY_PATH=/home/aaron/ur_ws/install/pilz_industrial_motion_planner/lib:/home/aaron/ur_ws/install/moveit_ros_planning_interface/lib:/home/aaron/ur_ws/install/moveit_ros_move_group/lib:/home/aaron/ur_ws/install/moveit_ros_warehouse/lib:/home/aaron/ur_ws/install/moveit_ros_perception/lib:/home/aaron/ur_ws/install/moveit_planners_ompl/lib:/home/aaron/ur_ws/install/moveit_kinematics/lib:/home/aaron/ur_ws/install/moveit_ros_planning/lib:/home/aaron/ur_ws/install/moveit_planners_chomp/lib:/home/aaron/ur_ws/install/pilz_industrial_motion_planner_testutils/lib:/home/aaron/ur_ws/install/moveit_simple_controller_manager/lib:/home/aaron/ur_ws/install/moveit_ros_occupancy_map_monitor/lib:/home/aaron/ur_ws/install/moveit_resources_prbt_ikfast_manipulator_plugin/lib:/home/aaron/ur_ws/install/chomp_motion_planner/lib:/home/aaron/ur_ws/install/moveit_core/lib:/home/aaron/ur_ws/install/srdfdom/lib:${LD_LIBRARY_PATH} PATH=/home/aaron/ur_ws/install/moveit_core/bin:${PATH} PYTHONPATH=/home/aaron/ur_ws/install/moveit_configs_utils/lib/python3.10/site-packages:/home/aaron/ur_ws/install/srdfdom/local/lib/python3.10/dist-packages:/home/aaron/ur_ws/install/launch_param_builder/lib/python3.10/site-packages:${PYTHONPATH} /usr/bin/cmake --install /home/aaron/ur_ws/build/moveit_runtime
[201.252s] Level 1:colcon.colcon_core.environment:checking '/home/aaron/ur_ws/install/moveit_runtime' for CMake config files
[201.253s] Level 1:colcon.colcon_core.shell:create_environment_hook('moveit_runtime', 'cmake_prefix_path')
[201.253s] INFO:colcon.colcon_core.shell:Creating environment hook '/home/aaron/ur_ws/install/moveit_runtime/share/moveit_runtime/hook/cmake_prefix_path.ps1'
[201.254s] INFO:colcon.colcon_core.shell:Creating environment descriptor '/home/aaron/ur_ws/install/moveit_runtime/share/moveit_runtime/hook/cmake_prefix_path.dsv'
[201.255s] INFO:colcon.colcon_core.shell:Creating environment hook '/home/aaron/ur_ws/install/moveit_runtime/share/moveit_runtime/hook/cmake_prefix_path.sh'
[201.256s] Level 1:colcon.colcon_core.environment:checking '/home/aaron/ur_ws/install/moveit_runtime/bin'
[201.257s] Level 1:colcon.colcon_core.environment:checking '/home/aaron/ur_ws/install/moveit_runtime/lib/pkgconfig/moveit_runtime.pc'
[201.257s] Level 1:colcon.colcon_core.environment:checking '/home/aaron/ur_ws/install/moveit_runtime/lib/python3.10/site-packages'
[201.258s] Level 1:colcon.colcon_core.environment:checking '/home/aaron/ur_ws/install/moveit_runtime/bin'
[201.259s] INFO:colcon.colcon_core.shell:Creating package script '/home/aaron/ur_ws/install/moveit_runtime/share/moveit_runtime/package.ps1'
[201.259s] INFO:colcon.colcon_core.shell:Creating package descriptor '/home/aaron/ur_ws/install/moveit_runtime/share/moveit_runtime/package.dsv'
[201.260s] INFO:colcon.colcon_core.shell:Creating package script '/home/aaron/ur_ws/install/moveit_runtime/share/moveit_runtime/package.sh'
[201.261s] INFO:colcon.colcon_core.shell:Creating package script '/home/aaron/ur_ws/install/moveit_runtime/share/moveit_runtime/package.bash'
[201.262s] INFO:colcon.colcon_core.shell:Creating package script '/home/aaron/ur_ws/install/moveit_runtime/share/moveit_runtime/package.zsh'
[201.263s] Level 1:colcon.colcon_core.environment:create_file_with_runtime_dependencies(/home/aaron/ur_ws/install/moveit_runtime/share/colcon-core/packages/moveit_runtime)
[201.264s] Level 1:colcon.colcon_core.environment:create_environment_scripts_only(moveit_runtime)
[201.264s] Level 1:colcon.colcon_core.environment:checking '/home/aaron/ur_ws/install/moveit_runtime' for CMake module files
[201.265s] Level 1:colcon.colcon_core.environment:checking '/home/aaron/ur_ws/install/moveit_runtime' for CMake config files
[201.266s] Level 1:colcon.colcon_core.shell:create_environment_hook('moveit_runtime', 'cmake_prefix_path')
[201.266s] INFO:colcon.colcon_core.shell:Creating environment hook '/home/aaron/ur_ws/install/moveit_runtime/share/moveit_runtime/hook/cmake_prefix_path.ps1'
[201.267s] INFO:colcon.colcon_core.shell:Creating environment descriptor '/home/aaron/ur_ws/install/moveit_runtime/share/moveit_runtime/hook/cmake_prefix_path.dsv'
[201.268s] INFO:colcon.colcon_core.shell:Creating environment hook '/home/aaron/ur_ws/install/moveit_runtime/share/moveit_runtime/hook/cmake_prefix_path.sh'
[201.268s] Level 1:colcon.colcon_core.environment:checking '/home/aaron/ur_ws/install/moveit_runtime/bin'
[201.268s] Level 1:colcon.colcon_core.environment:checking '/home/aaron/ur_ws/install/moveit_runtime/lib/pkgconfig/moveit_runtime.pc'
[201.269s] Level 1:colcon.colcon_core.environment:checking '/home/aaron/ur_ws/install/moveit_runtime/lib/python3.10/site-packages'
[201.269s] Level 1:colcon.colcon_core.environment:checking '/home/aaron/ur_ws/install/moveit_runtime/bin'
[201.269s] INFO:colcon.colcon_core.shell:Creating package script '/home/aaron/ur_ws/install/moveit_runtime/share/moveit_runtime/package.ps1'
[201.270s] INFO:colcon.colcon_core.shell:Creating package descriptor '/home/aaron/ur_ws/install/moveit_runtime/share/moveit_runtime/package.dsv'
[201.271s] INFO:colcon.colcon_core.shell:Creating package script '/home/aaron/ur_ws/install/moveit_runtime/share/moveit_runtime/package.sh'
[201.271s] INFO:colcon.colcon_core.shell:Creating package script '/home/aaron/ur_ws/install/moveit_runtime/share/moveit_runtime/package.bash'
[201.271s] INFO:colcon.colcon_core.shell:Creating package script '/home/aaron/ur_ws/install/moveit_runtime/share/moveit_runtime/package.zsh'
[201.272s] Level 1:colcon.colcon_core.environment:create_file_with_runtime_dependencies(/home/aaron/ur_ws/install/moveit_runtime/share/colcon-core/packages/moveit_runtime)
[402.587s] DEBUG:colcon.colcon_core.event_handler.log_command:Invoked command in '/home/aaron/ur_ws/build/moveit_ros_visualization' returned '0': AMENT_PREFIX_PATH=/home/aaron/ur_ws/install/moveit_ros_planning_interface:/home/aaron/ur_ws/install/moveit_ros_move_group:/home/aaron/ur_ws/install/moveit_ros_warehouse:/home/aaron/ur_ws/install/moveit_ros_robot_interaction:/home/aaron/ur_ws/install/moveit_planners_ompl:/home/aaron/ur_ws/install/moveit_kinematics:/home/aaron/ur_ws/install/moveit_ros_planning:/home/aaron/ur_ws/install/moveit_simple_controller_manager:/home/aaron/ur_ws/install/moveit_ros_occupancy_map_monitor:/home/aaron/ur_ws/install/moveit_core:/home/aaron/ur_ws/install/moveit_resources_panda_moveit_config:/home/aaron/ur_ws/install/moveit_resources_fanuc_moveit_config:/home/aaron/ur_ws/install/moveit_configs_utils:/home/aaron/ur_ws/install/srdfdom:/home/aaron/ur_ws/install/moveit_resources_pr2_description:/home/aaron/ur_ws/install/moveit_resources_panda_description:/home/aaron/ur_ws/install/moveit_resources_fanuc_description:/home/aaron/ur_ws/install/moveit_common:/home/aaron/ur_ws/install/launch_param_builder:${AMENT_PREFIX_PATH} CMAKE_PREFIX_PATH=/home/aaron/ur_ws/install/moveit_ros_planning_interface:/home/aaron/ur_ws/install/moveit_ros_move_group:/home/aaron/ur_ws/install/moveit_ros_warehouse:/home/aaron/ur_ws/install/moveit_ros_robot_interaction:/home/aaron/ur_ws/install/moveit_planners_ompl:/home/aaron/ur_ws/install/moveit_kinematics:/home/aaron/ur_ws/install/moveit_ros_planning:/home/aaron/ur_ws/install/moveit_simple_controller_manager:/home/aaron/ur_ws/install/moveit_ros_occupancy_map_monitor:/home/aaron/ur_ws/install/moveit_core:/home/aaron/ur_ws/install/moveit_resources_panda_moveit_config:/home/aaron/ur_ws/install/moveit_resources_fanuc_moveit_config:/home/aaron/ur_ws/install/srdfdom:/home/aaron/ur_ws/install/moveit_resources_pr2_description:/home/aaron/ur_ws/install/moveit_resources_panda_description:/home/aaron/ur_ws/install/moveit_resources_fanuc_description:/home/aaron/ur_ws/install/moveit_common:/opt/ros/humble LD_LIBRARY_PATH=/home/aaron/ur_ws/install/moveit_ros_planning_interface/lib:/home/aaron/ur_ws/install/moveit_ros_move_group/lib:/home/aaron/ur_ws/install/moveit_ros_warehouse/lib:/home/aaron/ur_ws/install/moveit_ros_robot_interaction/lib:/home/aaron/ur_ws/install/moveit_planners_ompl/lib:/home/aaron/ur_ws/install/moveit_kinematics/lib:/home/aaron/ur_ws/install/moveit_ros_planning/lib:/home/aaron/ur_ws/install/moveit_simple_controller_manager/lib:/home/aaron/ur_ws/install/moveit_ros_occupancy_map_monitor/lib:/home/aaron/ur_ws/install/moveit_core/lib:/home/aaron/ur_ws/install/srdfdom/lib:${LD_LIBRARY_PATH} PATH=/home/aaron/ur_ws/install/moveit_core/bin:${PATH} PYTHONPATH=/home/aaron/ur_ws/install/moveit_configs_utils/lib/python3.10/site-packages:/home/aaron/ur_ws/install/srdfdom/local/lib/python3.10/dist-packages:/home/aaron/ur_ws/install/launch_param_builder/lib/python3.10/site-packages:${PYTHONPATH} /usr/bin/cmake --build /home/aaron/ur_ws/build/moveit_ros_visualization -- -j20 -l20
[402.590s] DEBUG:colcon.colcon_core.event_handler.log_command:Invoking command in '/home/aaron/ur_ws/build/moveit_ros_visualization': AMENT_PREFIX_PATH=/home/aaron/ur_ws/install/moveit_ros_planning_interface:/home/aaron/ur_ws/install/moveit_ros_move_group:/home/aaron/ur_ws/install/moveit_ros_warehouse:/home/aaron/ur_ws/install/moveit_ros_robot_interaction:/home/aaron/ur_ws/install/moveit_planners_ompl:/home/aaron/ur_ws/install/moveit_kinematics:/home/aaron/ur_ws/install/moveit_ros_planning:/home/aaron/ur_ws/install/moveit_simple_controller_manager:/home/aaron/ur_ws/install/moveit_ros_occupancy_map_monitor:/home/aaron/ur_ws/install/moveit_core:/home/aaron/ur_ws/install/moveit_resources_panda_moveit_config:/home/aaron/ur_ws/install/moveit_resources_fanuc_moveit_config:/home/aaron/ur_ws/install/moveit_configs_utils:/home/aaron/ur_ws/install/srdfdom:/home/aaron/ur_ws/install/moveit_resources_pr2_description:/home/aaron/ur_ws/install/moveit_resources_panda_description:/home/aaron/ur_ws/install/moveit_resources_fanuc_description:/home/aaron/ur_ws/install/moveit_common:/home/aaron/ur_ws/install/launch_param_builder:${AMENT_PREFIX_PATH} CMAKE_PREFIX_PATH=/home/aaron/ur_ws/install/moveit_ros_planning_interface:/home/aaron/ur_ws/install/moveit_ros_move_group:/home/aaron/ur_ws/install/moveit_ros_warehouse:/home/aaron/ur_ws/install/moveit_ros_robot_interaction:/home/aaron/ur_ws/install/moveit_planners_ompl:/home/aaron/ur_ws/install/moveit_kinematics:/home/aaron/ur_ws/install/moveit_ros_planning:/home/aaron/ur_ws/install/moveit_simple_controller_manager:/home/aaron/ur_ws/install/moveit_ros_occupancy_map_monitor:/home/aaron/ur_ws/install/moveit_core:/home/aaron/ur_ws/install/moveit_resources_panda_moveit_config:/home/aaron/ur_ws/install/moveit_resources_fanuc_moveit_config:/home/aaron/ur_ws/install/srdfdom:/home/aaron/ur_ws/install/moveit_resources_pr2_description:/home/aaron/ur_ws/install/moveit_resources_panda_description:/home/aaron/ur_ws/install/moveit_resources_fanuc_description:/home/aaron/ur_ws/install/moveit_common:/opt/ros/humble LD_LIBRARY_PATH=/home/aaron/ur_ws/install/moveit_ros_planning_interface/lib:/home/aaron/ur_ws/install/moveit_ros_move_group/lib:/home/aaron/ur_ws/install/moveit_ros_warehouse/lib:/home/aaron/ur_ws/install/moveit_ros_robot_interaction/lib:/home/aaron/ur_ws/install/moveit_planners_ompl/lib:/home/aaron/ur_ws/install/moveit_kinematics/lib:/home/aaron/ur_ws/install/moveit_ros_planning/lib:/home/aaron/ur_ws/install/moveit_simple_controller_manager/lib:/home/aaron/ur_ws/install/moveit_ros_occupancy_map_monitor/lib:/home/aaron/ur_ws/install/moveit_core/lib:/home/aaron/ur_ws/install/srdfdom/lib:${LD_LIBRARY_PATH} PATH=/home/aaron/ur_ws/install/moveit_core/bin:${PATH} PYTHONPATH=/home/aaron/ur_ws/install/moveit_configs_utils/lib/python3.10/site-packages:/home/aaron/ur_ws/install/srdfdom/local/lib/python3.10/dist-packages:/home/aaron/ur_ws/install/launch_param_builder/lib/python3.10/site-packages:${PYTHONPATH} /usr/bin/cmake --install /home/aaron/ur_ws/build/moveit_ros_visualization
[402.633s] Level 1:colcon.colcon_core.environment:create_environment_scripts_only(moveit_ros_visualization)
[402.634s] Level 1:colcon.colcon_core.environment:checking '/home/aaron/ur_ws/install/moveit_ros_visualization' for CMake module files
[402.635s] DEBUG:colcon.colcon_core.event_handler.log_command:Invoked command in '/home/aaron/ur_ws/build/moveit_ros_visualization' returned '0': AMENT_PREFIX_PATH=/home/aaron/ur_ws/install/moveit_ros_planning_interface:/home/aaron/ur_ws/install/moveit_ros_move_group:/home/aaron/ur_ws/install/moveit_ros_warehouse:/home/aaron/ur_ws/install/moveit_ros_robot_interaction:/home/aaron/ur_ws/install/moveit_planners_ompl:/home/aaron/ur_ws/install/moveit_kinematics:/home/aaron/ur_ws/install/moveit_ros_planning:/home/aaron/ur_ws/install/moveit_simple_controller_manager:/home/aaron/ur_ws/install/moveit_ros_occupancy_map_monitor:/home/aaron/ur_ws/install/moveit_core:/home/aaron/ur_ws/install/moveit_resources_panda_moveit_config:/home/aaron/ur_ws/install/moveit_resources_fanuc_moveit_config:/home/aaron/ur_ws/install/moveit_configs_utils:/home/aaron/ur_ws/install/srdfdom:/home/aaron/ur_ws/install/moveit_resources_pr2_description:/home/aaron/ur_ws/install/moveit_resources_panda_description:/home/aaron/ur_ws/install/moveit_resources_fanuc_description:/home/aaron/ur_ws/install/moveit_common:/home/aaron/ur_ws/install/launch_param_builder:${AMENT_PREFIX_PATH} CMAKE_PREFIX_PATH=/home/aaron/ur_ws/install/moveit_ros_planning_interface:/home/aaron/ur_ws/install/moveit_ros_move_group:/home/aaron/ur_ws/install/moveit_ros_warehouse:/home/aaron/ur_ws/install/moveit_ros_robot_interaction:/home/aaron/ur_ws/install/moveit_planners_ompl:/home/aaron/ur_ws/install/moveit_kinematics:/home/aaron/ur_ws/install/moveit_ros_planning:/home/aaron/ur_ws/install/moveit_simple_controller_manager:/home/aaron/ur_ws/install/moveit_ros_occupancy_map_monitor:/home/aaron/ur_ws/install/moveit_core:/home/aaron/ur_ws/install/moveit_resources_panda_moveit_config:/home/aaron/ur_ws/install/moveit_resources_fanuc_moveit_config:/home/aaron/ur_ws/install/srdfdom:/home/aaron/ur_ws/install/moveit_resources_pr2_description:/home/aaron/ur_ws/install/moveit_resources_panda_description:/home/aaron/ur_ws/install/moveit_resources_fanuc_description:/home/aaron/ur_ws/install/moveit_common:/opt/ros/humble LD_LIBRARY_PATH=/home/aaron/ur_ws/install/moveit_ros_planning_interface/lib:/home/aaron/ur_ws/install/moveit_ros_move_group/lib:/home/aaron/ur_ws/install/moveit_ros_warehouse/lib:/home/aaron/ur_ws/install/moveit_ros_robot_interaction/lib:/home/aaron/ur_ws/install/moveit_planners_ompl/lib:/home/aaron/ur_ws/install/moveit_kinematics/lib:/home/aaron/ur_ws/install/moveit_ros_planning/lib:/home/aaron/ur_ws/install/moveit_simple_controller_manager/lib:/home/aaron/ur_ws/install/moveit_ros_occupancy_map_monitor/lib:/home/aaron/ur_ws/install/moveit_core/lib:/home/aaron/ur_ws/install/srdfdom/lib:${LD_LIBRARY_PATH} PATH=/home/aaron/ur_ws/install/moveit_core/bin:${PATH} PYTHONPATH=/home/aaron/ur_ws/install/moveit_configs_utils/lib/python3.10/site-packages:/home/aaron/ur_ws/install/srdfdom/local/lib/python3.10/dist-packages:/home/aaron/ur_ws/install/launch_param_builder/lib/python3.10/site-packages:${PYTHONPATH} /usr/bin/cmake --install /home/aaron/ur_ws/build/moveit_ros_visualization
[402.636s] Level 1:colcon.colcon_core.environment:checking '/home/aaron/ur_ws/install/moveit_ros_visualization' for CMake config files
[402.636s] Level 1:colcon.colcon_core.shell:create_environment_hook('moveit_ros_visualization', 'cmake_prefix_path')
[402.637s] INFO:colcon.colcon_core.shell:Creating environment hook '/home/aaron/ur_ws/install/moveit_ros_visualization/share/moveit_ros_visualization/hook/cmake_prefix_path.ps1'
[402.638s] INFO:colcon.colcon_core.shell:Creating environment descriptor '/home/aaron/ur_ws/install/moveit_ros_visualization/share/moveit_ros_visualization/hook/cmake_prefix_path.dsv'
[402.638s] INFO:colcon.colcon_core.shell:Creating environment hook '/home/aaron/ur_ws/install/moveit_ros_visualization/share/moveit_ros_visualization/hook/cmake_prefix_path.sh'
[402.639s] Level 1:colcon.colcon_core.environment:checking '/home/aaron/ur_ws/install/moveit_ros_visualization/lib'
[402.639s] Level 1:colcon.colcon_core.shell:create_environment_hook('moveit_ros_visualization', 'ld_library_path_lib')
[402.639s] INFO:colcon.colcon_core.shell:Creating environment hook '/home/aaron/ur_ws/install/moveit_ros_visualization/share/moveit_ros_visualization/hook/ld_library_path_lib.ps1'
[402.640s] INFO:colcon.colcon_core.shell:Creating environment descriptor '/home/aaron/ur_ws/install/moveit_ros_visualization/share/moveit_ros_visualization/hook/ld_library_path_lib.dsv'
[402.640s] INFO:colcon.colcon_core.shell:Creating environment hook '/home/aaron/ur_ws/install/moveit_ros_visualization/share/moveit_ros_visualization/hook/ld_library_path_lib.sh'
[402.641s] Level 1:colcon.colcon_core.environment:checking '/home/aaron/ur_ws/install/moveit_ros_visualization/bin'
[402.641s] Level 1:colcon.colcon_core.environment:checking '/home/aaron/ur_ws/install/moveit_ros_visualization/lib/pkgconfig/moveit_ros_visualization.pc'
[402.641s] Level 1:colcon.colcon_core.environment:checking '/home/aaron/ur_ws/install/moveit_ros_visualization/lib/python3.10/site-packages'
[402.642s] Level 1:colcon.colcon_core.environment:checking '/home/aaron/ur_ws/install/moveit_ros_visualization/bin'
[402.642s] INFO:colcon.colcon_core.shell:Creating package script '/home/aaron/ur_ws/install/moveit_ros_visualization/share/moveit_ros_visualization/package.ps1'
[402.643s] INFO:colcon.colcon_core.shell:Creating package descriptor '/home/aaron/ur_ws/install/moveit_ros_visualization/share/moveit_ros_visualization/package.dsv'
[402.643s] INFO:colcon.colcon_core.shell:Creating package script '/home/aaron/ur_ws/install/moveit_ros_visualization/share/moveit_ros_visualization/package.sh'
[402.644s] INFO:colcon.colcon_core.shell:Creating package script '/home/aaron/ur_ws/install/moveit_ros_visualization/share/moveit_ros_visualization/package.bash'
[402.644s] INFO:colcon.colcon_core.shell:Creating package script '/home/aaron/ur_ws/install/moveit_ros_visualization/share/moveit_ros_visualization/package.zsh'
[402.645s] Level 1:colcon.colcon_core.environment:create_file_with_runtime_dependencies(/home/aaron/ur_ws/install/moveit_ros_visualization/share/colcon-core/packages/moveit_ros_visualization)
[402.645s] Level 1:colcon.colcon_core.environment:create_environment_scripts_only(moveit_ros_visualization)
[402.646s] Level 1:colcon.colcon_core.environment:checking '/home/aaron/ur_ws/install/moveit_ros_visualization' for CMake module files
[402.646s] Level 1:colcon.colcon_core.environment:checking '/home/aaron/ur_ws/install/moveit_ros_visualization' for CMake config files
[402.646s] Level 1:colcon.colcon_core.shell:create_environment_hook('moveit_ros_visualization', 'cmake_prefix_path')
[402.647s] INFO:colcon.colcon_core.shell:Creating environment hook '/home/aaron/ur_ws/install/moveit_ros_visualization/share/moveit_ros_visualization/hook/cmake_prefix_path.ps1'
[402.647s] INFO:colcon.colcon_core.shell:Creating environment descriptor '/home/aaron/ur_ws/install/moveit_ros_visualization/share/moveit_ros_visualization/hook/cmake_prefix_path.dsv'
[402.648s] INFO:colcon.colcon_core.shell:Creating environment hook '/home/aaron/ur_ws/install/moveit_ros_visualization/share/moveit_ros_visualization/hook/cmake_prefix_path.sh'
[402.649s] Level 1:colcon.colcon_core.environment:checking '/home/aaron/ur_ws/install/moveit_ros_visualization/lib'
[402.649s] Level 1:colcon.colcon_core.shell:create_environment_hook('moveit_ros_visualization', 'ld_library_path_lib')
[402.649s] INFO:colcon.colcon_core.shell:Creating environment hook '/home/aaron/ur_ws/install/moveit_ros_visualization/share/moveit_ros_visualization/hook/ld_library_path_lib.ps1'
[402.649s] INFO:colcon.colcon_core.shell:Creating environment descriptor '/home/aaron/ur_ws/install/moveit_ros_visualization/share/moveit_ros_visualization/hook/ld_library_path_lib.dsv'
[402.650s] INFO:colcon.colcon_core.shell:Creating environment hook '/home/aaron/ur_ws/install/moveit_ros_visualization/share/moveit_ros_visualization/hook/ld_library_path_lib.sh'
[402.650s] Level 1:colcon.colcon_core.environment:checking '/home/aaron/ur_ws/install/moveit_ros_visualization/bin'
[402.650s] Level 1:colcon.colcon_core.environment:checking '/home/aaron/ur_ws/install/moveit_ros_visualization/lib/pkgconfig/moveit_ros_visualization.pc'
[402.650s] Level 1:colcon.colcon_core.environment:checking '/home/aaron/ur_ws/install/moveit_ros_visualization/lib/python3.10/site-packages'
[402.651s] Level 1:colcon.colcon_core.environment:checking '/home/aaron/ur_ws/install/moveit_ros_visualization/bin'
[402.651s] INFO:colcon.colcon_core.shell:Creating package script '/home/aaron/ur_ws/install/moveit_ros_visualization/share/moveit_ros_visualization/package.ps1'
[402.652s] INFO:colcon.colcon_core.shell:Creating package descriptor '/home/aaron/ur_ws/install/moveit_ros_visualization/share/moveit_ros_visualization/package.dsv'
[402.653s] INFO:colcon.colcon_core.shell:Creating package script '/home/aaron/ur_ws/install/moveit_ros_visualization/share/moveit_ros_visualization/package.sh'
[402.653s] INFO:colcon.colcon_core.shell:Creating package script '/home/aaron/ur_ws/install/moveit_ros_visualization/share/moveit_ros_visualization/package.bash'
[402.653s] INFO:colcon.colcon_core.shell:Creating package script '/home/aaron/ur_ws/install/moveit_ros_visualization/share/moveit_ros_visualization/package.zsh'
[402.654s] Level 1:colcon.colcon_core.environment:create_file_with_runtime_dependencies(/home/aaron/ur_ws/install/moveit_ros_visualization/share/colcon-core/packages/moveit_ros_visualization)
[402.654s] INFO:colcon.colcon_ros.task.ament_cmake.build:Building ROS package in '/home/aaron/ur_ws/src/moveit2/moveit_setup_assistant/moveit_setup_framework' with build type 'ament_cmake'
[402.655s] INFO:colcon.colcon_cmake.task.cmake.build:Building CMake package in '/home/aaron/ur_ws/src/moveit2/moveit_setup_assistant/moveit_setup_framework'
[402.655s] INFO:colcon.colcon_core.shell:Skip shell extension 'powershell' for command environment: Not usable outside of PowerShell
[402.655s] DEBUG:colcon.colcon_core.shell:Skip shell extension 'dsv' for command environment
[402.661s] INFO:colcon.colcon_ros.task.ament_cmake.build:Building ROS package in '/home/aaron/ur_ws/src/moveit2/moveit_ros/moveit_ros' with build type 'ament_cmake'
[402.661s] INFO:colcon.colcon_cmake.task.cmake.build:Building CMake package in '/home/aaron/ur_ws/src/moveit2/moveit_ros/moveit_ros'
[402.661s] INFO:colcon.colcon_core.shell:Skip shell extension 'powershell' for command environment: Not usable outside of PowerShell
[402.662s] DEBUG:colcon.colcon_core.shell:Skip shell extension 'dsv' for command environment
[402.731s] DEBUG:colcon.colcon_core.event_handler.log_command:Invoking command in '/home/aaron/ur_ws/build/moveit_setup_framework': AMENT_PREFIX_PATH=/home/aaron/ur_ws/install/moveit_ros_visualization:/home/aaron/ur_ws/install/moveit_ros_planning_interface:/home/aaron/ur_ws/install/moveit_ros_move_group:/home/aaron/ur_ws/install/moveit_ros_warehouse:/home/aaron/ur_ws/install/moveit_ros_robot_interaction:/home/aaron/ur_ws/install/moveit_planners_ompl:/home/aaron/ur_ws/install/moveit_kinematics:/home/aaron/ur_ws/install/moveit_ros_planning:/home/aaron/ur_ws/install/moveit_simple_controller_manager:/home/aaron/ur_ws/install/moveit_ros_occupancy_map_monitor:/home/aaron/ur_ws/install/moveit_core:/home/aaron/ur_ws/install/moveit_resources_panda_moveit_config:/home/aaron/ur_ws/install/moveit_resources_fanuc_moveit_config:/home/aaron/ur_ws/install/moveit_configs_utils:/home/aaron/ur_ws/install/srdfdom:/home/aaron/ur_ws/install/moveit_resources_pr2_description:/home/aaron/ur_ws/install/moveit_resources_panda_description:/home/aaron/ur_ws/install/moveit_resources_fanuc_description:/home/aaron/ur_ws/install/moveit_common:/home/aaron/ur_ws/install/launch_param_builder:${AMENT_PREFIX_PATH} CMAKE_PREFIX_PATH=/home/aaron/ur_ws/install/moveit_ros_visualization:/home/aaron/ur_ws/install/moveit_ros_planning_interface:/home/aaron/ur_ws/install/moveit_ros_move_group:/home/aaron/ur_ws/install/moveit_ros_warehouse:/home/aaron/ur_ws/install/moveit_ros_robot_interaction:/home/aaron/ur_ws/install/moveit_planners_ompl:/home/aaron/ur_ws/install/moveit_kinematics:/home/aaron/ur_ws/install/moveit_ros_planning:/home/aaron/ur_ws/install/moveit_simple_controller_manager:/home/aaron/ur_ws/install/moveit_ros_occupancy_map_monitor:/home/aaron/ur_ws/install/moveit_core:/home/aaron/ur_ws/install/moveit_resources_panda_moveit_config:/home/aaron/ur_ws/install/moveit_resources_fanuc_moveit_config:/home/aaron/ur_ws/install/srdfdom:/home/aaron/ur_ws/install/moveit_resources_pr2_description:/home/aaron/ur_ws/install/moveit_resources_panda_description:/home/aaron/ur_ws/install/moveit_resources_fanuc_description:/home/aaron/ur_ws/install/moveit_common:/opt/ros/humble LD_LIBRARY_PATH=/home/aaron/ur_ws/install/moveit_ros_visualization/lib:/home/aaron/ur_ws/install/moveit_ros_planning_interface/lib:/home/aaron/ur_ws/install/moveit_ros_move_group/lib:/home/aaron/ur_ws/install/moveit_ros_warehouse/lib:/home/aaron/ur_ws/install/moveit_ros_robot_interaction/lib:/home/aaron/ur_ws/install/moveit_planners_ompl/lib:/home/aaron/ur_ws/install/moveit_kinematics/lib:/home/aaron/ur_ws/install/moveit_ros_planning/lib:/home/aaron/ur_ws/install/moveit_simple_controller_manager/lib:/home/aaron/ur_ws/install/moveit_ros_occupancy_map_monitor/lib:/home/aaron/ur_ws/install/moveit_core/lib:/home/aaron/ur_ws/install/srdfdom/lib:${LD_LIBRARY_PATH} PATH=/home/aaron/ur_ws/install/moveit_core/bin:${PATH} PYTHONPATH=/home/aaron/ur_ws/install/moveit_configs_utils/lib/python3.10/site-packages:/home/aaron/ur_ws/install/srdfdom/local/lib/python3.10/dist-packages:/home/aaron/ur_ws/install/launch_param_builder/lib/python3.10/site-packages:${PYTHONPATH} /usr/bin/cmake --build /home/aaron/ur_ws/build/moveit_setup_framework -- -j20 -l20
[402.741s] DEBUG:colcon.colcon_core.event_handler.log_command:Invoking command in '/home/aaron/ur_ws/build/moveit_ros': AMENT_PREFIX_PATH=/home/aaron/ur_ws/install/moveit_ros_visualization:/home/aaron/ur_ws/install/moveit_ros_planning_interface:/home/aaron/ur_ws/install/moveit_ros_move_group:/home/aaron/ur_ws/install/moveit_ros_benchmarks:/home/aaron/ur_ws/install/moveit_ros_warehouse:/home/aaron/ur_ws/install/moveit_ros_robot_interaction:/home/aaron/ur_ws/install/moveit_planners_ompl:/home/aaron/ur_ws/install/moveit_kinematics:/home/aaron/ur_ws/install/moveit_ros_planning:/home/aaron/ur_ws/install/moveit_simple_controller_manager:/home/aaron/ur_ws/install/moveit_ros_occupancy_map_monitor:/home/aaron/ur_ws/install/moveit_core:/home/aaron/ur_ws/install/moveit_resources_panda_moveit_config:/home/aaron/ur_ws/install/moveit_resources_fanuc_moveit_config:/home/aaron/ur_ws/install/moveit_configs_utils:/home/aaron/ur_ws/install/srdfdom:/home/aaron/ur_ws/install/moveit_resources_pr2_description:/home/aaron/ur_ws/install/moveit_resources_panda_description:/home/aaron/ur_ws/install/moveit_resources_fanuc_description:/home/aaron/ur_ws/install/moveit_common:/home/aaron/ur_ws/install/launch_param_builder:${AMENT_PREFIX_PATH} CMAKE_PREFIX_PATH=/home/aaron/ur_ws/install/moveit_ros_visualization:/home/aaron/ur_ws/install/moveit_ros_planning_interface:/home/aaron/ur_ws/install/moveit_ros_move_group:/home/aaron/ur_ws/install/moveit_ros_benchmarks:/home/aaron/ur_ws/install/moveit_ros_warehouse:/home/aaron/ur_ws/install/moveit_ros_robot_interaction:/home/aaron/ur_ws/install/moveit_planners_ompl:/home/aaron/ur_ws/install/moveit_kinematics:/home/aaron/ur_ws/install/moveit_ros_planning:/home/aaron/ur_ws/install/moveit_simple_controller_manager:/home/aaron/ur_ws/install/moveit_ros_occupancy_map_monitor:/home/aaron/ur_ws/install/moveit_core:/home/aaron/ur_ws/install/moveit_resources_panda_moveit_config:/home/aaron/ur_ws/install/moveit_resources_fanuc_moveit_config:/home/aaron/ur_ws/install/srdfdom:/home/aaron/ur_ws/install/moveit_resources_pr2_description:/home/aaron/ur_ws/install/moveit_resources_panda_description:/home/aaron/ur_ws/install/moveit_resources_fanuc_description:/home/aaron/ur_ws/install/moveit_common:/opt/ros/humble LD_LIBRARY_PATH=/home/aaron/ur_ws/install/moveit_ros_visualization/lib:/home/aaron/ur_ws/install/moveit_ros_planning_interface/lib:/home/aaron/ur_ws/install/moveit_ros_move_group/lib:/home/aaron/ur_ws/install/moveit_ros_benchmarks/lib:/home/aaron/ur_ws/install/moveit_ros_warehouse/lib:/home/aaron/ur_ws/install/moveit_ros_robot_interaction/lib:/home/aaron/ur_ws/install/moveit_planners_ompl/lib:/home/aaron/ur_ws/install/moveit_kinematics/lib:/home/aaron/ur_ws/install/moveit_ros_planning/lib:/home/aaron/ur_ws/install/moveit_simple_controller_manager/lib:/home/aaron/ur_ws/install/moveit_ros_occupancy_map_monitor/lib:/home/aaron/ur_ws/install/moveit_core/lib:/home/aaron/ur_ws/install/srdfdom/lib:${LD_LIBRARY_PATH} PATH=/home/aaron/ur_ws/install/moveit_core/bin:${PATH} PYTHONPATH=/home/aaron/ur_ws/install/moveit_configs_utils/lib/python3.10/site-packages:/home/aaron/ur_ws/install/srdfdom/local/lib/python3.10/dist-packages:/home/aaron/ur_ws/install/launch_param_builder/lib/python3.10/site-packages:${PYTHONPATH} /usr/bin/cmake --build /home/aaron/ur_ws/build/moveit_ros -- -j20 -l20
[402.807s] DEBUG:colcon.colcon_core.event_handler.log_command:Invoked command in '/home/aaron/ur_ws/build/moveit_ros' returned '0': AMENT_PREFIX_PATH=/home/aaron/ur_ws/install/moveit_ros_visualization:/home/aaron/ur_ws/install/moveit_ros_planning_interface:/home/aaron/ur_ws/install/moveit_ros_move_group:/home/aaron/ur_ws/install/moveit_ros_benchmarks:/home/aaron/ur_ws/install/moveit_ros_warehouse:/home/aaron/ur_ws/install/moveit_ros_robot_interaction:/home/aaron/ur_ws/install/moveit_planners_ompl:/home/aaron/ur_ws/install/moveit_kinematics:/home/aaron/ur_ws/install/moveit_ros_planning:/home/aaron/ur_ws/install/moveit_simple_controller_manager:/home/aaron/ur_ws/install/moveit_ros_occupancy_map_monitor:/home/aaron/ur_ws/install/moveit_core:/home/aaron/ur_ws/install/moveit_resources_panda_moveit_config:/home/aaron/ur_ws/install/moveit_resources_fanuc_moveit_config:/home/aaron/ur_ws/install/moveit_configs_utils:/home/aaron/ur_ws/install/srdfdom:/home/aaron/ur_ws/install/moveit_resources_pr2_description:/home/aaron/ur_ws/install/moveit_resources_panda_description:/home/aaron/ur_ws/install/moveit_resources_fanuc_description:/home/aaron/ur_ws/install/moveit_common:/home/aaron/ur_ws/install/launch_param_builder:${AMENT_PREFIX_PATH} CMAKE_PREFIX_PATH=/home/aaron/ur_ws/install/moveit_ros_visualization:/home/aaron/ur_ws/install/moveit_ros_planning_interface:/home/aaron/ur_ws/install/moveit_ros_move_group:/home/aaron/ur_ws/install/moveit_ros_benchmarks:/home/aaron/ur_ws/install/moveit_ros_warehouse:/home/aaron/ur_ws/install/moveit_ros_robot_interaction:/home/aaron/ur_ws/install/moveit_planners_ompl:/home/aaron/ur_ws/install/moveit_kinematics:/home/aaron/ur_ws/install/moveit_ros_planning:/home/aaron/ur_ws/install/moveit_simple_controller_manager:/home/aaron/ur_ws/install/moveit_ros_occupancy_map_monitor:/home/aaron/ur_ws/install/moveit_core:/home/aaron/ur_ws/install/moveit_resources_panda_moveit_config:/home/aaron/ur_ws/install/moveit_resources_fanuc_moveit_config:/home/aaron/ur_ws/install/srdfdom:/home/aaron/ur_ws/install/moveit_resources_pr2_description:/home/aaron/ur_ws/install/moveit_resources_panda_description:/home/aaron/ur_ws/install/moveit_resources_fanuc_description:/home/aaron/ur_ws/install/moveit_common:/opt/ros/humble LD_LIBRARY_PATH=/home/aaron/ur_ws/install/moveit_ros_visualization/lib:/home/aaron/ur_ws/install/moveit_ros_planning_interface/lib:/home/aaron/ur_ws/install/moveit_ros_move_group/lib:/home/aaron/ur_ws/install/moveit_ros_benchmarks/lib:/home/aaron/ur_ws/install/moveit_ros_warehouse/lib:/home/aaron/ur_ws/install/moveit_ros_robot_interaction/lib:/home/aaron/ur_ws/install/moveit_planners_ompl/lib:/home/aaron/ur_ws/install/moveit_kinematics/lib:/home/aaron/ur_ws/install/moveit_ros_planning/lib:/home/aaron/ur_ws/install/moveit_simple_controller_manager/lib:/home/aaron/ur_ws/install/moveit_ros_occupancy_map_monitor/lib:/home/aaron/ur_ws/install/moveit_core/lib:/home/aaron/ur_ws/install/srdfdom/lib:${LD_LIBRARY_PATH} PATH=/home/aaron/ur_ws/install/moveit_core/bin:${PATH} PYTHONPATH=/home/aaron/ur_ws/install/moveit_configs_utils/lib/python3.10/site-packages:/home/aaron/ur_ws/install/srdfdom/local/lib/python3.10/dist-packages:/home/aaron/ur_ws/install/launch_param_builder/lib/python3.10/site-packages:${PYTHONPATH} /usr/bin/cmake --build /home/aaron/ur_ws/build/moveit_ros -- -j20 -l20
[402.809s] DEBUG:colcon.colcon_core.event_handler.log_command:Invoking command in '/home/aaron/ur_ws/build/moveit_ros': AMENT_PREFIX_PATH=/home/aaron/ur_ws/install/moveit_ros_visualization:/home/aaron/ur_ws/install/moveit_ros_planning_interface:/home/aaron/ur_ws/install/moveit_ros_move_group:/home/aaron/ur_ws/install/moveit_ros_benchmarks:/home/aaron/ur_ws/install/moveit_ros_warehouse:/home/aaron/ur_ws/install/moveit_ros_robot_interaction:/home/aaron/ur_ws/install/moveit_planners_ompl:/home/aaron/ur_ws/install/moveit_kinematics:/home/aaron/ur_ws/install/moveit_ros_planning:/home/aaron/ur_ws/install/moveit_simple_controller_manager:/home/aaron/ur_ws/install/moveit_ros_occupancy_map_monitor:/home/aaron/ur_ws/install/moveit_core:/home/aaron/ur_ws/install/moveit_resources_panda_moveit_config:/home/aaron/ur_ws/install/moveit_resources_fanuc_moveit_config:/home/aaron/ur_ws/install/moveit_configs_utils:/home/aaron/ur_ws/install/srdfdom:/home/aaron/ur_ws/install/moveit_resources_pr2_description:/home/aaron/ur_ws/install/moveit_resources_panda_description:/home/aaron/ur_ws/install/moveit_resources_fanuc_description:/home/aaron/ur_ws/install/moveit_common:/home/aaron/ur_ws/install/launch_param_builder:${AMENT_PREFIX_PATH} CMAKE_PREFIX_PATH=/home/aaron/ur_ws/install/moveit_ros_visualization:/home/aaron/ur_ws/install/moveit_ros_planning_interface:/home/aaron/ur_ws/install/moveit_ros_move_group:/home/aaron/ur_ws/install/moveit_ros_benchmarks:/home/aaron/ur_ws/install/moveit_ros_warehouse:/home/aaron/ur_ws/install/moveit_ros_robot_interaction:/home/aaron/ur_ws/install/moveit_planners_ompl:/home/aaron/ur_ws/install/moveit_kinematics:/home/aaron/ur_ws/install/moveit_ros_planning:/home/aaron/ur_ws/install/moveit_simple_controller_manager:/home/aaron/ur_ws/install/moveit_ros_occupancy_map_monitor:/home/aaron/ur_ws/install/moveit_core:/home/aaron/ur_ws/install/moveit_resources_panda_moveit_config:/home/aaron/ur_ws/install/moveit_resources_fanuc_moveit_config:/home/aaron/ur_ws/install/srdfdom:/home/aaron/ur_ws/install/moveit_resources_pr2_description:/home/aaron/ur_ws/install/moveit_resources_panda_description:/home/aaron/ur_ws/install/moveit_resources_fanuc_description:/home/aaron/ur_ws/install/moveit_common:/opt/ros/humble LD_LIBRARY_PATH=/home/aaron/ur_ws/install/moveit_ros_visualization/lib:/home/aaron/ur_ws/install/moveit_ros_planning_interface/lib:/home/aaron/ur_ws/install/moveit_ros_move_group/lib:/home/aaron/ur_ws/install/moveit_ros_benchmarks/lib:/home/aaron/ur_ws/install/moveit_ros_warehouse/lib:/home/aaron/ur_ws/install/moveit_ros_robot_interaction/lib:/home/aaron/ur_ws/install/moveit_planners_ompl/lib:/home/aaron/ur_ws/install/moveit_kinematics/lib:/home/aaron/ur_ws/install/moveit_ros_planning/lib:/home/aaron/ur_ws/install/moveit_simple_controller_manager/lib:/home/aaron/ur_ws/install/moveit_ros_occupancy_map_monitor/lib:/home/aaron/ur_ws/install/moveit_core/lib:/home/aaron/ur_ws/install/srdfdom/lib:${LD_LIBRARY_PATH} PATH=/home/aaron/ur_ws/install/moveit_core/bin:${PATH} PYTHONPATH=/home/aaron/ur_ws/install/moveit_configs_utils/lib/python3.10/site-packages:/home/aaron/ur_ws/install/srdfdom/local/lib/python3.10/dist-packages:/home/aaron/ur_ws/install/launch_param_builder/lib/python3.10/site-packages:${PYTHONPATH} /usr/bin/cmake --install /home/aaron/ur_ws/build/moveit_ros
[402.829s] Level 1:colcon.colcon_core.environment:create_environment_scripts_only(moveit_ros)
[402.830s] Level 1:colcon.colcon_core.environment:checking '/home/aaron/ur_ws/install/moveit_ros' for CMake module files
[402.831s] DEBUG:colcon.colcon_core.event_handler.log_command:Invoked command in '/home/aaron/ur_ws/build/moveit_ros' returned '0': AMENT_PREFIX_PATH=/home/aaron/ur_ws/install/moveit_ros_visualization:/home/aaron/ur_ws/install/moveit_ros_planning_interface:/home/aaron/ur_ws/install/moveit_ros_move_group:/home/aaron/ur_ws/install/moveit_ros_benchmarks:/home/aaron/ur_ws/install/moveit_ros_warehouse:/home/aaron/ur_ws/install/moveit_ros_robot_interaction:/home/aaron/ur_ws/install/moveit_planners_ompl:/home/aaron/ur_ws/install/moveit_kinematics:/home/aaron/ur_ws/install/moveit_ros_planning:/home/aaron/ur_ws/install/moveit_simple_controller_manager:/home/aaron/ur_ws/install/moveit_ros_occupancy_map_monitor:/home/aaron/ur_ws/install/moveit_core:/home/aaron/ur_ws/install/moveit_resources_panda_moveit_config:/home/aaron/ur_ws/install/moveit_resources_fanuc_moveit_config:/home/aaron/ur_ws/install/moveit_configs_utils:/home/aaron/ur_ws/install/srdfdom:/home/aaron/ur_ws/install/moveit_resources_pr2_description:/home/aaron/ur_ws/install/moveit_resources_panda_description:/home/aaron/ur_ws/install/moveit_resources_fanuc_description:/home/aaron/ur_ws/install/moveit_common:/home/aaron/ur_ws/install/launch_param_builder:${AMENT_PREFIX_PATH} CMAKE_PREFIX_PATH=/home/aaron/ur_ws/install/moveit_ros_visualization:/home/aaron/ur_ws/install/moveit_ros_planning_interface:/home/aaron/ur_ws/install/moveit_ros_move_group:/home/aaron/ur_ws/install/moveit_ros_benchmarks:/home/aaron/ur_ws/install/moveit_ros_warehouse:/home/aaron/ur_ws/install/moveit_ros_robot_interaction:/home/aaron/ur_ws/install/moveit_planners_ompl:/home/aaron/ur_ws/install/moveit_kinematics:/home/aaron/ur_ws/install/moveit_ros_planning:/home/aaron/ur_ws/install/moveit_simple_controller_manager:/home/aaron/ur_ws/install/moveit_ros_occupancy_map_monitor:/home/aaron/ur_ws/install/moveit_core:/home/aaron/ur_ws/install/moveit_resources_panda_moveit_config:/home/aaron/ur_ws/install/moveit_resources_fanuc_moveit_config:/home/aaron/ur_ws/install/srdfdom:/home/aaron/ur_ws/install/moveit_resources_pr2_description:/home/aaron/ur_ws/install/moveit_resources_panda_description:/home/aaron/ur_ws/install/moveit_resources_fanuc_description:/home/aaron/ur_ws/install/moveit_common:/opt/ros/humble LD_LIBRARY_PATH=/home/aaron/ur_ws/install/moveit_ros_visualization/lib:/home/aaron/ur_ws/install/moveit_ros_planning_interface/lib:/home/aaron/ur_ws/install/moveit_ros_move_group/lib:/home/aaron/ur_ws/install/moveit_ros_benchmarks/lib:/home/aaron/ur_ws/install/moveit_ros_warehouse/lib:/home/aaron/ur_ws/install/moveit_ros_robot_interaction/lib:/home/aaron/ur_ws/install/moveit_planners_ompl/lib:/home/aaron/ur_ws/install/moveit_kinematics/lib:/home/aaron/ur_ws/install/moveit_ros_planning/lib:/home/aaron/ur_ws/install/moveit_simple_controller_manager/lib:/home/aaron/ur_ws/install/moveit_ros_occupancy_map_monitor/lib:/home/aaron/ur_ws/install/moveit_core/lib:/home/aaron/ur_ws/install/srdfdom/lib:${LD_LIBRARY_PATH} PATH=/home/aaron/ur_ws/install/moveit_core/bin:${PATH} PYTHONPATH=/home/aaron/ur_ws/install/moveit_configs_utils/lib/python3.10/site-packages:/home/aaron/ur_ws/install/srdfdom/local/lib/python3.10/dist-packages:/home/aaron/ur_ws/install/launch_param_builder/lib/python3.10/site-packages:${PYTHONPATH} /usr/bin/cmake --install /home/aaron/ur_ws/build/moveit_ros
[402.832s] Level 1:colcon.colcon_core.environment:checking '/home/aaron/ur_ws/install/moveit_ros' for CMake config files
[402.832s] Level 1:colcon.colcon_core.shell:create_environment_hook('moveit_ros', 'cmake_prefix_path')
[402.833s] INFO:colcon.colcon_core.shell:Creating environment hook '/home/aaron/ur_ws/install/moveit_ros/share/moveit_ros/hook/cmake_prefix_path.ps1'
[402.834s] INFO:colcon.colcon_core.shell:Creating environment descriptor '/home/aaron/ur_ws/install/moveit_ros/share/moveit_ros/hook/cmake_prefix_path.dsv'
[402.835s] INFO:colcon.colcon_core.shell:Creating environment hook '/home/aaron/ur_ws/install/moveit_ros/share/moveit_ros/hook/cmake_prefix_path.sh'
[402.836s] Level 1:colcon.colcon_core.environment:checking '/home/aaron/ur_ws/install/moveit_ros/bin'
[402.836s] Level 1:colcon.colcon_core.environment:checking '/home/aaron/ur_ws/install/moveit_ros/lib/pkgconfig/moveit_ros.pc'
[402.837s] Level 1:colcon.colcon_core.environment:checking '/home/aaron/ur_ws/install/moveit_ros/lib/python3.10/site-packages'
[402.837s] Level 1:colcon.colcon_core.environment:checking '/home/aaron/ur_ws/install/moveit_ros/bin'
[402.838s] INFO:colcon.colcon_core.shell:Creating package script '/home/aaron/ur_ws/install/moveit_ros/share/moveit_ros/package.ps1'
[402.839s] INFO:colcon.colcon_core.shell:Creating package descriptor '/home/aaron/ur_ws/install/moveit_ros/share/moveit_ros/package.dsv'
[402.840s] INFO:colcon.colcon_core.shell:Creating package script '/home/aaron/ur_ws/install/moveit_ros/share/moveit_ros/package.sh'
[402.841s] INFO:colcon.colcon_core.shell:Creating package script '/home/aaron/ur_ws/install/moveit_ros/share/moveit_ros/package.bash'
[402.842s] INFO:colcon.colcon_core.shell:Creating package script '/home/aaron/ur_ws/install/moveit_ros/share/moveit_ros/package.zsh'
[402.843s] Level 1:colcon.colcon_core.environment:create_file_with_runtime_dependencies(/home/aaron/ur_ws/install/moveit_ros/share/colcon-core/packages/moveit_ros)
[402.844s] Level 1:colcon.colcon_core.environment:create_environment_scripts_only(moveit_ros)
[402.844s] Level 1:colcon.colcon_core.environment:checking '/home/aaron/ur_ws/install/moveit_ros' for CMake module files
[402.845s] Level 1:colcon.colcon_core.environment:checking '/home/aaron/ur_ws/install/moveit_ros' for CMake config files
[402.846s] Level 1:colcon.colcon_core.shell:create_environment_hook('moveit_ros', 'cmake_prefix_path')
[402.847s] INFO:colcon.colcon_core.shell:Creating environment hook '/home/aaron/ur_ws/install/moveit_ros/share/moveit_ros/hook/cmake_prefix_path.ps1'
[402.848s] INFO:colcon.colcon_core.shell:Creating environment descriptor '/home/aaron/ur_ws/install/moveit_ros/share/moveit_ros/hook/cmake_prefix_path.dsv'
[402.848s] INFO:colcon.colcon_core.shell:Creating environment hook '/home/aaron/ur_ws/install/moveit_ros/share/moveit_ros/hook/cmake_prefix_path.sh'
[402.849s] Level 1:colcon.colcon_core.environment:checking '/home/aaron/ur_ws/install/moveit_ros/bin'
[402.850s] Level 1:colcon.colcon_core.environment:checking '/home/aaron/ur_ws/install/moveit_ros/lib/pkgconfig/moveit_ros.pc'
[402.850s] Level 1:colcon.colcon_core.environment:checking '/home/aaron/ur_ws/install/moveit_ros/lib/python3.10/site-packages'
[402.851s] Level 1:colcon.colcon_core.environment:checking '/home/aaron/ur_ws/install/moveit_ros/bin'
[402.852s] INFO:colcon.colcon_core.shell:Creating package script '/home/aaron/ur_ws/install/moveit_ros/share/moveit_ros/package.ps1'
[402.853s] INFO:colcon.colcon_core.shell:Creating package descriptor '/home/aaron/ur_ws/install/moveit_ros/share/moveit_ros/package.dsv'
[402.854s] INFO:colcon.colcon_core.shell:Creating package script '/home/aaron/ur_ws/install/moveit_ros/share/moveit_ros/package.sh'
[402.855s] INFO:colcon.colcon_core.shell:Creating package script '/home/aaron/ur_ws/install/moveit_ros/share/moveit_ros/package.bash'
[402.856s] INFO:colcon.colcon_core.shell:Creating package script '/home/aaron/ur_ws/install/moveit_ros/share/moveit_ros/package.zsh'
[402.856s] Level 1:colcon.colcon_core.environment:create_file_with_runtime_dependencies(/home/aaron/ur_ws/install/moveit_ros/share/colcon-core/packages/moveit_ros)
[421.145s] DEBUG:colcon.colcon_core.event_handler.log_command:Invoked command in '/home/aaron/ur_ws/build/moveit_servo' returned '0': AMENT_PREFIX_PATH=/home/aaron/ur_ws/install/moveit_ros_planning_interface:/home/aaron/ur_ws/install/moveit_ros_move_group:/home/aaron/ur_ws/install/moveit_ros_warehouse:/home/aaron/ur_ws/install/moveit_planners_ompl:/home/aaron/ur_ws/install/moveit_kinematics:/home/aaron/ur_ws/install/moveit_ros_planning:/home/aaron/ur_ws/install/moveit_simple_controller_manager:/home/aaron/ur_ws/install/moveit_ros_occupancy_map_monitor:/home/aaron/ur_ws/install/moveit_core:/home/aaron/ur_ws/install/moveit_resources_panda_moveit_config:/home/aaron/ur_ws/install/moveit_resources_fanuc_moveit_config:/home/aaron/ur_ws/install/moveit_configs_utils:/home/aaron/ur_ws/install/srdfdom:/home/aaron/ur_ws/install/moveit_resources_pr2_description:/home/aaron/ur_ws/install/moveit_resources_panda_description:/home/aaron/ur_ws/install/moveit_resources_fanuc_description:/home/aaron/ur_ws/install/moveit_common:/home/aaron/ur_ws/install/launch_param_builder:${AMENT_PREFIX_PATH} CMAKE_PREFIX_PATH=/home/aaron/ur_ws/install/moveit_ros_planning_interface:/home/aaron/ur_ws/install/moveit_ros_move_group:/home/aaron/ur_ws/install/moveit_ros_warehouse:/home/aaron/ur_ws/install/moveit_planners_ompl:/home/aaron/ur_ws/install/moveit_kinematics:/home/aaron/ur_ws/install/moveit_ros_planning:/home/aaron/ur_ws/install/moveit_simple_controller_manager:/home/aaron/ur_ws/install/moveit_ros_occupancy_map_monitor:/home/aaron/ur_ws/install/moveit_core:/home/aaron/ur_ws/install/moveit_resources_panda_moveit_config:/home/aaron/ur_ws/install/moveit_resources_fanuc_moveit_config:/home/aaron/ur_ws/install/srdfdom:/home/aaron/ur_ws/install/moveit_resources_pr2_description:/home/aaron/ur_ws/install/moveit_resources_panda_description:/home/aaron/ur_ws/install/moveit_resources_fanuc_description:/home/aaron/ur_ws/install/moveit_common:/opt/ros/humble LD_LIBRARY_PATH=/home/aaron/ur_ws/install/moveit_ros_planning_interface/lib:/home/aaron/ur_ws/install/moveit_ros_move_group/lib:/home/aaron/ur_ws/install/moveit_ros_warehouse/lib:/home/aaron/ur_ws/install/moveit_planners_ompl/lib:/home/aaron/ur_ws/install/moveit_kinematics/lib:/home/aaron/ur_ws/install/moveit_ros_planning/lib:/home/aaron/ur_ws/install/moveit_simple_controller_manager/lib:/home/aaron/ur_ws/install/moveit_ros_occupancy_map_monitor/lib:/home/aaron/ur_ws/install/moveit_core/lib:/home/aaron/ur_ws/install/srdfdom/lib:${LD_LIBRARY_PATH} PATH=/home/aaron/ur_ws/install/moveit_core/bin:${PATH} PYTHONPATH=/home/aaron/ur_ws/install/moveit_configs_utils/lib/python3.10/site-packages:/home/aaron/ur_ws/install/srdfdom/local/lib/python3.10/dist-packages:/home/aaron/ur_ws/install/launch_param_builder/lib/python3.10/site-packages:${PYTHONPATH} /usr/bin/cmake --build /home/aaron/ur_ws/build/moveit_servo -- -j20 -l20
[421.146s] DEBUG:colcon.colcon_core.event_handler.log_command:Invoking command in '/home/aaron/ur_ws/build/moveit_servo': AMENT_PREFIX_PATH=/home/aaron/ur_ws/install/moveit_ros_planning_interface:/home/aaron/ur_ws/install/moveit_ros_move_group:/home/aaron/ur_ws/install/moveit_ros_warehouse:/home/aaron/ur_ws/install/moveit_planners_ompl:/home/aaron/ur_ws/install/moveit_kinematics:/home/aaron/ur_ws/install/moveit_ros_planning:/home/aaron/ur_ws/install/moveit_simple_controller_manager:/home/aaron/ur_ws/install/moveit_ros_occupancy_map_monitor:/home/aaron/ur_ws/install/moveit_core:/home/aaron/ur_ws/install/moveit_resources_panda_moveit_config:/home/aaron/ur_ws/install/moveit_resources_fanuc_moveit_config:/home/aaron/ur_ws/install/moveit_configs_utils:/home/aaron/ur_ws/install/srdfdom:/home/aaron/ur_ws/install/moveit_resources_pr2_description:/home/aaron/ur_ws/install/moveit_resources_panda_description:/home/aaron/ur_ws/install/moveit_resources_fanuc_description:/home/aaron/ur_ws/install/moveit_common:/home/aaron/ur_ws/install/launch_param_builder:${AMENT_PREFIX_PATH} CMAKE_PREFIX_PATH=/home/aaron/ur_ws/install/moveit_ros_planning_interface:/home/aaron/ur_ws/install/moveit_ros_move_group:/home/aaron/ur_ws/install/moveit_ros_warehouse:/home/aaron/ur_ws/install/moveit_planners_ompl:/home/aaron/ur_ws/install/moveit_kinematics:/home/aaron/ur_ws/install/moveit_ros_planning:/home/aaron/ur_ws/install/moveit_simple_controller_manager:/home/aaron/ur_ws/install/moveit_ros_occupancy_map_monitor:/home/aaron/ur_ws/install/moveit_core:/home/aaron/ur_ws/install/moveit_resources_panda_moveit_config:/home/aaron/ur_ws/install/moveit_resources_fanuc_moveit_config:/home/aaron/ur_ws/install/srdfdom:/home/aaron/ur_ws/install/moveit_resources_pr2_description:/home/aaron/ur_ws/install/moveit_resources_panda_description:/home/aaron/ur_ws/install/moveit_resources_fanuc_description:/home/aaron/ur_ws/install/moveit_common:/opt/ros/humble LD_LIBRARY_PATH=/home/aaron/ur_ws/install/moveit_ros_planning_interface/lib:/home/aaron/ur_ws/install/moveit_ros_move_group/lib:/home/aaron/ur_ws/install/moveit_ros_warehouse/lib:/home/aaron/ur_ws/install/moveit_planners_ompl/lib:/home/aaron/ur_ws/install/moveit_kinematics/lib:/home/aaron/ur_ws/install/moveit_ros_planning/lib:/home/aaron/ur_ws/install/moveit_simple_controller_manager/lib:/home/aaron/ur_ws/install/moveit_ros_occupancy_map_monitor/lib:/home/aaron/ur_ws/install/moveit_core/lib:/home/aaron/ur_ws/install/srdfdom/lib:${LD_LIBRARY_PATH} PATH=/home/aaron/ur_ws/install/moveit_core/bin:${PATH} PYTHONPATH=/home/aaron/ur_ws/install/moveit_configs_utils/lib/python3.10/site-packages:/home/aaron/ur_ws/install/srdfdom/local/lib/python3.10/dist-packages:/home/aaron/ur_ws/install/launch_param_builder/lib/python3.10/site-packages:${PYTHONPATH} /usr/bin/cmake --install /home/aaron/ur_ws/build/moveit_servo
[421.215s] Level 1:colcon.colcon_core.environment:create_environment_scripts_only(moveit_servo)
[421.216s] Level 1:colcon.colcon_core.environment:checking '/home/aaron/ur_ws/install/moveit_servo' for CMake module files
[421.217s] DEBUG:colcon.colcon_core.event_handler.log_command:Invoked command in '/home/aaron/ur_ws/build/moveit_servo' returned '0': AMENT_PREFIX_PATH=/home/aaron/ur_ws/install/moveit_ros_planning_interface:/home/aaron/ur_ws/install/moveit_ros_move_group:/home/aaron/ur_ws/install/moveit_ros_warehouse:/home/aaron/ur_ws/install/moveit_planners_ompl:/home/aaron/ur_ws/install/moveit_kinematics:/home/aaron/ur_ws/install/moveit_ros_planning:/home/aaron/ur_ws/install/moveit_simple_controller_manager:/home/aaron/ur_ws/install/moveit_ros_occupancy_map_monitor:/home/aaron/ur_ws/install/moveit_core:/home/aaron/ur_ws/install/moveit_resources_panda_moveit_config:/home/aaron/ur_ws/install/moveit_resources_fanuc_moveit_config:/home/aaron/ur_ws/install/moveit_configs_utils:/home/aaron/ur_ws/install/srdfdom:/home/aaron/ur_ws/install/moveit_resources_pr2_description:/home/aaron/ur_ws/install/moveit_resources_panda_description:/home/aaron/ur_ws/install/moveit_resources_fanuc_description:/home/aaron/ur_ws/install/moveit_common:/home/aaron/ur_ws/install/launch_param_builder:${AMENT_PREFIX_PATH} CMAKE_PREFIX_PATH=/home/aaron/ur_ws/install/moveit_ros_planning_interface:/home/aaron/ur_ws/install/moveit_ros_move_group:/home/aaron/ur_ws/install/moveit_ros_warehouse:/home/aaron/ur_ws/install/moveit_planners_ompl:/home/aaron/ur_ws/install/moveit_kinematics:/home/aaron/ur_ws/install/moveit_ros_planning:/home/aaron/ur_ws/install/moveit_simple_controller_manager:/home/aaron/ur_ws/install/moveit_ros_occupancy_map_monitor:/home/aaron/ur_ws/install/moveit_core:/home/aaron/ur_ws/install/moveit_resources_panda_moveit_config:/home/aaron/ur_ws/install/moveit_resources_fanuc_moveit_config:/home/aaron/ur_ws/install/srdfdom:/home/aaron/ur_ws/install/moveit_resources_pr2_description:/home/aaron/ur_ws/install/moveit_resources_panda_description:/home/aaron/ur_ws/install/moveit_resources_fanuc_description:/home/aaron/ur_ws/install/moveit_common:/opt/ros/humble LD_LIBRARY_PATH=/home/aaron/ur_ws/install/moveit_ros_planning_interface/lib:/home/aaron/ur_ws/install/moveit_ros_move_group/lib:/home/aaron/ur_ws/install/moveit_ros_warehouse/lib:/home/aaron/ur_ws/install/moveit_planners_ompl/lib:/home/aaron/ur_ws/install/moveit_kinematics/lib:/home/aaron/ur_ws/install/moveit_ros_planning/lib:/home/aaron/ur_ws/install/moveit_simple_controller_manager/lib:/home/aaron/ur_ws/install/moveit_ros_occupancy_map_monitor/lib:/home/aaron/ur_ws/install/moveit_core/lib:/home/aaron/ur_ws/install/srdfdom/lib:${LD_LIBRARY_PATH} PATH=/home/aaron/ur_ws/install/moveit_core/bin:${PATH} PYTHONPATH=/home/aaron/ur_ws/install/moveit_configs_utils/lib/python3.10/site-packages:/home/aaron/ur_ws/install/srdfdom/local/lib/python3.10/dist-packages:/home/aaron/ur_ws/install/launch_param_builder/lib/python3.10/site-packages:${PYTHONPATH} /usr/bin/cmake --install /home/aaron/ur_ws/build/moveit_servo
[421.219s] Level 1:colcon.colcon_core.environment:checking '/home/aaron/ur_ws/install/moveit_servo' for CMake config files
[421.219s] Level 1:colcon.colcon_core.shell:create_environment_hook('moveit_servo', 'cmake_prefix_path')
[421.220s] INFO:colcon.colcon_core.shell:Creating environment hook '/home/aaron/ur_ws/install/moveit_servo/share/moveit_servo/hook/cmake_prefix_path.ps1'
[421.221s] INFO:colcon.colcon_core.shell:Creating environment descriptor '/home/aaron/ur_ws/install/moveit_servo/share/moveit_servo/hook/cmake_prefix_path.dsv'
[421.222s] INFO:colcon.colcon_core.shell:Creating environment hook '/home/aaron/ur_ws/install/moveit_servo/share/moveit_servo/hook/cmake_prefix_path.sh'
[421.224s] Level 1:colcon.colcon_core.environment:checking '/home/aaron/ur_ws/install/moveit_servo/lib'
[421.224s] Level 1:colcon.colcon_core.shell:create_environment_hook('moveit_servo', 'ld_library_path_lib')
[421.225s] INFO:colcon.colcon_core.shell:Creating environment hook '/home/aaron/ur_ws/install/moveit_servo/share/moveit_servo/hook/ld_library_path_lib.ps1'
[421.226s] INFO:colcon.colcon_core.shell:Creating environment descriptor '/home/aaron/ur_ws/install/moveit_servo/share/moveit_servo/hook/ld_library_path_lib.dsv'
[421.227s] INFO:colcon.colcon_core.shell:Creating environment hook '/home/aaron/ur_ws/install/moveit_servo/share/moveit_servo/hook/ld_library_path_lib.sh'
[421.228s] Level 1:colcon.colcon_core.environment:checking '/home/aaron/ur_ws/install/moveit_servo/bin'
[421.228s] Level 1:colcon.colcon_core.environment:checking '/home/aaron/ur_ws/install/moveit_servo/lib/pkgconfig/moveit_servo.pc'
[421.229s] Level 1:colcon.colcon_core.environment:checking '/home/aaron/ur_ws/install/moveit_servo/lib/python3.10/site-packages'
[421.230s] Level 1:colcon.colcon_core.environment:checking '/home/aaron/ur_ws/install/moveit_servo/bin'
[421.231s] INFO:colcon.colcon_core.shell:Creating package script '/home/aaron/ur_ws/install/moveit_servo/share/moveit_servo/package.ps1'
[421.232s] INFO:colcon.colcon_core.shell:Creating package descriptor '/home/aaron/ur_ws/install/moveit_servo/share/moveit_servo/package.dsv'
[421.233s] INFO:colcon.colcon_core.shell:Creating package script '/home/aaron/ur_ws/install/moveit_servo/share/moveit_servo/package.sh'
[421.233s] INFO:colcon.colcon_core.shell:Creating package script '/home/aaron/ur_ws/install/moveit_servo/share/moveit_servo/package.bash'
[421.234s] INFO:colcon.colcon_core.shell:Creating package script '/home/aaron/ur_ws/install/moveit_servo/share/moveit_servo/package.zsh'
[421.234s] Level 1:colcon.colcon_core.environment:create_file_with_runtime_dependencies(/home/aaron/ur_ws/install/moveit_servo/share/colcon-core/packages/moveit_servo)
[421.235s] Level 1:colcon.colcon_core.environment:create_environment_scripts_only(moveit_servo)
[421.236s] Level 1:colcon.colcon_core.environment:checking '/home/aaron/ur_ws/install/moveit_servo' for CMake module files
[421.237s] Level 1:colcon.colcon_core.environment:checking '/home/aaron/ur_ws/install/moveit_servo' for CMake config files
[421.237s] Level 1:colcon.colcon_core.shell:create_environment_hook('moveit_servo', 'cmake_prefix_path')
[421.237s] INFO:colcon.colcon_core.shell:Creating environment hook '/home/aaron/ur_ws/install/moveit_servo/share/moveit_servo/hook/cmake_prefix_path.ps1'
[421.239s] INFO:colcon.colcon_core.shell:Creating environment descriptor '/home/aaron/ur_ws/install/moveit_servo/share/moveit_servo/hook/cmake_prefix_path.dsv'
[421.239s] INFO:colcon.colcon_core.shell:Creating environment hook '/home/aaron/ur_ws/install/moveit_servo/share/moveit_servo/hook/cmake_prefix_path.sh'
[421.240s] Level 1:colcon.colcon_core.environment:checking '/home/aaron/ur_ws/install/moveit_servo/lib'
[421.240s] Level 1:colcon.colcon_core.shell:create_environment_hook('moveit_servo', 'ld_library_path_lib')
[421.241s] INFO:colcon.colcon_core.shell:Creating environment hook '/home/aaron/ur_ws/install/moveit_servo/share/moveit_servo/hook/ld_library_path_lib.ps1'
[421.241s] INFO:colcon.colcon_core.shell:Creating environment descriptor '/home/aaron/ur_ws/install/moveit_servo/share/moveit_servo/hook/ld_library_path_lib.dsv'
[421.242s] INFO:colcon.colcon_core.shell:Creating environment hook '/home/aaron/ur_ws/install/moveit_servo/share/moveit_servo/hook/ld_library_path_lib.sh'
[421.242s] Level 1:colcon.colcon_core.environment:checking '/home/aaron/ur_ws/install/moveit_servo/bin'
[421.242s] Level 1:colcon.colcon_core.environment:checking '/home/aaron/ur_ws/install/moveit_servo/lib/pkgconfig/moveit_servo.pc'
[421.243s] Level 1:colcon.colcon_core.environment:checking '/home/aaron/ur_ws/install/moveit_servo/lib/python3.10/site-packages'
[421.243s] Level 1:colcon.colcon_core.environment:checking '/home/aaron/ur_ws/install/moveit_servo/bin'
[421.244s] INFO:colcon.colcon_core.shell:Creating package script '/home/aaron/ur_ws/install/moveit_servo/share/moveit_servo/package.ps1'
[421.245s] INFO:colcon.colcon_core.shell:Creating package descriptor '/home/aaron/ur_ws/install/moveit_servo/share/moveit_servo/package.dsv'
[421.246s] INFO:colcon.colcon_core.shell:Creating package script '/home/aaron/ur_ws/install/moveit_servo/share/moveit_servo/package.sh'
[421.246s] INFO:colcon.colcon_core.shell:Creating package script '/home/aaron/ur_ws/install/moveit_servo/share/moveit_servo/package.bash'
[421.247s] INFO:colcon.colcon_core.shell:Creating package script '/home/aaron/ur_ws/install/moveit_servo/share/moveit_servo/package.zsh'
[421.248s] Level 1:colcon.colcon_core.environment:create_file_with_runtime_dependencies(/home/aaron/ur_ws/install/moveit_servo/share/colcon-core/packages/moveit_servo)
[426.295s] DEBUG:colcon.colcon_core.event_handler.log_command:Invoked command in '/home/aaron/ur_ws/build/moveit_task_constructor_core' returned '0': AMENT_PREFIX_PATH=/home/aaron/ur_ws/install/moveit_planners:/home/aaron/ur_ws/install/pilz_industrial_motion_planner:/home/aaron/ur_ws/install/moveit_resources_prbt_pg70_support:/home/aaron/ur_ws/install/moveit_ros_planning_interface:/home/aaron/ur_ws/install/moveit_resources_prbt_moveit_config:/home/aaron/ur_ws/install/moveit_ros_move_group:/home/aaron/ur_ws/install/moveit_ros_warehouse:/home/aaron/ur_ws/install/moveit_planners_ompl:/home/aaron/ur_ws/install/moveit_kinematics:/home/aaron/ur_ws/install/moveit_ros_planning:/home/aaron/ur_ws/install/moveit_planners_chomp:/home/aaron/ur_ws/install/pilz_industrial_motion_planner_testutils:/home/aaron/ur_ws/install/moveit_simple_controller_manager:/home/aaron/ur_ws/install/moveit_ros_occupancy_map_monitor:/home/aaron/ur_ws/install/moveit_resources_prbt_ikfast_manipulator_plugin:/home/aaron/ur_ws/install/chomp_motion_planner:/home/aaron/ur_ws/install/moveit_core:/home/aaron/ur_ws/install/rviz_marker_tools:/home/aaron/ur_ws/install/moveit_resources_panda_moveit_config:/home/aaron/ur_ws/install/moveit_resources_fanuc_moveit_config:/home/aaron/ur_ws/install/moveit_configs_utils:/home/aaron/ur_ws/install/srdfdom:/home/aaron/ur_ws/install/moveit_task_constructor_msgs:/home/aaron/ur_ws/install/moveit_resources_prbt_support:/home/aaron/ur_ws/install/moveit_resources_pr2_description:/home/aaron/ur_ws/install/moveit_resources_panda_description:/home/aaron/ur_ws/install/moveit_resources_fanuc_description:/home/aaron/ur_ws/install/moveit_common:/home/aaron/ur_ws/install/launch_param_builder:${AMENT_PREFIX_PATH} CMAKE_PREFIX_PATH=/home/aaron/ur_ws/install/moveit_planners:/home/aaron/ur_ws/install/pilz_industrial_motion_planner:/home/aaron/ur_ws/install/moveit_resources_prbt_pg70_support:/home/aaron/ur_ws/install/moveit_ros_planning_interface:/home/aaron/ur_ws/install/moveit_resources_prbt_moveit_config:/home/aaron/ur_ws/install/moveit_ros_move_group:/home/aaron/ur_ws/install/moveit_ros_warehouse:/home/aaron/ur_ws/install/moveit_planners_ompl:/home/aaron/ur_ws/install/moveit_kinematics:/home/aaron/ur_ws/install/moveit_ros_planning:/home/aaron/ur_ws/install/moveit_planners_chomp:/home/aaron/ur_ws/install/pilz_industrial_motion_planner_testutils:/home/aaron/ur_ws/install/moveit_simple_controller_manager:/home/aaron/ur_ws/install/moveit_ros_occupancy_map_monitor:/home/aaron/ur_ws/install/moveit_resources_prbt_ikfast_manipulator_plugin:/home/aaron/ur_ws/install/chomp_motion_planner:/home/aaron/ur_ws/install/moveit_core:/home/aaron/ur_ws/install/rviz_marker_tools:/home/aaron/ur_ws/install/moveit_resources_panda_moveit_config:/home/aaron/ur_ws/install/moveit_resources_fanuc_moveit_config:/home/aaron/ur_ws/install/srdfdom:/home/aaron/ur_ws/install/moveit_task_constructor_msgs:/home/aaron/ur_ws/install/moveit_resources_prbt_support:/home/aaron/ur_ws/install/moveit_resources_pr2_description:/home/aaron/ur_ws/install/moveit_resources_panda_description:/home/aaron/ur_ws/install/moveit_resources_fanuc_description:/home/aaron/ur_ws/install/moveit_common:/opt/ros/humble LD_LIBRARY_PATH=/home/aaron/ur_ws/install/pilz_industrial_motion_planner/lib:/home/aaron/ur_ws/install/moveit_ros_planning_interface/lib:/home/aaron/ur_ws/install/moveit_ros_move_group/lib:/home/aaron/ur_ws/install/moveit_ros_warehouse/lib:/home/aaron/ur_ws/install/moveit_planners_ompl/lib:/home/aaron/ur_ws/install/moveit_kinematics/lib:/home/aaron/ur_ws/install/moveit_ros_planning/lib:/home/aaron/ur_ws/install/moveit_planners_chomp/lib:/home/aaron/ur_ws/install/pilz_industrial_motion_planner_testutils/lib:/home/aaron/ur_ws/install/moveit_simple_controller_manager/lib:/home/aaron/ur_ws/install/moveit_ros_occupancy_map_monitor/lib:/home/aaron/ur_ws/install/moveit_resources_prbt_ikfast_manipulator_plugin/lib:/home/aaron/ur_ws/install/chomp_motion_planner/lib:/home/aaron/ur_ws/install/moveit_core/lib:/home/aaron/ur_ws/install/rviz_marker_tools/lib:/home/aaron/ur_ws/install/srdfdom/lib:/home/aaron/ur_ws/install/moveit_task_constructor_msgs/lib:${LD_LIBRARY_PATH} PATH=/home/aaron/ur_ws/install/moveit_core/bin:${PATH} PYTHONPATH=/home/aaron/ur_ws/install/moveit_configs_utils/lib/python3.10/site-packages:/home/aaron/ur_ws/install/srdfdom/local/lib/python3.10/dist-packages:/home/aaron/ur_ws/install/moveit_task_constructor_msgs/local/lib/python3.10/dist-packages:/home/aaron/ur_ws/install/launch_param_builder/lib/python3.10/site-packages:${PYTHONPATH} /usr/bin/cmake --build /home/aaron/ur_ws/build/moveit_task_constructor_core -- -j20 -l20
[426.298s] DEBUG:colcon.colcon_core.event_handler.log_command:Invoking command in '/home/aaron/ur_ws/build/moveit_task_constructor_core': AMENT_PREFIX_PATH=/home/aaron/ur_ws/install/moveit_planners:/home/aaron/ur_ws/install/pilz_industrial_motion_planner:/home/aaron/ur_ws/install/moveit_resources_prbt_pg70_support:/home/aaron/ur_ws/install/moveit_ros_planning_interface:/home/aaron/ur_ws/install/moveit_resources_prbt_moveit_config:/home/aaron/ur_ws/install/moveit_ros_move_group:/home/aaron/ur_ws/install/moveit_ros_warehouse:/home/aaron/ur_ws/install/moveit_planners_ompl:/home/aaron/ur_ws/install/moveit_kinematics:/home/aaron/ur_ws/install/moveit_ros_planning:/home/aaron/ur_ws/install/moveit_planners_chomp:/home/aaron/ur_ws/install/pilz_industrial_motion_planner_testutils:/home/aaron/ur_ws/install/moveit_simple_controller_manager:/home/aaron/ur_ws/install/moveit_ros_occupancy_map_monitor:/home/aaron/ur_ws/install/moveit_resources_prbt_ikfast_manipulator_plugin:/home/aaron/ur_ws/install/chomp_motion_planner:/home/aaron/ur_ws/install/moveit_core:/home/aaron/ur_ws/install/rviz_marker_tools:/home/aaron/ur_ws/install/moveit_resources_panda_moveit_config:/home/aaron/ur_ws/install/moveit_resources_fanuc_moveit_config:/home/aaron/ur_ws/install/moveit_configs_utils:/home/aaron/ur_ws/install/srdfdom:/home/aaron/ur_ws/install/moveit_task_constructor_msgs:/home/aaron/ur_ws/install/moveit_resources_prbt_support:/home/aaron/ur_ws/install/moveit_resources_pr2_description:/home/aaron/ur_ws/install/moveit_resources_panda_description:/home/aaron/ur_ws/install/moveit_resources_fanuc_description:/home/aaron/ur_ws/install/moveit_common:/home/aaron/ur_ws/install/launch_param_builder:${AMENT_PREFIX_PATH} CMAKE_PREFIX_PATH=/home/aaron/ur_ws/install/moveit_planners:/home/aaron/ur_ws/install/pilz_industrial_motion_planner:/home/aaron/ur_ws/install/moveit_resources_prbt_pg70_support:/home/aaron/ur_ws/install/moveit_ros_planning_interface:/home/aaron/ur_ws/install/moveit_resources_prbt_moveit_config:/home/aaron/ur_ws/install/moveit_ros_move_group:/home/aaron/ur_ws/install/moveit_ros_warehouse:/home/aaron/ur_ws/install/moveit_planners_ompl:/home/aaron/ur_ws/install/moveit_kinematics:/home/aaron/ur_ws/install/moveit_ros_planning:/home/aaron/ur_ws/install/moveit_planners_chomp:/home/aaron/ur_ws/install/pilz_industrial_motion_planner_testutils:/home/aaron/ur_ws/install/moveit_simple_controller_manager:/home/aaron/ur_ws/install/moveit_ros_occupancy_map_monitor:/home/aaron/ur_ws/install/moveit_resources_prbt_ikfast_manipulator_plugin:/home/aaron/ur_ws/install/chomp_motion_planner:/home/aaron/ur_ws/install/moveit_core:/home/aaron/ur_ws/install/rviz_marker_tools:/home/aaron/ur_ws/install/moveit_resources_panda_moveit_config:/home/aaron/ur_ws/install/moveit_resources_fanuc_moveit_config:/home/aaron/ur_ws/install/srdfdom:/home/aaron/ur_ws/install/moveit_task_constructor_msgs:/home/aaron/ur_ws/install/moveit_resources_prbt_support:/home/aaron/ur_ws/install/moveit_resources_pr2_description:/home/aaron/ur_ws/install/moveit_resources_panda_description:/home/aaron/ur_ws/install/moveit_resources_fanuc_description:/home/aaron/ur_ws/install/moveit_common:/opt/ros/humble LD_LIBRARY_PATH=/home/aaron/ur_ws/install/pilz_industrial_motion_planner/lib:/home/aaron/ur_ws/install/moveit_ros_planning_interface/lib:/home/aaron/ur_ws/install/moveit_ros_move_group/lib:/home/aaron/ur_ws/install/moveit_ros_warehouse/lib:/home/aaron/ur_ws/install/moveit_planners_ompl/lib:/home/aaron/ur_ws/install/moveit_kinematics/lib:/home/aaron/ur_ws/install/moveit_ros_planning/lib:/home/aaron/ur_ws/install/moveit_planners_chomp/lib:/home/aaron/ur_ws/install/pilz_industrial_motion_planner_testutils/lib:/home/aaron/ur_ws/install/moveit_simple_controller_manager/lib:/home/aaron/ur_ws/install/moveit_ros_occupancy_map_monitor/lib:/home/aaron/ur_ws/install/moveit_resources_prbt_ikfast_manipulator_plugin/lib:/home/aaron/ur_ws/install/chomp_motion_planner/lib:/home/aaron/ur_ws/install/moveit_core/lib:/home/aaron/ur_ws/install/rviz_marker_tools/lib:/home/aaron/ur_ws/install/srdfdom/lib:/home/aaron/ur_ws/install/moveit_task_constructor_msgs/lib:${LD_LIBRARY_PATH} PATH=/home/aaron/ur_ws/install/moveit_core/bin:${PATH} PYTHONPATH=/home/aaron/ur_ws/install/moveit_configs_utils/lib/python3.10/site-packages:/home/aaron/ur_ws/install/srdfdom/local/lib/python3.10/dist-packages:/home/aaron/ur_ws/install/moveit_task_constructor_msgs/local/lib/python3.10/dist-packages:/home/aaron/ur_ws/install/launch_param_builder/lib/python3.10/site-packages:${PYTHONPATH} /usr/bin/cmake --install /home/aaron/ur_ws/build/moveit_task_constructor_core
[426.366s] Level 1:colcon.colcon_core.environment:create_environment_scripts_only(moveit_task_constructor_core)
[426.367s] Level 1:colcon.colcon_core.environment:checking '/home/aaron/ur_ws/install/moveit_task_constructor_core' for CMake module files
[426.367s] DEBUG:colcon.colcon_core.event_handler.log_command:Invoked command in '/home/aaron/ur_ws/build/moveit_task_constructor_core' returned '0': AMENT_PREFIX_PATH=/home/aaron/ur_ws/install/moveit_planners:/home/aaron/ur_ws/install/pilz_industrial_motion_planner:/home/aaron/ur_ws/install/moveit_resources_prbt_pg70_support:/home/aaron/ur_ws/install/moveit_ros_planning_interface:/home/aaron/ur_ws/install/moveit_resources_prbt_moveit_config:/home/aaron/ur_ws/install/moveit_ros_move_group:/home/aaron/ur_ws/install/moveit_ros_warehouse:/home/aaron/ur_ws/install/moveit_planners_ompl:/home/aaron/ur_ws/install/moveit_kinematics:/home/aaron/ur_ws/install/moveit_ros_planning:/home/aaron/ur_ws/install/moveit_planners_chomp:/home/aaron/ur_ws/install/pilz_industrial_motion_planner_testutils:/home/aaron/ur_ws/install/moveit_simple_controller_manager:/home/aaron/ur_ws/install/moveit_ros_occupancy_map_monitor:/home/aaron/ur_ws/install/moveit_resources_prbt_ikfast_manipulator_plugin:/home/aaron/ur_ws/install/chomp_motion_planner:/home/aaron/ur_ws/install/moveit_core:/home/aaron/ur_ws/install/rviz_marker_tools:/home/aaron/ur_ws/install/moveit_resources_panda_moveit_config:/home/aaron/ur_ws/install/moveit_resources_fanuc_moveit_config:/home/aaron/ur_ws/install/moveit_configs_utils:/home/aaron/ur_ws/install/srdfdom:/home/aaron/ur_ws/install/moveit_task_constructor_msgs:/home/aaron/ur_ws/install/moveit_resources_prbt_support:/home/aaron/ur_ws/install/moveit_resources_pr2_description:/home/aaron/ur_ws/install/moveit_resources_panda_description:/home/aaron/ur_ws/install/moveit_resources_fanuc_description:/home/aaron/ur_ws/install/moveit_common:/home/aaron/ur_ws/install/launch_param_builder:${AMENT_PREFIX_PATH} CMAKE_PREFIX_PATH=/home/aaron/ur_ws/install/moveit_planners:/home/aaron/ur_ws/install/pilz_industrial_motion_planner:/home/aaron/ur_ws/install/moveit_resources_prbt_pg70_support:/home/aaron/ur_ws/install/moveit_ros_planning_interface:/home/aaron/ur_ws/install/moveit_resources_prbt_moveit_config:/home/aaron/ur_ws/install/moveit_ros_move_group:/home/aaron/ur_ws/install/moveit_ros_warehouse:/home/aaron/ur_ws/install/moveit_planners_ompl:/home/aaron/ur_ws/install/moveit_kinematics:/home/aaron/ur_ws/install/moveit_ros_planning:/home/aaron/ur_ws/install/moveit_planners_chomp:/home/aaron/ur_ws/install/pilz_industrial_motion_planner_testutils:/home/aaron/ur_ws/install/moveit_simple_controller_manager:/home/aaron/ur_ws/install/moveit_ros_occupancy_map_monitor:/home/aaron/ur_ws/install/moveit_resources_prbt_ikfast_manipulator_plugin:/home/aaron/ur_ws/install/chomp_motion_planner:/home/aaron/ur_ws/install/moveit_core:/home/aaron/ur_ws/install/rviz_marker_tools:/home/aaron/ur_ws/install/moveit_resources_panda_moveit_config:/home/aaron/ur_ws/install/moveit_resources_fanuc_moveit_config:/home/aaron/ur_ws/install/srdfdom:/home/aaron/ur_ws/install/moveit_task_constructor_msgs:/home/aaron/ur_ws/install/moveit_resources_prbt_support:/home/aaron/ur_ws/install/moveit_resources_pr2_description:/home/aaron/ur_ws/install/moveit_resources_panda_description:/home/aaron/ur_ws/install/moveit_resources_fanuc_description:/home/aaron/ur_ws/install/moveit_common:/opt/ros/humble LD_LIBRARY_PATH=/home/aaron/ur_ws/install/pilz_industrial_motion_planner/lib:/home/aaron/ur_ws/install/moveit_ros_planning_interface/lib:/home/aaron/ur_ws/install/moveit_ros_move_group/lib:/home/aaron/ur_ws/install/moveit_ros_warehouse/lib:/home/aaron/ur_ws/install/moveit_planners_ompl/lib:/home/aaron/ur_ws/install/moveit_kinematics/lib:/home/aaron/ur_ws/install/moveit_ros_planning/lib:/home/aaron/ur_ws/install/moveit_planners_chomp/lib:/home/aaron/ur_ws/install/pilz_industrial_motion_planner_testutils/lib:/home/aaron/ur_ws/install/moveit_simple_controller_manager/lib:/home/aaron/ur_ws/install/moveit_ros_occupancy_map_monitor/lib:/home/aaron/ur_ws/install/moveit_resources_prbt_ikfast_manipulator_plugin/lib:/home/aaron/ur_ws/install/chomp_motion_planner/lib:/home/aaron/ur_ws/install/moveit_core/lib:/home/aaron/ur_ws/install/rviz_marker_tools/lib:/home/aaron/ur_ws/install/srdfdom/lib:/home/aaron/ur_ws/install/moveit_task_constructor_msgs/lib:${LD_LIBRARY_PATH} PATH=/home/aaron/ur_ws/install/moveit_core/bin:${PATH} PYTHONPATH=/home/aaron/ur_ws/install/moveit_configs_utils/lib/python3.10/site-packages:/home/aaron/ur_ws/install/srdfdom/local/lib/python3.10/dist-packages:/home/aaron/ur_ws/install/moveit_task_constructor_msgs/local/lib/python3.10/dist-packages:/home/aaron/ur_ws/install/launch_param_builder/lib/python3.10/site-packages:${PYTHONPATH} /usr/bin/cmake --install /home/aaron/ur_ws/build/moveit_task_constructor_core
[426.367s] Level 1:colcon.colcon_core.shell:create_environment_hook('moveit_task_constructor_core', 'cmake_module_path')
[426.368s] INFO:colcon.colcon_core.shell:Creating environment hook '/home/aaron/ur_ws/install/moveit_task_constructor_core/share/moveit_task_constructor_core/hook/cmake_module_path.ps1'
[426.368s] INFO:colcon.colcon_core.shell:Creating environment descriptor '/home/aaron/ur_ws/install/moveit_task_constructor_core/share/moveit_task_constructor_core/hook/cmake_module_path.dsv'
[426.369s] INFO:colcon.colcon_core.shell:Creating environment hook '/home/aaron/ur_ws/install/moveit_task_constructor_core/share/moveit_task_constructor_core/hook/cmake_module_path.sh'
[426.369s] Level 1:colcon.colcon_core.environment:checking '/home/aaron/ur_ws/install/moveit_task_constructor_core' for CMake config files
[426.369s] Level 1:colcon.colcon_core.shell:create_environment_hook('moveit_task_constructor_core', 'cmake_prefix_path')
[426.369s] INFO:colcon.colcon_core.shell:Creating environment hook '/home/aaron/ur_ws/install/moveit_task_constructor_core/share/moveit_task_constructor_core/hook/cmake_prefix_path.ps1'
[426.370s] INFO:colcon.colcon_core.shell:Creating environment descriptor '/home/aaron/ur_ws/install/moveit_task_constructor_core/share/moveit_task_constructor_core/hook/cmake_prefix_path.dsv'
[426.370s] INFO:colcon.colcon_core.shell:Creating environment hook '/home/aaron/ur_ws/install/moveit_task_constructor_core/share/moveit_task_constructor_core/hook/cmake_prefix_path.sh'
[426.371s] Level 1:colcon.colcon_core.environment:checking '/home/aaron/ur_ws/install/moveit_task_constructor_core/lib'
[426.371s] Level 1:colcon.colcon_core.shell:create_environment_hook('moveit_task_constructor_core', 'ld_library_path_lib')
[426.371s] INFO:colcon.colcon_core.shell:Creating environment hook '/home/aaron/ur_ws/install/moveit_task_constructor_core/share/moveit_task_constructor_core/hook/ld_library_path_lib.ps1'
[426.371s] INFO:colcon.colcon_core.shell:Creating environment descriptor '/home/aaron/ur_ws/install/moveit_task_constructor_core/share/moveit_task_constructor_core/hook/ld_library_path_lib.dsv'
[426.372s] INFO:colcon.colcon_core.shell:Creating environment hook '/home/aaron/ur_ws/install/moveit_task_constructor_core/share/moveit_task_constructor_core/hook/ld_library_path_lib.sh'
[426.372s] Level 1:colcon.colcon_core.environment:checking '/home/aaron/ur_ws/install/moveit_task_constructor_core/bin'
[426.372s] Level 1:colcon.colcon_core.environment:checking '/home/aaron/ur_ws/install/moveit_task_constructor_core/lib/pkgconfig/moveit_task_constructor_core.pc'
[426.372s] Level 1:colcon.colcon_core.environment:checking '/home/aaron/ur_ws/install/moveit_task_constructor_core/lib/python3.10/site-packages'
[426.372s] Level 1:colcon.colcon_core.environment:checking '/home/aaron/ur_ws/install/moveit_task_constructor_core/bin'
[426.373s] INFO:colcon.colcon_core.shell:Creating package script '/home/aaron/ur_ws/install/moveit_task_constructor_core/share/moveit_task_constructor_core/package.ps1'
[426.373s] INFO:colcon.colcon_core.shell:Creating package descriptor '/home/aaron/ur_ws/install/moveit_task_constructor_core/share/moveit_task_constructor_core/package.dsv'
[426.374s] INFO:colcon.colcon_core.shell:Creating package script '/home/aaron/ur_ws/install/moveit_task_constructor_core/share/moveit_task_constructor_core/package.sh'
[426.374s] INFO:colcon.colcon_core.shell:Creating package script '/home/aaron/ur_ws/install/moveit_task_constructor_core/share/moveit_task_constructor_core/package.bash'
[426.374s] INFO:colcon.colcon_core.shell:Creating package script '/home/aaron/ur_ws/install/moveit_task_constructor_core/share/moveit_task_constructor_core/package.zsh'
[426.375s] Level 1:colcon.colcon_core.environment:create_file_with_runtime_dependencies(/home/aaron/ur_ws/install/moveit_task_constructor_core/share/colcon-core/packages/moveit_task_constructor_core)
[426.375s] Level 1:colcon.colcon_core.environment:create_environment_scripts_only(moveit_task_constructor_core)
[426.376s] Level 1:colcon.colcon_core.environment:checking '/home/aaron/ur_ws/install/moveit_task_constructor_core' for CMake module files
[426.376s] Level 1:colcon.colcon_core.shell:create_environment_hook('moveit_task_constructor_core', 'cmake_module_path')
[426.376s] INFO:colcon.colcon_core.shell:Creating environment hook '/home/aaron/ur_ws/install/moveit_task_constructor_core/share/moveit_task_constructor_core/hook/cmake_module_path.ps1'
[426.377s] INFO:colcon.colcon_core.shell:Creating environment descriptor '/home/aaron/ur_ws/install/moveit_task_constructor_core/share/moveit_task_constructor_core/hook/cmake_module_path.dsv'
[426.377s] INFO:colcon.colcon_core.shell:Creating environment hook '/home/aaron/ur_ws/install/moveit_task_constructor_core/share/moveit_task_constructor_core/hook/cmake_module_path.sh'
[426.377s] Level 1:colcon.colcon_core.environment:checking '/home/aaron/ur_ws/install/moveit_task_constructor_core' for CMake config files
[426.378s] Level 1:colcon.colcon_core.shell:create_environment_hook('moveit_task_constructor_core', 'cmake_prefix_path')
[426.378s] INFO:colcon.colcon_core.shell:Creating environment hook '/home/aaron/ur_ws/install/moveit_task_constructor_core/share/moveit_task_constructor_core/hook/cmake_prefix_path.ps1'
[426.378s] INFO:colcon.colcon_core.shell:Creating environment descriptor '/home/aaron/ur_ws/install/moveit_task_constructor_core/share/moveit_task_constructor_core/hook/cmake_prefix_path.dsv'
[426.379s] INFO:colcon.colcon_core.shell:Creating environment hook '/home/aaron/ur_ws/install/moveit_task_constructor_core/share/moveit_task_constructor_core/hook/cmake_prefix_path.sh'
[426.379s] Level 1:colcon.colcon_core.environment:checking '/home/aaron/ur_ws/install/moveit_task_constructor_core/lib'
[426.379s] Level 1:colcon.colcon_core.shell:create_environment_hook('moveit_task_constructor_core', 'ld_library_path_lib')
[426.379s] INFO:colcon.colcon_core.shell:Creating environment hook '/home/aaron/ur_ws/install/moveit_task_constructor_core/share/moveit_task_constructor_core/hook/ld_library_path_lib.ps1'
[426.380s] INFO:colcon.colcon_core.shell:Creating environment descriptor '/home/aaron/ur_ws/install/moveit_task_constructor_core/share/moveit_task_constructor_core/hook/ld_library_path_lib.dsv'
[426.380s] INFO:colcon.colcon_core.shell:Creating environment hook '/home/aaron/ur_ws/install/moveit_task_constructor_core/share/moveit_task_constructor_core/hook/ld_library_path_lib.sh'
[426.380s] Level 1:colcon.colcon_core.environment:checking '/home/aaron/ur_ws/install/moveit_task_constructor_core/bin'
[426.380s] Level 1:colcon.colcon_core.environment:checking '/home/aaron/ur_ws/install/moveit_task_constructor_core/lib/pkgconfig/moveit_task_constructor_core.pc'
[426.381s] Level 1:colcon.colcon_core.environment:checking '/home/aaron/ur_ws/install/moveit_task_constructor_core/lib/python3.10/site-packages'
[426.381s] Level 1:colcon.colcon_core.environment:checking '/home/aaron/ur_ws/install/moveit_task_constructor_core/bin'
[426.381s] INFO:colcon.colcon_core.shell:Creating package script '/home/aaron/ur_ws/install/moveit_task_constructor_core/share/moveit_task_constructor_core/package.ps1'
[426.382s] INFO:colcon.colcon_core.shell:Creating package descriptor '/home/aaron/ur_ws/install/moveit_task_constructor_core/share/moveit_task_constructor_core/package.dsv'
[426.382s] INFO:colcon.colcon_core.shell:Creating package script '/home/aaron/ur_ws/install/moveit_task_constructor_core/share/moveit_task_constructor_core/package.sh'
[426.383s] INFO:colcon.colcon_core.shell:Creating package script '/home/aaron/ur_ws/install/moveit_task_constructor_core/share/moveit_task_constructor_core/package.bash'
[426.383s] INFO:colcon.colcon_core.shell:Creating package script '/home/aaron/ur_ws/install/moveit_task_constructor_core/share/moveit_task_constructor_core/package.zsh'
[426.383s] Level 1:colcon.colcon_core.environment:create_file_with_runtime_dependencies(/home/aaron/ur_ws/install/moveit_task_constructor_core/share/colcon-core/packages/moveit_task_constructor_core)
[426.384s] INFO:colcon.colcon_ros.task.ament_cmake.build:Building ROS package in '/home/aaron/ur_ws/src/moveit_task_constructor/capabilities' with build type 'ament_cmake'
[426.384s] INFO:colcon.colcon_cmake.task.cmake.build:Building CMake package in '/home/aaron/ur_ws/src/moveit_task_constructor/capabilities'
[426.384s] INFO:colcon.colcon_core.shell:Skip shell extension 'powershell' for command environment: Not usable outside of PowerShell
[426.384s] DEBUG:colcon.colcon_core.shell:Skip shell extension 'dsv' for command environment
[426.389s] INFO:colcon.colcon_ros.task.ament_cmake.build:Building ROS package in '/home/aaron/ur_ws/src/moveit_control' with build type 'ament_cmake'
[426.389s] INFO:colcon.colcon_cmake.task.cmake.build:Building CMake package in '/home/aaron/ur_ws/src/moveit_control'
[426.390s] INFO:colcon.colcon_core.shell:Skip shell extension 'powershell' for command environment: Not usable outside of PowerShell
[426.390s] DEBUG:colcon.colcon_core.shell:Skip shell extension 'dsv' for command environment
[426.394s] INFO:colcon.colcon_ros.task.ament_cmake.build:Building ROS package in '/home/aaron/ur_ws/src/moveit_task_constructor/visualization' with build type 'ament_cmake'
[426.395s] INFO:colcon.colcon_cmake.task.cmake.build:Building CMake package in '/home/aaron/ur_ws/src/moveit_task_constructor/visualization'
[426.395s] INFO:colcon.colcon_core.shell:Skip shell extension 'powershell' for command environment: Not usable outside of PowerShell
[426.395s] DEBUG:colcon.colcon_core.shell:Skip shell extension 'dsv' for command environment
[426.472s] DEBUG:colcon.colcon_core.event_handler.log_command:Invoking command in '/home/aaron/ur_ws/build/moveit_task_constructor_capabilities': AMENT_PREFIX_PATH=/home/aaron/ur_ws/install/moveit_task_constructor_core:/home/aaron/ur_ws/install/moveit_planners:/home/aaron/ur_ws/install/pilz_industrial_motion_planner:/home/aaron/ur_ws/install/moveit_resources_prbt_pg70_support:/home/aaron/ur_ws/install/moveit_ros_planning_interface:/home/aaron/ur_ws/install/moveit_resources_prbt_moveit_config:/home/aaron/ur_ws/install/moveit_ros_move_group:/home/aaron/ur_ws/install/moveit_ros_warehouse:/home/aaron/ur_ws/install/moveit_planners_ompl:/home/aaron/ur_ws/install/moveit_kinematics:/home/aaron/ur_ws/install/moveit_ros_planning:/home/aaron/ur_ws/install/moveit_planners_chomp:/home/aaron/ur_ws/install/pilz_industrial_motion_planner_testutils:/home/aaron/ur_ws/install/moveit_simple_controller_manager:/home/aaron/ur_ws/install/moveit_ros_occupancy_map_monitor:/home/aaron/ur_ws/install/moveit_resources_prbt_ikfast_manipulator_plugin:/home/aaron/ur_ws/install/chomp_motion_planner:/home/aaron/ur_ws/install/moveit_core:/home/aaron/ur_ws/install/rviz_marker_tools:/home/aaron/ur_ws/install/moveit_resources_panda_moveit_config:/home/aaron/ur_ws/install/moveit_resources_fanuc_moveit_config:/home/aaron/ur_ws/install/moveit_configs_utils:/home/aaron/ur_ws/install/srdfdom:/home/aaron/ur_ws/install/moveit_task_constructor_msgs:/home/aaron/ur_ws/install/moveit_resources_prbt_support:/home/aaron/ur_ws/install/moveit_resources_pr2_description:/home/aaron/ur_ws/install/moveit_resources_panda_description:/home/aaron/ur_ws/install/moveit_resources_fanuc_description:/home/aaron/ur_ws/install/moveit_common:/home/aaron/ur_ws/install/launch_param_builder:${AMENT_PREFIX_PATH} CMAKE_MODULE_PATH=/home/aaron/ur_ws/install/moveit_task_constructor_core/share/moveit_task_constructor_core/cmake CMAKE_PREFIX_PATH=/home/aaron/ur_ws/install/moveit_task_constructor_core:/home/aaron/ur_ws/install/moveit_planners:/home/aaron/ur_ws/install/pilz_industrial_motion_planner:/home/aaron/ur_ws/install/moveit_resources_prbt_pg70_support:/home/aaron/ur_ws/install/moveit_ros_planning_interface:/home/aaron/ur_ws/install/moveit_resources_prbt_moveit_config:/home/aaron/ur_ws/install/moveit_ros_move_group:/home/aaron/ur_ws/install/moveit_ros_warehouse:/home/aaron/ur_ws/install/moveit_planners_ompl:/home/aaron/ur_ws/install/moveit_kinematics:/home/aaron/ur_ws/install/moveit_ros_planning:/home/aaron/ur_ws/install/moveit_planners_chomp:/home/aaron/ur_ws/install/pilz_industrial_motion_planner_testutils:/home/aaron/ur_ws/install/moveit_simple_controller_manager:/home/aaron/ur_ws/install/moveit_ros_occupancy_map_monitor:/home/aaron/ur_ws/install/moveit_resources_prbt_ikfast_manipulator_plugin:/home/aaron/ur_ws/install/chomp_motion_planner:/home/aaron/ur_ws/install/moveit_core:/home/aaron/ur_ws/install/rviz_marker_tools:/home/aaron/ur_ws/install/moveit_resources_panda_moveit_config:/home/aaron/ur_ws/install/moveit_resources_fanuc_moveit_config:/home/aaron/ur_ws/install/srdfdom:/home/aaron/ur_ws/install/moveit_task_constructor_msgs:/home/aaron/ur_ws/install/moveit_resources_prbt_support:/home/aaron/ur_ws/install/moveit_resources_pr2_description:/home/aaron/ur_ws/install/moveit_resources_panda_description:/home/aaron/ur_ws/install/moveit_resources_fanuc_description:/home/aaron/ur_ws/install/moveit_common:/opt/ros/humble LD_LIBRARY_PATH=/home/aaron/ur_ws/install/moveit_task_constructor_core/lib:/home/aaron/ur_ws/install/pilz_industrial_motion_planner/lib:/home/aaron/ur_ws/install/moveit_ros_planning_interface/lib:/home/aaron/ur_ws/install/moveit_ros_move_group/lib:/home/aaron/ur_ws/install/moveit_ros_warehouse/lib:/home/aaron/ur_ws/install/moveit_planners_ompl/lib:/home/aaron/ur_ws/install/moveit_kinematics/lib:/home/aaron/ur_ws/install/moveit_ros_planning/lib:/home/aaron/ur_ws/install/moveit_planners_chomp/lib:/home/aaron/ur_ws/install/pilz_industrial_motion_planner_testutils/lib:/home/aaron/ur_ws/install/moveit_simple_controller_manager/lib:/home/aaron/ur_ws/install/moveit_ros_occupancy_map_monitor/lib:/home/aaron/ur_ws/install/moveit_resources_prbt_ikfast_manipulator_plugin/lib:/home/aaron/ur_ws/install/chomp_motion_planner/lib:/home/aaron/ur_ws/install/moveit_core/lib:/home/aaron/ur_ws/install/rviz_marker_tools/lib:/home/aaron/ur_ws/install/srdfdom/lib:/home/aaron/ur_ws/install/moveit_task_constructor_msgs/lib:${LD_LIBRARY_PATH} PATH=/home/aaron/ur_ws/install/moveit_core/bin:${PATH} PYTHONPATH=/home/aaron/ur_ws/install/moveit_task_constructor_core/local/lib/python3.10/dist-packages:/home/aaron/ur_ws/install/moveit_configs_utils/lib/python3.10/site-packages:/home/aaron/ur_ws/install/srdfdom/local/lib/python3.10/dist-packages:/home/aaron/ur_ws/install/moveit_task_constructor_msgs/local/lib/python3.10/dist-packages:/home/aaron/ur_ws/install/launch_param_builder/lib/python3.10/site-packages:${PYTHONPATH} /usr/bin/cmake --build /home/aaron/ur_ws/build/moveit_task_constructor_capabilities -- -j20 -l20
[426.479s] DEBUG:colcon.colcon_core.event_handler.log_command:Invoking command in '/home/aaron/ur_ws/build/moveit_control': AMENT_PREFIX_PATH=/home/aaron/ur_ws/install/moveit_task_constructor_core:/home/aaron/ur_ws/install/moveit_planners:/home/aaron/ur_ws/install/pilz_industrial_motion_planner:/home/aaron/ur_ws/install/moveit_resources_prbt_pg70_support:/home/aaron/ur_ws/install/moveit_ros_planning_interface:/home/aaron/ur_ws/install/moveit_resources_prbt_moveit_config:/home/aaron/ur_ws/install/moveit_ros_move_group:/home/aaron/ur_ws/install/moveit_ros_warehouse:/home/aaron/ur_ws/install/moveit_planners_ompl:/home/aaron/ur_ws/install/moveit_kinematics:/home/aaron/ur_ws/install/moveit_ros_planning:/home/aaron/ur_ws/install/moveit_planners_chomp:/home/aaron/ur_ws/install/pilz_industrial_motion_planner_testutils:/home/aaron/ur_ws/install/moveit_simple_controller_manager:/home/aaron/ur_ws/install/moveit_ros_occupancy_map_monitor:/home/aaron/ur_ws/install/moveit_resources_prbt_ikfast_manipulator_plugin:/home/aaron/ur_ws/install/chomp_motion_planner:/home/aaron/ur_ws/install/moveit_core:/home/aaron/ur_ws/install/rviz_marker_tools:/home/aaron/ur_ws/install/moveit_resources_panda_moveit_config:/home/aaron/ur_ws/install/moveit_resources_fanuc_moveit_config:/home/aaron/ur_ws/install/moveit_configs_utils:/home/aaron/ur_ws/install/srdfdom:/home/aaron/ur_ws/install/moveit_task_constructor_msgs:/home/aaron/ur_ws/install/moveit_resources_prbt_support:/home/aaron/ur_ws/install/moveit_resources_pr2_description:/home/aaron/ur_ws/install/moveit_resources_panda_description:/home/aaron/ur_ws/install/moveit_resources_fanuc_description:/home/aaron/ur_ws/install/moveit_common:/home/aaron/ur_ws/install/launch_param_builder:${AMENT_PREFIX_PATH} CMAKE_MODULE_PATH=/home/aaron/ur_ws/install/moveit_task_constructor_core/share/moveit_task_constructor_core/cmake CMAKE_PREFIX_PATH=/home/aaron/ur_ws/install/moveit_task_constructor_core:/home/aaron/ur_ws/install/moveit_planners:/home/aaron/ur_ws/install/pilz_industrial_motion_planner:/home/aaron/ur_ws/install/moveit_resources_prbt_pg70_support:/home/aaron/ur_ws/install/moveit_ros_planning_interface:/home/aaron/ur_ws/install/moveit_resources_prbt_moveit_config:/home/aaron/ur_ws/install/moveit_ros_move_group:/home/aaron/ur_ws/install/moveit_ros_warehouse:/home/aaron/ur_ws/install/moveit_planners_ompl:/home/aaron/ur_ws/install/moveit_kinematics:/home/aaron/ur_ws/install/moveit_ros_planning:/home/aaron/ur_ws/install/moveit_planners_chomp:/home/aaron/ur_ws/install/pilz_industrial_motion_planner_testutils:/home/aaron/ur_ws/install/moveit_simple_controller_manager:/home/aaron/ur_ws/install/moveit_ros_occupancy_map_monitor:/home/aaron/ur_ws/install/moveit_resources_prbt_ikfast_manipulator_plugin:/home/aaron/ur_ws/install/chomp_motion_planner:/home/aaron/ur_ws/install/moveit_core:/home/aaron/ur_ws/install/rviz_marker_tools:/home/aaron/ur_ws/install/moveit_resources_panda_moveit_config:/home/aaron/ur_ws/install/moveit_resources_fanuc_moveit_config:/home/aaron/ur_ws/install/srdfdom:/home/aaron/ur_ws/install/moveit_task_constructor_msgs:/home/aaron/ur_ws/install/moveit_resources_prbt_support:/home/aaron/ur_ws/install/moveit_resources_pr2_description:/home/aaron/ur_ws/install/moveit_resources_panda_description:/home/aaron/ur_ws/install/moveit_resources_fanuc_description:/home/aaron/ur_ws/install/moveit_common:/opt/ros/humble LD_LIBRARY_PATH=/home/aaron/ur_ws/install/moveit_task_constructor_core/lib:/home/aaron/ur_ws/install/pilz_industrial_motion_planner/lib:/home/aaron/ur_ws/install/moveit_ros_planning_interface/lib:/home/aaron/ur_ws/install/moveit_ros_move_group/lib:/home/aaron/ur_ws/install/moveit_ros_warehouse/lib:/home/aaron/ur_ws/install/moveit_planners_ompl/lib:/home/aaron/ur_ws/install/moveit_kinematics/lib:/home/aaron/ur_ws/install/moveit_ros_planning/lib:/home/aaron/ur_ws/install/moveit_planners_chomp/lib:/home/aaron/ur_ws/install/pilz_industrial_motion_planner_testutils/lib:/home/aaron/ur_ws/install/moveit_simple_controller_manager/lib:/home/aaron/ur_ws/install/moveit_ros_occupancy_map_monitor/lib:/home/aaron/ur_ws/install/moveit_resources_prbt_ikfast_manipulator_plugin/lib:/home/aaron/ur_ws/install/chomp_motion_planner/lib:/home/aaron/ur_ws/install/moveit_core/lib:/home/aaron/ur_ws/install/rviz_marker_tools/lib:/home/aaron/ur_ws/install/srdfdom/lib:/home/aaron/ur_ws/install/moveit_task_constructor_msgs/lib:${LD_LIBRARY_PATH} PATH=/home/aaron/ur_ws/install/moveit_core/bin:${PATH} PYTHONPATH=/home/aaron/ur_ws/install/moveit_task_constructor_core/local/lib/python3.10/dist-packages:/home/aaron/ur_ws/install/moveit_configs_utils/lib/python3.10/site-packages:/home/aaron/ur_ws/install/srdfdom/local/lib/python3.10/dist-packages:/home/aaron/ur_ws/install/moveit_task_constructor_msgs/local/lib/python3.10/dist-packages:/home/aaron/ur_ws/install/launch_param_builder/lib/python3.10/site-packages:${PYTHONPATH} /usr/bin/cmake --build /home/aaron/ur_ws/build/moveit_control -- -j20 -l20
[426.491s] DEBUG:colcon.colcon_core.event_handler.log_command:Invoking command in '/home/aaron/ur_ws/build/moveit_task_constructor_visualization': AMENT_PREFIX_PATH=/home/aaron/ur_ws/install/moveit_task_constructor_core:/home/aaron/ur_ws/install/moveit_planners:/home/aaron/ur_ws/install/pilz_industrial_motion_planner:/home/aaron/ur_ws/install/moveit_ros_visualization:/home/aaron/ur_ws/install/moveit_resources_prbt_pg70_support:/home/aaron/ur_ws/install/moveit_ros_planning_interface:/home/aaron/ur_ws/install/moveit_resources_prbt_moveit_config:/home/aaron/ur_ws/install/moveit_ros_move_group:/home/aaron/ur_ws/install/moveit_ros_warehouse:/home/aaron/ur_ws/install/moveit_ros_robot_interaction:/home/aaron/ur_ws/install/moveit_planners_ompl:/home/aaron/ur_ws/install/moveit_kinematics:/home/aaron/ur_ws/install/moveit_ros_planning:/home/aaron/ur_ws/install/moveit_planners_chomp:/home/aaron/ur_ws/install/pilz_industrial_motion_planner_testutils:/home/aaron/ur_ws/install/moveit_simple_controller_manager:/home/aaron/ur_ws/install/moveit_ros_occupancy_map_monitor:/home/aaron/ur_ws/install/moveit_resources_prbt_ikfast_manipulator_plugin:/home/aaron/ur_ws/install/chomp_motion_planner:/home/aaron/ur_ws/install/moveit_core:/home/aaron/ur_ws/install/rviz_marker_tools:/home/aaron/ur_ws/install/moveit_resources_panda_moveit_config:/home/aaron/ur_ws/install/moveit_resources_fanuc_moveit_config:/home/aaron/ur_ws/install/moveit_configs_utils:/home/aaron/ur_ws/install/srdfdom:/home/aaron/ur_ws/install/moveit_task_constructor_msgs:/home/aaron/ur_ws/install/moveit_resources_prbt_support:/home/aaron/ur_ws/install/moveit_resources_pr2_description:/home/aaron/ur_ws/install/moveit_resources_panda_description:/home/aaron/ur_ws/install/moveit_resources_fanuc_description:/home/aaron/ur_ws/install/moveit_common:/home/aaron/ur_ws/install/launch_param_builder:${AMENT_PREFIX_PATH} CMAKE_MODULE_PATH=/home/aaron/ur_ws/install/moveit_task_constructor_core/share/moveit_task_constructor_core/cmake CMAKE_PREFIX_PATH=/home/aaron/ur_ws/install/moveit_task_constructor_core:/home/aaron/ur_ws/install/moveit_planners:/home/aaron/ur_ws/install/pilz_industrial_motion_planner:/home/aaron/ur_ws/install/moveit_ros_visualization:/home/aaron/ur_ws/install/moveit_resources_prbt_pg70_support:/home/aaron/ur_ws/install/moveit_ros_planning_interface:/home/aaron/ur_ws/install/moveit_resources_prbt_moveit_config:/home/aaron/ur_ws/install/moveit_ros_move_group:/home/aaron/ur_ws/install/moveit_ros_warehouse:/home/aaron/ur_ws/install/moveit_ros_robot_interaction:/home/aaron/ur_ws/install/moveit_planners_ompl:/home/aaron/ur_ws/install/moveit_kinematics:/home/aaron/ur_ws/install/moveit_ros_planning:/home/aaron/ur_ws/install/moveit_planners_chomp:/home/aaron/ur_ws/install/pilz_industrial_motion_planner_testutils:/home/aaron/ur_ws/install/moveit_simple_controller_manager:/home/aaron/ur_ws/install/moveit_ros_occupancy_map_monitor:/home/aaron/ur_ws/install/moveit_resources_prbt_ikfast_manipulator_plugin:/home/aaron/ur_ws/install/chomp_motion_planner:/home/aaron/ur_ws/install/moveit_core:/home/aaron/ur_ws/install/rviz_marker_tools:/home/aaron/ur_ws/install/moveit_resources_panda_moveit_config:/home/aaron/ur_ws/install/moveit_resources_fanuc_moveit_config:/home/aaron/ur_ws/install/srdfdom:/home/aaron/ur_ws/install/moveit_task_constructor_msgs:/home/aaron/ur_ws/install/moveit_resources_prbt_support:/home/aaron/ur_ws/install/moveit_resources_pr2_description:/home/aaron/ur_ws/install/moveit_resources_panda_description:/home/aaron/ur_ws/install/moveit_resources_fanuc_description:/home/aaron/ur_ws/install/moveit_common:/opt/ros/humble LD_LIBRARY_PATH=/home/aaron/ur_ws/install/moveit_task_constructor_core/lib:/home/aaron/ur_ws/install/pilz_industrial_motion_planner/lib:/home/aaron/ur_ws/install/moveit_ros_visualization/lib:/home/aaron/ur_ws/install/moveit_ros_planning_interface/lib:/home/aaron/ur_ws/install/moveit_ros_move_group/lib:/home/aaron/ur_ws/install/moveit_ros_warehouse/lib:/home/aaron/ur_ws/install/moveit_ros_robot_interaction/lib:/home/aaron/ur_ws/install/moveit_planners_ompl/lib:/home/aaron/ur_ws/install/moveit_kinematics/lib:/home/aaron/ur_ws/install/moveit_ros_planning/lib:/home/aaron/ur_ws/install/moveit_planners_chomp/lib:/home/aaron/ur_ws/install/pilz_industrial_motion_planner_testutils/lib:/home/aaron/ur_ws/install/moveit_simple_controller_manager/lib:/home/aaron/ur_ws/install/moveit_ros_occupancy_map_monitor/lib:/home/aaron/ur_ws/install/moveit_resources_prbt_ikfast_manipulator_plugin/lib:/home/aaron/ur_ws/install/chomp_motion_planner/lib:/home/aaron/ur_ws/install/moveit_core/lib:/home/aaron/ur_ws/install/rviz_marker_tools/lib:/home/aaron/ur_ws/install/srdfdom/lib:/home/aaron/ur_ws/install/moveit_task_constructor_msgs/lib:${LD_LIBRARY_PATH} PATH=/home/aaron/ur_ws/install/moveit_core/bin:${PATH} PYTHONPATH=/home/aaron/ur_ws/install/moveit_task_constructor_core/local/lib/python3.10/dist-packages:/home/aaron/ur_ws/install/moveit_configs_utils/lib/python3.10/site-packages:/home/aaron/ur_ws/install/srdfdom/local/lib/python3.10/dist-packages:/home/aaron/ur_ws/install/moveit_task_constructor_msgs/local/lib/python3.10/dist-packages:/home/aaron/ur_ws/install/launch_param_builder/lib/python3.10/site-packages:${PYTHONPATH} /usr/bin/cmake --build /home/aaron/ur_ws/build/moveit_task_constructor_visualization -- -j20 -l20
[440.482s] DEBUG:colcon.colcon_core.event_handler.log_command:Invoked command in '/home/aaron/ur_ws/build/moveit_setup_framework' returned '0': AMENT_PREFIX_PATH=/home/aaron/ur_ws/install/moveit_ros_visualization:/home/aaron/ur_ws/install/moveit_ros_planning_interface:/home/aaron/ur_ws/install/moveit_ros_move_group:/home/aaron/ur_ws/install/moveit_ros_warehouse:/home/aaron/ur_ws/install/moveit_ros_robot_interaction:/home/aaron/ur_ws/install/moveit_planners_ompl:/home/aaron/ur_ws/install/moveit_kinematics:/home/aaron/ur_ws/install/moveit_ros_planning:/home/aaron/ur_ws/install/moveit_simple_controller_manager:/home/aaron/ur_ws/install/moveit_ros_occupancy_map_monitor:/home/aaron/ur_ws/install/moveit_core:/home/aaron/ur_ws/install/moveit_resources_panda_moveit_config:/home/aaron/ur_ws/install/moveit_resources_fanuc_moveit_config:/home/aaron/ur_ws/install/moveit_configs_utils:/home/aaron/ur_ws/install/srdfdom:/home/aaron/ur_ws/install/moveit_resources_pr2_description:/home/aaron/ur_ws/install/moveit_resources_panda_description:/home/aaron/ur_ws/install/moveit_resources_fanuc_description:/home/aaron/ur_ws/install/moveit_common:/home/aaron/ur_ws/install/launch_param_builder:${AMENT_PREFIX_PATH} CMAKE_PREFIX_PATH=/home/aaron/ur_ws/install/moveit_ros_visualization:/home/aaron/ur_ws/install/moveit_ros_planning_interface:/home/aaron/ur_ws/install/moveit_ros_move_group:/home/aaron/ur_ws/install/moveit_ros_warehouse:/home/aaron/ur_ws/install/moveit_ros_robot_interaction:/home/aaron/ur_ws/install/moveit_planners_ompl:/home/aaron/ur_ws/install/moveit_kinematics:/home/aaron/ur_ws/install/moveit_ros_planning:/home/aaron/ur_ws/install/moveit_simple_controller_manager:/home/aaron/ur_ws/install/moveit_ros_occupancy_map_monitor:/home/aaron/ur_ws/install/moveit_core:/home/aaron/ur_ws/install/moveit_resources_panda_moveit_config:/home/aaron/ur_ws/install/moveit_resources_fanuc_moveit_config:/home/aaron/ur_ws/install/srdfdom:/home/aaron/ur_ws/install/moveit_resources_pr2_description:/home/aaron/ur_ws/install/moveit_resources_panda_description:/home/aaron/ur_ws/install/moveit_resources_fanuc_description:/home/aaron/ur_ws/install/moveit_common:/opt/ros/humble LD_LIBRARY_PATH=/home/aaron/ur_ws/install/moveit_ros_visualization/lib:/home/aaron/ur_ws/install/moveit_ros_planning_interface/lib:/home/aaron/ur_ws/install/moveit_ros_move_group/lib:/home/aaron/ur_ws/install/moveit_ros_warehouse/lib:/home/aaron/ur_ws/install/moveit_ros_robot_interaction/lib:/home/aaron/ur_ws/install/moveit_planners_ompl/lib:/home/aaron/ur_ws/install/moveit_kinematics/lib:/home/aaron/ur_ws/install/moveit_ros_planning/lib:/home/aaron/ur_ws/install/moveit_simple_controller_manager/lib:/home/aaron/ur_ws/install/moveit_ros_occupancy_map_monitor/lib:/home/aaron/ur_ws/install/moveit_core/lib:/home/aaron/ur_ws/install/srdfdom/lib:${LD_LIBRARY_PATH} PATH=/home/aaron/ur_ws/install/moveit_core/bin:${PATH} PYTHONPATH=/home/aaron/ur_ws/install/moveit_configs_utils/lib/python3.10/site-packages:/home/aaron/ur_ws/install/srdfdom/local/lib/python3.10/dist-packages:/home/aaron/ur_ws/install/launch_param_builder/lib/python3.10/site-packages:${PYTHONPATH} /usr/bin/cmake --build /home/aaron/ur_ws/build/moveit_setup_framework -- -j20 -l20
[440.487s] DEBUG:colcon.colcon_core.event_handler.log_command:Invoking command in '/home/aaron/ur_ws/build/moveit_setup_framework': AMENT_PREFIX_PATH=/home/aaron/ur_ws/install/moveit_ros_visualization:/home/aaron/ur_ws/install/moveit_ros_planning_interface:/home/aaron/ur_ws/install/moveit_ros_move_group:/home/aaron/ur_ws/install/moveit_ros_warehouse:/home/aaron/ur_ws/install/moveit_ros_robot_interaction:/home/aaron/ur_ws/install/moveit_planners_ompl:/home/aaron/ur_ws/install/moveit_kinematics:/home/aaron/ur_ws/install/moveit_ros_planning:/home/aaron/ur_ws/install/moveit_simple_controller_manager:/home/aaron/ur_ws/install/moveit_ros_occupancy_map_monitor:/home/aaron/ur_ws/install/moveit_core:/home/aaron/ur_ws/install/moveit_resources_panda_moveit_config:/home/aaron/ur_ws/install/moveit_resources_fanuc_moveit_config:/home/aaron/ur_ws/install/moveit_configs_utils:/home/aaron/ur_ws/install/srdfdom:/home/aaron/ur_ws/install/moveit_resources_pr2_description:/home/aaron/ur_ws/install/moveit_resources_panda_description:/home/aaron/ur_ws/install/moveit_resources_fanuc_description:/home/aaron/ur_ws/install/moveit_common:/home/aaron/ur_ws/install/launch_param_builder:${AMENT_PREFIX_PATH} CMAKE_PREFIX_PATH=/home/aaron/ur_ws/install/moveit_ros_visualization:/home/aaron/ur_ws/install/moveit_ros_planning_interface:/home/aaron/ur_ws/install/moveit_ros_move_group:/home/aaron/ur_ws/install/moveit_ros_warehouse:/home/aaron/ur_ws/install/moveit_ros_robot_interaction:/home/aaron/ur_ws/install/moveit_planners_ompl:/home/aaron/ur_ws/install/moveit_kinematics:/home/aaron/ur_ws/install/moveit_ros_planning:/home/aaron/ur_ws/install/moveit_simple_controller_manager:/home/aaron/ur_ws/install/moveit_ros_occupancy_map_monitor:/home/aaron/ur_ws/install/moveit_core:/home/aaron/ur_ws/install/moveit_resources_panda_moveit_config:/home/aaron/ur_ws/install/moveit_resources_fanuc_moveit_config:/home/aaron/ur_ws/install/srdfdom:/home/aaron/ur_ws/install/moveit_resources_pr2_description:/home/aaron/ur_ws/install/moveit_resources_panda_description:/home/aaron/ur_ws/install/moveit_resources_fanuc_description:/home/aaron/ur_ws/install/moveit_common:/opt/ros/humble LD_LIBRARY_PATH=/home/aaron/ur_ws/install/moveit_ros_visualization/lib:/home/aaron/ur_ws/install/moveit_ros_planning_interface/lib:/home/aaron/ur_ws/install/moveit_ros_move_group/lib:/home/aaron/ur_ws/install/moveit_ros_warehouse/lib:/home/aaron/ur_ws/install/moveit_ros_robot_interaction/lib:/home/aaron/ur_ws/install/moveit_planners_ompl/lib:/home/aaron/ur_ws/install/moveit_kinematics/lib:/home/aaron/ur_ws/install/moveit_ros_planning/lib:/home/aaron/ur_ws/install/moveit_simple_controller_manager/lib:/home/aaron/ur_ws/install/moveit_ros_occupancy_map_monitor/lib:/home/aaron/ur_ws/install/moveit_core/lib:/home/aaron/ur_ws/install/srdfdom/lib:${LD_LIBRARY_PATH} PATH=/home/aaron/ur_ws/install/moveit_core/bin:${PATH} PYTHONPATH=/home/aaron/ur_ws/install/moveit_configs_utils/lib/python3.10/site-packages:/home/aaron/ur_ws/install/srdfdom/local/lib/python3.10/dist-packages:/home/aaron/ur_ws/install/launch_param_builder/lib/python3.10/site-packages:${PYTHONPATH} /usr/bin/cmake --install /home/aaron/ur_ws/build/moveit_setup_framework
[440.515s] Level 1:colcon.colcon_core.environment:create_environment_scripts_only(moveit_setup_framework)
[440.516s] Level 1:colcon.colcon_core.environment:checking '/home/aaron/ur_ws/install/moveit_setup_framework' for CMake module files
[440.517s] DEBUG:colcon.colcon_core.event_handler.log_command:Invoked command in '/home/aaron/ur_ws/build/moveit_setup_framework' returned '0': AMENT_PREFIX_PATH=/home/aaron/ur_ws/install/moveit_ros_visualization:/home/aaron/ur_ws/install/moveit_ros_planning_interface:/home/aaron/ur_ws/install/moveit_ros_move_group:/home/aaron/ur_ws/install/moveit_ros_warehouse:/home/aaron/ur_ws/install/moveit_ros_robot_interaction:/home/aaron/ur_ws/install/moveit_planners_ompl:/home/aaron/ur_ws/install/moveit_kinematics:/home/aaron/ur_ws/install/moveit_ros_planning:/home/aaron/ur_ws/install/moveit_simple_controller_manager:/home/aaron/ur_ws/install/moveit_ros_occupancy_map_monitor:/home/aaron/ur_ws/install/moveit_core:/home/aaron/ur_ws/install/moveit_resources_panda_moveit_config:/home/aaron/ur_ws/install/moveit_resources_fanuc_moveit_config:/home/aaron/ur_ws/install/moveit_configs_utils:/home/aaron/ur_ws/install/srdfdom:/home/aaron/ur_ws/install/moveit_resources_pr2_description:/home/aaron/ur_ws/install/moveit_resources_panda_description:/home/aaron/ur_ws/install/moveit_resources_fanuc_description:/home/aaron/ur_ws/install/moveit_common:/home/aaron/ur_ws/install/launch_param_builder:${AMENT_PREFIX_PATH} CMAKE_PREFIX_PATH=/home/aaron/ur_ws/install/moveit_ros_visualization:/home/aaron/ur_ws/install/moveit_ros_planning_interface:/home/aaron/ur_ws/install/moveit_ros_move_group:/home/aaron/ur_ws/install/moveit_ros_warehouse:/home/aaron/ur_ws/install/moveit_ros_robot_interaction:/home/aaron/ur_ws/install/moveit_planners_ompl:/home/aaron/ur_ws/install/moveit_kinematics:/home/aaron/ur_ws/install/moveit_ros_planning:/home/aaron/ur_ws/install/moveit_simple_controller_manager:/home/aaron/ur_ws/install/moveit_ros_occupancy_map_monitor:/home/aaron/ur_ws/install/moveit_core:/home/aaron/ur_ws/install/moveit_resources_panda_moveit_config:/home/aaron/ur_ws/install/moveit_resources_fanuc_moveit_config:/home/aaron/ur_ws/install/srdfdom:/home/aaron/ur_ws/install/moveit_resources_pr2_description:/home/aaron/ur_ws/install/moveit_resources_panda_description:/home/aaron/ur_ws/install/moveit_resources_fanuc_description:/home/aaron/ur_ws/install/moveit_common:/opt/ros/humble LD_LIBRARY_PATH=/home/aaron/ur_ws/install/moveit_ros_visualization/lib:/home/aaron/ur_ws/install/moveit_ros_planning_interface/lib:/home/aaron/ur_ws/install/moveit_ros_move_group/lib:/home/aaron/ur_ws/install/moveit_ros_warehouse/lib:/home/aaron/ur_ws/install/moveit_ros_robot_interaction/lib:/home/aaron/ur_ws/install/moveit_planners_ompl/lib:/home/aaron/ur_ws/install/moveit_kinematics/lib:/home/aaron/ur_ws/install/moveit_ros_planning/lib:/home/aaron/ur_ws/install/moveit_simple_controller_manager/lib:/home/aaron/ur_ws/install/moveit_ros_occupancy_map_monitor/lib:/home/aaron/ur_ws/install/moveit_core/lib:/home/aaron/ur_ws/install/srdfdom/lib:${LD_LIBRARY_PATH} PATH=/home/aaron/ur_ws/install/moveit_core/bin:${PATH} PYTHONPATH=/home/aaron/ur_ws/install/moveit_configs_utils/lib/python3.10/site-packages:/home/aaron/ur_ws/install/srdfdom/local/lib/python3.10/dist-packages:/home/aaron/ur_ws/install/launch_param_builder/lib/python3.10/site-packages:${PYTHONPATH} /usr/bin/cmake --install /home/aaron/ur_ws/build/moveit_setup_framework
[440.519s] Level 1:colcon.colcon_core.environment:checking '/home/aaron/ur_ws/install/moveit_setup_framework' for CMake config files
[440.520s] Level 1:colcon.colcon_core.shell:create_environment_hook('moveit_setup_framework', 'cmake_prefix_path')
[440.521s] INFO:colcon.colcon_core.shell:Creating environment hook '/home/aaron/ur_ws/install/moveit_setup_framework/share/moveit_setup_framework/hook/cmake_prefix_path.ps1'
[440.522s] INFO:colcon.colcon_core.shell:Creating environment descriptor '/home/aaron/ur_ws/install/moveit_setup_framework/share/moveit_setup_framework/hook/cmake_prefix_path.dsv'
[440.524s] INFO:colcon.colcon_core.shell:Creating environment hook '/home/aaron/ur_ws/install/moveit_setup_framework/share/moveit_setup_framework/hook/cmake_prefix_path.sh'
[440.525s] Level 1:colcon.colcon_core.environment:checking '/home/aaron/ur_ws/install/moveit_setup_framework/lib'
[440.526s] Level 1:colcon.colcon_core.shell:create_environment_hook('moveit_setup_framework', 'ld_library_path_lib')
[440.527s] INFO:colcon.colcon_core.shell:Creating environment hook '/home/aaron/ur_ws/install/moveit_setup_framework/share/moveit_setup_framework/hook/ld_library_path_lib.ps1'
[440.528s] INFO:colcon.colcon_core.shell:Creating environment descriptor '/home/aaron/ur_ws/install/moveit_setup_framework/share/moveit_setup_framework/hook/ld_library_path_lib.dsv'
[440.529s] INFO:colcon.colcon_core.shell:Creating environment hook '/home/aaron/ur_ws/install/moveit_setup_framework/share/moveit_setup_framework/hook/ld_library_path_lib.sh'
[440.530s] Level 1:colcon.colcon_core.environment:checking '/home/aaron/ur_ws/install/moveit_setup_framework/bin'
[440.530s] Level 1:colcon.colcon_core.environment:checking '/home/aaron/ur_ws/install/moveit_setup_framework/lib/pkgconfig/moveit_setup_framework.pc'
[440.531s] Level 1:colcon.colcon_core.environment:checking '/home/aaron/ur_ws/install/moveit_setup_framework/lib/python3.10/site-packages'
[440.532s] Level 1:colcon.colcon_core.environment:checking '/home/aaron/ur_ws/install/moveit_setup_framework/bin'
[440.534s] INFO:colcon.colcon_core.shell:Creating package script '/home/aaron/ur_ws/install/moveit_setup_framework/share/moveit_setup_framework/package.ps1'
[440.535s] INFO:colcon.colcon_core.shell:Creating package descriptor '/home/aaron/ur_ws/install/moveit_setup_framework/share/moveit_setup_framework/package.dsv'
[440.537s] INFO:colcon.colcon_core.shell:Creating package script '/home/aaron/ur_ws/install/moveit_setup_framework/share/moveit_setup_framework/package.sh'
[440.538s] INFO:colcon.colcon_core.shell:Creating package script '/home/aaron/ur_ws/install/moveit_setup_framework/share/moveit_setup_framework/package.bash'
[440.540s] INFO:colcon.colcon_core.shell:Creating package script '/home/aaron/ur_ws/install/moveit_setup_framework/share/moveit_setup_framework/package.zsh'
[440.541s] Level 1:colcon.colcon_core.environment:create_file_with_runtime_dependencies(/home/aaron/ur_ws/install/moveit_setup_framework/share/colcon-core/packages/moveit_setup_framework)
[440.543s] Level 1:colcon.colcon_core.environment:create_environment_scripts_only(moveit_setup_framework)
[440.544s] Level 1:colcon.colcon_core.environment:checking '/home/aaron/ur_ws/install/moveit_setup_framework' for CMake module files
[440.545s] Level 1:colcon.colcon_core.environment:checking '/home/aaron/ur_ws/install/moveit_setup_framework' for CMake config files
[440.546s] Level 1:colcon.colcon_core.shell:create_environment_hook('moveit_setup_framework', 'cmake_prefix_path')
[440.547s] INFO:colcon.colcon_core.shell:Creating environment hook '/home/aaron/ur_ws/install/moveit_setup_framework/share/moveit_setup_framework/hook/cmake_prefix_path.ps1'
[440.549s] INFO:colcon.colcon_core.shell:Creating environment descriptor '/home/aaron/ur_ws/install/moveit_setup_framework/share/moveit_setup_framework/hook/cmake_prefix_path.dsv'
[440.550s] INFO:colcon.colcon_core.shell:Creating environment hook '/home/aaron/ur_ws/install/moveit_setup_framework/share/moveit_setup_framework/hook/cmake_prefix_path.sh'
[440.552s] Level 1:colcon.colcon_core.environment:checking '/home/aaron/ur_ws/install/moveit_setup_framework/lib'
[440.553s] Level 1:colcon.colcon_core.shell:create_environment_hook('moveit_setup_framework', 'ld_library_path_lib')
[440.554s] INFO:colcon.colcon_core.shell:Creating environment hook '/home/aaron/ur_ws/install/moveit_setup_framework/share/moveit_setup_framework/hook/ld_library_path_lib.ps1'
[440.555s] INFO:colcon.colcon_core.shell:Creating environment descriptor '/home/aaron/ur_ws/install/moveit_setup_framework/share/moveit_setup_framework/hook/ld_library_path_lib.dsv'
[440.556s] INFO:colcon.colcon_core.shell:Creating environment hook '/home/aaron/ur_ws/install/moveit_setup_framework/share/moveit_setup_framework/hook/ld_library_path_lib.sh'
[440.558s] Level 1:colcon.colcon_core.environment:checking '/home/aaron/ur_ws/install/moveit_setup_framework/bin'
[440.558s] Level 1:colcon.colcon_core.environment:checking '/home/aaron/ur_ws/install/moveit_setup_framework/lib/pkgconfig/moveit_setup_framework.pc'
[440.559s] Level 1:colcon.colcon_core.environment:checking '/home/aaron/ur_ws/install/moveit_setup_framework/lib/python3.10/site-packages'
[440.560s] Level 1:colcon.colcon_core.environment:checking '/home/aaron/ur_ws/install/moveit_setup_framework/bin'
[440.561s] INFO:colcon.colcon_core.shell:Creating package script '/home/aaron/ur_ws/install/moveit_setup_framework/share/moveit_setup_framework/package.ps1'
[440.564s] INFO:colcon.colcon_core.shell:Creating package descriptor '/home/aaron/ur_ws/install/moveit_setup_framework/share/moveit_setup_framework/package.dsv'
[440.565s] INFO:colcon.colcon_core.shell:Creating package script '/home/aaron/ur_ws/install/moveit_setup_framework/share/moveit_setup_framework/package.sh'
[440.567s] INFO:colcon.colcon_core.shell:Creating package script '/home/aaron/ur_ws/install/moveit_setup_framework/share/moveit_setup_framework/package.bash'
[440.569s] INFO:colcon.colcon_core.shell:Creating package script '/home/aaron/ur_ws/install/moveit_setup_framework/share/moveit_setup_framework/package.zsh'
[440.570s] Level 1:colcon.colcon_core.environment:create_file_with_runtime_dependencies(/home/aaron/ur_ws/install/moveit_setup_framework/share/colcon-core/packages/moveit_setup_framework)
[440.571s] INFO:colcon.colcon_ros.task.ament_cmake.build:Building ROS package in '/home/aaron/ur_ws/src/moveit2/moveit_setup_assistant/moveit_setup_app_plugins' with build type 'ament_cmake'
[440.572s] INFO:colcon.colcon_cmake.task.cmake.build:Building CMake package in '/home/aaron/ur_ws/src/moveit2/moveit_setup_assistant/moveit_setup_app_plugins'
[440.573s] INFO:colcon.colcon_core.shell:Skip shell extension 'powershell' for command environment: Not usable outside of PowerShell
[440.573s] DEBUG:colcon.colcon_core.shell:Skip shell extension 'dsv' for command environment
[440.586s] INFO:colcon.colcon_ros.task.ament_cmake.build:Building ROS package in '/home/aaron/ur_ws/src/moveit2/moveit_setup_assistant/moveit_setup_controllers' with build type 'ament_cmake'
[440.586s] INFO:colcon.colcon_cmake.task.cmake.build:Building CMake package in '/home/aaron/ur_ws/src/moveit2/moveit_setup_assistant/moveit_setup_controllers'
[440.587s] INFO:colcon.colcon_core.shell:Skip shell extension 'powershell' for command environment: Not usable outside of PowerShell
[440.587s] DEBUG:colcon.colcon_core.shell:Skip shell extension 'dsv' for command environment
[440.601s] INFO:colcon.colcon_ros.task.ament_cmake.build:Building ROS package in '/home/aaron/ur_ws/src/moveit2/moveit_setup_assistant/moveit_setup_core_plugins' with build type 'ament_cmake'
[440.602s] INFO:colcon.colcon_cmake.task.cmake.build:Building CMake package in '/home/aaron/ur_ws/src/moveit2/moveit_setup_assistant/moveit_setup_core_plugins'
[440.602s] INFO:colcon.colcon_core.shell:Skip shell extension 'powershell' for command environment: Not usable outside of PowerShell
[440.603s] DEBUG:colcon.colcon_core.shell:Skip shell extension 'dsv' for command environment
[440.619s] INFO:colcon.colcon_ros.task.ament_cmake.build:Building ROS package in '/home/aaron/ur_ws/src/moveit2/moveit_setup_assistant/moveit_setup_srdf_plugins' with build type 'ament_cmake'
[440.620s] INFO:colcon.colcon_cmake.task.cmake.build:Building CMake package in '/home/aaron/ur_ws/src/moveit2/moveit_setup_assistant/moveit_setup_srdf_plugins'
[440.621s] INFO:colcon.colcon_core.shell:Skip shell extension 'powershell' for command environment: Not usable outside of PowerShell
[440.621s] DEBUG:colcon.colcon_core.shell:Skip shell extension 'dsv' for command environment
[440.718s] DEBUG:colcon.colcon_core.event_handler.log_command:Invoking command in '/home/aaron/ur_ws/build/moveit_setup_app_plugins': AMENT_PREFIX_PATH=/home/aaron/ur_ws/install/moveit_setup_framework:/home/aaron/ur_ws/install/moveit_ros_visualization:/home/aaron/ur_ws/install/moveit_ros_planning_interface:/home/aaron/ur_ws/install/moveit_ros_move_group:/home/aaron/ur_ws/install/moveit_ros_warehouse:/home/aaron/ur_ws/install/moveit_ros_robot_interaction:/home/aaron/ur_ws/install/moveit_planners_ompl:/home/aaron/ur_ws/install/moveit_kinematics:/home/aaron/ur_ws/install/moveit_ros_planning:/home/aaron/ur_ws/install/moveit_simple_controller_manager:/home/aaron/ur_ws/install/moveit_ros_occupancy_map_monitor:/home/aaron/ur_ws/install/moveit_core:/home/aaron/ur_ws/install/moveit_resources_panda_moveit_config:/home/aaron/ur_ws/install/moveit_resources_fanuc_moveit_config:/home/aaron/ur_ws/install/moveit_configs_utils:/home/aaron/ur_ws/install/srdfdom:/home/aaron/ur_ws/install/moveit_resources_pr2_description:/home/aaron/ur_ws/install/moveit_resources_panda_description:/home/aaron/ur_ws/install/moveit_resources_fanuc_description:/home/aaron/ur_ws/install/moveit_common:/home/aaron/ur_ws/install/launch_param_builder:${AMENT_PREFIX_PATH} CMAKE_PREFIX_PATH=/home/aaron/ur_ws/install/moveit_setup_framework:/home/aaron/ur_ws/install/moveit_ros_visualization:/home/aaron/ur_ws/install/moveit_ros_planning_interface:/home/aaron/ur_ws/install/moveit_ros_move_group:/home/aaron/ur_ws/install/moveit_ros_warehouse:/home/aaron/ur_ws/install/moveit_ros_robot_interaction:/home/aaron/ur_ws/install/moveit_planners_ompl:/home/aaron/ur_ws/install/moveit_kinematics:/home/aaron/ur_ws/install/moveit_ros_planning:/home/aaron/ur_ws/install/moveit_simple_controller_manager:/home/aaron/ur_ws/install/moveit_ros_occupancy_map_monitor:/home/aaron/ur_ws/install/moveit_core:/home/aaron/ur_ws/install/moveit_resources_panda_moveit_config:/home/aaron/ur_ws/install/moveit_resources_fanuc_moveit_config:/home/aaron/ur_ws/install/srdfdom:/home/aaron/ur_ws/install/moveit_resources_pr2_description:/home/aaron/ur_ws/install/moveit_resources_panda_description:/home/aaron/ur_ws/install/moveit_resources_fanuc_description:/home/aaron/ur_ws/install/moveit_common:/opt/ros/humble LD_LIBRARY_PATH=/home/aaron/ur_ws/install/moveit_setup_framework/lib:/home/aaron/ur_ws/install/moveit_ros_visualization/lib:/home/aaron/ur_ws/install/moveit_ros_planning_interface/lib:/home/aaron/ur_ws/install/moveit_ros_move_group/lib:/home/aaron/ur_ws/install/moveit_ros_warehouse/lib:/home/aaron/ur_ws/install/moveit_ros_robot_interaction/lib:/home/aaron/ur_ws/install/moveit_planners_ompl/lib:/home/aaron/ur_ws/install/moveit_kinematics/lib:/home/aaron/ur_ws/install/moveit_ros_planning/lib:/home/aaron/ur_ws/install/moveit_simple_controller_manager/lib:/home/aaron/ur_ws/install/moveit_ros_occupancy_map_monitor/lib:/home/aaron/ur_ws/install/moveit_core/lib:/home/aaron/ur_ws/install/srdfdom/lib:${LD_LIBRARY_PATH} PATH=/home/aaron/ur_ws/install/moveit_core/bin:${PATH} PYTHONPATH=/home/aaron/ur_ws/install/moveit_configs_utils/lib/python3.10/site-packages:/home/aaron/ur_ws/install/srdfdom/local/lib/python3.10/dist-packages:/home/aaron/ur_ws/install/launch_param_builder/lib/python3.10/site-packages:${PYTHONPATH} /usr/bin/cmake --build /home/aaron/ur_ws/build/moveit_setup_app_plugins -- -j20 -l20
[440.731s] DEBUG:colcon.colcon_core.event_handler.log_command:Invoking command in '/home/aaron/ur_ws/build/moveit_setup_controllers': AMENT_PREFIX_PATH=/home/aaron/ur_ws/install/moveit_setup_framework:/home/aaron/ur_ws/install/moveit_ros_visualization:/home/aaron/ur_ws/install/moveit_ros_planning_interface:/home/aaron/ur_ws/install/moveit_ros_move_group:/home/aaron/ur_ws/install/moveit_ros_warehouse:/home/aaron/ur_ws/install/moveit_ros_robot_interaction:/home/aaron/ur_ws/install/moveit_planners_ompl:/home/aaron/ur_ws/install/moveit_kinematics:/home/aaron/ur_ws/install/moveit_ros_planning:/home/aaron/ur_ws/install/moveit_simple_controller_manager:/home/aaron/ur_ws/install/moveit_ros_occupancy_map_monitor:/home/aaron/ur_ws/install/moveit_core:/home/aaron/ur_ws/install/moveit_resources_panda_moveit_config:/home/aaron/ur_ws/install/moveit_resources_fanuc_moveit_config:/home/aaron/ur_ws/install/moveit_configs_utils:/home/aaron/ur_ws/install/srdfdom:/home/aaron/ur_ws/install/moveit_resources_pr2_description:/home/aaron/ur_ws/install/moveit_resources_panda_description:/home/aaron/ur_ws/install/moveit_resources_fanuc_description:/home/aaron/ur_ws/install/moveit_common:/home/aaron/ur_ws/install/launch_param_builder:${AMENT_PREFIX_PATH} CMAKE_PREFIX_PATH=/home/aaron/ur_ws/install/moveit_setup_framework:/home/aaron/ur_ws/install/moveit_ros_visualization:/home/aaron/ur_ws/install/moveit_ros_planning_interface:/home/aaron/ur_ws/install/moveit_ros_move_group:/home/aaron/ur_ws/install/moveit_ros_warehouse:/home/aaron/ur_ws/install/moveit_ros_robot_interaction:/home/aaron/ur_ws/install/moveit_planners_ompl:/home/aaron/ur_ws/install/moveit_kinematics:/home/aaron/ur_ws/install/moveit_ros_planning:/home/aaron/ur_ws/install/moveit_simple_controller_manager:/home/aaron/ur_ws/install/moveit_ros_occupancy_map_monitor:/home/aaron/ur_ws/install/moveit_core:/home/aaron/ur_ws/install/moveit_resources_panda_moveit_config:/home/aaron/ur_ws/install/moveit_resources_fanuc_moveit_config:/home/aaron/ur_ws/install/srdfdom:/home/aaron/ur_ws/install/moveit_resources_pr2_description:/home/aaron/ur_ws/install/moveit_resources_panda_description:/home/aaron/ur_ws/install/moveit_resources_fanuc_description:/home/aaron/ur_ws/install/moveit_common:/opt/ros/humble LD_LIBRARY_PATH=/home/aaron/ur_ws/install/moveit_setup_framework/lib:/home/aaron/ur_ws/install/moveit_ros_visualization/lib:/home/aaron/ur_ws/install/moveit_ros_planning_interface/lib:/home/aaron/ur_ws/install/moveit_ros_move_group/lib:/home/aaron/ur_ws/install/moveit_ros_warehouse/lib:/home/aaron/ur_ws/install/moveit_ros_robot_interaction/lib:/home/aaron/ur_ws/install/moveit_planners_ompl/lib:/home/aaron/ur_ws/install/moveit_kinematics/lib:/home/aaron/ur_ws/install/moveit_ros_planning/lib:/home/aaron/ur_ws/install/moveit_simple_controller_manager/lib:/home/aaron/ur_ws/install/moveit_ros_occupancy_map_monitor/lib:/home/aaron/ur_ws/install/moveit_core/lib:/home/aaron/ur_ws/install/srdfdom/lib:${LD_LIBRARY_PATH} PATH=/home/aaron/ur_ws/install/moveit_core/bin:${PATH} PYTHONPATH=/home/aaron/ur_ws/install/moveit_configs_utils/lib/python3.10/site-packages:/home/aaron/ur_ws/install/srdfdom/local/lib/python3.10/dist-packages:/home/aaron/ur_ws/install/launch_param_builder/lib/python3.10/site-packages:${PYTHONPATH} /usr/bin/cmake --build /home/aaron/ur_ws/build/moveit_setup_controllers -- -j20 -l20
[440.749s] DEBUG:colcon.colcon_core.event_handler.log_command:Invoking command in '/home/aaron/ur_ws/build/moveit_setup_core_plugins': AMENT_PREFIX_PATH=/home/aaron/ur_ws/install/moveit_setup_framework:/home/aaron/ur_ws/install/moveit_ros_visualization:/home/aaron/ur_ws/install/moveit_ros_planning_interface:/home/aaron/ur_ws/install/moveit_ros_move_group:/home/aaron/ur_ws/install/moveit_ros_warehouse:/home/aaron/ur_ws/install/moveit_ros_robot_interaction:/home/aaron/ur_ws/install/moveit_planners_ompl:/home/aaron/ur_ws/install/moveit_kinematics:/home/aaron/ur_ws/install/moveit_ros_planning:/home/aaron/ur_ws/install/moveit_simple_controller_manager:/home/aaron/ur_ws/install/moveit_ros_occupancy_map_monitor:/home/aaron/ur_ws/install/moveit_core:/home/aaron/ur_ws/install/moveit_resources_panda_moveit_config:/home/aaron/ur_ws/install/moveit_resources_fanuc_moveit_config:/home/aaron/ur_ws/install/moveit_configs_utils:/home/aaron/ur_ws/install/srdfdom:/home/aaron/ur_ws/install/moveit_resources_pr2_description:/home/aaron/ur_ws/install/moveit_resources_panda_description:/home/aaron/ur_ws/install/moveit_resources_fanuc_description:/home/aaron/ur_ws/install/moveit_common:/home/aaron/ur_ws/install/launch_param_builder:${AMENT_PREFIX_PATH} CMAKE_PREFIX_PATH=/home/aaron/ur_ws/install/moveit_setup_framework:/home/aaron/ur_ws/install/moveit_ros_visualization:/home/aaron/ur_ws/install/moveit_ros_planning_interface:/home/aaron/ur_ws/install/moveit_ros_move_group:/home/aaron/ur_ws/install/moveit_ros_warehouse:/home/aaron/ur_ws/install/moveit_ros_robot_interaction:/home/aaron/ur_ws/install/moveit_planners_ompl:/home/aaron/ur_ws/install/moveit_kinematics:/home/aaron/ur_ws/install/moveit_ros_planning:/home/aaron/ur_ws/install/moveit_simple_controller_manager:/home/aaron/ur_ws/install/moveit_ros_occupancy_map_monitor:/home/aaron/ur_ws/install/moveit_core:/home/aaron/ur_ws/install/moveit_resources_panda_moveit_config:/home/aaron/ur_ws/install/moveit_resources_fanuc_moveit_config:/home/aaron/ur_ws/install/srdfdom:/home/aaron/ur_ws/install/moveit_resources_pr2_description:/home/aaron/ur_ws/install/moveit_resources_panda_description:/home/aaron/ur_ws/install/moveit_resources_fanuc_description:/home/aaron/ur_ws/install/moveit_common:/opt/ros/humble LD_LIBRARY_PATH=/home/aaron/ur_ws/install/moveit_setup_framework/lib:/home/aaron/ur_ws/install/moveit_ros_visualization/lib:/home/aaron/ur_ws/install/moveit_ros_planning_interface/lib:/home/aaron/ur_ws/install/moveit_ros_move_group/lib:/home/aaron/ur_ws/install/moveit_ros_warehouse/lib:/home/aaron/ur_ws/install/moveit_ros_robot_interaction/lib:/home/aaron/ur_ws/install/moveit_planners_ompl/lib:/home/aaron/ur_ws/install/moveit_kinematics/lib:/home/aaron/ur_ws/install/moveit_ros_planning/lib:/home/aaron/ur_ws/install/moveit_simple_controller_manager/lib:/home/aaron/ur_ws/install/moveit_ros_occupancy_map_monitor/lib:/home/aaron/ur_ws/install/moveit_core/lib:/home/aaron/ur_ws/install/srdfdom/lib:${LD_LIBRARY_PATH} PATH=/home/aaron/ur_ws/install/moveit_core/bin:${PATH} PYTHONPATH=/home/aaron/ur_ws/install/moveit_configs_utils/lib/python3.10/site-packages:/home/aaron/ur_ws/install/srdfdom/local/lib/python3.10/dist-packages:/home/aaron/ur_ws/install/launch_param_builder/lib/python3.10/site-packages:${PYTHONPATH} /usr/bin/cmake --build /home/aaron/ur_ws/build/moveit_setup_core_plugins -- -j20 -l20
[440.759s] DEBUG:colcon.colcon_core.event_handler.log_command:Invoking command in '/home/aaron/ur_ws/build/moveit_setup_srdf_plugins': AMENT_PREFIX_PATH=/home/aaron/ur_ws/install/moveit_setup_framework:/home/aaron/ur_ws/install/moveit_ros_visualization:/home/aaron/ur_ws/install/moveit_ros_planning_interface:/home/aaron/ur_ws/install/moveit_ros_move_group:/home/aaron/ur_ws/install/moveit_ros_warehouse:/home/aaron/ur_ws/install/moveit_ros_robot_interaction:/home/aaron/ur_ws/install/moveit_planners_ompl:/home/aaron/ur_ws/install/moveit_kinematics:/home/aaron/ur_ws/install/moveit_ros_planning:/home/aaron/ur_ws/install/moveit_simple_controller_manager:/home/aaron/ur_ws/install/moveit_ros_occupancy_map_monitor:/home/aaron/ur_ws/install/moveit_core:/home/aaron/ur_ws/install/moveit_resources_panda_moveit_config:/home/aaron/ur_ws/install/moveit_resources_fanuc_moveit_config:/home/aaron/ur_ws/install/moveit_configs_utils:/home/aaron/ur_ws/install/srdfdom:/home/aaron/ur_ws/install/moveit_resources_pr2_description:/home/aaron/ur_ws/install/moveit_resources_panda_description:/home/aaron/ur_ws/install/moveit_resources_fanuc_description:/home/aaron/ur_ws/install/moveit_common:/home/aaron/ur_ws/install/launch_param_builder:${AMENT_PREFIX_PATH} CMAKE_PREFIX_PATH=/home/aaron/ur_ws/install/moveit_setup_framework:/home/aaron/ur_ws/install/moveit_ros_visualization:/home/aaron/ur_ws/install/moveit_ros_planning_interface:/home/aaron/ur_ws/install/moveit_ros_move_group:/home/aaron/ur_ws/install/moveit_ros_warehouse:/home/aaron/ur_ws/install/moveit_ros_robot_interaction:/home/aaron/ur_ws/install/moveit_planners_ompl:/home/aaron/ur_ws/install/moveit_kinematics:/home/aaron/ur_ws/install/moveit_ros_planning:/home/aaron/ur_ws/install/moveit_simple_controller_manager:/home/aaron/ur_ws/install/moveit_ros_occupancy_map_monitor:/home/aaron/ur_ws/install/moveit_core:/home/aaron/ur_ws/install/moveit_resources_panda_moveit_config:/home/aaron/ur_ws/install/moveit_resources_fanuc_moveit_config:/home/aaron/ur_ws/install/srdfdom:/home/aaron/ur_ws/install/moveit_resources_pr2_description:/home/aaron/ur_ws/install/moveit_resources_panda_description:/home/aaron/ur_ws/install/moveit_resources_fanuc_description:/home/aaron/ur_ws/install/moveit_common:/opt/ros/humble LD_LIBRARY_PATH=/home/aaron/ur_ws/install/moveit_setup_framework/lib:/home/aaron/ur_ws/install/moveit_ros_visualization/lib:/home/aaron/ur_ws/install/moveit_ros_planning_interface/lib:/home/aaron/ur_ws/install/moveit_ros_move_group/lib:/home/aaron/ur_ws/install/moveit_ros_warehouse/lib:/home/aaron/ur_ws/install/moveit_ros_robot_interaction/lib:/home/aaron/ur_ws/install/moveit_planners_ompl/lib:/home/aaron/ur_ws/install/moveit_kinematics/lib:/home/aaron/ur_ws/install/moveit_ros_planning/lib:/home/aaron/ur_ws/install/moveit_simple_controller_manager/lib:/home/aaron/ur_ws/install/moveit_ros_occupancy_map_monitor/lib:/home/aaron/ur_ws/install/moveit_core/lib:/home/aaron/ur_ws/install/srdfdom/lib:${LD_LIBRARY_PATH} PATH=/home/aaron/ur_ws/install/moveit_core/bin:${PATH} PYTHONPATH=/home/aaron/ur_ws/install/moveit_configs_utils/lib/python3.10/site-packages:/home/aaron/ur_ws/install/srdfdom/local/lib/python3.10/dist-packages:/home/aaron/ur_ws/install/launch_param_builder/lib/python3.10/site-packages:${PYTHONPATH} /usr/bin/cmake --build /home/aaron/ur_ws/build/moveit_setup_srdf_plugins -- -j20 -l20
[489.578s] Level 1:colcon.colcon_core.environment:create_environment_scripts_only(moveit_control)
[489.581s] Level 1:colcon.colcon_core.environment:checking '/home/aaron/ur_ws/install/moveit_control' for CMake module files
[489.585s] Level 1:colcon.colcon_core.environment:checking '/home/aaron/ur_ws/install/moveit_control' for CMake config files
[489.586s] Level 1:colcon.colcon_core.shell:create_environment_hook('moveit_control', 'cmake_prefix_path')
[489.583s] DEBUG:colcon.colcon_core.event_handler.log_command:Invoked command in '/home/aaron/ur_ws/build/moveit_control' returned '2': AMENT_PREFIX_PATH=/home/aaron/ur_ws/install/moveit_task_constructor_core:/home/aaron/ur_ws/install/moveit_planners:/home/aaron/ur_ws/install/pilz_industrial_motion_planner:/home/aaron/ur_ws/install/moveit_resources_prbt_pg70_support:/home/aaron/ur_ws/install/moveit_ros_planning_interface:/home/aaron/ur_ws/install/moveit_resources_prbt_moveit_config:/home/aaron/ur_ws/install/moveit_ros_move_group:/home/aaron/ur_ws/install/moveit_ros_warehouse:/home/aaron/ur_ws/install/moveit_planners_ompl:/home/aaron/ur_ws/install/moveit_kinematics:/home/aaron/ur_ws/install/moveit_ros_planning:/home/aaron/ur_ws/install/moveit_planners_chomp:/home/aaron/ur_ws/install/pilz_industrial_motion_planner_testutils:/home/aaron/ur_ws/install/moveit_simple_controller_manager:/home/aaron/ur_ws/install/moveit_ros_occupancy_map_monitor:/home/aaron/ur_ws/install/moveit_resources_prbt_ikfast_manipulator_plugin:/home/aaron/ur_ws/install/chomp_motion_planner:/home/aaron/ur_ws/install/moveit_core:/home/aaron/ur_ws/install/rviz_marker_tools:/home/aaron/ur_ws/install/moveit_resources_panda_moveit_config:/home/aaron/ur_ws/install/moveit_resources_fanuc_moveit_config:/home/aaron/ur_ws/install/moveit_configs_utils:/home/aaron/ur_ws/install/srdfdom:/home/aaron/ur_ws/install/moveit_task_constructor_msgs:/home/aaron/ur_ws/install/moveit_resources_prbt_support:/home/aaron/ur_ws/install/moveit_resources_pr2_description:/home/aaron/ur_ws/install/moveit_resources_panda_description:/home/aaron/ur_ws/install/moveit_resources_fanuc_description:/home/aaron/ur_ws/install/moveit_common:/home/aaron/ur_ws/install/launch_param_builder:${AMENT_PREFIX_PATH} CMAKE_MODULE_PATH=/home/aaron/ur_ws/install/moveit_task_constructor_core/share/moveit_task_constructor_core/cmake CMAKE_PREFIX_PATH=/home/aaron/ur_ws/install/moveit_task_constructor_core:/home/aaron/ur_ws/install/moveit_planners:/home/aaron/ur_ws/install/pilz_industrial_motion_planner:/home/aaron/ur_ws/install/moveit_resources_prbt_pg70_support:/home/aaron/ur_ws/install/moveit_ros_planning_interface:/home/aaron/ur_ws/install/moveit_resources_prbt_moveit_config:/home/aaron/ur_ws/install/moveit_ros_move_group:/home/aaron/ur_ws/install/moveit_ros_warehouse:/home/aaron/ur_ws/install/moveit_planners_ompl:/home/aaron/ur_ws/install/moveit_kinematics:/home/aaron/ur_ws/install/moveit_ros_planning:/home/aaron/ur_ws/install/moveit_planners_chomp:/home/aaron/ur_ws/install/pilz_industrial_motion_planner_testutils:/home/aaron/ur_ws/install/moveit_simple_controller_manager:/home/aaron/ur_ws/install/moveit_ros_occupancy_map_monitor:/home/aaron/ur_ws/install/moveit_resources_prbt_ikfast_manipulator_plugin:/home/aaron/ur_ws/install/chomp_motion_planner:/home/aaron/ur_ws/install/moveit_core:/home/aaron/ur_ws/install/rviz_marker_tools:/home/aaron/ur_ws/install/moveit_resources_panda_moveit_config:/home/aaron/ur_ws/install/moveit_resources_fanuc_moveit_config:/home/aaron/ur_ws/install/srdfdom:/home/aaron/ur_ws/install/moveit_task_constructor_msgs:/home/aaron/ur_ws/install/moveit_resources_prbt_support:/home/aaron/ur_ws/install/moveit_resources_pr2_description:/home/aaron/ur_ws/install/moveit_resources_panda_description:/home/aaron/ur_ws/install/moveit_resources_fanuc_description:/home/aaron/ur_ws/install/moveit_common:/opt/ros/humble LD_LIBRARY_PATH=/home/aaron/ur_ws/install/moveit_task_constructor_core/lib:/home/aaron/ur_ws/install/pilz_industrial_motion_planner/lib:/home/aaron/ur_ws/install/moveit_ros_planning_interface/lib:/home/aaron/ur_ws/install/moveit_ros_move_group/lib:/home/aaron/ur_ws/install/moveit_ros_warehouse/lib:/home/aaron/ur_ws/install/moveit_planners_ompl/lib:/home/aaron/ur_ws/install/moveit_kinematics/lib:/home/aaron/ur_ws/install/moveit_ros_planning/lib:/home/aaron/ur_ws/install/moveit_planners_chomp/lib:/home/aaron/ur_ws/install/pilz_industrial_motion_planner_testutils/lib:/home/aaron/ur_ws/install/moveit_simple_controller_manager/lib:/home/aaron/ur_ws/install/moveit_ros_occupancy_map_monitor/lib:/home/aaron/ur_ws/install/moveit_resources_prbt_ikfast_manipulator_plugin/lib:/home/aaron/ur_ws/install/chomp_motion_planner/lib:/home/aaron/ur_ws/install/moveit_core/lib:/home/aaron/ur_ws/install/rviz_marker_tools/lib:/home/aaron/ur_ws/install/srdfdom/lib:/home/aaron/ur_ws/install/moveit_task_constructor_msgs/lib:${LD_LIBRARY_PATH} PATH=/home/aaron/ur_ws/install/moveit_core/bin:${PATH} PYTHONPATH=/home/aaron/ur_ws/install/moveit_task_constructor_core/local/lib/python3.10/dist-packages:/home/aaron/ur_ws/install/moveit_configs_utils/lib/python3.10/site-packages:/home/aaron/ur_ws/install/srdfdom/local/lib/python3.10/dist-packages:/home/aaron/ur_ws/install/moveit_task_constructor_msgs/local/lib/python3.10/dist-packages:/home/aaron/ur_ws/install/launch_param_builder/lib/python3.10/site-packages:${PYTHONPATH} /usr/bin/cmake --build /home/aaron/ur_ws/build/moveit_control -- -j20 -l20
[489.587s] INFO:colcon.colcon_core.shell:Creating environment hook '/home/aaron/ur_ws/install/moveit_control/share/moveit_control/hook/cmake_prefix_path.ps1'
[489.593s] INFO:colcon.colcon_core.shell:Creating environment descriptor '/home/aaron/ur_ws/install/moveit_control/share/moveit_control/hook/cmake_prefix_path.dsv'
[489.600s] INFO:colcon.colcon_core.shell:Creating environment hook '/home/aaron/ur_ws/install/moveit_control/share/moveit_control/hook/cmake_prefix_path.sh'
[489.606s] Level 1:colcon.colcon_core.environment:checking '/home/aaron/ur_ws/install/moveit_control/lib'
[489.607s] Level 1:colcon.colcon_core.environment:checking '/home/aaron/ur_ws/install/moveit_control/bin'
[489.616s] Level 1:colcon.colcon_core.environment:checking '/home/aaron/ur_ws/install/moveit_control/lib/pkgconfig/moveit_control.pc'
[489.616s] Level 1:colcon.colcon_core.environment:checking '/home/aaron/ur_ws/install/moveit_control/lib/python3.10/site-packages'
[489.618s] Level 1:colcon.colcon_core.environment:checking '/home/aaron/ur_ws/install/moveit_control/bin'
[489.635s] INFO:colcon.colcon_core.shell:Creating package script '/home/aaron/ur_ws/install/moveit_control/share/moveit_control/package.ps1'
[489.649s] INFO:colcon.colcon_core.shell:Creating package descriptor '/home/aaron/ur_ws/install/moveit_control/share/moveit_control/package.dsv'
[489.651s] INFO:colcon.colcon_core.shell:Creating package script '/home/aaron/ur_ws/install/moveit_control/share/moveit_control/package.sh'
[489.666s] INFO:colcon.colcon_core.shell:Creating package script '/home/aaron/ur_ws/install/moveit_control/share/moveit_control/package.bash'
[489.672s] INFO:colcon.colcon_core.shell:Creating package script '/home/aaron/ur_ws/install/moveit_control/share/moveit_control/package.zsh'
[489.678s] Level 1:colcon.colcon_core.environment:create_file_with_runtime_dependencies(/home/aaron/ur_ws/install/moveit_control/share/colcon-core/packages/moveit_control)
