[0.000000] (-) TimerEvent: {}
[0.000243] (-) JobUnselected: {'identifier': 'Open_control'}
[0.000279] (-) JobUnselected: {'identifier': 'chomp_motion_planner'}
[0.000352] (-) JobUnselected: {'identifier': 'launch_param_builder'}
[0.000378] (-) JobUnselected: {'identifier': 'moveit'}
[0.000408] (-) JobUnselected: {'identifier': 'moveit2_tutorials'}
[0.000483] (-) JobUnselected: {'identifier': 'moveit_chomp_optimizer_adapter'}
[0.000507] (-) JobUnselected: {'identifier': 'moveit_common'}
[0.000546] (-) JobUnselected: {'identifier': 'moveit_configs_utils'}
[0.000609] (-) JobUnselected: {'identifier': 'moveit_core'}
[0.000637] (-) JobUnselected: {'identifier': 'moveit_hybrid_planning'}
[0.000686] (-) JobUnselected: {'identifier': 'moveit_kinematics'}
[0.000719] (-) JobUnselected: {'identifier': 'moveit_planners'}
[0.000741] (-) JobUnselected: {'identifier': 'moveit_planners_chomp'}
[0.000766] (-) JobUnselected: {'identifier': 'moveit_planners_ompl'}
[0.000789] (-) JobUnselected: {'identifier': 'moveit_plugins'}
[0.000811] (-) JobUnselected: {'identifier': 'moveit_py'}
[0.000868] (-) JobUnselected: {'identifier': 'moveit_resources'}
[0.000893] (-) JobUnselected: {'identifier': 'moveit_resources_fanuc_description'}
[0.000916] (-) JobUnselected: {'identifier': 'moveit_resources_fanuc_moveit_config'}
[0.001124] (-) JobUnselected: {'identifier': 'moveit_resources_panda_description'}
[0.001154] (-) JobUnselected: {'identifier': 'moveit_resources_panda_moveit_config'}
[0.001209] (-) JobUnselected: {'identifier': 'moveit_resources_pr2_description'}
[0.001239] (-) JobUnselected: {'identifier': 'moveit_resources_prbt_ikfast_manipulator_plugin'}
[0.001298] (-) JobUnselected: {'identifier': 'moveit_resources_prbt_moveit_config'}
[0.001321] (-) JobUnselected: {'identifier': 'moveit_resources_prbt_pg70_support'}
[0.001343] (-) JobUnselected: {'identifier': 'moveit_resources_prbt_support'}
[0.001366] (-) JobUnselected: {'identifier': 'moveit_ros'}
[0.001396] (-) JobUnselected: {'identifier': 'moveit_ros_benchmarks'}
[0.001444] (-) JobUnselected: {'identifier': 'moveit_ros_control_interface'}
[0.001468] (-) JobUnselected: {'identifier': 'moveit_ros_move_group'}
[0.001497] (-) JobUnselected: {'identifier': 'moveit_ros_occupancy_map_monitor'}
[0.001538] (-) JobUnselected: {'identifier': 'moveit_ros_perception'}
[0.001586] (-) JobUnselected: {'identifier': 'moveit_ros_planning'}
[0.001622] (-) JobUnselected: {'identifier': 'moveit_ros_planning_interface'}
[0.001633] (-) JobUnselected: {'identifier': 'moveit_ros_robot_interaction'}
[0.001642] (-) JobUnselected: {'identifier': 'moveit_ros_visualization'}
[0.001649] (-) JobUnselected: {'identifier': 'moveit_ros_warehouse'}
[0.001657] (-) JobUnselected: {'identifier': 'moveit_runtime'}
[0.001664] (-) JobUnselected: {'identifier': 'moveit_servo'}
[0.001672] (-) JobUnselected: {'identifier': 'moveit_setup_app_plugins'}
[0.001679] (-) JobUnselected: {'identifier': 'moveit_setup_assistant'}
[0.001687] (-) JobUnselected: {'identifier': 'moveit_setup_controllers'}
[0.001694] (-) JobUnselected: {'identifier': 'moveit_setup_core_plugins'}
[0.001702] (-) JobUnselected: {'identifier': 'moveit_setup_framework'}
[0.001709] (-) JobUnselected: {'identifier': 'moveit_setup_srdf_plugins'}
[0.001717] (-) JobUnselected: {'identifier': 'moveit_simple_controller_manager'}
[0.001736] (-) JobUnselected: {'identifier': 'moveit_task_constructor_capabilities'}
[0.001745] (-) JobUnselected: {'identifier': 'moveit_task_constructor_core'}
[0.001757] (-) JobUnselected: {'identifier': 'moveit_task_constructor_demo'}
[0.001766] (-) JobUnselected: {'identifier': 'moveit_task_constructor_msgs'}
[0.001774] (-) JobUnselected: {'identifier': 'moveit_task_constructor_visualization'}
[0.001782] (-) JobUnselected: {'identifier': 'moveit_visual_tools'}
[0.001789] (-) JobUnselected: {'identifier': 'pilz_industrial_motion_planner'}
[0.001797] (-) JobUnselected: {'identifier': 'pilz_industrial_motion_planner_testutils'}
[0.001805] (-) JobUnselected: {'identifier': 'rosparam_shortcuts'}
[0.001813] (-) JobUnselected: {'identifier': 'rviz_marker_tools'}
[0.001844] (-) JobUnselected: {'identifier': 'srdfdom'}
[0.001852] (-) JobUnselected: {'identifier': 'waypoint_pub'}
[0.001863] (moveit_control) JobQueued: {'identifier': 'moveit_control', 'dependencies': OrderedDict([('launch_param_builder', '/home/aaron/ur_ws/install/launch_param_builder'), ('moveit_common', '/home/aaron/ur_ws/install/moveit_common'), ('moveit_resources_fanuc_description', '/home/aaron/ur_ws/install/moveit_resources_fanuc_description'), ('moveit_resources_panda_description', '/home/aaron/ur_ws/install/moveit_resources_panda_description'), ('moveit_resources_pr2_description', '/home/aaron/ur_ws/install/moveit_resources_pr2_description'), ('moveit_resources_prbt_support', '/home/aaron/ur_ws/install/moveit_resources_prbt_support'), ('moveit_task_constructor_msgs', '/home/aaron/ur_ws/install/moveit_task_constructor_msgs'), ('srdfdom', '/home/aaron/ur_ws/install/srdfdom'), ('moveit_configs_utils', '/home/aaron/ur_ws/install/moveit_configs_utils'), ('moveit_resources_fanuc_moveit_config', '/home/aaron/ur_ws/install/moveit_resources_fanuc_moveit_config'), ('moveit_resources_panda_moveit_config', '/home/aaron/ur_ws/install/moveit_resources_panda_moveit_config'), ('rviz_marker_tools', '/home/aaron/ur_ws/install/rviz_marker_tools'), ('moveit_core', '/home/aaron/ur_ws/install/moveit_core'), ('chomp_motion_planner', '/home/aaron/ur_ws/install/chomp_motion_planner'), ('moveit_resources_prbt_ikfast_manipulator_plugin', '/home/aaron/ur_ws/install/moveit_resources_prbt_ikfast_manipulator_plugin'), ('moveit_ros_occupancy_map_monitor', '/home/aaron/ur_ws/install/moveit_ros_occupancy_map_monitor'), ('moveit_simple_controller_manager', '/home/aaron/ur_ws/install/moveit_simple_controller_manager'), ('pilz_industrial_motion_planner_testutils', '/home/aaron/ur_ws/install/pilz_industrial_motion_planner_testutils'), ('moveit_planners_chomp', '/home/aaron/ur_ws/install/moveit_planners_chomp'), ('moveit_ros_planning', '/home/aaron/ur_ws/install/moveit_ros_planning'), ('moveit_kinematics', '/home/aaron/ur_ws/install/moveit_kinematics'), ('moveit_planners_ompl', '/home/aaron/ur_ws/install/moveit_planners_ompl'), ('moveit_ros_warehouse', '/home/aaron/ur_ws/install/moveit_ros_warehouse'), ('moveit_ros_move_group', '/home/aaron/ur_ws/install/moveit_ros_move_group'), ('moveit_resources_prbt_moveit_config', '/home/aaron/ur_ws/install/moveit_resources_prbt_moveit_config'), ('moveit_ros_planning_interface', '/home/aaron/ur_ws/install/moveit_ros_planning_interface'), ('moveit_resources_prbt_pg70_support', '/home/aaron/ur_ws/install/moveit_resources_prbt_pg70_support'), ('pilz_industrial_motion_planner', '/home/aaron/ur_ws/install/pilz_industrial_motion_planner'), ('moveit_planners', '/home/aaron/ur_ws/install/moveit_planners'), ('moveit_task_constructor_core', '/home/aaron/ur_ws/install/moveit_task_constructor_core')])}
[0.001898] (moveit_control) JobStarted: {'identifier': 'moveit_control'}
[0.099441] (-) TimerEvent: {}
[0.101980] (moveit_control) JobProgress: {'identifier': 'moveit_control', 'progress': 'cmake'}
[0.103124] (moveit_control) JobProgress: {'identifier': 'moveit_control', 'progress': 'build'}
[0.104204] (moveit_control) Command: {'cmd': ['/usr/bin/cmake', '--build', '/home/aaron/ur_ws/build/moveit_control', '--', '-j20', '-l20'], 'cwd': '/home/aaron/ur_ws/build/moveit_control', 'env': OrderedDict([('LESSOPEN', '| /usr/bin/lesspipe %s'), ('USER', 'aaron'), ('XDG_SESSION_TYPE', 'wayland'), ('SHLVL', '1'), ('LD_LIBRARY_PATH', '/home/aaron/ur_ws/install/moveit_task_constructor_core/lib:/home/aaron/ur_ws/install/pilz_industrial_motion_planner/lib:/home/aaron/ur_ws/install/moveit_ros_planning_interface/lib:/home/aaron/ur_ws/install/moveit_ros_move_group/lib:/home/aaron/ur_ws/install/moveit_ros_warehouse/lib:/home/aaron/ur_ws/install/moveit_planners_ompl/lib:/home/aaron/ur_ws/install/moveit_kinematics/lib:/home/aaron/ur_ws/install/moveit_ros_planning/lib:/home/aaron/ur_ws/install/moveit_planners_chomp/lib:/home/aaron/ur_ws/install/pilz_industrial_motion_planner_testutils/lib:/home/aaron/ur_ws/install/moveit_simple_controller_manager/lib:/home/aaron/ur_ws/install/moveit_ros_occupancy_map_monitor/lib:/home/aaron/ur_ws/install/moveit_resources_prbt_ikfast_manipulator_plugin/lib:/home/aaron/ur_ws/install/chomp_motion_planner/lib:/home/aaron/ur_ws/install/moveit_core/lib:/home/aaron/ur_ws/install/rviz_marker_tools/lib:/home/aaron/ur_ws/install/srdfdom/lib:/home/aaron/ur_ws/install/moveit_task_constructor_msgs/lib:/home/aaron/ur_ws/install/moveit_visual_tools/lib:/home/aaron/ur_ws/install/moveit_task_constructor_visualization/lib:/home/aaron/ur_ws/install/moveit_task_constructor_demo/lib:/home/aaron/ur_ws/install/moveit_task_constructor_capabilities/lib:/home/aaron/ur_ws/install/moveit_ros_control_interface/lib:/home/aaron/ur_ws/install/moveit_setup_assistant/lib:/home/aaron/ur_ws/install/moveit_setup_srdf_plugins/lib:/home/aaron/ur_ws/install/moveit_setup_core_plugins/lib:/home/aaron/ur_ws/install/moveit_setup_controllers/lib:/home/aaron/ur_ws/install/moveit_setup_app_plugins/lib:/home/aaron/ur_ws/install/moveit_setup_framework/lib:/home/aaron/ur_ws/install/moveit_servo/lib:/home/aaron/ur_ws/install/moveit_ros_visualization/lib:/home/aaron/ur_ws/install/moveit_py/lib:/home/aaron/ur_ws/install/moveit_hybrid_planning/lib:/home/aaron/ur_ws/install/moveit_ros_benchmarks/lib:/home/aaron/ur_ws/install/moveit_ros_robot_interaction/lib:/home/aaron/ur_ws/install/moveit_ros_perception/lib:/home/aaron/ur_ws/install/moveit_chomp_optimizer_adapter/lib:/home/aaron/ur_ws/install/rosparam_shortcuts/lib:/usr/lib/x86_64-linux-gnu/gazebo-11/plugins:/opt/ros/humble/opt/rviz_ogre_vendor/lib:/opt/ros/humble/lib/x86_64-linux-gnu:/opt/ros/humble/lib'), ('HOME', '/home/aaron'), ('DESKTOP_SESSION', 'ubuntu'), ('ROS_PYTHON_VERSION', '3'), ('GNOME_SHELL_SESSION_MODE', 'ubuntu'), ('GTK_MODULES', 'gail:atk-bridge'), ('SYSTEMD_EXEC_PID', '3305'), ('DBUS_SESSION_BUS_ADDRESS', 'unix:path=/run/user/1000/bus'), ('COLORTERM', 'truecolor'), ('IM_CONFIG_PHASE', '1'), ('WAYLAND_DISPLAY', 'wayland-0'), ('COLCON_PREFIX_PATH', '/home/aaron/ur_ws/install'), ('ROS_DISTRO', 'humble'), ('LOGNAME', 'aaron'), ('_', '/usr/bin/colcon'), ('ROS_VERSION', '2'), ('XDG_SESSION_CLASS', 'user'), ('USERNAME', 'aaron'), ('TERM', 'xterm-256color'), ('GNOME_DESKTOP_SESSION_ID', 'this-is-deprecated'), ('ROS_LOCALHOST_ONLY', '0'), ('PATH', '/home/aaron/ur_ws/install/moveit_core/bin:/opt/ros/humble/bin:/home/aaron/.local/bin:/usr/local/sbin:/usr/local/bin:/usr/sbin:/usr/bin:/sbin:/bin:/usr/games:/usr/local/games:/snap/bin:/snap/bin'), ('SESSION_MANAGER', 'local/aaron-Zenbook-UX6404VV-UX6404VV:@/tmp/.ICE-unix/2381,unix/aaron-Zenbook-UX6404VV-UX6404VV:/tmp/.ICE-unix/2381'), ('XDG_MENU_PREFIX', 'gnome-'), ('GNOME_TERMINAL_SCREEN', '/org/gnome/Terminal/screen/bb508c44_7886_4965_8b29_a1181fa45315'), ('GNOME_SETUP_DISPLAY', ':1'), ('XDG_RUNTIME_DIR', '/run/user/1000'), ('DISPLAY', ':0'), ('LANG', 'en_US.UTF-8'), ('XDG_CURRENT_DESKTOP', 'ubuntu:GNOME'), ('XMODIFIERS', '@im=ibus'), ('XDG_SESSION_DESKTOP', 'ubuntu'), ('XAUTHORITY', '/run/user/1000/.mutter-Xwaylandauth.L4SYM3'), ('LS_COLORS', 'rs=0:di=01;34:ln=01;36:mh=00:pi=40;33:so=01;35:do=01;35:bd=40;33;01:cd=40;33;01:or=40;31;01:mi=00:su=37;41:sg=30;43:ca=30;41:tw=30;42:ow=34;42:st=37;44:ex=01;32:*.tar=01;31:*.tgz=01;31:*.arc=01;31:*.arj=01;31:*.taz=01;31:*.lha=01;31:*.lz4=01;31:*.lzh=01;31:*.lzma=01;31:*.tlz=01;31:*.txz=01;31:*.tzo=01;31:*.t7z=01;31:*.zip=01;31:*.z=01;31:*.dz=01;31:*.gz=01;31:*.lrz=01;31:*.lz=01;31:*.lzo=01;31:*.xz=01;31:*.zst=01;31:*.tzst=01;31:*.bz2=01;31:*.bz=01;31:*.tbz=01;31:*.tbz2=01;31:*.tz=01;31:*.deb=01;31:*.rpm=01;31:*.jar=01;31:*.war=01;31:*.ear=01;31:*.sar=01;31:*.rar=01;31:*.alz=01;31:*.ace=01;31:*.zoo=01;31:*.cpio=01;31:*.7z=01;31:*.rz=01;31:*.cab=01;31:*.wim=01;31:*.swm=01;31:*.dwm=01;31:*.esd=01;31:*.jpg=01;35:*.jpeg=01;35:*.mjpg=01;35:*.mjpeg=01;35:*.gif=01;35:*.bmp=01;35:*.pbm=01;35:*.pgm=01;35:*.ppm=01;35:*.tga=01;35:*.xbm=01;35:*.xpm=01;35:*.tif=01;35:*.tiff=01;35:*.png=01;35:*.svg=01;35:*.svgz=01;35:*.mng=01;35:*.pcx=01;35:*.mov=01;35:*.mpg=01;35:*.mpeg=01;35:*.m2v=01;35:*.mkv=01;35:*.webm=01;35:*.webp=01;35:*.ogm=01;35:*.mp4=01;35:*.m4v=01;35:*.mp4v=01;35:*.vob=01;35:*.qt=01;35:*.nuv=01;35:*.wmv=01;35:*.asf=01;35:*.rm=01;35:*.rmvb=01;35:*.flc=01;35:*.avi=01;35:*.fli=01;35:*.flv=01;35:*.gl=01;35:*.dl=01;35:*.xcf=01;35:*.xwd=01;35:*.yuv=01;35:*.cgm=01;35:*.emf=01;35:*.ogv=01;35:*.ogx=01;35:*.aac=00;36:*.au=00;36:*.flac=00;36:*.m4a=00;36:*.mid=00;36:*.midi=00;36:*.mka=00;36:*.mp3=00;36:*.mpc=00;36:*.ogg=00;36:*.ra=00;36:*.wav=00;36:*.oga=00;36:*.opus=00;36:*.spx=00;36:*.xspf=00;36:'), ('GNOME_TERMINAL_SERVICE', ':1.102'), ('SSH_AGENT_LAUNCHER', 'gnome-keyring'), ('SSH_AUTH_SOCK', '/run/user/1000/keyring/ssh'), ('AMENT_PREFIX_PATH', '/home/aaron/ur_ws/install/moveit_configs_utils:/home/aaron/ur_ws/install/launch_param_builder:/home/aaron/ur_ws/install/waypoint_pub:/home/aaron/ur_ws/install/pilz_industrial_motion_planner_testutils:/home/aaron/ur_ws/install/moveit_runtime:/home/aaron/ur_ws/install/moveit2_tutorials:/home/aaron/ur_ws/install/moveit:/home/aaron/ur_ws/install/moveit_planners:/home/aaron/ur_ws/install/pilz_industrial_motion_planner:/home/aaron/ur_ws/install/moveit_visual_tools:/home/aaron/ur_ws/install/moveit_task_constructor_visualization:/home/aaron/ur_ws/install/moveit_task_constructor_demo:/home/aaron/ur_ws/install/moveit_task_constructor_capabilities:/home/aaron/ur_ws/install/moveit_control:/home/aaron/ur_ws/install/moveit_task_constructor_core:/home/aaron/ur_ws/install/moveit_ros_control_interface:/home/aaron/ur_ws/install/moveit_plugins:/home/aaron/ur_ws/install/moveit_simple_controller_manager:/home/aaron/ur_ws/install/moveit_setup_assistant:/home/aaron/ur_ws/install/moveit_setup_srdf_plugins:/home/aaron/ur_ws/install/moveit_setup_core_plugins:/home/aaron/ur_ws/install/moveit_setup_controllers:/home/aaron/ur_ws/install/moveit_setup_app_plugins:/home/aaron/ur_ws/install/moveit_setup_framework:/home/aaron/ur_ws/install/moveit_servo:/home/aaron/ur_ws/install/moveit_ros:/home/aaron/ur_ws/install/moveit_ros_visualization:/home/aaron/ur_ws/install/moveit_py:/home/aaron/ur_ws/install/moveit_hybrid_planning:/home/aaron/ur_ws/install/moveit_ros_planning_interface:/home/aaron/ur_ws/install/moveit_ros_benchmarks:/home/aaron/ur_ws/install/moveit_ros_warehouse:/home/aaron/ur_ws/install/moveit_ros_robot_interaction:/home/aaron/ur_ws/install/moveit_ros_perception:/home/aaron/ur_ws/install/moveit_resources_prbt_pg70_support:/home/aaron/ur_ws/install/moveit_resources_prbt_moveit_config:/home/aaron/ur_ws/install/moveit_ros_move_group:/home/aaron/ur_ws/install/moveit_planners_ompl:/home/aaron/ur_ws/install/moveit_ros_planning:/home/aaron/ur_ws/install/moveit_ros_occupancy_map_monitor:/home/aaron/ur_ws/install/moveit_resources_prbt_ikfast_manipulator_plugin:/home/aaron/ur_ws/install/moveit_planners_chomp:/home/aaron/ur_ws/install/moveit_kinematics:/home/aaron/ur_ws/install/moveit_chomp_optimizer_adapter:/home/aaron/ur_ws/install/chomp_motion_planner:/home/aaron/ur_ws/install/moveit_core:/home/aaron/ur_ws/install/srdfdom:/home/aaron/ur_ws/install/rviz_marker_tools:/home/aaron/ur_ws/install/rosparam_shortcuts:/home/aaron/ur_ws/install/moveit_task_constructor_msgs:/home/aaron/ur_ws/install/moveit_resources_prbt_support:/home/aaron/ur_ws/install/moveit_resources:/home/aaron/ur_ws/install/moveit_resources_pr2_description:/home/aaron/ur_ws/install/moveit_resources_panda_moveit_config:/home/aaron/ur_ws/install/moveit_resources_panda_description:/home/aaron/ur_ws/install/moveit_resources_fanuc_moveit_config:/home/aaron/ur_ws/install/moveit_resources_fanuc_description:/home/aaron/ur_ws/install/moveit_common:/home/aaron/ur_ws/install/Open_control:/opt/ros/humble'), ('SHELL', '/bin/bash'), ('QT_ACCESSIBILITY', '1'), ('GDMSESSION', 'ubuntu'), ('LESSCLOSE', '/usr/bin/lesspipe %s %s'), ('CMAKE_MODULE_PATH', '/home/aaron/ur_ws/install/moveit_task_constructor_core/share/moveit_task_constructor_core/cmake'), ('QT_IM_MODULE', 'ibus'), ('PWD', '/home/aaron/ur_ws/build/moveit_control'), ('LC_ALL', 'en_US.UTF-8'), ('XDG_CONFIG_DIRS', '/etc/xdg/xdg-ubuntu:/etc/xdg'), ('XDG_DATA_DIRS', '/usr/share/ubuntu:/usr/local/share/:/usr/share/:/var/lib/snapd/desktop'), ('PYTHONPATH', '/home/aaron/ur_ws/install/moveit_configs_utils/lib/python3.10/site-packages:/home/aaron/ur_ws/install/launch_param_builder/lib/python3.10/site-packages:/home/aaron/ur_ws/install/waypoint_pub/lib/python3.10/site-packages:/home/aaron/ur_ws/install/moveit_task_constructor_core/local/lib/python3.10/dist-packages:/home/aaron/ur_ws/install/moveit_py/local/lib/python3.10/dist-packages:/home/aaron/ur_ws/install/srdfdom/local/lib/python3.10/dist-packages:/home/aaron/ur_ws/install/moveit_task_constructor_msgs/local/lib/python3.10/dist-packages:/home/aaron/ur_ws/install/Open_control/lib/python3.10/site-packages:/opt/ros/humble/lib/python3.10/site-packages:/opt/ros/humble/local/lib/python3.10/dist-packages'), ('COLCON', '1'), ('VTE_VERSION', '6800'), ('CMAKE_PREFIX_PATH', '/home/aaron/ur_ws/install/moveit_task_constructor_core:/home/aaron/ur_ws/install/moveit_planners:/home/aaron/ur_ws/install/pilz_industrial_motion_planner:/home/aaron/ur_ws/install/moveit_resources_prbt_pg70_support:/home/aaron/ur_ws/install/moveit_ros_planning_interface:/home/aaron/ur_ws/install/moveit_resources_prbt_moveit_config:/home/aaron/ur_ws/install/moveit_ros_move_group:/home/aaron/ur_ws/install/moveit_ros_warehouse:/home/aaron/ur_ws/install/moveit_planners_ompl:/home/aaron/ur_ws/install/moveit_kinematics:/home/aaron/ur_ws/install/moveit_ros_planning:/home/aaron/ur_ws/install/moveit_planners_chomp:/home/aaron/ur_ws/install/pilz_industrial_motion_planner_testutils:/home/aaron/ur_ws/install/moveit_simple_controller_manager:/home/aaron/ur_ws/install/moveit_ros_occupancy_map_monitor:/home/aaron/ur_ws/install/moveit_resources_prbt_ikfast_manipulator_plugin:/home/aaron/ur_ws/install/chomp_motion_planner:/home/aaron/ur_ws/install/moveit_core:/home/aaron/ur_ws/install/rviz_marker_tools:/home/aaron/ur_ws/install/moveit_resources_panda_moveit_config:/home/aaron/ur_ws/install/moveit_resources_fanuc_moveit_config:/home/aaron/ur_ws/install/srdfdom:/home/aaron/ur_ws/install/moveit_task_constructor_msgs:/home/aaron/ur_ws/install/moveit_resources_prbt_support:/home/aaron/ur_ws/install/moveit_resources_pr2_description:/home/aaron/ur_ws/install/moveit_resources_panda_description:/home/aaron/ur_ws/install/moveit_resources_fanuc_description:/home/aaron/ur_ws/install/moveit_common:/home/aaron/ur_ws/install/moveit_runtime:/home/aaron/ur_ws/install/moveit2_tutorials:/home/aaron/ur_ws/install/moveit:/home/aaron/ur_ws/install/moveit_visual_tools:/home/aaron/ur_ws/install/moveit_task_constructor_visualization:/home/aaron/ur_ws/install/moveit_task_constructor_demo:/home/aaron/ur_ws/install/moveit_task_constructor_capabilities:/home/aaron/ur_ws/install/moveit_control:/home/aaron/ur_ws/install/moveit_ros_control_interface:/home/aaron/ur_ws/install/moveit_plugins:/home/aaron/ur_ws/install/moveit_setup_assistant:/home/aaron/ur_ws/install/moveit_setup_srdf_plugins:/home/aaron/ur_ws/install/moveit_setup_core_plugins:/home/aaron/ur_ws/install/moveit_setup_controllers:/home/aaron/ur_ws/install/moveit_setup_app_plugins:/home/aaron/ur_ws/install/moveit_setup_framework:/home/aaron/ur_ws/install/moveit_servo:/home/aaron/ur_ws/install/moveit_ros:/home/aaron/ur_ws/install/moveit_ros_visualization:/home/aaron/ur_ws/install/moveit_py:/home/aaron/ur_ws/install/moveit_hybrid_planning:/home/aaron/ur_ws/install/moveit_ros_benchmarks:/home/aaron/ur_ws/install/moveit_ros_robot_interaction:/home/aaron/ur_ws/install/moveit_ros_perception:/home/aaron/ur_ws/install/moveit_chomp_optimizer_adapter:/home/aaron/ur_ws/install/rosparam_shortcuts:/home/aaron/ur_ws/install/moveit_resources:/home/aaron/ur_ws/install/waypoint_pub:/home/aaron/ur_ws/install/moveit_configs_utils:/home/aaron/ur_ws/install/launch_param_builder:/home/aaron/ur_ws/install/Open_control:/opt/ros/humble')]), 'shell': False}
[0.173125] (moveit_control) StdoutLine: {'line': b'\x1b[35m\x1b[1mConsolidate compiler generated dependencies of target forward_pub\x1b[0m\n'}
[0.197814] (moveit_control) StdoutLine: {'line': b'[ 25%] \x1b[32mBuilding CXX object CMakeFiles/forward_pub.dir/src/forward_positions.cpp.o\x1b[0m\n'}
[0.199434] (moveit_control) StdoutLine: {'line': b'[ 75%] Built target moveit_pub\n'}
[0.199684] (-) TimerEvent: {}
[0.300096] (-) TimerEvent: {}
[0.400510] (-) TimerEvent: {}
[0.500930] (-) TimerEvent: {}
[0.601347] (-) TimerEvent: {}
[0.701768] (-) TimerEvent: {}
[0.802182] (-) TimerEvent: {}
[0.902598] (-) TimerEvent: {}
[1.002892] (-) TimerEvent: {}
[1.103318] (-) TimerEvent: {}
[1.203742] (-) TimerEvent: {}
[1.304167] (-) TimerEvent: {}
[1.404606] (-) TimerEvent: {}
[1.505038] (-) TimerEvent: {}
[1.580279] (moveit_control) StderrLine: {'line': b'\x1b[01m\x1b[K/home/aaron/ur_ws/src/moveit_control/src/forward_positions.cpp:\x1b[m\x1b[K In constructor \xe2\x80\x98\x1b[01m\x1b[KForwardPublisher::ForwardPublisher(std::vector<std::vector<double, std::allocator<double> > >&)\x1b[m\x1b[K\xe2\x80\x99:\n'}
[1.580451] (moveit_control) StderrLine: {'line': b'\x1b[01m\x1b[K/home/aaron/ur_ws/src/moveit_control/src/forward_positions.cpp:70:42:\x1b[m\x1b[K \x1b[01;35m\x1b[Kwarning: \x1b[m\x1b[K\xe2\x80\x98\x1b[01m\x1b[KForwardPublisher::waypoints_\x1b[m\x1b[K\xe2\x80\x99 will be initialized after [\x1b[01;35m\x1b[K\x1b]8;;https://gcc.gnu.org/onlinedocs/gcc/Warning-Options.html#index-Wreorder\x07-Wreorder\x1b]8;;\x07\x1b[m\x1b[K]\n'}
[1.580495] (moveit_control) StderrLine: {'line': b'   70 |         std::vector<std::vector<double>> \x1b[01;35m\x1b[Kwaypoints_\x1b[m\x1b[K;\n'}
[1.580528] (moveit_control) StderrLine: {'line': b'      |                                          \x1b[01;35m\x1b[K^~~~~~~~~~\x1b[m\x1b[K\n'}
[1.580559] (moveit_control) StderrLine: {'line': b'\x1b[01m\x1b[K/home/aaron/ur_ws/src/moveit_control/src/forward_positions.cpp:69:16:\x1b[m\x1b[K \x1b[01;35m\x1b[Kwarning: \x1b[m\x1b[K  \xe2\x80\x98\x1b[01m\x1b[Ksize_t ForwardPublisher::index_\x1b[m\x1b[K\xe2\x80\x99 [\x1b[01;35m\x1b[K\x1b]8;;https://gcc.gnu.org/onlinedocs/gcc/Warning-Options.html#index-Wreorder\x07-Wreorder\x1b]8;;\x07\x1b[m\x1b[K]\n'}
[1.580599] (moveit_control) StderrLine: {'line': b'   69 |         size_t \x1b[01;35m\x1b[Kindex_\x1b[m\x1b[K;\n'}
[1.580777] (moveit_control) StderrLine: {'line': b'      |                \x1b[01;35m\x1b[K^~~~~~\x1b[m\x1b[K\n'}
[1.580822] (moveit_control) StderrLine: {'line': b'\x1b[01m\x1b[K/home/aaron/ur_ws/src/moveit_control/src/forward_positions.cpp:39:9:\x1b[m\x1b[K \x1b[01;35m\x1b[Kwarning: \x1b[m\x1b[K  when initialized here [\x1b[01;35m\x1b[K\x1b]8;;https://gcc.gnu.org/onlinedocs/gcc/Warning-Options.html#index-Wreorder\x07-Wreorder\x1b]8;;\x07\x1b[m\x1b[K]\n'}
[1.580856] (moveit_control) StderrLine: {'line': b'   39 |         \x1b[01;35m\x1b[KForwardPublisher\x1b[m\x1b[K(std::vector<std::vector<double>>& path_dat) : Node("waypoint_publisher"), waypoints_(path_dat), index_(0)\n'}
[1.580887] (moveit_control) StderrLine: {'line': b'      |         \x1b[01;35m\x1b[K^~~~~~~~~~~~~~~~\x1b[m\x1b[K\n'}
[1.587679] (moveit_control) StderrLine: {'line': b'\x1b[01m\x1b[K/home/aaron/ur_ws/src/moveit_control/src/forward_positions.cpp:\x1b[m\x1b[K In member function \xe2\x80\x98\x1b[01m\x1b[Kvoid ForwardPublisher::timer_callback()\x1b[m\x1b[K\xe2\x80\x99:\n'}
[1.587770] (moveit_control) StderrLine: {'line': b'\x1b[01m\x1b[K/home/aaron/ur_ws/src/moveit_control/src/forward_positions.cpp:58:31:\x1b[m\x1b[K \x1b[01;35m\x1b[Kwarning: \x1b[m\x1b[Kcomparison of integer expressions of different signedness: \xe2\x80\x98\x1b[01m\x1b[Kint\x1b[m\x1b[K\xe2\x80\x99 and \xe2\x80\x98\x1b[01m\x1b[Kstd::vector<double, std::allocator<double> >::size_type\x1b[m\x1b[K\xe2\x80\x99 {aka \xe2\x80\x98\x1b[01m\x1b[Klong unsigned int\x1b[m\x1b[K\xe2\x80\x99} [\x1b[01;35m\x1b[K\x1b]8;;https://gcc.gnu.org/onlinedocs/gcc/Warning-Options.html#index-Wsign-compare\x07-Wsign-compare\x1b]8;;\x07\x1b[m\x1b[K]\n'}
[1.587809] (moveit_control) StderrLine: {'line': b'   58 |             for (int i = 0; \x1b[01;35m\x1b[Ki < msg.data.size()\x1b[m\x1b[K; i++) {\n'}
[1.587840] (moveit_control) StderrLine: {'line': b'      |                             \x1b[01;35m\x1b[K~~^~~~~~~~~~~~~~~~~\x1b[m\x1b[K\n'}
[1.588285] (moveit_control) StderrLine: {'line': b'\x1b[01m\x1b[K/home/aaron/ur_ws/src/moveit_control/src/forward_positions.cpp:62:22:\x1b[m\x1b[K \x1b[01;31m\x1b[Kerror: \x1b[m\x1b[Kno match for \xe2\x80\x98\x1b[01m\x1b[Koperator<<\x1b[m\x1b[K\xe2\x80\x99 (operand types are \xe2\x80\x98\x1b[01m\x1b[Kstd::ostream\x1b[m\x1b[K\xe2\x80\x99 {aka \xe2\x80\x98\x1b[01m\x1b[Kstd::basic_ostream<char>\x1b[m\x1b[K\xe2\x80\x99} and \xe2\x80\x98\x1b[01m\x1b[Kstd_msgs::msg::Float64MultiArray_<std::allocator<void> >::_data_type\x1b[m\x1b[K\xe2\x80\x99 {aka \xe2\x80\x98\x1b[01m\x1b[Kstd::vector<double, std::allocator<double> >\x1b[m\x1b[K\xe2\x80\x99})\n'}
[1.588369] (moveit_control) StderrLine: {'line': b'   62 |             \x1b[32m\x1b[Kstd::cout\x1b[m\x1b[K\x1b[01;31m\x1b[K<<\x1b[m\x1b[K\x1b[34m\x1b[Kmsg.data\x1b[m\x1b[K;\n'}
[1.588408] (moveit_control) StderrLine: {'line': b'      |             \x1b[32m\x1b[K~~~~~~~~~\x1b[m\x1b[K\x1b[01;31m\x1b[K^~\x1b[m\x1b[K\x1b[34m\x1b[K~~~~~~~~\x1b[m\x1b[K\n'}
[1.588444] (moveit_control) StderrLine: {'line': b'      |                  \x1b[32m\x1b[K|\x1b[m\x1b[K         \x1b[34m\x1b[K|\x1b[m\x1b[K\n'}
[1.588475] (moveit_control) StderrLine: {'line': b'      |                  \x1b[32m\x1b[K|\x1b[m\x1b[K         \x1b[34m\x1b[Kstd_msgs::msg::Float64MultiArray_<std::allocator<void> >::_data_type {aka std::vector<double, std::allocator<double> >}\x1b[m\x1b[K\n'}
[1.589360] (moveit_control) StderrLine: {'line': b'      |                  \x1b[32m\x1b[Kstd::ostream {aka std::basic_ostream<char>}\x1b[m\x1b[K\n'}
[1.589410] (moveit_control) StderrLine: {'line': b'In file included from \x1b[01m\x1b[K/usr/include/c++/11/iostream:39\x1b[m\x1b[K,\n'}
[1.589550] (moveit_control) StderrLine: {'line': b'                 from \x1b[01m\x1b[K/home/aaron/ur_ws/src/moveit_control/src/forward_positions.cpp:2\x1b[m\x1b[K:\n'}
[1.589590] (moveit_control) StderrLine: {'line': b'\x1b[01m\x1b[K/usr/include/c++/11/ostream:108:7:\x1b[m\x1b[K \x1b[01;36m\x1b[Knote: \x1b[m\x1b[Kcandidate: \xe2\x80\x98\x1b[01m\x1b[Kstd::basic_ostream<_CharT, _Traits>::__ostream_type& std::basic_ostream<_CharT, _Traits>::operator<<(std::basic_ostream<_CharT, _Traits>::__ostream_type& (*)(std::basic_ostream<_CharT, _Traits>::__ostream_type&)) [with _CharT = char; _Traits = std::char_traits<char>; std::basic_ostream<_CharT, _Traits>::__ostream_type = std::basic_ostream<char>]\x1b[m\x1b[K\xe2\x80\x99\n'}
[1.589625] (moveit_control) StderrLine: {'line': b'  108 |       \x1b[01;36m\x1b[Koperator\x1b[m\x1b[K<<(__ostream_type& (*__pf)(__ostream_type&))\n'}
[1.589656] (moveit_control) StderrLine: {'line': b'      |       \x1b[01;36m\x1b[K^~~~~~~~\x1b[m\x1b[K\n'}
[1.589803] (moveit_control) StderrLine: {'line': b'\x1b[01m\x1b[K/usr/include/c++/11/ostream:108:36:\x1b[m\x1b[K \x1b[01;36m\x1b[Knote: \x1b[m\x1b[K  no known conversion for argument 1 from \xe2\x80\x98\x1b[01m\x1b[Kstd_msgs::msg::Float64MultiArray_<std::allocator<void> >::_data_type\x1b[m\x1b[K\xe2\x80\x99 {aka \xe2\x80\x98\x1b[01m\x1b[Kstd::vector<double, std::allocator<double> >\x1b[m\x1b[K\xe2\x80\x99} to \xe2\x80\x98\x1b[01m\x1b[Kstd::basic_ostream<char>::__ostream_type& (*)(std::basic_ostream<char>::__ostream_type&)\x1b[m\x1b[K\xe2\x80\x99 {aka \xe2\x80\x98\x1b[01m\x1b[Kstd::basic_ostream<char>& (*)(std::basic_ostream<char>&)\x1b[m\x1b[K\xe2\x80\x99}\n'}
[1.589942] (moveit_control) StderrLine: {'line': b'  108 |       operator<<(\x1b[01;36m\x1b[K__ostream_type& (*__pf)(__ostream_type&)\x1b[m\x1b[K)\n'}
[1.589972] (moveit_control) StderrLine: {'line': b'      |                  \x1b[01;36m\x1b[K~~~~~~~~~~~~~~~~~~^~~~~~~~~~~~~~~~~~~~~~\x1b[m\x1b[K\n'}
[1.590001] (moveit_control) StderrLine: {'line': b'\x1b[01m\x1b[K/usr/include/c++/11/ostream:117:7:\x1b[m\x1b[K \x1b[01;36m\x1b[Knote: \x1b[m\x1b[Kcandidate: \xe2\x80\x98\x1b[01m\x1b[Kstd::basic_ostream<_CharT, _Traits>::__ostream_type& std::basic_ostream<_CharT, _Traits>::operator<<(std::basic_ostream<_CharT, _Traits>::__ios_type& (*)(std::basic_ostream<_CharT, _Traits>::__ios_type&)) [with _CharT = char; _Traits = std::char_traits<char>; std::basic_ostream<_CharT, _Traits>::__ostream_type = std::basic_ostream<char>; std::basic_ostream<_CharT, _Traits>::__ios_type = std::basic_ios<char>]\x1b[m\x1b[K\xe2\x80\x99\n'}
[1.590159] (moveit_control) StderrLine: {'line': b'  117 |       \x1b[01;36m\x1b[Koperator\x1b[m\x1b[K<<(__ios_type& (*__pf)(__ios_type&))\n'}
[1.590191] (moveit_control) StderrLine: {'line': b'      |       \x1b[01;36m\x1b[K^~~~~~~~\x1b[m\x1b[K\n'}
[1.590221] (moveit_control) StderrLine: {'line': b'\x1b[01m\x1b[K/usr/include/c++/11/ostream:117:32:\x1b[m\x1b[K \x1b[01;36m\x1b[Knote: \x1b[m\x1b[K  no known conversion for argument 1 from \xe2\x80\x98\x1b[01m\x1b[Kstd_msgs::msg::Float64MultiArray_<std::allocator<void> >::_data_type\x1b[m\x1b[K\xe2\x80\x99 {aka \xe2\x80\x98\x1b[01m\x1b[Kstd::vector<double, std::allocator<double> >\x1b[m\x1b[K\xe2\x80\x99} to \xe2\x80\x98\x1b[01m\x1b[Kstd::basic_ostream<char>::__ios_type& (*)(std::basic_ostream<char>::__ios_type&)\x1b[m\x1b[K\xe2\x80\x99 {aka \xe2\x80\x98\x1b[01m\x1b[Kstd::basic_ios<char>& (*)(std::basic_ios<char>&)\x1b[m\x1b[K\xe2\x80\x99}\n'}
[1.590252] (moveit_control) StderrLine: {'line': b'  117 |       operator<<(\x1b[01;36m\x1b[K__ios_type& (*__pf)(__ios_type&)\x1b[m\x1b[K)\n'}
[1.590280] (moveit_control) StderrLine: {'line': b'      |                  \x1b[01;36m\x1b[K~~~~~~~~~~~~~~^~~~~~~~~~~~~~~~~~\x1b[m\x1b[K\n'}
[1.590308] (moveit_control) StderrLine: {'line': b'\x1b[01m\x1b[K/usr/include/c++/11/ostream:127:7:\x1b[m\x1b[K \x1b[01;36m\x1b[Knote: \x1b[m\x1b[Kcandidate: \xe2\x80\x98\x1b[01m\x1b[Kstd::basic_ostream<_CharT, _Traits>::__ostream_type& std::basic_ostream<_CharT, _Traits>::operator<<(std::ios_base& (*)(std::ios_base&)) [with _CharT = char; _Traits = std::char_traits<char>; std::basic_ostream<_CharT, _Traits>::__ostream_type = std::basic_ostream<char>]\x1b[m\x1b[K\xe2\x80\x99\n'}
[1.590338] (moveit_control) StderrLine: {'line': b'  127 |       \x1b[01;36m\x1b[Koperator\x1b[m\x1b[K<<(ios_base& (*__pf) (ios_base&))\n'}
[1.590366] (moveit_control) StderrLine: {'line': b'      |       \x1b[01;36m\x1b[K^~~~~~~~\x1b[m\x1b[K\n'}
[1.590395] (moveit_control) StderrLine: {'line': b'\x1b[01m\x1b[K/usr/include/c++/11/ostream:127:30:\x1b[m\x1b[K \x1b[01;36m\x1b[Knote: \x1b[m\x1b[K  no known conversion for argument 1 from \xe2\x80\x98\x1b[01m\x1b[Kstd_msgs::msg::Float64MultiArray_<std::allocator<void> >::_data_type\x1b[m\x1b[K\xe2\x80\x99 {aka \xe2\x80\x98\x1b[01m\x1b[Kstd::vector<double, std::allocator<double> >\x1b[m\x1b[K\xe2\x80\x99} to \xe2\x80\x98\x1b[01m\x1b[Kstd::ios_base& (*)(std::ios_base&)\x1b[m\x1b[K\xe2\x80\x99\n'}
[1.590424] (moveit_control) StderrLine: {'line': b'  127 |       operator<<(\x1b[01;36m\x1b[Kios_base& (*__pf) (ios_base&)\x1b[m\x1b[K)\n'}
[1.590453] (moveit_control) StderrLine: {'line': b'      |                  \x1b[01;36m\x1b[K~~~~~~~~~~~~^~~~~~~~~~~~~~~~~\x1b[m\x1b[K\n'}
[1.590484] (moveit_control) StderrLine: {'line': b'\x1b[01m\x1b[K/usr/include/c++/11/ostream:166:7:\x1b[m\x1b[K \x1b[01;36m\x1b[Knote: \x1b[m\x1b[Kcandidate: \xe2\x80\x98\x1b[01m\x1b[Kstd::basic_ostream<_CharT, _Traits>::__ostream_type& std::basic_ostream<_CharT, _Traits>::operator<<(long int) [with _CharT = char; _Traits = std::char_traits<char>; std::basic_ostream<_CharT, _Traits>::__ostream_type = std::basic_ostream<char>]\x1b[m\x1b[K\xe2\x80\x99\n'}
[1.590514] (moveit_control) StderrLine: {'line': b'  166 |       \x1b[01;36m\x1b[Koperator\x1b[m\x1b[K<<(long __n)\n'}
[1.590543] (moveit_control) StderrLine: {'line': b'      |       \x1b[01;36m\x1b[K^~~~~~~~\x1b[m\x1b[K\n'}
[1.590574] (moveit_control) StderrLine: {'line': b'\x1b[01m\x1b[K/usr/include/c++/11/ostream:166:23:\x1b[m\x1b[K \x1b[01;36m\x1b[Knote: \x1b[m\x1b[K  no known conversion for argument 1 from \xe2\x80\x98\x1b[01m\x1b[Kstd_msgs::msg::Float64MultiArray_<std::allocator<void> >::_data_type\x1b[m\x1b[K\xe2\x80\x99 {aka \xe2\x80\x98\x1b[01m\x1b[Kstd::vector<double, std::allocator<double> >\x1b[m\x1b[K\xe2\x80\x99} to \xe2\x80\x98\x1b[01m\x1b[Klong int\x1b[m\x1b[K\xe2\x80\x99\n'}
[1.590605] (moveit_control) StderrLine: {'line': b'  166 |       operator<<(\x1b[01;36m\x1b[Klong __n\x1b[m\x1b[K)\n'}
[1.590633] (moveit_control) StderrLine: {'line': b'      |                  \x1b[01;36m\x1b[K~~~~~^~~\x1b[m\x1b[K\n'}
[1.590664] (moveit_control) StderrLine: {'line': b'\x1b[01m\x1b[K/usr/include/c++/11/ostream:170:7:\x1b[m\x1b[K \x1b[01;36m\x1b[Knote: \x1b[m\x1b[Kcandidate: \xe2\x80\x98\x1b[01m\x1b[Kstd::basic_ostream<_CharT, _Traits>::__ostream_type& std::basic_ostream<_CharT, _Traits>::operator<<(long unsigned int) [with _CharT = char; _Traits = std::char_traits<char>; std::basic_ostream<_CharT, _Traits>::__ostream_type = std::basic_ostream<char>]\x1b[m\x1b[K\xe2\x80\x99\n'}
[1.590692] (moveit_control) StderrLine: {'line': b'  170 |       \x1b[01;36m\x1b[Koperator\x1b[m\x1b[K<<(unsigned long __n)\n'}
[1.590833] (moveit_control) StderrLine: {'line': b'      |       \x1b[01;36m\x1b[K^~~~~~~~\x1b[m\x1b[K\n'}
[1.590862] (moveit_control) StderrLine: {'line': b'\x1b[01m\x1b[K/usr/include/c++/11/ostream:170:32:\x1b[m\x1b[K \x1b[01;36m\x1b[Knote: \x1b[m\x1b[K  no known conversion for argument 1 from \xe2\x80\x98\x1b[01m\x1b[Kstd_msgs::msg::Float64MultiArray_<std::allocator<void> >::_data_type\x1b[m\x1b[K\xe2\x80\x99 {aka \xe2\x80\x98\x1b[01m\x1b[Kstd::vector<double, std::allocator<double> >\x1b[m\x1b[K\xe2\x80\x99} to \xe2\x80\x98\x1b[01m\x1b[Klong unsigned int\x1b[m\x1b[K\xe2\x80\x99\n'}
[1.590962] (moveit_control) StderrLine: {'line': b'  170 |       operator<<(\x1b[01;36m\x1b[Kunsigned long __n\x1b[m\x1b[K)\n'}
[1.590989] (moveit_control) StderrLine: {'line': b'      |                  \x1b[01;36m\x1b[K~~~~~~~~~~~~~~^~~\x1b[m\x1b[K\n'}
[1.591014] (moveit_control) StderrLine: {'line': b'\x1b[01m\x1b[K/usr/include/c++/11/ostream:174:7:\x1b[m\x1b[K \x1b[01;36m\x1b[Knote: \x1b[m\x1b[Kcandidate: \xe2\x80\x98\x1b[01m\x1b[Kstd::basic_ostream<_CharT, _Traits>::__ostream_type& std::basic_ostream<_CharT, _Traits>::operator<<(bool) [with _CharT = char; _Traits = std::char_traits<char>; std::basic_ostream<_CharT, _Traits>::__ostream_type = std::basic_ostream<char>]\x1b[m\x1b[K\xe2\x80\x99\n'}
[1.591040] (moveit_control) StderrLine: {'line': b'  174 |       \x1b[01;36m\x1b[Koperator\x1b[m\x1b[K<<(bool __n)\n'}
[1.591065] (moveit_control) StderrLine: {'line': b'      |       \x1b[01;36m\x1b[K^~~~~~~~\x1b[m\x1b[K\n'}
[1.591090] (moveit_control) StderrLine: {'line': b'\x1b[01m\x1b[K/usr/include/c++/11/ostream:174:23:\x1b[m\x1b[K \x1b[01;36m\x1b[Knote: \x1b[m\x1b[K  no known conversion for argument 1 from \xe2\x80\x98\x1b[01m\x1b[Kstd_msgs::msg::Float64MultiArray_<std::allocator<void> >::_data_type\x1b[m\x1b[K\xe2\x80\x99 {aka \xe2\x80\x98\x1b[01m\x1b[Kstd::vector<double, std::allocator<double> >\x1b[m\x1b[K\xe2\x80\x99} to \xe2\x80\x98\x1b[01m\x1b[Kbool\x1b[m\x1b[K\xe2\x80\x99\n'}
[1.591117] (moveit_control) StderrLine: {'line': b'  174 |       operator<<(\x1b[01;36m\x1b[Kbool __n\x1b[m\x1b[K)\n'}
[1.591142] (moveit_control) StderrLine: {'line': b'      |                  \x1b[01;36m\x1b[K~~~~~^~~\x1b[m\x1b[K\n'}
[1.591166] (moveit_control) StderrLine: {'line': b'In file included from \x1b[01m\x1b[K/usr/include/c++/11/ostream:829\x1b[m\x1b[K,\n'}
[1.591191] (moveit_control) StderrLine: {'line': b'                 from \x1b[01m\x1b[K/usr/include/c++/11/iostream:39\x1b[m\x1b[K,\n'}
[1.591215] (moveit_control) StderrLine: {'line': b'                 from \x1b[01m\x1b[K/home/aaron/ur_ws/src/moveit_control/src/forward_positions.cpp:2\x1b[m\x1b[K:\n'}
[1.591242] (moveit_control) StderrLine: {'line': b'\x1b[01m\x1b[K/usr/include/c++/11/bits/ostream.tcc:91:5:\x1b[m\x1b[K \x1b[01;36m\x1b[Knote: \x1b[m\x1b[Kcandidate: \xe2\x80\x98\x1b[01m\x1b[Kstd::basic_ostream<_CharT, _Traits>& std::basic_ostream<_CharT, _Traits>::operator<<(short int) [with _CharT = char; _Traits = std::char_traits<char>]\x1b[m\x1b[K\xe2\x80\x99\n'}
[1.591269] (moveit_control) StderrLine: {'line': b'   91 |     \x1b[01;36m\x1b[Kbasic_ostream<_CharT, _Traits>\x1b[m\x1b[K::\n'}
[1.591294] (moveit_control) StderrLine: {'line': b'      |     \x1b[01;36m\x1b[K^~~~~~~~~~~~~~~~~~~~~~~~~~~~~~\x1b[m\x1b[K\n'}
[1.591320] (moveit_control) StderrLine: {'line': b'\x1b[01m\x1b[K/usr/include/c++/11/bits/ostream.tcc:92:22:\x1b[m\x1b[K \x1b[01;36m\x1b[Knote: \x1b[m\x1b[K  no known conversion for argument 1 from \xe2\x80\x98\x1b[01m\x1b[Kstd_msgs::msg::Float64MultiArray_<std::allocator<void> >::_data_type\x1b[m\x1b[K\xe2\x80\x99 {aka \xe2\x80\x98\x1b[01m\x1b[Kstd::vector<double, std::allocator<double> >\x1b[m\x1b[K\xe2\x80\x99} to \xe2\x80\x98\x1b[01m\x1b[Kshort int\x1b[m\x1b[K\xe2\x80\x99\n'}
[1.591350] (moveit_control) StderrLine: {'line': b'   92 |     operator<<(\x1b[01;36m\x1b[Kshort __n\x1b[m\x1b[K)\n'}
[1.591375] (moveit_control) StderrLine: {'line': b'      |                \x1b[01;36m\x1b[K~~~~~~^~~\x1b[m\x1b[K\n'}
[1.591399] (moveit_control) StderrLine: {'line': b'In file included from \x1b[01m\x1b[K/usr/include/c++/11/iostream:39\x1b[m\x1b[K,\n'}
[1.591424] (moveit_control) StderrLine: {'line': b'                 from \x1b[01m\x1b[K/home/aaron/ur_ws/src/moveit_control/src/forward_positions.cpp:2\x1b[m\x1b[K:\n'}
[1.591452] (moveit_control) StderrLine: {'line': b'\x1b[01m\x1b[K/usr/include/c++/11/ostream:181:7:\x1b[m\x1b[K \x1b[01;36m\x1b[Knote: \x1b[m\x1b[Kcandidate: \xe2\x80\x98\x1b[01m\x1b[Kstd::basic_ostream<_CharT, _Traits>::__ostream_type& std::basic_ostream<_CharT, _Traits>::operator<<(short unsigned int) [with _CharT = char; _Traits = std::char_traits<char>; std::basic_ostream<_CharT, _Traits>::__ostream_type = std::basic_ostream<char>]\x1b[m\x1b[K\xe2\x80\x99\n'}
[1.591478] (moveit_control) StderrLine: {'line': b'  181 |       \x1b[01;36m\x1b[Koperator\x1b[m\x1b[K<<(unsigned short __n)\n'}
[1.591503] (moveit_control) StderrLine: {'line': b'      |       \x1b[01;36m\x1b[K^~~~~~~~\x1b[m\x1b[K\n'}
[1.591527] (moveit_control) StderrLine: {'line': b'\x1b[01m\x1b[K/usr/include/c++/11/ostream:181:33:\x1b[m\x1b[K \x1b[01;36m\x1b[Knote: \x1b[m\x1b[K  no known conversion for argument 1 from \xe2\x80\x98\x1b[01m\x1b[Kstd_msgs::msg::Float64MultiArray_<std::allocator<void> >::_data_type\x1b[m\x1b[K\xe2\x80\x99 {aka \xe2\x80\x98\x1b[01m\x1b[Kstd::vector<double, std::allocator<double> >\x1b[m\x1b[K\xe2\x80\x99} to \xe2\x80\x98\x1b[01m\x1b[Kshort unsigned int\x1b[m\x1b[K\xe2\x80\x99\n'}
[1.591553] (moveit_control) StderrLine: {'line': b'  181 |       operator<<(\x1b[01;36m\x1b[Kunsigned short __n\x1b[m\x1b[K)\n'}
[1.591583] (moveit_control) StderrLine: {'line': b'      |                  \x1b[01;36m\x1b[K~~~~~~~~~~~~~~~^~~\x1b[m\x1b[K\n'}
[1.591608] (moveit_control) StderrLine: {'line': b'In file included from \x1b[01m\x1b[K/usr/include/c++/11/ostream:829\x1b[m\x1b[K,\n'}
[1.591633] (moveit_control) StderrLine: {'line': b'                 from \x1b[01m\x1b[K/usr/include/c++/11/iostream:39\x1b[m\x1b[K,\n'}
[1.591658] (moveit_control) StderrLine: {'line': b'                 from \x1b[01m\x1b[K/home/aaron/ur_ws/src/moveit_control/src/forward_positions.cpp:2\x1b[m\x1b[K:\n'}
[1.591683] (moveit_control) StderrLine: {'line': b'\x1b[01m\x1b[K/usr/include/c++/11/bits/ostream.tcc:105:5:\x1b[m\x1b[K \x1b[01;36m\x1b[Knote: \x1b[m\x1b[Kcandidate: \xe2\x80\x98\x1b[01m\x1b[Kstd::basic_ostream<_CharT, _Traits>& std::basic_ostream<_CharT, _Traits>::operator<<(int) [with _CharT = char; _Traits = std::char_traits<char>]\x1b[m\x1b[K\xe2\x80\x99\n'}
[1.591708] (moveit_control) StderrLine: {'line': b'  105 |     \x1b[01;36m\x1b[Kbasic_ostream<_CharT, _Traits>\x1b[m\x1b[K::\n'}
[1.591731] (moveit_control) StderrLine: {'line': b'      |     \x1b[01;36m\x1b[K^~~~~~~~~~~~~~~~~~~~~~~~~~~~~~\x1b[m\x1b[K\n'}
[1.591757] (moveit_control) StderrLine: {'line': b'\x1b[01m\x1b[K/usr/include/c++/11/bits/ostream.tcc:106:20:\x1b[m\x1b[K \x1b[01;36m\x1b[Knote: \x1b[m\x1b[K  no known conversion for argument 1 from \xe2\x80\x98\x1b[01m\x1b[Kstd_msgs::msg::Float64MultiArray_<std::allocator<void> >::_data_type\x1b[m\x1b[K\xe2\x80\x99 {aka \xe2\x80\x98\x1b[01m\x1b[Kstd::vector<double, std::allocator<double> >\x1b[m\x1b[K\xe2\x80\x99} to \xe2\x80\x98\x1b[01m\x1b[Kint\x1b[m\x1b[K\xe2\x80\x99\n'}
[1.591788] (moveit_control) StderrLine: {'line': b'  106 |     operator<<(\x1b[01;36m\x1b[Kint __n\x1b[m\x1b[K)\n'}
[1.591813] (moveit_control) StderrLine: {'line': b'      |                \x1b[01;36m\x1b[K~~~~^~~\x1b[m\x1b[K\n'}
[1.591842] (moveit_control) StderrLine: {'line': b'In file included from \x1b[01m\x1b[K/usr/include/c++/11/iostream:39\x1b[m\x1b[K,\n'}
[1.591866] (moveit_control) StderrLine: {'line': b'                 from \x1b[01m\x1b[K/home/aaron/ur_ws/src/moveit_control/src/forward_positions.cpp:2\x1b[m\x1b[K:\n'}
[1.591890] (moveit_control) StderrLine: {'line': b'\x1b[01m\x1b[K/usr/include/c++/11/ostream:192:7:\x1b[m\x1b[K \x1b[01;36m\x1b[Knote: \x1b[m\x1b[Kcandidate: \xe2\x80\x98\x1b[01m\x1b[Kstd::basic_ostream<_CharT, _Traits>::__ostream_type& std::basic_ostream<_CharT, _Traits>::operator<<(unsigned int) [with _CharT = char; _Traits = std::char_traits<char>; std::basic_ostream<_CharT, _Traits>::__ostream_type = std::basic_ostream<char>]\x1b[m\x1b[K\xe2\x80\x99\n'}
[1.591916] (moveit_control) StderrLine: {'line': b'  192 |       \x1b[01;36m\x1b[Koperator\x1b[m\x1b[K<<(unsigned int __n)\n'}
[1.591941] (moveit_control) StderrLine: {'line': b'      |       \x1b[01;36m\x1b[K^~~~~~~~\x1b[m\x1b[K\n'}
[1.591965] (moveit_control) StderrLine: {'line': b'\x1b[01m\x1b[K/usr/include/c++/11/ostream:192:31:\x1b[m\x1b[K \x1b[01;36m\x1b[Knote: \x1b[m\x1b[K  no known conversion for argument 1 from \xe2\x80\x98\x1b[01m\x1b[Kstd_msgs::msg::Float64MultiArray_<std::allocator<void> >::_data_type\x1b[m\x1b[K\xe2\x80\x99 {aka \xe2\x80\x98\x1b[01m\x1b[Kstd::vector<double, std::allocator<double> >\x1b[m\x1b[K\xe2\x80\x99} to \xe2\x80\x98\x1b[01m\x1b[Kunsigned int\x1b[m\x1b[K\xe2\x80\x99\n'}
[1.591991] (moveit_control) StderrLine: {'line': b'  192 |       operator<<(\x1b[01;36m\x1b[Kunsigned int __n\x1b[m\x1b[K)\n'}
[1.592015] (moveit_control) StderrLine: {'line': b'      |                  \x1b[01;36m\x1b[K~~~~~~~~~~~~~^~~\x1b[m\x1b[K\n'}
[1.592040] (moveit_control) StderrLine: {'line': b'\x1b[01m\x1b[K/usr/include/c++/11/ostream:201:7:\x1b[m\x1b[K \x1b[01;36m\x1b[Knote: \x1b[m\x1b[Kcandidate: \xe2\x80\x98\x1b[01m\x1b[Kstd::basic_ostream<_CharT, _Traits>::__ostream_type& std::basic_ostream<_CharT, _Traits>::operator<<(long long int) [with _CharT = char; _Traits = std::char_traits<char>; std::basic_ostream<_CharT, _Traits>::__ostream_type = std::basic_ostream<char>]\x1b[m\x1b[K\xe2\x80\x99\n'}
[1.592066] (moveit_control) StderrLine: {'line': b'  201 |       \x1b[01;36m\x1b[Koperator\x1b[m\x1b[K<<(long long __n)\n'}
[1.592092] (moveit_control) StderrLine: {'line': b'      |       \x1b[01;36m\x1b[K^~~~~~~~\x1b[m\x1b[K\n'}
[1.592116] (moveit_control) StderrLine: {'line': b'\x1b[01m\x1b[K/usr/include/c++/11/ostream:201:28:\x1b[m\x1b[K \x1b[01;36m\x1b[Knote: \x1b[m\x1b[K  no known conversion for argument 1 from \xe2\x80\x98\x1b[01m\x1b[Kstd_msgs::msg::Float64MultiArray_<std::allocator<void> >::_data_type\x1b[m\x1b[K\xe2\x80\x99 {aka \xe2\x80\x98\x1b[01m\x1b[Kstd::vector<double, std::allocator<double> >\x1b[m\x1b[K\xe2\x80\x99} to \xe2\x80\x98\x1b[01m\x1b[Klong long int\x1b[m\x1b[K\xe2\x80\x99\n'}
[1.592143] (moveit_control) StderrLine: {'line': b'  201 |       operator<<(\x1b[01;36m\x1b[Klong long __n\x1b[m\x1b[K)\n'}
[1.592167] (moveit_control) StderrLine: {'line': b'      |                  \x1b[01;36m\x1b[K~~~~~~~~~~^~~\x1b[m\x1b[K\n'}
[1.592196] (moveit_control) StderrLine: {'line': b'\x1b[01m\x1b[K/usr/include/c++/11/ostream:205:7:\x1b[m\x1b[K \x1b[01;36m\x1b[Knote: \x1b[m\x1b[Kcandidate: \xe2\x80\x98\x1b[01m\x1b[Kstd::basic_ostream<_CharT, _Traits>::__ostream_type& std::basic_ostream<_CharT, _Traits>::operator<<(long long unsigned int) [with _CharT = char; _Traits = std::char_traits<char>; std::basic_ostream<_CharT, _Traits>::__ostream_type = std::basic_ostream<char>]\x1b[m\x1b[K\xe2\x80\x99\n'}
[1.592222] (moveit_control) StderrLine: {'line': b'  205 |       \x1b[01;36m\x1b[Koperator\x1b[m\x1b[K<<(unsigned long long __n)\n'}
[1.592247] (moveit_control) StderrLine: {'line': b'      |       \x1b[01;36m\x1b[K^~~~~~~~\x1b[m\x1b[K\n'}
[1.592273] (moveit_control) StderrLine: {'line': b'\x1b[01m\x1b[K/usr/include/c++/11/ostream:205:37:\x1b[m\x1b[K \x1b[01;36m\x1b[Knote: \x1b[m\x1b[K  no known conversion for argument 1 from \xe2\x80\x98\x1b[01m\x1b[Kstd_msgs::msg::Float64MultiArray_<std::allocator<void> >::_data_type\x1b[m\x1b[K\xe2\x80\x99 {aka \xe2\x80\x98\x1b[01m\x1b[Kstd::vector<double, std::allocator<double> >\x1b[m\x1b[K\xe2\x80\x99} to \xe2\x80\x98\x1b[01m\x1b[Klong long unsigned int\x1b[m\x1b[K\xe2\x80\x99\n'}
[1.592300] (moveit_control) StderrLine: {'line': b'  205 |       operator<<(\x1b[01;36m\x1b[Kunsigned long long __n\x1b[m\x1b[K)\n'}
[1.592325] (moveit_control) StderrLine: {'line': b'      |                  \x1b[01;36m\x1b[K~~~~~~~~~~~~~~~~~~~^~~\x1b[m\x1b[K\n'}
[1.592350] (moveit_control) StderrLine: {'line': b'\x1b[01m\x1b[K/usr/include/c++/11/ostream:220:7:\x1b[m\x1b[K \x1b[01;36m\x1b[Knote: \x1b[m\x1b[Kcandidate: \xe2\x80\x98\x1b[01m\x1b[Kstd::basic_ostream<_CharT, _Traits>::__ostream_type& std::basic_ostream<_CharT, _Traits>::operator<<(double) [with _CharT = char; _Traits = std::char_traits<char>; std::basic_ostream<_CharT, _Traits>::__ostream_type = std::basic_ostream<char>]\x1b[m\x1b[K\xe2\x80\x99\n'}
[1.592376] (moveit_control) StderrLine: {'line': b'  220 |       \x1b[01;36m\x1b[Koperator\x1b[m\x1b[K<<(double __f)\n'}
[1.592401] (moveit_control) StderrLine: {'line': b'      |       \x1b[01;36m\x1b[K^~~~~~~~\x1b[m\x1b[K\n'}
[1.592426] (moveit_control) StderrLine: {'line': b'\x1b[01m\x1b[K/usr/include/c++/11/ostream:220:25:\x1b[m\x1b[K \x1b[01;36m\x1b[Knote: \x1b[m\x1b[K  no known conversion for argument 1 from \xe2\x80\x98\x1b[01m\x1b[Kstd_msgs::msg::Float64MultiArray_<std::allocator<void> >::_data_type\x1b[m\x1b[K\xe2\x80\x99 {aka \xe2\x80\x98\x1b[01m\x1b[Kstd::vector<double, std::allocator<double> >\x1b[m\x1b[K\xe2\x80\x99} to \xe2\x80\x98\x1b[01m\x1b[Kdouble\x1b[m\x1b[K\xe2\x80\x99\n'}
[1.592452] (moveit_control) StderrLine: {'line': b'  220 |       operator<<(\x1b[01;36m\x1b[Kdouble __f\x1b[m\x1b[K)\n'}
[1.592477] (moveit_control) StderrLine: {'line': b'      |                  \x1b[01;36m\x1b[K~~~~~~~^~~\x1b[m\x1b[K\n'}
[1.592502] (moveit_control) StderrLine: {'line': b'\x1b[01m\x1b[K/usr/include/c++/11/ostream:224:7:\x1b[m\x1b[K \x1b[01;36m\x1b[Knote: \x1b[m\x1b[Kcandidate: \xe2\x80\x98\x1b[01m\x1b[Kstd::basic_ostream<_CharT, _Traits>::__ostream_type& std::basic_ostream<_CharT, _Traits>::operator<<(float) [with _CharT = char; _Traits = std::char_traits<char>; std::basic_ostream<_CharT, _Traits>::__ostream_type = std::basic_ostream<char>]\x1b[m\x1b[K\xe2\x80\x99\n'}
[1.592533] (moveit_control) StderrLine: {'line': b'  224 |       \x1b[01;36m\x1b[Koperator\x1b[m\x1b[K<<(float __f)\n'}
[1.592557] (moveit_control) StderrLine: {'line': b'      |       \x1b[01;36m\x1b[K^~~~~~~~\x1b[m\x1b[K\n'}
[1.592585] (moveit_control) StderrLine: {'line': b'\x1b[01m\x1b[K/usr/include/c++/11/ostream:224:24:\x1b[m\x1b[K \x1b[01;36m\x1b[Knote: \x1b[m\x1b[K  no known conversion for argument 1 from \xe2\x80\x98\x1b[01m\x1b[Kstd_msgs::msg::Float64MultiArray_<std::allocator<void> >::_data_type\x1b[m\x1b[K\xe2\x80\x99 {aka \xe2\x80\x98\x1b[01m\x1b[Kstd::vector<double, std::allocator<double> >\x1b[m\x1b[K\xe2\x80\x99} to \xe2\x80\x98\x1b[01m\x1b[Kfloat\x1b[m\x1b[K\xe2\x80\x99\n'}
[1.592612] (moveit_control) StderrLine: {'line': b'  224 |       operator<<(\x1b[01;36m\x1b[Kfloat __f\x1b[m\x1b[K)\n'}
[1.592637] (moveit_control) StderrLine: {'line': b'      |                  \x1b[01;36m\x1b[K~~~~~~^~~\x1b[m\x1b[K\n'}
[1.592662] (moveit_control) StderrLine: {'line': b'\x1b[01m\x1b[K/usr/include/c++/11/ostream:232:7:\x1b[m\x1b[K \x1b[01;36m\x1b[Knote: \x1b[m\x1b[Kcandidate: \xe2\x80\x98\x1b[01m\x1b[Kstd::basic_ostream<_CharT, _Traits>::__ostream_type& std::basic_ostream<_CharT, _Traits>::operator<<(long double) [with _CharT = char; _Traits = std::char_traits<char>; std::basic_ostream<_CharT, _Traits>::__ostream_type = std::basic_ostream<char>]\x1b[m\x1b[K\xe2\x80\x99\n'}
[1.592688] (moveit_control) StderrLine: {'line': b'  232 |       \x1b[01;36m\x1b[Koperator\x1b[m\x1b[K<<(long double __f)\n'}
[1.592712] (moveit_control) StderrLine: {'line': b'      |       \x1b[01;36m\x1b[K^~~~~~~~\x1b[m\x1b[K\n'}
[1.592736] (moveit_control) StderrLine: {'line': b'\x1b[01m\x1b[K/usr/include/c++/11/ostream:232:30:\x1b[m\x1b[K \x1b[01;36m\x1b[Knote: \x1b[m\x1b[K  no known conversion for argument 1 from \xe2\x80\x98\x1b[01m\x1b[Kstd_msgs::msg::Float64MultiArray_<std::allocator<void> >::_data_type\x1b[m\x1b[K\xe2\x80\x99 {aka \xe2\x80\x98\x1b[01m\x1b[Kstd::vector<double, std::allocator<double> >\x1b[m\x1b[K\xe2\x80\x99} to \xe2\x80\x98\x1b[01m\x1b[Klong double\x1b[m\x1b[K\xe2\x80\x99\n'}
[1.592763] (moveit_control) StderrLine: {'line': b'  232 |       operator<<(\x1b[01;36m\x1b[Klong double __f\x1b[m\x1b[K)\n'}
[1.592789] (moveit_control) StderrLine: {'line': b'      |                  \x1b[01;36m\x1b[K~~~~~~~~~~~~^~~\x1b[m\x1b[K\n'}
[1.592814] (moveit_control) StderrLine: {'line': b'\x1b[01m\x1b[K/usr/include/c++/11/ostream:245:7:\x1b[m\x1b[K \x1b[01;36m\x1b[Knote: \x1b[m\x1b[Kcandidate: \xe2\x80\x98\x1b[01m\x1b[Kstd::basic_ostream<_CharT, _Traits>::__ostream_type& std::basic_ostream<_CharT, _Traits>::operator<<(const void*) [with _CharT = char; _Traits = std::char_traits<char>; std::basic_ostream<_CharT, _Traits>::__ostream_type = std::basic_ostream<char>]\x1b[m\x1b[K\xe2\x80\x99\n'}
[1.592842] (moveit_control) StderrLine: {'line': b'  245 |       \x1b[01;36m\x1b[Koperator\x1b[m\x1b[K<<(const void* __p)\n'}
[1.592866] (moveit_control) StderrLine: {'line': b'      |       \x1b[01;36m\x1b[K^~~~~~~~\x1b[m\x1b[K\n'}
[1.592891] (moveit_control) StderrLine: {'line': b'\x1b[01m\x1b[K/usr/include/c++/11/ostream:245:30:\x1b[m\x1b[K \x1b[01;36m\x1b[Knote: \x1b[m\x1b[K  no known conversion for argument 1 from \xe2\x80\x98\x1b[01m\x1b[Kstd_msgs::msg::Float64MultiArray_<std::allocator<void> >::_data_type\x1b[m\x1b[K\xe2\x80\x99 {aka \xe2\x80\x98\x1b[01m\x1b[Kstd::vector<double, std::allocator<double> >\x1b[m\x1b[K\xe2\x80\x99} to \xe2\x80\x98\x1b[01m\x1b[Kconst void*\x1b[m\x1b[K\xe2\x80\x99\n'}
[1.592917] (moveit_control) StderrLine: {'line': b'  245 |       operator<<(\x1b[01;36m\x1b[Kconst void* __p\x1b[m\x1b[K)\n'}
[1.592942] (moveit_control) StderrLine: {'line': b'      |                  \x1b[01;36m\x1b[K~~~~~~~~~~~~^~~\x1b[m\x1b[K\n'}
[1.592967] (moveit_control) StderrLine: {'line': b'\x1b[01m\x1b[K/usr/include/c++/11/ostream:250:7:\x1b[m\x1b[K \x1b[01;36m\x1b[Knote: \x1b[m\x1b[Kcandidate: \xe2\x80\x98\x1b[01m\x1b[Kstd::basic_ostream<_CharT, _Traits>::__ostream_type& std::basic_ostream<_CharT, _Traits>::operator<<(std::nullptr_t) [with _CharT = char; _Traits = std::char_traits<char>; std::basic_ostream<_CharT, _Traits>::__ostream_type = std::basic_ostream<char>; std::nullptr_t = std::nullptr_t]\x1b[m\x1b[K\xe2\x80\x99\n'}
[1.592993] (moveit_control) StderrLine: {'line': b'  250 |       \x1b[01;36m\x1b[Koperator\x1b[m\x1b[K<<(nullptr_t)\n'}
[1.593018] (moveit_control) StderrLine: {'line': b'      |       \x1b[01;36m\x1b[K^~~~~~~~\x1b[m\x1b[K\n'}
[1.593042] (moveit_control) StderrLine: {'line': b'\x1b[01m\x1b[K/usr/include/c++/11/ostream:250:18:\x1b[m\x1b[K \x1b[01;36m\x1b[Knote: \x1b[m\x1b[K  no known conversion for argument 1 from \xe2\x80\x98\x1b[01m\x1b[Kstd_msgs::msg::Float64MultiArray_<std::allocator<void> >::_data_type\x1b[m\x1b[K\xe2\x80\x99 {aka \xe2\x80\x98\x1b[01m\x1b[Kstd::vector<double, std::allocator<double> >\x1b[m\x1b[K\xe2\x80\x99} to \xe2\x80\x98\x1b[01m\x1b[Kstd::nullptr_t\x1b[m\x1b[K\xe2\x80\x99\n'}
[1.593068] (moveit_control) StderrLine: {'line': b'  250 |       operator<<(\x1b[01;36m\x1b[Knullptr_t\x1b[m\x1b[K)\n'}
[1.593093] (moveit_control) StderrLine: {'line': b'      |                  \x1b[01;36m\x1b[K^~~~~~~~~\x1b[m\x1b[K\n'}
[1.593117] (moveit_control) StderrLine: {'line': b'In file included from \x1b[01m\x1b[K/usr/include/c++/11/ostream:829\x1b[m\x1b[K,\n'}
[1.593141] (moveit_control) StderrLine: {'line': b'                 from \x1b[01m\x1b[K/usr/include/c++/11/iostream:39\x1b[m\x1b[K,\n'}
[1.593165] (moveit_control) StderrLine: {'line': b'                 from \x1b[01m\x1b[K/home/aaron/ur_ws/src/moveit_control/src/forward_positions.cpp:2\x1b[m\x1b[K:\n'}
[1.593190] (moveit_control) StderrLine: {'line': b'\x1b[01m\x1b[K/usr/include/c++/11/bits/ostream.tcc:119:5:\x1b[m\x1b[K \x1b[01;36m\x1b[Knote: \x1b[m\x1b[Kcandidate: \xe2\x80\x98\x1b[01m\x1b[Kstd::basic_ostream<_CharT, _Traits>& std::basic_ostream<_CharT, _Traits>::operator<<(std::basic_ostream<_CharT, _Traits>::__streambuf_type*) [with _CharT = char; _Traits = std::char_traits<char>; std::basic_ostream<_CharT, _Traits>::__streambuf_type = std::basic_streambuf<char>]\x1b[m\x1b[K\xe2\x80\x99\n'}
[1.593220] (moveit_control) StderrLine: {'line': b'  119 |     \x1b[01;36m\x1b[Kbasic_ostream<_CharT, _Traits>\x1b[m\x1b[K::\n'}
[1.593245] (moveit_control) StderrLine: {'line': b'      |     \x1b[01;36m\x1b[K^~~~~~~~~~~~~~~~~~~~~~~~~~~~~~\x1b[m\x1b[K\n'}
[1.593269] (moveit_control) StderrLine: {'line': b'\x1b[01m\x1b[K/usr/include/c++/11/bits/ostream.tcc:120:34:\x1b[m\x1b[K \x1b[01;36m\x1b[Knote: \x1b[m\x1b[K  no known conversion for argument 1 from \xe2\x80\x98\x1b[01m\x1b[Kstd_msgs::msg::Float64MultiArray_<std::allocator<void> >::_data_type\x1b[m\x1b[K\xe2\x80\x99 {aka \xe2\x80\x98\x1b[01m\x1b[Kstd::vector<double, std::allocator<double> >\x1b[m\x1b[K\xe2\x80\x99} to \xe2\x80\x98\x1b[01m\x1b[Kstd::basic_ostream<char>::__streambuf_type*\x1b[m\x1b[K\xe2\x80\x99 {aka \xe2\x80\x98\x1b[01m\x1b[Kstd::basic_streambuf<char>*\x1b[m\x1b[K\xe2\x80\x99}\n'}
[1.593297] (moveit_control) StderrLine: {'line': b'  120 |     operator<<(\x1b[01;36m\x1b[K__streambuf_type* __sbin\x1b[m\x1b[K)\n'}
[1.593322] (moveit_control) StderrLine: {'line': b'      |                \x1b[01;36m\x1b[K~~~~~~~~~~~~~~~~~~^~~~~~\x1b[m\x1b[K\n'}
[1.593346] (moveit_control) StderrLine: {'line': b'In file included from \x1b[01m\x1b[K/usr/include/c++/11/bits/basic_string.h:48\x1b[m\x1b[K,\n'}
[1.593371] (moveit_control) StderrLine: {'line': b'                 from \x1b[01m\x1b[K/usr/include/c++/11/string:55\x1b[m\x1b[K,\n'}
[1.593396] (moveit_control) StderrLine: {'line': b'                 from \x1b[01m\x1b[K/usr/include/c++/11/bits/locale_classes.h:40\x1b[m\x1b[K,\n'}
[1.593420] (moveit_control) StderrLine: {'line': b'                 from \x1b[01m\x1b[K/usr/include/c++/11/bits/ios_base.h:41\x1b[m\x1b[K,\n'}
[1.593444] (moveit_control) StderrLine: {'line': b'                 from \x1b[01m\x1b[K/usr/include/c++/11/ios:42\x1b[m\x1b[K,\n'}
[1.593469] (moveit_control) StderrLine: {'line': b'                 from \x1b[01m\x1b[K/usr/include/c++/11/ostream:38\x1b[m\x1b[K,\n'}
[1.593496] (moveit_control) StderrLine: {'line': b'                 from \x1b[01m\x1b[K/usr/include/c++/11/iostream:39\x1b[m\x1b[K,\n'}
[1.593522] (moveit_control) StderrLine: {'line': b'                 from \x1b[01m\x1b[K/home/aaron/ur_ws/src/moveit_control/src/forward_positions.cpp:2\x1b[m\x1b[K:\n'}
[1.593548] (moveit_control) StderrLine: {'line': b'\x1b[01m\x1b[K/usr/include/c++/11/string_view:667:5:\x1b[m\x1b[K \x1b[01;36m\x1b[Knote: \x1b[m\x1b[Kcandidate: \xe2\x80\x98\x1b[01m\x1b[Ktemplate<class _CharT, class _Traits> std::basic_ostream<_CharT, _Traits>& std::operator<<(std::basic_ostream<_CharT, _Traits>&, std::basic_string_view<_CharT, _Traits>)\x1b[m\x1b[K\xe2\x80\x99\n'}
[1.593578] (moveit_control) StderrLine: {'line': b'  667 |     \x1b[01;36m\x1b[Koperator\x1b[m\x1b[K<<(basic_ostream<_CharT, _Traits>& __os,\n'}
[1.593605] (moveit_control) StderrLine: {'line': b'      |     \x1b[01;36m\x1b[K^~~~~~~~\x1b[m\x1b[K\n'}
[1.593630] (moveit_control) StderrLine: {'line': b'\x1b[01m\x1b[K/usr/include/c++/11/string_view:667:5:\x1b[m\x1b[K \x1b[01;36m\x1b[Knote: \x1b[m\x1b[K  template argument deduction/substitution failed:\n'}
[1.593658] (moveit_control) StderrLine: {'line': b'\x1b[01m\x1b[K/home/aaron/ur_ws/src/moveit_control/src/forward_positions.cpp:62:28:\x1b[m\x1b[K \x1b[01;36m\x1b[Knote: \x1b[m\x1b[K  \xe2\x80\x98\x1b[01m\x1b[Kstd::vector<double, std::allocator<double> >\x1b[m\x1b[K\xe2\x80\x99 is not derived from \xe2\x80\x98\x1b[01m\x1b[Kstd::basic_string_view<_CharT, _Traits>\x1b[m\x1b[K\xe2\x80\x99\n'}
[1.593685] (moveit_control) StderrLine: {'line': b'   62 |             std::cout<<msg.\x1b[01;36m\x1b[Kdata\x1b[m\x1b[K;\n'}
[1.593710] (moveit_control) StderrLine: {'line': b'      |                            \x1b[01;36m\x1b[K^~~~\x1b[m\x1b[K\n'}
[1.593736] (moveit_control) StderrLine: {'line': b'In file included from \x1b[01m\x1b[K/usr/include/c++/11/string:55\x1b[m\x1b[K,\n'}
[1.593761] (moveit_control) StderrLine: {'line': b'                 from \x1b[01m\x1b[K/usr/include/c++/11/bits/locale_classes.h:40\x1b[m\x1b[K,\n'}
[1.593786] (moveit_control) StderrLine: {'line': b'                 from \x1b[01m\x1b[K/usr/include/c++/11/bits/ios_base.h:41\x1b[m\x1b[K,\n'}
[1.593812] (moveit_control) StderrLine: {'line': b'                 from \x1b[01m\x1b[K/usr/include/c++/11/ios:42\x1b[m\x1b[K,\n'}
[1.593836] (moveit_control) StderrLine: {'line': b'                 from \x1b[01m\x1b[K/usr/include/c++/11/ostream:38\x1b[m\x1b[K,\n'}
[1.593861] (moveit_control) StderrLine: {'line': b'                 from \x1b[01m\x1b[K/usr/include/c++/11/iostream:39\x1b[m\x1b[K,\n'}
[1.593886] (moveit_control) StderrLine: {'line': b'                 from \x1b[01m\x1b[K/home/aaron/ur_ws/src/moveit_control/src/forward_positions.cpp:2\x1b[m\x1b[K:\n'}
[1.593910] (moveit_control) StderrLine: {'line': b'\x1b[01m\x1b[K/usr/include/c++/11/bits/basic_string.h:6531:5:\x1b[m\x1b[K \x1b[01;36m\x1b[Knote: \x1b[m\x1b[Kcandidate: \xe2\x80\x98\x1b[01m\x1b[Ktemplate<class _CharT, class _Traits, class _Alloc> std::basic_ostream<_CharT, _Traits>& std::operator<<(std::basic_ostream<_CharT, _Traits>&, const std::__cxx11::basic_string<_CharT, _Traits, _Allocator>&)\x1b[m\x1b[K\xe2\x80\x99\n'}
[1.593937] (moveit_control) StderrLine: {'line': b' 6531 |     \x1b[01;36m\x1b[Koperator\x1b[m\x1b[K<<(basic_ostream<_CharT, _Traits>& __os,\n'}
[1.593962] (moveit_control) StderrLine: {'line': b'      |     \x1b[01;36m\x1b[K^~~~~~~~\x1b[m\x1b[K\n'}
[1.593987] (moveit_control) StderrLine: {'line': b'\x1b[01m\x1b[K/usr/include/c++/11/bits/basic_string.h:6531:5:\x1b[m\x1b[K \x1b[01;36m\x1b[Knote: \x1b[m\x1b[K  template argument deduction/substitution failed:\n'}
[1.594013] (moveit_control) StderrLine: {'line': b'\x1b[01m\x1b[K/home/aaron/ur_ws/src/moveit_control/src/forward_positions.cpp:62:28:\x1b[m\x1b[K \x1b[01;36m\x1b[Knote: \x1b[m\x1b[K  \xe2\x80\x98\x1b[01m\x1b[Kstd_msgs::msg::Float64MultiArray_<std::allocator<void> >::_data_type\x1b[m\x1b[K\xe2\x80\x99 {aka \xe2\x80\x98\x1b[01m\x1b[Kstd::vector<double, std::allocator<double> >\x1b[m\x1b[K\xe2\x80\x99} is not derived from \xe2\x80\x98\x1b[01m\x1b[Kconst std::__cxx11::basic_string<_CharT, _Traits, _Allocator>\x1b[m\x1b[K\xe2\x80\x99\n'}
[1.594039] (moveit_control) StderrLine: {'line': b'   62 |             std::cout<<msg.\x1b[01;36m\x1b[Kdata\x1b[m\x1b[K;\n'}
[1.594066] (moveit_control) StderrLine: {'line': b'      |                            \x1b[01;36m\x1b[K^~~~\x1b[m\x1b[K\n'}
[1.594091] (moveit_control) StderrLine: {'line': b'In file included from \x1b[01m\x1b[K/usr/include/c++/11/bits/ios_base.h:46\x1b[m\x1b[K,\n'}
[1.594117] (moveit_control) StderrLine: {'line': b'                 from \x1b[01m\x1b[K/usr/include/c++/11/ios:42\x1b[m\x1b[K,\n'}
[1.594143] (moveit_control) StderrLine: {'line': b'                 from \x1b[01m\x1b[K/usr/include/c++/11/ostream:38\x1b[m\x1b[K,\n'}
[1.594167] (moveit_control) StderrLine: {'line': b'                 from \x1b[01m\x1b[K/usr/include/c++/11/iostream:39\x1b[m\x1b[K,\n'}
[1.594190] (moveit_control) StderrLine: {'line': b'                 from \x1b[01m\x1b[K/home/aaron/ur_ws/src/moveit_control/src/forward_positions.cpp:2\x1b[m\x1b[K:\n'}
[1.594218] (moveit_control) StderrLine: {'line': b'\x1b[01m\x1b[K/usr/include/c++/11/system_error:279:5:\x1b[m\x1b[K \x1b[01;36m\x1b[Knote: \x1b[m\x1b[Kcandidate: \xe2\x80\x98\x1b[01m\x1b[Ktemplate<class _CharT, class _Traits> std::basic_ostream<_CharT, _Traits>& std::operator<<(std::basic_ostream<_CharT, _Traits>&, const std::error_code&)\x1b[m\x1b[K\xe2\x80\x99\n'}
[1.594245] (moveit_control) StderrLine: {'line': b'  279 |     \x1b[01;36m\x1b[Koperator\x1b[m\x1b[K<<(basic_ostream<_CharT, _Traits>& __os, const error_code& __e)\n'}
[1.594270] (moveit_control) StderrLine: {'line': b'      |     \x1b[01;36m\x1b[K^~~~~~~~\x1b[m\x1b[K\n'}
[1.594297] (moveit_control) StderrLine: {'line': b'\x1b[01m\x1b[K/usr/include/c++/11/system_error:279:5:\x1b[m\x1b[K \x1b[01;36m\x1b[Knote: \x1b[m\x1b[K  template argument deduction/substitution failed:\n'}
[1.594322] (moveit_control) StderrLine: {'line': b'\x1b[01m\x1b[K/home/aaron/ur_ws/src/moveit_control/src/forward_positions.cpp:62:28:\x1b[m\x1b[K \x1b[01;36m\x1b[Knote: \x1b[m\x1b[K  cannot convert \xe2\x80\x98\x1b[01m\x1b[Kmsg.std_msgs::msg::Float64MultiArray_<std::allocator<void> >::data\x1b[m\x1b[K\xe2\x80\x99 (type \xe2\x80\x98\x1b[01m\x1b[Kstd_msgs::msg::Float64MultiArray_<std::allocator<void> >::_data_type\x1b[m\x1b[K\xe2\x80\x99 {aka \xe2\x80\x98\x1b[01m\x1b[Kstd::vector<double, std::allocator<double> >\x1b[m\x1b[K\xe2\x80\x99}) to type \xe2\x80\x98\x1b[01m\x1b[Kconst std::error_code&\x1b[m\x1b[K\xe2\x80\x99\n'}
[1.594349] (moveit_control) StderrLine: {'line': b'   62 |             std::cout<<\x1b[01;36m\x1b[Kmsg.data\x1b[m\x1b[K;\n'}
[1.594374] (moveit_control) StderrLine: {'line': b'      |                        \x1b[01;36m\x1b[K~~~~^~~~\x1b[m\x1b[K\n'}
[1.594399] (moveit_control) StderrLine: {'line': b'In file included from \x1b[01m\x1b[K/usr/include/c++/11/iostream:39\x1b[m\x1b[K,\n'}
[1.594423] (moveit_control) StderrLine: {'line': b'                 from \x1b[01m\x1b[K/home/aaron/ur_ws/src/moveit_control/src/forward_positions.cpp:2\x1b[m\x1b[K:\n'}
[1.594447] (moveit_control) StderrLine: {'line': b'\x1b[01m\x1b[K/usr/include/c++/11/ostream:513:5:\x1b[m\x1b[K \x1b[01;36m\x1b[Knote: \x1b[m\x1b[Kcandidate: \xe2\x80\x98\x1b[01m\x1b[Ktemplate<class _CharT, class _Traits> std::basic_ostream<_CharT, _Traits>& std::operator<<(std::basic_ostream<_CharT, _Traits>&, _CharT)\x1b[m\x1b[K\xe2\x80\x99\n'}
[1.594475] (moveit_control) StderrLine: {'line': b'  513 |     \x1b[01;36m\x1b[Koperator\x1b[m\x1b[K<<(basic_ostream<_CharT, _Traits>& __out, _CharT __c)\n'}
[1.594499] (moveit_control) StderrLine: {'line': b'      |     \x1b[01;36m\x1b[K^~~~~~~~\x1b[m\x1b[K\n'}
[1.594524] (moveit_control) StderrLine: {'line': b'\x1b[01m\x1b[K/usr/include/c++/11/ostream:513:5:\x1b[m\x1b[K \x1b[01;36m\x1b[Knote: \x1b[m\x1b[K  template argument deduction/substitution failed:\n'}
[1.594551] (moveit_control) StderrLine: {'line': b'\x1b[01m\x1b[K/home/aaron/ur_ws/src/moveit_control/src/forward_positions.cpp:62:28:\x1b[m\x1b[K \x1b[01;36m\x1b[Knote: \x1b[m\x1b[K  deduced conflicting types for parameter \xe2\x80\x98\x1b[01m\x1b[K_CharT\x1b[m\x1b[K\xe2\x80\x99 (\xe2\x80\x98\x1b[01m\x1b[Kchar\x1b[m\x1b[K\xe2\x80\x99 and \xe2\x80\x98\x1b[01m\x1b[Kstd::vector<double, std::allocator<double> >\x1b[m\x1b[K\xe2\x80\x99)\n'}
[1.594581] (moveit_control) StderrLine: {'line': b'   62 |             std::cout<<msg.\x1b[01;36m\x1b[Kdata\x1b[m\x1b[K;\n'}
[1.594607] (moveit_control) StderrLine: {'line': b'      |                            \x1b[01;36m\x1b[K^~~~\x1b[m\x1b[K\n'}
[1.594633] (moveit_control) StderrLine: {'line': b'In file included from \x1b[01m\x1b[K/usr/include/c++/11/iostream:39\x1b[m\x1b[K,\n'}
[1.594658] (moveit_control) StderrLine: {'line': b'                 from \x1b[01m\x1b[K/home/aaron/ur_ws/src/moveit_control/src/forward_positions.cpp:2\x1b[m\x1b[K:\n'}
[1.594683] (moveit_control) StderrLine: {'line': b'\x1b[01m\x1b[K/usr/include/c++/11/ostream:518:5:\x1b[m\x1b[K \x1b[01;36m\x1b[Knote: \x1b[m\x1b[Kcandidate: \xe2\x80\x98\x1b[01m\x1b[Ktemplate<class _CharT, class _Traits> std::basic_ostream<_CharT, _Traits>& std::operator<<(std::basic_ostream<_CharT, _Traits>&, char)\x1b[m\x1b[K\xe2\x80\x99\n'}
[1.594707] (moveit_control) StderrLine: {'line': b'  518 |     \x1b[01;36m\x1b[Koperator\x1b[m\x1b[K<<(basic_ostream<_CharT, _Traits>& __out, char __c)\n'}
[1.594732] (moveit_control) StderrLine: {'line': b'      |     \x1b[01;36m\x1b[K^~~~~~~~\x1b[m\x1b[K\n'}
[1.594758] (moveit_control) StderrLine: {'line': b'\x1b[01m\x1b[K/usr/include/c++/11/ostream:518:5:\x1b[m\x1b[K \x1b[01;36m\x1b[Knote: \x1b[m\x1b[K  template argument deduction/substitution failed:\n'}
[1.594783] (moveit_control) StderrLine: {'line': b'\x1b[01m\x1b[K/home/aaron/ur_ws/src/moveit_control/src/forward_positions.cpp:62:28:\x1b[m\x1b[K \x1b[01;36m\x1b[Knote: \x1b[m\x1b[K  cannot convert \xe2\x80\x98\x1b[01m\x1b[Kmsg.std_msgs::msg::Float64MultiArray_<std::allocator<void> >::data\x1b[m\x1b[K\xe2\x80\x99 (type \xe2\x80\x98\x1b[01m\x1b[Kstd_msgs::msg::Float64MultiArray_<std::allocator<void> >::_data_type\x1b[m\x1b[K\xe2\x80\x99 {aka \xe2\x80\x98\x1b[01m\x1b[Kstd::vector<double, std::allocator<double> >\x1b[m\x1b[K\xe2\x80\x99}) to type \xe2\x80\x98\x1b[01m\x1b[Kchar\x1b[m\x1b[K\xe2\x80\x99\n'}
[1.594814] (moveit_control) StderrLine: {'line': b'   62 |             std::cout<<\x1b[01;36m\x1b[Kmsg.data\x1b[m\x1b[K;\n'}
[1.594839] (moveit_control) StderrLine: {'line': b'      |                        \x1b[01;36m\x1b[K~~~~^~~~\x1b[m\x1b[K\n'}
[1.594864] (moveit_control) StderrLine: {'line': b'In file included from \x1b[01m\x1b[K/usr/include/c++/11/iostream:39\x1b[m\x1b[K,\n'}
[1.594889] (moveit_control) StderrLine: {'line': b'                 from \x1b[01m\x1b[K/home/aaron/ur_ws/src/moveit_control/src/forward_positions.cpp:2\x1b[m\x1b[K:\n'}
[1.594914] (moveit_control) StderrLine: {'line': b'\x1b[01m\x1b[K/usr/include/c++/11/ostream:524:5:\x1b[m\x1b[K \x1b[01;36m\x1b[Knote: \x1b[m\x1b[Kcandidate: \xe2\x80\x98\x1b[01m\x1b[Ktemplate<class _Traits> std::basic_ostream<char, _Traits>& std::operator<<(std::basic_ostream<char, _Traits>&, char)\x1b[m\x1b[K\xe2\x80\x99\n'}
[1.594940] (moveit_control) StderrLine: {'line': b'  524 |     \x1b[01;36m\x1b[Koperator\x1b[m\x1b[K<<(basic_ostream<char, _Traits>& __out, char __c)\n'}
[1.594966] (moveit_control) StderrLine: {'line': b'      |     \x1b[01;36m\x1b[K^~~~~~~~\x1b[m\x1b[K\n'}
[1.594991] (moveit_control) StderrLine: {'line': b'\x1b[01m\x1b[K/usr/include/c++/11/ostream:524:5:\x1b[m\x1b[K \x1b[01;36m\x1b[Knote: \x1b[m\x1b[K  template argument deduction/substitution failed:\n'}
[1.595015] (moveit_control) StderrLine: {'line': b'\x1b[01m\x1b[K/home/aaron/ur_ws/src/moveit_control/src/forward_positions.cpp:62:28:\x1b[m\x1b[K \x1b[01;36m\x1b[Knote: \x1b[m\x1b[K  cannot convert \xe2\x80\x98\x1b[01m\x1b[Kmsg.std_msgs::msg::Float64MultiArray_<std::allocator<void> >::data\x1b[m\x1b[K\xe2\x80\x99 (type \xe2\x80\x98\x1b[01m\x1b[Kstd_msgs::msg::Float64MultiArray_<std::allocator<void> >::_data_type\x1b[m\x1b[K\xe2\x80\x99 {aka \xe2\x80\x98\x1b[01m\x1b[Kstd::vector<double, std::allocator<double> >\x1b[m\x1b[K\xe2\x80\x99}) to type \xe2\x80\x98\x1b[01m\x1b[Kchar\x1b[m\x1b[K\xe2\x80\x99\n'}
[1.595046] (moveit_control) StderrLine: {'line': b'   62 |             std::cout<<\x1b[01;36m\x1b[Kmsg.data\x1b[m\x1b[K;\n'}
[1.595071] (moveit_control) StderrLine: {'line': b'      |                        \x1b[01;36m\x1b[K~~~~^~~~\x1b[m\x1b[K\n'}
[1.595096] (moveit_control) StderrLine: {'line': b'In file included from \x1b[01m\x1b[K/usr/include/c++/11/iostream:39\x1b[m\x1b[K,\n'}
[1.595121] (moveit_control) StderrLine: {'line': b'                 from \x1b[01m\x1b[K/home/aaron/ur_ws/src/moveit_control/src/forward_positions.cpp:2\x1b[m\x1b[K:\n'}
[1.595146] (moveit_control) StderrLine: {'line': b'\x1b[01m\x1b[K/usr/include/c++/11/ostream:530:5:\x1b[m\x1b[K \x1b[01;36m\x1b[Knote: \x1b[m\x1b[Kcandidate: \xe2\x80\x98\x1b[01m\x1b[Ktemplate<class _Traits> std::basic_ostream<char, _Traits>& std::operator<<(std::basic_ostream<char, _Traits>&, signed char)\x1b[m\x1b[K\xe2\x80\x99\n'}
[1.595172] (moveit_control) StderrLine: {'line': b'  530 |     \x1b[01;36m\x1b[Koperator\x1b[m\x1b[K<<(basic_ostream<char, _Traits>& __out, signed char __c)\n'}
[1.595196] (moveit_control) StderrLine: {'line': b'      |     \x1b[01;36m\x1b[K^~~~~~~~\x1b[m\x1b[K\n'}
[1.595220] (moveit_control) StderrLine: {'line': b'\x1b[01m\x1b[K/usr/include/c++/11/ostream:530:5:\x1b[m\x1b[K \x1b[01;36m\x1b[Knote: \x1b[m\x1b[K  template argument deduction/substitution failed:\n'}
[1.595244] (moveit_control) StderrLine: {'line': b'\x1b[01m\x1b[K/home/aaron/ur_ws/src/moveit_control/src/forward_positions.cpp:62:28:\x1b[m\x1b[K \x1b[01;36m\x1b[Knote: \x1b[m\x1b[K  cannot convert \xe2\x80\x98\x1b[01m\x1b[Kmsg.std_msgs::msg::Float64MultiArray_<std::allocator<void> >::data\x1b[m\x1b[K\xe2\x80\x99 (type \xe2\x80\x98\x1b[01m\x1b[Kstd_msgs::msg::Float64MultiArray_<std::allocator<void> >::_data_type\x1b[m\x1b[K\xe2\x80\x99 {aka \xe2\x80\x98\x1b[01m\x1b[Kstd::vector<double, std::allocator<double> >\x1b[m\x1b[K\xe2\x80\x99}) to type \xe2\x80\x98\x1b[01m\x1b[Ksigned char\x1b[m\x1b[K\xe2\x80\x99\n'}
[1.595275] (moveit_control) StderrLine: {'line': b'   62 |             std::cout<<\x1b[01;36m\x1b[Kmsg.data\x1b[m\x1b[K;\n'}
[1.595300] (moveit_control) StderrLine: {'line': b'      |                        \x1b[01;36m\x1b[K~~~~^~~~\x1b[m\x1b[K\n'}
[1.595325] (moveit_control) StderrLine: {'line': b'In file included from \x1b[01m\x1b[K/usr/include/c++/11/iostream:39\x1b[m\x1b[K,\n'}
[1.595350] (moveit_control) StderrLine: {'line': b'                 from \x1b[01m\x1b[K/home/aaron/ur_ws/src/moveit_control/src/forward_positions.cpp:2\x1b[m\x1b[K:\n'}
[1.595375] (moveit_control) StderrLine: {'line': b'\x1b[01m\x1b[K/usr/include/c++/11/ostream:535:5:\x1b[m\x1b[K \x1b[01;36m\x1b[Knote: \x1b[m\x1b[Kcandidate: \xe2\x80\x98\x1b[01m\x1b[Ktemplate<class _Traits> std::basic_ostream<char, _Traits>& std::operator<<(std::basic_ostream<char, _Traits>&, unsigned char)\x1b[m\x1b[K\xe2\x80\x99\n'}
[1.595400] (moveit_control) StderrLine: {'line': b'  535 |     \x1b[01;36m\x1b[Koperator\x1b[m\x1b[K<<(basic_ostream<char, _Traits>& __out, unsigned char __c)\n'}
[1.595425] (moveit_control) StderrLine: {'line': b'      |     \x1b[01;36m\x1b[K^~~~~~~~\x1b[m\x1b[K\n'}
[1.595450] (moveit_control) StderrLine: {'line': b'\x1b[01m\x1b[K/usr/include/c++/11/ostream:535:5:\x1b[m\x1b[K \x1b[01;36m\x1b[Knote: \x1b[m\x1b[K  template argument deduction/substitution failed:\n'}
[1.595474] (moveit_control) StderrLine: {'line': b'\x1b[01m\x1b[K/home/aaron/ur_ws/src/moveit_control/src/forward_positions.cpp:62:28:\x1b[m\x1b[K \x1b[01;36m\x1b[Knote: \x1b[m\x1b[K  cannot convert \xe2\x80\x98\x1b[01m\x1b[Kmsg.std_msgs::msg::Float64MultiArray_<std::allocator<void> >::data\x1b[m\x1b[K\xe2\x80\x99 (type \xe2\x80\x98\x1b[01m\x1b[Kstd_msgs::msg::Float64MultiArray_<std::allocator<void> >::_data_type\x1b[m\x1b[K\xe2\x80\x99 {aka \xe2\x80\x98\x1b[01m\x1b[Kstd::vector<double, std::allocator<double> >\x1b[m\x1b[K\xe2\x80\x99}) to type \xe2\x80\x98\x1b[01m\x1b[Kunsigned char\x1b[m\x1b[K\xe2\x80\x99\n'}
[1.595502] (moveit_control) StderrLine: {'line': b'   62 |             std::cout<<\x1b[01;36m\x1b[Kmsg.data\x1b[m\x1b[K;\n'}
[1.595527] (moveit_control) StderrLine: {'line': b'      |                        \x1b[01;36m\x1b[K~~~~^~~~\x1b[m\x1b[K\n'}
[1.595552] (moveit_control) StderrLine: {'line': b'In file included from \x1b[01m\x1b[K/usr/include/c++/11/iostream:39\x1b[m\x1b[K,\n'}
[1.595580] (moveit_control) StderrLine: {'line': b'                 from \x1b[01m\x1b[K/home/aaron/ur_ws/src/moveit_control/src/forward_positions.cpp:2\x1b[m\x1b[K:\n'}
[1.595606] (moveit_control) StderrLine: {'line': b'\x1b[01m\x1b[K/usr/include/c++/11/ostream:594:5:\x1b[m\x1b[K \x1b[01;36m\x1b[Knote: \x1b[m\x1b[Kcandidate: \xe2\x80\x98\x1b[01m\x1b[Ktemplate<class _CharT, class _Traits> std::basic_ostream<_CharT, _Traits>& std::operator<<(std::basic_ostream<_CharT, _Traits>&, const _CharT*)\x1b[m\x1b[K\xe2\x80\x99\n'}
[1.595632] (moveit_control) StderrLine: {'line': b'  594 |     \x1b[01;36m\x1b[Koperator\x1b[m\x1b[K<<(basic_ostream<_CharT, _Traits>& __out, const _CharT* __s)\n'}
[1.595657] (moveit_control) StderrLine: {'line': b'      |     \x1b[01;36m\x1b[K^~~~~~~~\x1b[m\x1b[K\n'}
[1.595681] (moveit_control) StderrLine: {'line': b'\x1b[01m\x1b[K/usr/include/c++/11/ostream:594:5:\x1b[m\x1b[K \x1b[01;36m\x1b[Knote: \x1b[m\x1b[K  template argument deduction/substitution failed:\n'}
[1.595706] (moveit_control) StderrLine: {'line': b'\x1b[01m\x1b[K/home/aaron/ur_ws/src/moveit_control/src/forward_positions.cpp:62:28:\x1b[m\x1b[K \x1b[01;36m\x1b[Knote: \x1b[m\x1b[K  mismatched types \xe2\x80\x98\x1b[01m\x1b[Kconst _CharT*\x1b[m\x1b[K\xe2\x80\x99 and \xe2\x80\x98\x1b[01m\x1b[Kstd::vector<double, std::allocator<double> >\x1b[m\x1b[K\xe2\x80\x99\n'}
[1.595733] (moveit_control) StderrLine: {'line': b'   62 |             std::cout<<msg.\x1b[01;36m\x1b[Kdata\x1b[m\x1b[K;\n'}
[1.595758] (moveit_control) StderrLine: {'line': b'      |                            \x1b[01;36m\x1b[K^~~~\x1b[m\x1b[K\n'}
[1.595784] (moveit_control) StderrLine: {'line': b'In file included from \x1b[01m\x1b[K/usr/include/c++/11/ostream:829\x1b[m\x1b[K,\n'}
[1.595808] (moveit_control) StderrLine: {'line': b'                 from \x1b[01m\x1b[K/usr/include/c++/11/iostream:39\x1b[m\x1b[K,\n'}
[1.595833] (moveit_control) StderrLine: {'line': b'                 from \x1b[01m\x1b[K/home/aaron/ur_ws/src/moveit_control/src/forward_positions.cpp:2\x1b[m\x1b[K:\n'}
[1.595859] (moveit_control) StderrLine: {'line': b'\x1b[01m\x1b[K/usr/include/c++/11/bits/ostream.tcc:321:5:\x1b[m\x1b[K \x1b[01;36m\x1b[Knote: \x1b[m\x1b[Kcandidate: \xe2\x80\x98\x1b[01m\x1b[Ktemplate<class _CharT, class _Traits> std::basic_ostream<_CharT, _Traits>& std::operator<<(std::basic_ostream<_CharT, _Traits>&, const char*)\x1b[m\x1b[K\xe2\x80\x99\n'}
[1.595888] (moveit_control) StderrLine: {'line': b'  321 |     \x1b[01;36m\x1b[Koperator\x1b[m\x1b[K<<(basic_ostream<_CharT, _Traits>& __out, const char* __s)\n'}
[1.595914] (moveit_control) StderrLine: {'line': b'      |     \x1b[01;36m\x1b[K^~~~~~~~\x1b[m\x1b[K\n'}
[1.595939] (moveit_control) StderrLine: {'line': b'\x1b[01m\x1b[K/usr/include/c++/11/bits/ostream.tcc:321:5:\x1b[m\x1b[K \x1b[01;36m\x1b[Knote: \x1b[m\x1b[K  template argument deduction/substitution failed:\n'}
[1.595964] (moveit_control) StderrLine: {'line': b'\x1b[01m\x1b[K/home/aaron/ur_ws/src/moveit_control/src/forward_positions.cpp:62:28:\x1b[m\x1b[K \x1b[01;36m\x1b[Knote: \x1b[m\x1b[K  cannot convert \xe2\x80\x98\x1b[01m\x1b[Kmsg.std_msgs::msg::Float64MultiArray_<std::allocator<void> >::data\x1b[m\x1b[K\xe2\x80\x99 (type \xe2\x80\x98\x1b[01m\x1b[Kstd_msgs::msg::Float64MultiArray_<std::allocator<void> >::_data_type\x1b[m\x1b[K\xe2\x80\x99 {aka \xe2\x80\x98\x1b[01m\x1b[Kstd::vector<double, std::allocator<double> >\x1b[m\x1b[K\xe2\x80\x99}) to type \xe2\x80\x98\x1b[01m\x1b[Kconst char*\x1b[m\x1b[K\xe2\x80\x99\n'}
[1.595990] (moveit_control) StderrLine: {'line': b'   62 |             std::cout<<\x1b[01;36m\x1b[Kmsg.data\x1b[m\x1b[K;\n'}
[1.596017] (moveit_control) StderrLine: {'line': b'      |                        \x1b[01;36m\x1b[K~~~~^~~~\x1b[m\x1b[K\n'}
[1.596042] (moveit_control) StderrLine: {'line': b'In file included from \x1b[01m\x1b[K/usr/include/c++/11/iostream:39\x1b[m\x1b[K,\n'}
[1.596066] (moveit_control) StderrLine: {'line': b'                 from \x1b[01m\x1b[K/home/aaron/ur_ws/src/moveit_control/src/forward_positions.cpp:2\x1b[m\x1b[K:\n'}
[1.596091] (moveit_control) StderrLine: {'line': b'\x1b[01m\x1b[K/usr/include/c++/11/ostream:611:5:\x1b[m\x1b[K \x1b[01;36m\x1b[Knote: \x1b[m\x1b[Kcandidate: \xe2\x80\x98\x1b[01m\x1b[Ktemplate<class _Traits> std::basic_ostream<char, _Traits>& std::operator<<(std::basic_ostream<char, _Traits>&, const char*)\x1b[m\x1b[K\xe2\x80\x99\n'}
[1.596116] (moveit_control) StderrLine: {'line': b'  611 |     \x1b[01;36m\x1b[Koperator\x1b[m\x1b[K<<(basic_ostream<char, _Traits>& __out, const char* __s)\n'}
[1.596141] (moveit_control) StderrLine: {'line': b'      |     \x1b[01;36m\x1b[K^~~~~~~~\x1b[m\x1b[K\n'}
[1.596165] (moveit_control) StderrLine: {'line': b'\x1b[01m\x1b[K/usr/include/c++/11/ostream:611:5:\x1b[m\x1b[K \x1b[01;36m\x1b[Knote: \x1b[m\x1b[K  template argument deduction/substitution failed:\n'}
[1.596190] (moveit_control) StderrLine: {'line': b'\x1b[01m\x1b[K/home/aaron/ur_ws/src/moveit_control/src/forward_positions.cpp:62:28:\x1b[m\x1b[K \x1b[01;36m\x1b[Knote: \x1b[m\x1b[K  cannot convert \xe2\x80\x98\x1b[01m\x1b[Kmsg.std_msgs::msg::Float64MultiArray_<std::allocator<void> >::data\x1b[m\x1b[K\xe2\x80\x99 (type \xe2\x80\x98\x1b[01m\x1b[Kstd_msgs::msg::Float64MultiArray_<std::allocator<void> >::_data_type\x1b[m\x1b[K\xe2\x80\x99 {aka \xe2\x80\x98\x1b[01m\x1b[Kstd::vector<double, std::allocator<double> >\x1b[m\x1b[K\xe2\x80\x99}) to type \xe2\x80\x98\x1b[01m\x1b[Kconst char*\x1b[m\x1b[K\xe2\x80\x99\n'}
[1.596217] (moveit_control) StderrLine: {'line': b'   62 |             std::cout<<\x1b[01;36m\x1b[Kmsg.data\x1b[m\x1b[K;\n'}
[1.596243] (moveit_control) StderrLine: {'line': b'      |                        \x1b[01;36m\x1b[K~~~~^~~~\x1b[m\x1b[K\n'}
[1.596268] (moveit_control) StderrLine: {'line': b'In file included from \x1b[01m\x1b[K/usr/include/c++/11/iostream:39\x1b[m\x1b[K,\n'}
[1.596292] (moveit_control) StderrLine: {'line': b'                 from \x1b[01m\x1b[K/home/aaron/ur_ws/src/moveit_control/src/forward_positions.cpp:2\x1b[m\x1b[K:\n'}
[1.596317] (moveit_control) StderrLine: {'line': b'\x1b[01m\x1b[K/usr/include/c++/11/ostream:624:5:\x1b[m\x1b[K \x1b[01;36m\x1b[Knote: \x1b[m\x1b[Kcandidate: \xe2\x80\x98\x1b[01m\x1b[Ktemplate<class _Traits> std::basic_ostream<char, _Traits>& std::operator<<(std::basic_ostream<char, _Traits>&, const signed char*)\x1b[m\x1b[K\xe2\x80\x99\n'}
[1.596342] (moveit_control) StderrLine: {'line': b'  624 |     \x1b[01;36m\x1b[Koperator\x1b[m\x1b[K<<(basic_ostream<char, _Traits>& __out, const signed char* __s)\n'}
[1.596366] (moveit_control) StderrLine: {'line': b'      |     \x1b[01;36m\x1b[K^~~~~~~~\x1b[m\x1b[K\n'}
[1.596390] (moveit_control) StderrLine: {'line': b'\x1b[01m\x1b[K/usr/include/c++/11/ostream:624:5:\x1b[m\x1b[K \x1b[01;36m\x1b[Knote: \x1b[m\x1b[K  template argument deduction/substitution failed:\n'}
[1.596415] (moveit_control) StderrLine: {'line': b'\x1b[01m\x1b[K/home/aaron/ur_ws/src/moveit_control/src/forward_positions.cpp:62:28:\x1b[m\x1b[K \x1b[01;36m\x1b[Knote: \x1b[m\x1b[K  cannot convert \xe2\x80\x98\x1b[01m\x1b[Kmsg.std_msgs::msg::Float64MultiArray_<std::allocator<void> >::data\x1b[m\x1b[K\xe2\x80\x99 (type \xe2\x80\x98\x1b[01m\x1b[Kstd_msgs::msg::Float64MultiArray_<std::allocator<void> >::_data_type\x1b[m\x1b[K\xe2\x80\x99 {aka \xe2\x80\x98\x1b[01m\x1b[Kstd::vector<double, std::allocator<double> >\x1b[m\x1b[K\xe2\x80\x99}) to type \xe2\x80\x98\x1b[01m\x1b[Kconst signed char*\x1b[m\x1b[K\xe2\x80\x99\n'}
[1.596441] (moveit_control) StderrLine: {'line': b'   62 |             std::cout<<\x1b[01;36m\x1b[Kmsg.data\x1b[m\x1b[K;\n'}
[1.596466] (moveit_control) StderrLine: {'line': b'      |                        \x1b[01;36m\x1b[K~~~~^~~~\x1b[m\x1b[K\n'}
[1.596490] (moveit_control) StderrLine: {'line': b'In file included from \x1b[01m\x1b[K/usr/include/c++/11/iostream:39\x1b[m\x1b[K,\n'}
[1.596515] (moveit_control) StderrLine: {'line': b'                 from \x1b[01m\x1b[K/home/aaron/ur_ws/src/moveit_control/src/forward_positions.cpp:2\x1b[m\x1b[K:\n'}
[1.596540] (moveit_control) StderrLine: {'line': b'\x1b[01m\x1b[K/usr/include/c++/11/ostream:629:5:\x1b[m\x1b[K \x1b[01;36m\x1b[Knote: \x1b[m\x1b[Kcandidate: \xe2\x80\x98\x1b[01m\x1b[Ktemplate<class _Traits> std::basic_ostream<char, _Traits>& std::operator<<(std::basic_ostream<char, _Traits>&, const unsigned char*)\x1b[m\x1b[K\xe2\x80\x99\n'}
[1.596569] (moveit_control) StderrLine: {'line': b'  629 |     \x1b[01;36m\x1b[Koperator\x1b[m\x1b[K<<(basic_ostream<char, _Traits>& __out, const unsigned char* __s)\n'}
[1.596596] (moveit_control) StderrLine: {'line': b'      |     \x1b[01;36m\x1b[K^~~~~~~~\x1b[m\x1b[K\n'}
[1.596622] (moveit_control) StderrLine: {'line': b'\x1b[01m\x1b[K/usr/include/c++/11/ostream:629:5:\x1b[m\x1b[K \x1b[01;36m\x1b[Knote: \x1b[m\x1b[K  template argument deduction/substitution failed:\n'}
[1.596646] (moveit_control) StderrLine: {'line': b'\x1b[01m\x1b[K/home/aaron/ur_ws/src/moveit_control/src/forward_positions.cpp:62:28:\x1b[m\x1b[K \x1b[01;36m\x1b[Knote: \x1b[m\x1b[K  cannot convert \xe2\x80\x98\x1b[01m\x1b[Kmsg.std_msgs::msg::Float64MultiArray_<std::allocator<void> >::data\x1b[m\x1b[K\xe2\x80\x99 (type \xe2\x80\x98\x1b[01m\x1b[Kstd_msgs::msg::Float64MultiArray_<std::allocator<void> >::_data_type\x1b[m\x1b[K\xe2\x80\x99 {aka \xe2\x80\x98\x1b[01m\x1b[Kstd::vector<double, std::allocator<double> >\x1b[m\x1b[K\xe2\x80\x99}) to type \xe2\x80\x98\x1b[01m\x1b[Kconst unsigned char*\x1b[m\x1b[K\xe2\x80\x99\n'}
[1.596677] (moveit_control) StderrLine: {'line': b'   62 |             std::cout<<\x1b[01;36m\x1b[Kmsg.data\x1b[m\x1b[K;\n'}
[1.596703] (moveit_control) StderrLine: {'line': b'      |                        \x1b[01;36m\x1b[K~~~~^~~~\x1b[m\x1b[K\n'}
[1.596728] (moveit_control) StderrLine: {'line': b'In file included from \x1b[01m\x1b[K/usr/include/c++/11/iostream:39\x1b[m\x1b[K,\n'}
[1.596753] (moveit_control) StderrLine: {'line': b'                 from \x1b[01m\x1b[K/home/aaron/ur_ws/src/moveit_control/src/forward_positions.cpp:2\x1b[m\x1b[K:\n'}
[1.596779] (moveit_control) StderrLine: {'line': b'\x1b[01m\x1b[K/usr/include/c++/11/ostream:750:5:\x1b[m\x1b[K \x1b[01;36m\x1b[Knote: \x1b[m\x1b[Kcandidate: \xe2\x80\x98\x1b[01m\x1b[Ktemplate<class _Ostream, class _Tp> _Ostream&& std::operator<<(_Ostream&&, const _Tp&)\x1b[m\x1b[K\xe2\x80\x99\n'}
[1.596804] (moveit_control) StderrLine: {'line': b'  750 |     \x1b[01;36m\x1b[Koperator\x1b[m\x1b[K<<(_Ostream&& __os, const _Tp& __x)\n'}
[1.596829] (moveit_control) StderrLine: {'line': b'      |     \x1b[01;36m\x1b[K^~~~~~~~\x1b[m\x1b[K\n'}
[1.596854] (moveit_control) StderrLine: {'line': b'\x1b[01m\x1b[K/usr/include/c++/11/ostream:750:5:\x1b[m\x1b[K \x1b[01;36m\x1b[Knote: \x1b[m\x1b[K  template argument deduction/substitution failed:\n'}
[1.596878] (moveit_control) StderrLine: {'line': b'/usr/include/c++/11/ostream: In substitution of \xe2\x80\x98\x1b[01m\x1b[Ktemplate<class _Ostream, class _Tp> _Ostream&& std::operator<<(_Ostream&&, const _Tp&) [with _Ostream = std::basic_ostream<char>&; _Tp = std::vector<double, std::allocator<double> >]\x1b[m\x1b[K\xe2\x80\x99:\n'}
[1.596905] (moveit_control) StderrLine: {'line': b'\x1b[01m\x1b[K/home/aaron/ur_ws/src/moveit_control/src/forward_positions.cpp:62:28:\x1b[m\x1b[K   required from here\n'}
[1.596929] (moveit_control) StderrLine: {'line': b'\x1b[01m\x1b[K/usr/include/c++/11/ostream:750:5:\x1b[m\x1b[K \x1b[01;31m\x1b[Kerror: \x1b[m\x1b[Kno type named \xe2\x80\x98\x1b[01m\x1b[Ktype\x1b[m\x1b[K\xe2\x80\x99 in \xe2\x80\x98\x1b[01m\x1b[Kstruct std::enable_if<false, void>\x1b[m\x1b[K\xe2\x80\x99\n'}
[1.596955] (moveit_control) StderrLine: {'line': b'In file included from \x1b[01m\x1b[K/usr/include/c++/11/memory:77\x1b[m\x1b[K,\n'}
[1.596979] (moveit_control) StderrLine: {'line': b'                 from \x1b[01m\x1b[K/opt/ros/humble/include/rclcpp/rclcpp/rclcpp.hpp:153\x1b[m\x1b[K,\n'}
[1.597005] (moveit_control) StderrLine: {'line': b'                 from \x1b[01m\x1b[K/home/aaron/ur_ws/src/moveit_control/src/forward_positions.cpp:5\x1b[m\x1b[K:\n'}
[1.597029] (moveit_control) StderrLine: {'line': b'\x1b[01m\x1b[K/usr/include/c++/11/bits/shared_ptr.h:70:5:\x1b[m\x1b[K \x1b[01;36m\x1b[Knote: \x1b[m\x1b[Kcandidate: \xe2\x80\x98\x1b[01m\x1b[Ktemplate<class _Ch, class _Tr, class _Tp, __gnu_cxx::_Lock_policy _Lp> std::basic_ostream<_CharT, _Traits>& std::operator<<(std::basic_ostream<_CharT, _Traits>&, const std::__shared_ptr<_Tp, _Lp>&)\x1b[m\x1b[K\xe2\x80\x99\n'}
[1.597055] (moveit_control) StderrLine: {'line': b'   70 |     \x1b[01;36m\x1b[Koperator\x1b[m\x1b[K<<(std::basic_ostream<_Ch, _Tr>& __os,\n'}
[1.597080] (moveit_control) StderrLine: {'line': b'      |     \x1b[01;36m\x1b[K^~~~~~~~\x1b[m\x1b[K\n'}
[1.597105] (moveit_control) StderrLine: {'line': b'\x1b[01m\x1b[K/usr/include/c++/11/bits/shared_ptr.h:70:5:\x1b[m\x1b[K \x1b[01;36m\x1b[Knote: \x1b[m\x1b[K  template argument deduction/substitution failed:\n'}
[1.597130] (moveit_control) StderrLine: {'line': b'\x1b[01m\x1b[K/home/aaron/ur_ws/src/moveit_control/src/forward_positions.cpp:62:28:\x1b[m\x1b[K \x1b[01;36m\x1b[Knote: \x1b[m\x1b[K  \xe2\x80\x98\x1b[01m\x1b[Kstd_msgs::msg::Float64MultiArray_<std::allocator<void> >::_data_type\x1b[m\x1b[K\xe2\x80\x99 {aka \xe2\x80\x98\x1b[01m\x1b[Kstd::vector<double, std::allocator<double> >\x1b[m\x1b[K\xe2\x80\x99} is not derived from \xe2\x80\x98\x1b[01m\x1b[Kconst std::__shared_ptr<_Tp, _Lp>\x1b[m\x1b[K\xe2\x80\x99\n'}
[1.597156] (moveit_control) StderrLine: {'line': b'   62 |             std::cout<<msg.\x1b[01;36m\x1b[Kdata\x1b[m\x1b[K;\n'}
[1.597180] (moveit_control) StderrLine: {'line': b'      |                            \x1b[01;36m\x1b[K^~~~\x1b[m\x1b[K\n'}
[1.597207] (moveit_control) StderrLine: {'line': b'In file included from \x1b[01m\x1b[K/opt/ros/humble/include/rclcpp/rclcpp/executors/multi_threaded_executor.hpp:22\x1b[m\x1b[K,\n'}
[1.597232] (moveit_control) StderrLine: {'line': b'                 from \x1b[01m\x1b[K/opt/ros/humble/include/rclcpp/rclcpp/executors.hpp:21\x1b[m\x1b[K,\n'}
[1.597256] (moveit_control) StderrLine: {'line': b'                 from \x1b[01m\x1b[K/opt/ros/humble/include/rclcpp/rclcpp/rclcpp.hpp:155\x1b[m\x1b[K,\n'}
[1.597280] (moveit_control) StderrLine: {'line': b'                 from \x1b[01m\x1b[K/home/aaron/ur_ws/src/moveit_control/src/forward_positions.cpp:5\x1b[m\x1b[K:\n'}
[1.597304] (moveit_control) StderrLine: {'line': b'\x1b[01m\x1b[K/usr/include/c++/11/thread:92:5:\x1b[m\x1b[K \x1b[01;36m\x1b[Knote: \x1b[m\x1b[Kcandidate: \xe2\x80\x98\x1b[01m\x1b[Ktemplate<class _CharT, class _Traits> std::basic_ostream<_CharT, _Traits>& std::operator<<(std::basic_ostream<_CharT, _Traits>&, std::thread::id)\x1b[m\x1b[K\xe2\x80\x99\n'}
[1.597330] (moveit_control) StderrLine: {'line': b'   92 |     \x1b[01;36m\x1b[Koperator\x1b[m\x1b[K<<(basic_ostream<_CharT, _Traits>& __out, thread::id __id)\n'}
[1.597354] (moveit_control) StderrLine: {'line': b'      |     \x1b[01;36m\x1b[K^~~~~~~~\x1b[m\x1b[K\n'}
[1.597379] (moveit_control) StderrLine: {'line': b'\x1b[01m\x1b[K/usr/include/c++/11/thread:92:5:\x1b[m\x1b[K \x1b[01;36m\x1b[Knote: \x1b[m\x1b[K  template argument deduction/substitution failed:\n'}
[1.597404] (moveit_control) StderrLine: {'line': b'\x1b[01m\x1b[K/home/aaron/ur_ws/src/moveit_control/src/forward_positions.cpp:62:28:\x1b[m\x1b[K \x1b[01;36m\x1b[Knote: \x1b[m\x1b[K  cannot convert \xe2\x80\x98\x1b[01m\x1b[Kmsg.std_msgs::msg::Float64MultiArray_<std::allocator<void> >::data\x1b[m\x1b[K\xe2\x80\x99 (type \xe2\x80\x98\x1b[01m\x1b[Kstd_msgs::msg::Float64MultiArray_<std::allocator<void> >::_data_type\x1b[m\x1b[K\xe2\x80\x99 {aka \xe2\x80\x98\x1b[01m\x1b[Kstd::vector<double, std::allocator<double> >\x1b[m\x1b[K\xe2\x80\x99}) to type \xe2\x80\x98\x1b[01m\x1b[Kstd::thread::id\x1b[m\x1b[K\xe2\x80\x99\n'}
[1.597434] (moveit_control) StderrLine: {'line': b'   62 |             std::cout<<\x1b[01;36m\x1b[Kmsg.data\x1b[m\x1b[K;\n'}
[1.597461] (moveit_control) StderrLine: {'line': b'      |                        \x1b[01;36m\x1b[K~~~~^~~~\x1b[m\x1b[K\n'}
[1.597485] (moveit_control) StderrLine: {'line': b'In file included from \x1b[01m\x1b[K/opt/ros/humble/include/rosidl_runtime_cpp/rosidl_runtime_cpp/traits.hpp:20\x1b[m\x1b[K,\n'}
[1.597510] (moveit_control) StderrLine: {'line': b'                 from \x1b[01m\x1b[K/opt/ros/humble/include/builtin_interfaces/builtin_interfaces/msg/detail/duration__traits.hpp:15\x1b[m\x1b[K,\n'}
[1.597536] (moveit_control) StderrLine: {'line': b'                 from \x1b[01m\x1b[K/opt/ros/humble/include/builtin_interfaces/builtin_interfaces/msg/duration.hpp:9\x1b[m\x1b[K,\n'}
[1.597561] (moveit_control) StderrLine: {'line': b'                 from \x1b[01m\x1b[K/opt/ros/humble/include/rclcpp/rclcpp/duration.hpp:20\x1b[m\x1b[K,\n'}
[1.597589] (moveit_control) StderrLine: {'line': b'                 from \x1b[01m\x1b[K/opt/ros/humble/include/rclcpp/rclcpp/qos.hpp:20\x1b[m\x1b[K,\n'}
[1.597615] (moveit_control) StderrLine: {'line': b'                 from \x1b[01m\x1b[K/opt/ros/humble/include/rclcpp/rclcpp/node_interfaces/node_graph_interface.hpp:33\x1b[m\x1b[K,\n'}
[1.597640] (moveit_control) StderrLine: {'line': b'                 from \x1b[01m\x1b[K/opt/ros/humble/include/rclcpp/rclcpp/client.hpp:42\x1b[m\x1b[K,\n'}
[1.597664] (moveit_control) StderrLine: {'line': b'                 from \x1b[01m\x1b[K/opt/ros/humble/include/rclcpp/rclcpp/callback_group.hpp:24\x1b[m\x1b[K,\n'}
[1.597690] (moveit_control) StderrLine: {'line': b'                 from \x1b[01m\x1b[K/opt/ros/humble/include/rclcpp/rclcpp/any_executable.hpp:20\x1b[m\x1b[K,\n'}
[1.597714] (moveit_control) StderrLine: {'line': b'                 from \x1b[01m\x1b[K/opt/ros/humble/include/rclcpp/rclcpp/memory_strategy.hpp:25\x1b[m\x1b[K,\n'}
[1.597742] (moveit_control) StderrLine: {'line': b'                 from \x1b[01m\x1b[K/opt/ros/humble/include/rclcpp/rclcpp/memory_strategies.hpp:18\x1b[m\x1b[K,\n'}
[1.597766] (moveit_control) StderrLine: {'line': b'                 from \x1b[01m\x1b[K/opt/ros/humble/include/rclcpp/rclcpp/executor_options.hpp:20\x1b[m\x1b[K,\n'}
[1.597790] (moveit_control) StderrLine: {'line': b'                 from \x1b[01m\x1b[K/opt/ros/humble/include/rclcpp/rclcpp/executor.hpp:37\x1b[m\x1b[K,\n'}
[1.597815] (moveit_control) StderrLine: {'line': b'                 from \x1b[01m\x1b[K/opt/ros/humble/include/rclcpp/rclcpp/executors/multi_threaded_executor.hpp:25\x1b[m\x1b[K,\n'}
[1.597840] (moveit_control) StderrLine: {'line': b'                 from \x1b[01m\x1b[K/opt/ros/humble/include/rclcpp/rclcpp/executors.hpp:21\x1b[m\x1b[K,\n'}
[1.597865] (moveit_control) StderrLine: {'line': b'                 from \x1b[01m\x1b[K/opt/ros/humble/include/rclcpp/rclcpp/rclcpp.hpp:155\x1b[m\x1b[K,\n'}
[1.597890] (moveit_control) StderrLine: {'line': b'                 from \x1b[01m\x1b[K/home/aaron/ur_ws/src/moveit_control/src/forward_positions.cpp:5\x1b[m\x1b[K:\n'}
[1.597915] (moveit_control) StderrLine: {'line': b'\x1b[01m\x1b[K/usr/include/c++/11/iomanip:79:5:\x1b[m\x1b[K \x1b[01;36m\x1b[Knote: \x1b[m\x1b[Kcandidate: \xe2\x80\x98\x1b[01m\x1b[Ktemplate<class _CharT, class _Traits> std::basic_ostream<_CharT, _Traits>& std::operator<<(std::basic_ostream<_CharT, _Traits>&, std::_Resetiosflags)\x1b[m\x1b[K\xe2\x80\x99\n'}
[1.597941] (moveit_control) StderrLine: {'line': b'   79 |     \x1b[01;36m\x1b[Koperator\x1b[m\x1b[K<<(basic_ostream<_CharT, _Traits>& __os, _Resetiosflags __f)\n'}
[1.597965] (moveit_control) StderrLine: {'line': b'      |     \x1b[01;36m\x1b[K^~~~~~~~\x1b[m\x1b[K\n'}
[1.597989] (moveit_control) StderrLine: {'line': b'\x1b[01m\x1b[K/usr/include/c++/11/iomanip:79:5:\x1b[m\x1b[K \x1b[01;36m\x1b[Knote: \x1b[m\x1b[K  template argument deduction/substitution failed:\n'}
[1.598014] (moveit_control) StderrLine: {'line': b'\x1b[01m\x1b[K/home/aaron/ur_ws/src/moveit_control/src/forward_positions.cpp:62:28:\x1b[m\x1b[K \x1b[01;36m\x1b[Knote: \x1b[m\x1b[K  cannot convert \xe2\x80\x98\x1b[01m\x1b[Kmsg.std_msgs::msg::Float64MultiArray_<std::allocator<void> >::data\x1b[m\x1b[K\xe2\x80\x99 (type \xe2\x80\x98\x1b[01m\x1b[Kstd_msgs::msg::Float64MultiArray_<std::allocator<void> >::_data_type\x1b[m\x1b[K\xe2\x80\x99 {aka \xe2\x80\x98\x1b[01m\x1b[Kstd::vector<double, std::allocator<double> >\x1b[m\x1b[K\xe2\x80\x99}) to type \xe2\x80\x98\x1b[01m\x1b[Kstd::_Resetiosflags\x1b[m\x1b[K\xe2\x80\x99\n'}
[1.598040] (moveit_control) StderrLine: {'line': b'   62 |             std::cout<<\x1b[01;36m\x1b[Kmsg.data\x1b[m\x1b[K;\n'}
[1.598065] (moveit_control) StderrLine: {'line': b'      |                        \x1b[01;36m\x1b[K~~~~^~~~\x1b[m\x1b[K\n'}
[1.598089] (moveit_control) StderrLine: {'line': b'In file included from \x1b[01m\x1b[K/opt/ros/humble/include/rosidl_runtime_cpp/rosidl_runtime_cpp/traits.hpp:20\x1b[m\x1b[K,\n'}
[1.598113] (moveit_control) StderrLine: {'line': b'                 from \x1b[01m\x1b[K/opt/ros/humble/include/builtin_interfaces/builtin_interfaces/msg/detail/duration__traits.hpp:15\x1b[m\x1b[K,\n'}
[1.598140] (moveit_control) StderrLine: {'line': b'                 from \x1b[01m\x1b[K/opt/ros/humble/include/builtin_interfaces/builtin_interfaces/msg/duration.hpp:9\x1b[m\x1b[K,\n'}
[1.598165] (moveit_control) StderrLine: {'line': b'                 from \x1b[01m\x1b[K/opt/ros/humble/include/rclcpp/rclcpp/duration.hpp:20\x1b[m\x1b[K,\n'}
[1.598190] (moveit_control) StderrLine: {'line': b'                 from \x1b[01m\x1b[K/opt/ros/humble/include/rclcpp/rclcpp/qos.hpp:20\x1b[m\x1b[K,\n'}
[1.598215] (moveit_control) StderrLine: {'line': b'                 from \x1b[01m\x1b[K/opt/ros/humble/include/rclcpp/rclcpp/node_interfaces/node_graph_interface.hpp:33\x1b[m\x1b[K,\n'}
[1.598240] (moveit_control) StderrLine: {'line': b'                 from \x1b[01m\x1b[K/opt/ros/humble/include/rclcpp/rclcpp/client.hpp:42\x1b[m\x1b[K,\n'}
[1.598267] (moveit_control) StderrLine: {'line': b'                 from \x1b[01m\x1b[K/opt/ros/humble/include/rclcpp/rclcpp/callback_group.hpp:24\x1b[m\x1b[K,\n'}
[1.598294] (moveit_control) StderrLine: {'line': b'                 from \x1b[01m\x1b[K/opt/ros/humble/include/rclcpp/rclcpp/any_executable.hpp:20\x1b[m\x1b[K,\n'}
[1.598319] (moveit_control) StderrLine: {'line': b'                 from \x1b[01m\x1b[K/opt/ros/humble/include/rclcpp/rclcpp/memory_strategy.hpp:25\x1b[m\x1b[K,\n'}
[1.598346] (moveit_control) StderrLine: {'line': b'                 from \x1b[01m\x1b[K/opt/ros/humble/include/rclcpp/rclcpp/memory_strategies.hpp:18\x1b[m\x1b[K,\n'}
[1.598372] (moveit_control) StderrLine: {'line': b'                 from \x1b[01m\x1b[K/opt/ros/humble/include/rclcpp/rclcpp/executor_options.hpp:20\x1b[m\x1b[K,\n'}
[1.598400] (moveit_control) StderrLine: {'line': b'                 from \x1b[01m\x1b[K/opt/ros/humble/include/rclcpp/rclcpp/executor.hpp:37\x1b[m\x1b[K,\n'}
[1.598425] (moveit_control) StderrLine: {'line': b'                 from \x1b[01m\x1b[K/opt/ros/humble/include/rclcpp/rclcpp/executors/multi_threaded_executor.hpp:25\x1b[m\x1b[K,\n'}
[1.598451] (moveit_control) StderrLine: {'line': b'                 from \x1b[01m\x1b[K/opt/ros/humble/include/rclcpp/rclcpp/executors.hpp:21\x1b[m\x1b[K,\n'}
[1.598475] (moveit_control) StderrLine: {'line': b'                 from \x1b[01m\x1b[K/opt/ros/humble/include/rclcpp/rclcpp/rclcpp.hpp:155\x1b[m\x1b[K,\n'}
[1.598500] (moveit_control) StderrLine: {'line': b'                 from \x1b[01m\x1b[K/home/aaron/ur_ws/src/moveit_control/src/forward_positions.cpp:5\x1b[m\x1b[K:\n'}
[1.598524] (moveit_control) StderrLine: {'line': b'\x1b[01m\x1b[K/usr/include/c++/11/iomanip:109:5:\x1b[m\x1b[K \x1b[01;36m\x1b[Knote: \x1b[m\x1b[Kcandidate: \xe2\x80\x98\x1b[01m\x1b[Ktemplate<class _CharT, class _Traits> std::basic_ostream<_CharT, _Traits>& std::operator<<(std::basic_ostream<_CharT, _Traits>&, std::_Setiosflags)\x1b[m\x1b[K\xe2\x80\x99\n'}
[1.598549] (moveit_control) StderrLine: {'line': b'  109 |     \x1b[01;36m\x1b[Koperator\x1b[m\x1b[K<<(basic_ostream<_CharT, _Traits>& __os, _Setiosflags __f)\n'}
[1.598578] (moveit_control) StderrLine: {'line': b'      |     \x1b[01;36m\x1b[K^~~~~~~~\x1b[m\x1b[K\n'}
[1.598603] (moveit_control) StderrLine: {'line': b'\x1b[01m\x1b[K/usr/include/c++/11/iomanip:109:5:\x1b[m\x1b[K \x1b[01;36m\x1b[Knote: \x1b[m\x1b[K  template argument deduction/substitution failed:\n'}
[1.598628] (moveit_control) StderrLine: {'line': b'\x1b[01m\x1b[K/home/aaron/ur_ws/src/moveit_control/src/forward_positions.cpp:62:28:\x1b[m\x1b[K \x1b[01;36m\x1b[Knote: \x1b[m\x1b[K  cannot convert \xe2\x80\x98\x1b[01m\x1b[Kmsg.std_msgs::msg::Float64MultiArray_<std::allocator<void> >::data\x1b[m\x1b[K\xe2\x80\x99 (type \xe2\x80\x98\x1b[01m\x1b[Kstd_msgs::msg::Float64MultiArray_<std::allocator<void> >::_data_type\x1b[m\x1b[K\xe2\x80\x99 {aka \xe2\x80\x98\x1b[01m\x1b[Kstd::vector<double, std::allocator<double> >\x1b[m\x1b[K\xe2\x80\x99}) to type \xe2\x80\x98\x1b[01m\x1b[Kstd::_Setiosflags\x1b[m\x1b[K\xe2\x80\x99\n'}
[1.598655] (moveit_control) StderrLine: {'line': b'   62 |             std::cout<<\x1b[01;36m\x1b[Kmsg.data\x1b[m\x1b[K;\n'}
[1.598679] (moveit_control) StderrLine: {'line': b'      |                        \x1b[01;36m\x1b[K~~~~^~~~\x1b[m\x1b[K\n'}
[1.598704] (moveit_control) StderrLine: {'line': b'In file included from \x1b[01m\x1b[K/opt/ros/humble/include/rosidl_runtime_cpp/rosidl_runtime_cpp/traits.hpp:20\x1b[m\x1b[K,\n'}
[1.598729] (moveit_control) StderrLine: {'line': b'                 from \x1b[01m\x1b[K/opt/ros/humble/include/builtin_interfaces/builtin_interfaces/msg/detail/duration__traits.hpp:15\x1b[m\x1b[K,\n'}
[1.598754] (moveit_control) StderrLine: {'line': b'                 from \x1b[01m\x1b[K/opt/ros/humble/include/builtin_interfaces/builtin_interfaces/msg/duration.hpp:9\x1b[m\x1b[K,\n'}
[1.598779] (moveit_control) StderrLine: {'line': b'                 from \x1b[01m\x1b[K/opt/ros/humble/include/rclcpp/rclcpp/duration.hpp:20\x1b[m\x1b[K,\n'}
[1.598806] (moveit_control) StderrLine: {'line': b'                 from \x1b[01m\x1b[K/opt/ros/humble/include/rclcpp/rclcpp/qos.hpp:20\x1b[m\x1b[K,\n'}
[1.598830] (moveit_control) StderrLine: {'line': b'                 from \x1b[01m\x1b[K/opt/ros/humble/include/rclcpp/rclcpp/node_interfaces/node_graph_interface.hpp:33\x1b[m\x1b[K,\n'}
[1.598854] (moveit_control) StderrLine: {'line': b'                 from \x1b[01m\x1b[K/opt/ros/humble/include/rclcpp/rclcpp/client.hpp:42\x1b[m\x1b[K,\n'}
[1.598878] (moveit_control) StderrLine: {'line': b'                 from \x1b[01m\x1b[K/opt/ros/humble/include/rclcpp/rclcpp/callback_group.hpp:24\x1b[m\x1b[K,\n'}
[1.598903] (moveit_control) StderrLine: {'line': b'                 from \x1b[01m\x1b[K/opt/ros/humble/include/rclcpp/rclcpp/any_executable.hpp:20\x1b[m\x1b[K,\n'}
[1.598928] (moveit_control) StderrLine: {'line': b'                 from \x1b[01m\x1b[K/opt/ros/humble/include/rclcpp/rclcpp/memory_strategy.hpp:25\x1b[m\x1b[K,\n'}
[1.598954] (moveit_control) StderrLine: {'line': b'                 from \x1b[01m\x1b[K/opt/ros/humble/include/rclcpp/rclcpp/memory_strategies.hpp:18\x1b[m\x1b[K,\n'}
[1.598977] (moveit_control) StderrLine: {'line': b'                 from \x1b[01m\x1b[K/opt/ros/humble/include/rclcpp/rclcpp/executor_options.hpp:20\x1b[m\x1b[K,\n'}
[1.599002] (moveit_control) StderrLine: {'line': b'                 from \x1b[01m\x1b[K/opt/ros/humble/include/rclcpp/rclcpp/executor.hpp:37\x1b[m\x1b[K,\n'}
[1.599026] (moveit_control) StderrLine: {'line': b'                 from \x1b[01m\x1b[K/opt/ros/humble/include/rclcpp/rclcpp/executors/multi_threaded_executor.hpp:25\x1b[m\x1b[K,\n'}
[1.599050] (moveit_control) StderrLine: {'line': b'                 from \x1b[01m\x1b[K/opt/ros/humble/include/rclcpp/rclcpp/executors.hpp:21\x1b[m\x1b[K,\n'}
[1.599075] (moveit_control) StderrLine: {'line': b'                 from \x1b[01m\x1b[K/opt/ros/humble/include/rclcpp/rclcpp/rclcpp.hpp:155\x1b[m\x1b[K,\n'}
[1.599099] (moveit_control) StderrLine: {'line': b'                 from \x1b[01m\x1b[K/home/aaron/ur_ws/src/moveit_control/src/forward_positions.cpp:5\x1b[m\x1b[K:\n'}
[1.599123] (moveit_control) StderrLine: {'line': b'\x1b[01m\x1b[K/usr/include/c++/11/iomanip:143:5:\x1b[m\x1b[K \x1b[01;36m\x1b[Knote: \x1b[m\x1b[Kcandidate: \xe2\x80\x98\x1b[01m\x1b[Ktemplate<class _CharT, class _Traits> std::basic_ostream<_CharT, _Traits>& std::operator<<(std::basic_ostream<_CharT, _Traits>&, std::_Setbase)\x1b[m\x1b[K\xe2\x80\x99\n'}
[1.599148] (moveit_control) StderrLine: {'line': b'  143 |     \x1b[01;36m\x1b[Koperator\x1b[m\x1b[K<<(basic_ostream<_CharT, _Traits>& __os, _Setbase __f)\n'}
[1.599172] (moveit_control) StderrLine: {'line': b'      |     \x1b[01;36m\x1b[K^~~~~~~~\x1b[m\x1b[K\n'}
[1.599196] (moveit_control) StderrLine: {'line': b'\x1b[01m\x1b[K/usr/include/c++/11/iomanip:143:5:\x1b[m\x1b[K \x1b[01;36m\x1b[Knote: \x1b[m\x1b[K  template argument deduction/substitution failed:\n'}
[1.599222] (moveit_control) StderrLine: {'line': b'\x1b[01m\x1b[K/home/aaron/ur_ws/src/moveit_control/src/forward_positions.cpp:62:28:\x1b[m\x1b[K \x1b[01;36m\x1b[Knote: \x1b[m\x1b[K  cannot convert \xe2\x80\x98\x1b[01m\x1b[Kmsg.std_msgs::msg::Float64MultiArray_<std::allocator<void> >::data\x1b[m\x1b[K\xe2\x80\x99 (type \xe2\x80\x98\x1b[01m\x1b[Kstd_msgs::msg::Float64MultiArray_<std::allocator<void> >::_data_type\x1b[m\x1b[K\xe2\x80\x99 {aka \xe2\x80\x98\x1b[01m\x1b[Kstd::vector<double, std::allocator<double> >\x1b[m\x1b[K\xe2\x80\x99}) to type \xe2\x80\x98\x1b[01m\x1b[Kstd::_Setbase\x1b[m\x1b[K\xe2\x80\x99\n'}
[1.599253] (moveit_control) StderrLine: {'line': b'   62 |             std::cout<<\x1b[01;36m\x1b[Kmsg.data\x1b[m\x1b[K;\n'}
[1.599278] (moveit_control) StderrLine: {'line': b'      |                        \x1b[01;36m\x1b[K~~~~^~~~\x1b[m\x1b[K\n'}
[1.599302] (moveit_control) StderrLine: {'line': b'In file included from \x1b[01m\x1b[K/opt/ros/humble/include/rosidl_runtime_cpp/rosidl_runtime_cpp/traits.hpp:20\x1b[m\x1b[K,\n'}
[1.599326] (moveit_control) StderrLine: {'line': b'                 from \x1b[01m\x1b[K/opt/ros/humble/include/builtin_interfaces/builtin_interfaces/msg/detail/duration__traits.hpp:15\x1b[m\x1b[K,\n'}
[1.599354] (moveit_control) StderrLine: {'line': b'                 from \x1b[01m\x1b[K/opt/ros/humble/include/builtin_interfaces/builtin_interfaces/msg/duration.hpp:9\x1b[m\x1b[K,\n'}
[1.599380] (moveit_control) StderrLine: {'line': b'                 from \x1b[01m\x1b[K/opt/ros/humble/include/rclcpp/rclcpp/duration.hpp:20\x1b[m\x1b[K,\n'}
[1.599405] (moveit_control) StderrLine: {'line': b'                 from \x1b[01m\x1b[K/opt/ros/humble/include/rclcpp/rclcpp/qos.hpp:20\x1b[m\x1b[K,\n'}
[1.599430] (moveit_control) StderrLine: {'line': b'                 from \x1b[01m\x1b[K/opt/ros/humble/include/rclcpp/rclcpp/node_interfaces/node_graph_interface.hpp:33\x1b[m\x1b[K,\n'}
[1.599455] (moveit_control) StderrLine: {'line': b'                 from \x1b[01m\x1b[K/opt/ros/humble/include/rclcpp/rclcpp/client.hpp:42\x1b[m\x1b[K,\n'}
[1.599479] (moveit_control) StderrLine: {'line': b'                 from \x1b[01m\x1b[K/opt/ros/humble/include/rclcpp/rclcpp/callback_group.hpp:24\x1b[m\x1b[K,\n'}
[1.599504] (moveit_control) StderrLine: {'line': b'                 from \x1b[01m\x1b[K/opt/ros/humble/include/rclcpp/rclcpp/any_executable.hpp:20\x1b[m\x1b[K,\n'}
[1.599528] (moveit_control) StderrLine: {'line': b'                 from \x1b[01m\x1b[K/opt/ros/humble/include/rclcpp/rclcpp/memory_strategy.hpp:25\x1b[m\x1b[K,\n'}
[1.599553] (moveit_control) StderrLine: {'line': b'                 from \x1b[01m\x1b[K/opt/ros/humble/include/rclcpp/rclcpp/memory_strategies.hpp:18\x1b[m\x1b[K,\n'}
[1.599582] (moveit_control) StderrLine: {'line': b'                 from \x1b[01m\x1b[K/opt/ros/humble/include/rclcpp/rclcpp/executor_options.hpp:20\x1b[m\x1b[K,\n'}
[1.599608] (moveit_control) StderrLine: {'line': b'                 from \x1b[01m\x1b[K/opt/ros/humble/include/rclcpp/rclcpp/executor.hpp:37\x1b[m\x1b[K,\n'}
[1.599633] (moveit_control) StderrLine: {'line': b'                 from \x1b[01m\x1b[K/opt/ros/humble/include/rclcpp/rclcpp/executors/multi_threaded_executor.hpp:25\x1b[m\x1b[K,\n'}
[1.599658] (moveit_control) StderrLine: {'line': b'                 from \x1b[01m\x1b[K/opt/ros/humble/include/rclcpp/rclcpp/executors.hpp:21\x1b[m\x1b[K,\n'}
[1.599684] (moveit_control) StderrLine: {'line': b'                 from \x1b[01m\x1b[K/opt/ros/humble/include/rclcpp/rclcpp/rclcpp.hpp:155\x1b[m\x1b[K,\n'}
[1.599708] (moveit_control) StderrLine: {'line': b'                 from \x1b[01m\x1b[K/home/aaron/ur_ws/src/moveit_control/src/forward_positions.cpp:5\x1b[m\x1b[K:\n'}
[1.599733] (moveit_control) StderrLine: {'line': b'\x1b[01m\x1b[K/usr/include/c++/11/iomanip:178:5:\x1b[m\x1b[K \x1b[01;36m\x1b[Knote: \x1b[m\x1b[Kcandidate: \xe2\x80\x98\x1b[01m\x1b[Ktemplate<class _CharT, class _Traits> std::basic_ostream<_CharT, _Traits>& std::operator<<(std::basic_ostream<_CharT, _Traits>&, std::_Setfill<_CharT>)\x1b[m\x1b[K\xe2\x80\x99\n'}
[1.599759] (moveit_control) StderrLine: {'line': b'  178 |     \x1b[01;36m\x1b[Koperator\x1b[m\x1b[K<<(basic_ostream<_CharT, _Traits>& __os, _Setfill<_CharT> __f)\n'}
[1.599784] (moveit_control) StderrLine: {'line': b'      |     \x1b[01;36m\x1b[K^~~~~~~~\x1b[m\x1b[K\n'}
[1.599809] (moveit_control) StderrLine: {'line': b'\x1b[01m\x1b[K/usr/include/c++/11/iomanip:178:5:\x1b[m\x1b[K \x1b[01;36m\x1b[Knote: \x1b[m\x1b[K  template argument deduction/substitution failed:\n'}
[1.599834] (moveit_control) StderrLine: {'line': b'\x1b[01m\x1b[K/home/aaron/ur_ws/src/moveit_control/src/forward_positions.cpp:62:28:\x1b[m\x1b[K \x1b[01;36m\x1b[Knote: \x1b[m\x1b[K  \xe2\x80\x98\x1b[01m\x1b[Kstd::vector<double, std::allocator<double> >\x1b[m\x1b[K\xe2\x80\x99 is not derived from \xe2\x80\x98\x1b[01m\x1b[Kstd::_Setfill<_CharT>\x1b[m\x1b[K\xe2\x80\x99\n'}
[1.599859] (moveit_control) StderrLine: {'line': b'   62 |             std::cout<<msg.\x1b[01;36m\x1b[Kdata\x1b[m\x1b[K;\n'}
[1.599883] (moveit_control) StderrLine: {'line': b'      |                            \x1b[01;36m\x1b[K^~~~\x1b[m\x1b[K\n'}
[1.599908] (moveit_control) StderrLine: {'line': b'In file included from \x1b[01m\x1b[K/opt/ros/humble/include/rosidl_runtime_cpp/rosidl_runtime_cpp/traits.hpp:20\x1b[m\x1b[K,\n'}
[1.599935] (moveit_control) StderrLine: {'line': b'                 from \x1b[01m\x1b[K/opt/ros/humble/include/builtin_interfaces/builtin_interfaces/msg/detail/duration__traits.hpp:15\x1b[m\x1b[K,\n'}
[1.599960] (moveit_control) StderrLine: {'line': b'                 from \x1b[01m\x1b[K/opt/ros/humble/include/builtin_interfaces/builtin_interfaces/msg/duration.hpp:9\x1b[m\x1b[K,\n'}
[1.599984] (moveit_control) StderrLine: {'line': b'                 from \x1b[01m\x1b[K/opt/ros/humble/include/rclcpp/rclcpp/duration.hpp:20\x1b[m\x1b[K,\n'}
[1.600008] (moveit_control) StderrLine: {'line': b'                 from \x1b[01m\x1b[K/opt/ros/humble/include/rclcpp/rclcpp/qos.hpp:20\x1b[m\x1b[K,\n'}
[1.600032] (moveit_control) StderrLine: {'line': b'                 from \x1b[01m\x1b[K/opt/ros/humble/include/rclcpp/rclcpp/node_interfaces/node_graph_interface.hpp:33\x1b[m\x1b[K,\n'}
[1.600058] (moveit_control) StderrLine: {'line': b'                 from \x1b[01m\x1b[K/opt/ros/humble/include/rclcpp/rclcpp/client.hpp:42\x1b[m\x1b[K,\n'}
[1.600083] (moveit_control) StderrLine: {'line': b'                 from \x1b[01m\x1b[K/opt/ros/humble/include/rclcpp/rclcpp/callback_group.hpp:24\x1b[m\x1b[K,\n'}
[1.600107] (moveit_control) StderrLine: {'line': b'                 from \x1b[01m\x1b[K/opt/ros/humble/include/rclcpp/rclcpp/any_executable.hpp:20\x1b[m\x1b[K,\n'}
[1.600131] (moveit_control) StderrLine: {'line': b'                 from \x1b[01m\x1b[K/opt/ros/humble/include/rclcpp/rclcpp/memory_strategy.hpp:25\x1b[m\x1b[K,\n'}
[1.600157] (moveit_control) StderrLine: {'line': b'                 from \x1b[01m\x1b[K/opt/ros/humble/include/rclcpp/rclcpp/memory_strategies.hpp:18\x1b[m\x1b[K,\n'}
[1.600184] (moveit_control) StderrLine: {'line': b'                 from \x1b[01m\x1b[K/opt/ros/humble/include/rclcpp/rclcpp/executor_options.hpp:20\x1b[m\x1b[K,\n'}
[1.600209] (moveit_control) StderrLine: {'line': b'                 from \x1b[01m\x1b[K/opt/ros/humble/include/rclcpp/rclcpp/executor.hpp:37\x1b[m\x1b[K,\n'}
[1.600236] (moveit_control) StderrLine: {'line': b'                 from \x1b[01m\x1b[K/opt/ros/humble/include/rclcpp/rclcpp/executors/multi_threaded_executor.hpp:25\x1b[m\x1b[K,\n'}
[1.600260] (moveit_control) StderrLine: {'line': b'                 from \x1b[01m\x1b[K/opt/ros/humble/include/rclcpp/rclcpp/executors.hpp:21\x1b[m\x1b[K,\n'}
[1.600285] (moveit_control) StderrLine: {'line': b'                 from \x1b[01m\x1b[K/opt/ros/humble/include/rclcpp/rclcpp/rclcpp.hpp:155\x1b[m\x1b[K,\n'}
[1.600309] (moveit_control) StderrLine: {'line': b'                 from \x1b[01m\x1b[K/home/aaron/ur_ws/src/moveit_control/src/forward_positions.cpp:5\x1b[m\x1b[K:\n'}
[1.600333] (moveit_control) StderrLine: {'line': b'\x1b[01m\x1b[K/usr/include/c++/11/iomanip:208:5:\x1b[m\x1b[K \x1b[01;36m\x1b[Knote: \x1b[m\x1b[Kcandidate: \xe2\x80\x98\x1b[01m\x1b[Ktemplate<class _CharT, class _Traits> std::basic_ostream<_CharT, _Traits>& std::operator<<(std::basic_ostream<_CharT, _Traits>&, std::_Setprecision)\x1b[m\x1b[K\xe2\x80\x99\n'}
[1.600359] (moveit_control) StderrLine: {'line': b'  208 |     \x1b[01;36m\x1b[Koperator\x1b[m\x1b[K<<(basic_ostream<_CharT, _Traits>& __os, _Setprecision __f)\n'}
[1.600383] (moveit_control) StderrLine: {'line': b'      |     \x1b[01;36m\x1b[K^~~~~~~~\x1b[m\x1b[K\n'}
[1.600407] (moveit_control) StderrLine: {'line': b'\x1b[01m\x1b[K/usr/include/c++/11/iomanip:208:5:\x1b[m\x1b[K \x1b[01;36m\x1b[Knote: \x1b[m\x1b[K  template argument deduction/substitution failed:\n'}
[1.600433] (moveit_control) StderrLine: {'line': b'\x1b[01m\x1b[K/home/aaron/ur_ws/src/moveit_control/src/forward_positions.cpp:62:28:\x1b[m\x1b[K \x1b[01;36m\x1b[Knote: \x1b[m\x1b[K  cannot convert \xe2\x80\x98\x1b[01m\x1b[Kmsg.std_msgs::msg::Float64MultiArray_<std::allocator<void> >::data\x1b[m\x1b[K\xe2\x80\x99 (type \xe2\x80\x98\x1b[01m\x1b[Kstd_msgs::msg::Float64MultiArray_<std::allocator<void> >::_data_type\x1b[m\x1b[K\xe2\x80\x99 {aka \xe2\x80\x98\x1b[01m\x1b[Kstd::vector<double, std::allocator<double> >\x1b[m\x1b[K\xe2\x80\x99}) to type \xe2\x80\x98\x1b[01m\x1b[Kstd::_Setprecision\x1b[m\x1b[K\xe2\x80\x99\n'}
[1.600461] (moveit_control) StderrLine: {'line': b'   62 |             std::cout<<\x1b[01;36m\x1b[Kmsg.data\x1b[m\x1b[K;\n'}
[1.600486] (moveit_control) StderrLine: {'line': b'      |                        \x1b[01;36m\x1b[K~~~~^~~~\x1b[m\x1b[K\n'}
[1.600511] (moveit_control) StderrLine: {'line': b'In file included from \x1b[01m\x1b[K/opt/ros/humble/include/rosidl_runtime_cpp/rosidl_runtime_cpp/traits.hpp:20\x1b[m\x1b[K,\n'}
[1.600535] (moveit_control) StderrLine: {'line': b'                 from \x1b[01m\x1b[K/opt/ros/humble/include/builtin_interfaces/builtin_interfaces/msg/detail/duration__traits.hpp:15\x1b[m\x1b[K,\n'}
[1.600561] (moveit_control) StderrLine: {'line': b'                 from \x1b[01m\x1b[K/opt/ros/humble/include/builtin_interfaces/builtin_interfaces/msg/duration.hpp:9\x1b[m\x1b[K,\n'}
[1.600589] (moveit_control) StderrLine: {'line': b'                 from \x1b[01m\x1b[K/opt/ros/humble/include/rclcpp/rclcpp/duration.hpp:20\x1b[m\x1b[K,\n'}
[1.600614] (moveit_control) StderrLine: {'line': b'                 from \x1b[01m\x1b[K/opt/ros/humble/include/rclcpp/rclcpp/qos.hpp:20\x1b[m\x1b[K,\n'}
[1.600638] (moveit_control) StderrLine: {'line': b'                 from \x1b[01m\x1b[K/opt/ros/humble/include/rclcpp/rclcpp/node_interfaces/node_graph_interface.hpp:33\x1b[m\x1b[K,\n'}
[1.600663] (moveit_control) StderrLine: {'line': b'                 from \x1b[01m\x1b[K/opt/ros/humble/include/rclcpp/rclcpp/client.hpp:42\x1b[m\x1b[K,\n'}
[1.600687] (moveit_control) StderrLine: {'line': b'                 from \x1b[01m\x1b[K/opt/ros/humble/include/rclcpp/rclcpp/callback_group.hpp:24\x1b[m\x1b[K,\n'}
[1.600711] (moveit_control) StderrLine: {'line': b'                 from \x1b[01m\x1b[K/opt/ros/humble/include/rclcpp/rclcpp/any_executable.hpp:20\x1b[m\x1b[K,\n'}
[1.600735] (moveit_control) StderrLine: {'line': b'                 from \x1b[01m\x1b[K/opt/ros/humble/include/rclcpp/rclcpp/memory_strategy.hpp:25\x1b[m\x1b[K,\n'}
[1.600759] (moveit_control) StderrLine: {'line': b'                 from \x1b[01m\x1b[K/opt/ros/humble/include/rclcpp/rclcpp/memory_strategies.hpp:18\x1b[m\x1b[K,\n'}
[1.600784] (moveit_control) StderrLine: {'line': b'                 from \x1b[01m\x1b[K/opt/ros/humble/include/rclcpp/rclcpp/executor_options.hpp:20\x1b[m\x1b[K,\n'}
[1.600810] (moveit_control) StderrLine: {'line': b'                 from \x1b[01m\x1b[K/opt/ros/humble/include/rclcpp/rclcpp/executor.hpp:37\x1b[m\x1b[K,\n'}
[1.600834] (moveit_control) StderrLine: {'line': b'                 from \x1b[01m\x1b[K/opt/ros/humble/include/rclcpp/rclcpp/executors/multi_threaded_executor.hpp:25\x1b[m\x1b[K,\n'}
[1.600859] (moveit_control) StderrLine: {'line': b'                 from \x1b[01m\x1b[K/opt/ros/humble/include/rclcpp/rclcpp/executors.hpp:21\x1b[m\x1b[K,\n'}
[1.600884] (moveit_control) StderrLine: {'line': b'                 from \x1b[01m\x1b[K/opt/ros/humble/include/rclcpp/rclcpp/rclcpp.hpp:155\x1b[m\x1b[K,\n'}
[1.600911] (moveit_control) StderrLine: {'line': b'                 from \x1b[01m\x1b[K/home/aaron/ur_ws/src/moveit_control/src/forward_positions.cpp:5\x1b[m\x1b[K:\n'}
[1.600935] (moveit_control) StderrLine: {'line': b'\x1b[01m\x1b[K/usr/include/c++/11/iomanip:238:5:\x1b[m\x1b[K \x1b[01;36m\x1b[Knote: \x1b[m\x1b[Kcandidate: \xe2\x80\x98\x1b[01m\x1b[Ktemplate<class _CharT, class _Traits> std::basic_ostream<_CharT, _Traits>& std::operator<<(std::basic_ostream<_CharT, _Traits>&, std::_Setw)\x1b[m\x1b[K\xe2\x80\x99\n'}
[1.600961] (moveit_control) StderrLine: {'line': b'  238 |     \x1b[01;36m\x1b[Koperator\x1b[m\x1b[K<<(basic_ostream<_CharT, _Traits>& __os, _Setw __f)\n'}
[1.600986] (moveit_control) StderrLine: {'line': b'      |     \x1b[01;36m\x1b[K^~~~~~~~\x1b[m\x1b[K\n'}
[1.601011] (moveit_control) StderrLine: {'line': b'\x1b[01m\x1b[K/usr/include/c++/11/iomanip:238:5:\x1b[m\x1b[K \x1b[01;36m\x1b[Knote: \x1b[m\x1b[K  template argument deduction/substitution failed:\n'}
[1.601037] (moveit_control) StderrLine: {'line': b'\x1b[01m\x1b[K/home/aaron/ur_ws/src/moveit_control/src/forward_positions.cpp:62:28:\x1b[m\x1b[K \x1b[01;36m\x1b[Knote: \x1b[m\x1b[K  cannot convert \xe2\x80\x98\x1b[01m\x1b[Kmsg.std_msgs::msg::Float64MultiArray_<std::allocator<void> >::data\x1b[m\x1b[K\xe2\x80\x99 (type \xe2\x80\x98\x1b[01m\x1b[Kstd_msgs::msg::Float64MultiArray_<std::allocator<void> >::_data_type\x1b[m\x1b[K\xe2\x80\x99 {aka \xe2\x80\x98\x1b[01m\x1b[Kstd::vector<double, std::allocator<double> >\x1b[m\x1b[K\xe2\x80\x99}) to type \xe2\x80\x98\x1b[01m\x1b[Kstd::_Setw\x1b[m\x1b[K\xe2\x80\x99\n'}
[1.601066] (moveit_control) StderrLine: {'line': b'   62 |             std::cout<<\x1b[01;36m\x1b[Kmsg.data\x1b[m\x1b[K;\n'}
[1.601091] (moveit_control) StderrLine: {'line': b'      |                        \x1b[01;36m\x1b[K~~~~^~~~\x1b[m\x1b[K\n'}
[1.601115] (moveit_control) StderrLine: {'line': b'In file included from \x1b[01m\x1b[K/opt/ros/humble/include/rosidl_runtime_cpp/rosidl_runtime_cpp/traits.hpp:20\x1b[m\x1b[K,\n'}
[1.601139] (moveit_control) StderrLine: {'line': b'                 from \x1b[01m\x1b[K/opt/ros/humble/include/builtin_interfaces/builtin_interfaces/msg/detail/duration__traits.hpp:15\x1b[m\x1b[K,\n'}
[1.601164] (moveit_control) StderrLine: {'line': b'                 from \x1b[01m\x1b[K/opt/ros/humble/include/builtin_interfaces/builtin_interfaces/msg/duration.hpp:9\x1b[m\x1b[K,\n'}
[1.601189] (moveit_control) StderrLine: {'line': b'                 from \x1b[01m\x1b[K/opt/ros/humble/include/rclcpp/rclcpp/duration.hpp:20\x1b[m\x1b[K,\n'}
[1.601213] (moveit_control) StderrLine: {'line': b'                 from \x1b[01m\x1b[K/opt/ros/humble/include/rclcpp/rclcpp/qos.hpp:20\x1b[m\x1b[K,\n'}
[1.601238] (moveit_control) StderrLine: {'line': b'                 from \x1b[01m\x1b[K/opt/ros/humble/include/rclcpp/rclcpp/node_interfaces/node_graph_interface.hpp:33\x1b[m\x1b[K,\n'}
[1.601262] (moveit_control) StderrLine: {'line': b'                 from \x1b[01m\x1b[K/opt/ros/humble/include/rclcpp/rclcpp/client.hpp:42\x1b[m\x1b[K,\n'}
[1.601287] (moveit_control) StderrLine: {'line': b'                 from \x1b[01m\x1b[K/opt/ros/humble/include/rclcpp/rclcpp/callback_group.hpp:24\x1b[m\x1b[K,\n'}
[1.601311] (moveit_control) StderrLine: {'line': b'                 from \x1b[01m\x1b[K/opt/ros/humble/include/rclcpp/rclcpp/any_executable.hpp:20\x1b[m\x1b[K,\n'}
[1.601336] (moveit_control) StderrLine: {'line': b'                 from \x1b[01m\x1b[K/opt/ros/humble/include/rclcpp/rclcpp/memory_strategy.hpp:25\x1b[m\x1b[K,\n'}
[1.601364] (moveit_control) StderrLine: {'line': b'                 from \x1b[01m\x1b[K/opt/ros/humble/include/rclcpp/rclcpp/memory_strategies.hpp:18\x1b[m\x1b[K,\n'}
[1.601389] (moveit_control) StderrLine: {'line': b'                 from \x1b[01m\x1b[K/opt/ros/humble/include/rclcpp/rclcpp/executor_options.hpp:20\x1b[m\x1b[K,\n'}
[1.601413] (moveit_control) StderrLine: {'line': b'                 from \x1b[01m\x1b[K/opt/ros/humble/include/rclcpp/rclcpp/executor.hpp:37\x1b[m\x1b[K,\n'}
[1.601438] (moveit_control) StderrLine: {'line': b'                 from \x1b[01m\x1b[K/opt/ros/humble/include/rclcpp/rclcpp/executors/multi_threaded_executor.hpp:25\x1b[m\x1b[K,\n'}
[1.601463] (moveit_control) StderrLine: {'line': b'                 from \x1b[01m\x1b[K/opt/ros/humble/include/rclcpp/rclcpp/executors.hpp:21\x1b[m\x1b[K,\n'}
[1.601488] (moveit_control) StderrLine: {'line': b'                 from \x1b[01m\x1b[K/opt/ros/humble/include/rclcpp/rclcpp/rclcpp.hpp:155\x1b[m\x1b[K,\n'}
[1.601513] (moveit_control) StderrLine: {'line': b'                 from \x1b[01m\x1b[K/home/aaron/ur_ws/src/moveit_control/src/forward_positions.cpp:5\x1b[m\x1b[K:\n'}
[1.601536] (moveit_control) StderrLine: {'line': b'\x1b[01m\x1b[K/usr/include/c++/11/iomanip:311:5:\x1b[m\x1b[K \x1b[01;36m\x1b[Knote: \x1b[m\x1b[Kcandidate: \xe2\x80\x98\x1b[01m\x1b[Ktemplate<class _CharT, class _Traits, class _MoneyT> std::basic_ostream<_CharT, _Traits>& std::operator<<(std::basic_ostream<_CharT, _Traits>&, std::_Put_money<_MoneyT>)\x1b[m\x1b[K\xe2\x80\x99\n'}
[1.601564] (moveit_control) StderrLine: {'line': b'  311 |     \x1b[01;36m\x1b[Koperator\x1b[m\x1b[K<<(basic_ostream<_CharT, _Traits>& __os, _Put_money<_MoneyT> __f)\n'}
[1.601594] (moveit_control) StderrLine: {'line': b'      |     \x1b[01;36m\x1b[K^~~~~~~~\x1b[m\x1b[K\n'}
[1.601619] (moveit_control) StderrLine: {'line': b'\x1b[01m\x1b[K/usr/include/c++/11/iomanip:311:5:\x1b[m\x1b[K \x1b[01;36m\x1b[Knote: \x1b[m\x1b[K  template argument deduction/substitution failed:\n'}
[1.601644] (moveit_control) StderrLine: {'line': b'\x1b[01m\x1b[K/home/aaron/ur_ws/src/moveit_control/src/forward_positions.cpp:62:28:\x1b[m\x1b[K \x1b[01;36m\x1b[Knote: \x1b[m\x1b[K  \xe2\x80\x98\x1b[01m\x1b[Kstd::vector<double, std::allocator<double> >\x1b[m\x1b[K\xe2\x80\x99 is not derived from \xe2\x80\x98\x1b[01m\x1b[Kstd::_Put_money<_MoneyT>\x1b[m\x1b[K\xe2\x80\x99\n'}
[1.601669] (moveit_control) StderrLine: {'line': b'   62 |             std::cout<<msg.\x1b[01;36m\x1b[Kdata\x1b[m\x1b[K;\n'}
[1.601694] (moveit_control) StderrLine: {'line': b'      |                            \x1b[01;36m\x1b[K^~~~\x1b[m\x1b[K\n'}
[1.601719] (moveit_control) StderrLine: {'line': b'In file included from \x1b[01m\x1b[K/opt/ros/humble/include/rosidl_runtime_cpp/rosidl_runtime_cpp/traits.hpp:20\x1b[m\x1b[K,\n'}
[1.601745] (moveit_control) StderrLine: {'line': b'                 from \x1b[01m\x1b[K/opt/ros/humble/include/builtin_interfaces/builtin_interfaces/msg/detail/duration__traits.hpp:15\x1b[m\x1b[K,\n'}
[1.601771] (moveit_control) StderrLine: {'line': b'                 from \x1b[01m\x1b[K/opt/ros/humble/include/builtin_interfaces/builtin_interfaces/msg/duration.hpp:9\x1b[m\x1b[K,\n'}
[1.601796] (moveit_control) StderrLine: {'line': b'                 from \x1b[01m\x1b[K/opt/ros/humble/include/rclcpp/rclcpp/duration.hpp:20\x1b[m\x1b[K,\n'}
[1.601820] (moveit_control) StderrLine: {'line': b'                 from \x1b[01m\x1b[K/opt/ros/humble/include/rclcpp/rclcpp/qos.hpp:20\x1b[m\x1b[K,\n'}
[1.601845] (moveit_control) StderrLine: {'line': b'                 from \x1b[01m\x1b[K/opt/ros/humble/include/rclcpp/rclcpp/node_interfaces/node_graph_interface.hpp:33\x1b[m\x1b[K,\n'}
[1.601870] (moveit_control) StderrLine: {'line': b'                 from \x1b[01m\x1b[K/opt/ros/humble/include/rclcpp/rclcpp/client.hpp:42\x1b[m\x1b[K,\n'}
[1.601895] (moveit_control) StderrLine: {'line': b'                 from \x1b[01m\x1b[K/opt/ros/humble/include/rclcpp/rclcpp/callback_group.hpp:24\x1b[m\x1b[K,\n'}
[1.601919] (moveit_control) StderrLine: {'line': b'                 from \x1b[01m\x1b[K/opt/ros/humble/include/rclcpp/rclcpp/any_executable.hpp:20\x1b[m\x1b[K,\n'}
[1.601943] (moveit_control) StderrLine: {'line': b'                 from \x1b[01m\x1b[K/opt/ros/humble/include/rclcpp/rclcpp/memory_strategy.hpp:25\x1b[m\x1b[K,\n'}
[1.601967] (moveit_control) StderrLine: {'line': b'                 from \x1b[01m\x1b[K/opt/ros/humble/include/rclcpp/rclcpp/memory_strategies.hpp:18\x1b[m\x1b[K,\n'}
[1.601995] (moveit_control) StderrLine: {'line': b'                 from \x1b[01m\x1b[K/opt/ros/humble/include/rclcpp/rclcpp/executor_options.hpp:20\x1b[m\x1b[K,\n'}
[1.602019] (moveit_control) StderrLine: {'line': b'                 from \x1b[01m\x1b[K/opt/ros/humble/include/rclcpp/rclcpp/executor.hpp:37\x1b[m\x1b[K,\n'}
[1.602046] (moveit_control) StderrLine: {'line': b'                 from \x1b[01m\x1b[K/opt/ros/humble/include/rclcpp/rclcpp/executors/multi_threaded_executor.hpp:25\x1b[m\x1b[K,\n'}
[1.602071] (moveit_control) StderrLine: {'line': b'                 from \x1b[01m\x1b[K/opt/ros/humble/include/rclcpp/rclcpp/executors.hpp:21\x1b[m\x1b[K,\n'}
[1.602095] (moveit_control) StderrLine: {'line': b'                 from \x1b[01m\x1b[K/opt/ros/humble/include/rclcpp/rclcpp/rclcpp.hpp:155\x1b[m\x1b[K,\n'}
[1.602120] (moveit_control) StderrLine: {'line': b'                 from \x1b[01m\x1b[K/home/aaron/ur_ws/src/moveit_control/src/forward_positions.cpp:5\x1b[m\x1b[K:\n'}
[1.602145] (moveit_control) StderrLine: {'line': b'\x1b[01m\x1b[K/usr/include/c++/11/iomanip:363:5:\x1b[m\x1b[K \x1b[01;36m\x1b[Knote: \x1b[m\x1b[Kcandidate: \xe2\x80\x98\x1b[01m\x1b[Ktemplate<class _CharT, class _Traits> std::basic_ostream<_CharT, _Traits>& std::operator<<(std::basic_ostream<_CharT, _Traits>&, std::_Put_time<_CharT>)\x1b[m\x1b[K\xe2\x80\x99\n'}
[1.602173] (moveit_control) StderrLine: {'line': b'  363 |     \x1b[01;36m\x1b[Koperator\x1b[m\x1b[K<<(basic_ostream<_CharT, _Traits>& __os, _Put_time<_CharT> __f)\n'}
[1.602197] (moveit_control) StderrLine: {'line': b'      |     \x1b[01;36m\x1b[K^~~~~~~~\x1b[m\x1b[K\n'}
[1.602222] (moveit_control) StderrLine: {'line': b'\x1b[01m\x1b[K/usr/include/c++/11/iomanip:363:5:\x1b[m\x1b[K \x1b[01;36m\x1b[Knote: \x1b[m\x1b[K  template argument deduction/substitution failed:\n'}
[1.602246] (moveit_control) StderrLine: {'line': b'\x1b[01m\x1b[K/home/aaron/ur_ws/src/moveit_control/src/forward_positions.cpp:62:28:\x1b[m\x1b[K \x1b[01;36m\x1b[Knote: \x1b[m\x1b[K  \xe2\x80\x98\x1b[01m\x1b[Kstd::vector<double, std::allocator<double> >\x1b[m\x1b[K\xe2\x80\x99 is not derived from \xe2\x80\x98\x1b[01m\x1b[Kstd::_Put_time<_CharT>\x1b[m\x1b[K\xe2\x80\x99\n'}
[1.602272] (moveit_control) StderrLine: {'line': b'   62 |             std::cout<<msg.\x1b[01;36m\x1b[Kdata\x1b[m\x1b[K;\n'}
[1.602296] (moveit_control) StderrLine: {'line': b'      |                            \x1b[01;36m\x1b[K^~~~\x1b[m\x1b[K\n'}
[1.605205] (-) TimerEvent: {}
[1.705505] (-) TimerEvent: {}
[1.805858] (-) TimerEvent: {}
[1.906128] (-) TimerEvent: {}
[2.006456] (-) TimerEvent: {}
[2.095544] (moveit_control) StderrLine: {'line': b'gmake[2]: *** [CMakeFiles/forward_pub.dir/build.make:76: CMakeFiles/forward_pub.dir/src/forward_positions.cpp.o] Error 1\n'}
[2.095837] (moveit_control) StderrLine: {'line': b'gmake[1]: *** [CMakeFiles/Makefile2:165: CMakeFiles/forward_pub.dir/all] Error 2\n'}
[2.096037] (moveit_control) StderrLine: {'line': b'gmake: *** [Makefile:146: all] Error 2\n'}
[2.098057] (moveit_control) CommandEnded: {'returncode': 2}
[2.104771] (moveit_control) JobEnded: {'identifier': 'moveit_control', 'rc': 2}
[2.133755] (-) TimerEvent: {}
[2.133927] (-) EventReactorShutdown: {}
